{"type":"FeatureCollection","features":[{"type":"Feature","geometry":{"type":"Polygon","coordinates":[[[-73.98849,40.64196],[-73.98908,40.6414],[-73.98688,40.64007],[-73.98746,40.63951],[-73.98525,40.63818],[-73.98584,40.63762],[-73.98363,40.63628],[-73.98422,40.63573],[-73.98202,40.63439],[-73.98027,40.63608],[-73.98467,40.63874],[-73.98409,40.6393],[-73.98849,40.64196]]]},"properties":{"GEOID":"36047023000","NAME":"Census Tract 230","STATE":"36","COUNTY":"047"}},{"type":"Feature","geometry":{"type":"Polygon","coordinates":[[[-73.96284,40.68855],[-73.96167,40.68269],[-73.95884,40.68302],[-73.96001,40.68888],[-73.96284,40.68855]]]},"properties":{"GEOID":"36047023100","NAME":"Census Tract 231","STATE":"36","COUNTY":"047"}},{"type":"Feature","geometry":{"type":"Polygon","coordinates":[[[-73.96029,40.69035],[-73.95957,40.68668],[-73.95468,40.68724],[-73.95541,40.69091],[-73.96029,40.69035]]]},"properties":{"GEOID":"36047023300","NAME":"Census Tract 233","STATE":"36","COUNTY":"047"}},{"type":"Feature","geometry":{"type":"Polygon","coordinates":[[[-73.99154,40.63558],[-73.99212,40.63503],[-73.98551,40.63104],[-73.98376,40.63272],[-73.99037,40.63671],[-73.99154,40.63558]]]},"properties":{"GEOID":"36047023400","NAME":"Census Tract 234","STATE":"36","COUNTY":"047"}},{"type":"Feature","geometry":{"type":"Polygon","coordinates":[[[-73.96016,40.69412],[-73.95943,40.69045],[-73.95541,40.69091],[-73.95614,40.69458],[-73.96016,40.69412]]]},"properties":{"GEOID":"36047023500","NAME":"Census Tract 235","STATE":"36","COUNTY":"047"}},{"type":"Feature","geometry":{"type":"Polygon","coordinates":[[[-73.99328,40.63391],[-73.99387,40.63335],[-73.98726,40.62935],[-73.98551,40.63104],[-73.99212,40.63503],[-73.99328,40.63391]]]},"properties":{"GEOID":"36047023600","NAME":"Census Tract 236","STATE":"36","COUNTY":"047"}},{"type":"Feature","geometry":{"type":"Polygon","coordinates":[[[-73.95639,40.67505],[-73.9567,40.67417],[-73.95294,40.67357],[-73.95266,40.67696],[-73.953,40.67881],[-73.95531,40.67927],[-73.95519,40.67834],[-73.95639,40.67505]]]},"properties":{"GEOID":"36047022100","NAME":"Census Tract 221","STATE":"36","COUNTY":"047"}},{"type":"Feature","geometry":{"type":"Polygon","coordinates":[[[-73.99678,40.63055],[-73.99736,40.62999],[-73.99076,40.626],[-73.98901,40.62768],[-73.99562,40.63167],[-73.99678,40.63055]]]},"properties":{"GEOID":"36047024000","NAME":"Census Tract 240","STATE":"36","COUNTY":"047"}},{"type":"Feature","geometry":{"type":"Polygon","coordinates":[[[-73.9967,40.62717],[-73.99679,40.62683],[-73.99465,40.6257],[-73.99489,40.62546],[-73.99433,40.62534],[-73.99009,40.62279],[-73.9883,40.62451],[-73.99612,40.62923],[-73.9967,40.62717]]]},"properties":{"GEOID":"36047024200","NAME":"Census Tract 242","STATE":"36","COUNTY":"047"}},{"type":"Feature","geometry":{"type":"Polygon","coordinates":[[[-73.98949,40.62337],[-73.99009,40.62279],[-73.98349,40.6188],[-73.98228,40.61996],[-73.98448,40.62129],[-73.9839,40.62185],[-73.9883,40.62451],[-73.98949,40.62337]]]},"properties":{"GEOID":"36047024400","NAME":"Census Tract 244","STATE":"36","COUNTY":"047"}},{"type":"Feature","geometry":{"type":"Polygon","coordinates":[[[-73.95425,40.68505],[-73.95337,40.68064],[-73.94956,40.68039],[-73.95059,40.68547],[-73.95425,40.68505]]]},"properties":{"GEOID":"36047024500","NAME":"Census Tract 245","STATE":"36","COUNTY":"047"}},{"type":"Feature","geometry":{"type":"Polygon","coordinates":[[[-73.98569,40.62013],[-73.98628,40.61957],[-73.97964,40.61556],[-73.97738,40.61788],[-73.9817,40.62052],[-73.98349,40.6188],[-73.98569,40.62013]]]},"properties":{"GEOID":"36047024600","NAME":"Census Tract 246","STATE":"36","COUNTY":"047"}},{"type":"Feature","geometry":{"type":"Polygon","coordinates":[[[-73.99394,40.62294],[-73.99429,40.6226],[-73.98743,40.61846],[-73.98569,40.62013],[-73.99255,40.62427],[-73.99394,40.62294]]]},"properties":{"GEOID":"36047024800","NAME":"Census Tract 248","STATE":"36","COUNTY":"047"}},{"type":"Feature","geometry":{"type":"Polygon","coordinates":[[[-73.95059,40.68547],[-73.94956,40.68039],[-73.94627,40.68021],[-73.94731,40.68585],[-73.95059,40.68547]]]},"properties":{"GEOID":"36047024900","NAME":"Census Tract 249","STATE":"36","COUNTY":"047"}},{"type":"Feature","geometry":{"type":"Polygon","coordinates":[[[-73.99799,40.62257],[-73.9983,40.62162],[-73.99639,40.62058],[-73.99255,40.62427],[-73.99433,40.62534],[-73.99489,40.62546],[-73.99465,40.6257],[-73.99679,40.62683],[-73.99799,40.62257]]]},"properties":{"GEOID":"36047025000","NAME":"Census Tract 250","STATE":"36","COUNTY":"047"}},{"type":"Feature","geometry":{"type":"Polygon","coordinates":[[[-73.95146,40.68986],[-73.95059,40.68547],[-73.94731,40.68585],[-73.94819,40.69024],[-73.95146,40.68986]]]},"properties":{"GEOID":"36047025100","NAME":"Census Tract 251","STATE":"36","COUNTY":"047"}},{"type":"Feature","geometry":{"type":"Polygon","coordinates":[[[-73.99639,40.62058],[-73.99152,40.61782],[-73.9908,40.61852],[-73.98869,40.61725],[-73.98743,40.61846],[-73.99429,40.6226],[-73.99639,40.62058]]]},"properties":{"GEOID":"36047025200","NAME":"Census Tract 252","STATE":"36","COUNTY":"047"}},{"type":"Feature","geometry":{"type":"Polygon","coordinates":[[[-73.95249,40.695],[-73.95146,40.68986],[-73.94819,40.69024],[-73.94921,40.69538],[-73.95249,40.695]]]},"properties":{"GEOID":"36047025300","NAME":"Census Tract 253","STATE":"36","COUNTY":"047"}},{"type":"Feature","geometry":{"type":"Polygon","coordinates":[[[-73.98927,40.61669],[-73.98985,40.61613],[-73.98322,40.61212],[-73.98144,40.61384],[-73.98807,40.61785],[-73.98927,40.61669]]]},"properties":{"GEOID":"36047025600","NAME":"Census Tract 256","STATE":"36","COUNTY":"047"}},{"type":"Feature","geometry":{"type":"Polygon","coordinates":[[[-73.95009,40.69979],[-73.94921,40.69538],[-73.94637,40.6957],[-73.9468,40.6979],[-73.94395,40.69822],[-73.94439,40.70042],[-73.95009,40.69979]]]},"properties":{"GEOID":"36047025700","NAME":"Census Tract 257","STATE":"36","COUNTY":"047"}},{"type":"Feature","geometry":{"type":"Polygon","coordinates":[[[-73.94921,40.69538],[-73.94891,40.69391],[-73.94324,40.69456],[-73.94353,40.69603],[-73.94921,40.69538]]]},"properties":{"GEOID":"36047025901","NAME":"Census Tract 259.01","STATE":"36","COUNTY":"047"}},{"type":"Feature","geometry":{"type":"Polygon","coordinates":[[[-73.99542,40.61767],[-73.996,40.61711],[-73.9916,40.61445],[-73.98869,40.61725],[-73.9908,40.61852],[-73.99152,40.61782],[-73.99388,40.61916],[-73.99542,40.61767]]]},"properties":{"GEOID":"36047026000","NAME":"Census Tract 260","STATE":"36","COUNTY":"047"}},{"type":"Feature","geometry":{"type":"Polygon","coordinates":[[[-73.93721,40.66347],[-73.93726,40.66319],[-73.93069,40.66362],[-73.92854,40.66457],[-73.92868,40.66509],[-73.93698,40.66554],[-73.93721,40.66347]]]},"properties":{"GEOID":"36047035500","NAME":"Census Tract 355","STATE":"36","COUNTY":"047"}},{"type":"Feature","geometry":{"type":"Polygon","coordinates":[[[-73.92557,40.66871],[-73.9256,40.6685],[-73.92477,40.66749],[-73.92439,40.66639],[-73.92275,40.6671],[-73.92213,40.67368],[-73.92508,40.67384],[-73.92557,40.66871]]]},"properties":{"GEOID":"36047035900","NAME":"Census Tract 359","STATE":"36","COUNTY":"047"}},{"type":"Feature","geometry":{"type":"Polygon","coordinates":[[[-73.93961,40.6298],[-73.93916,40.6256],[-73.93535,40.62584],[-73.9358,40.63003],[-73.93961,40.6298]]]},"properties":{"GEOID":"36047073400","NAME":"Census Tract 734","STATE":"36","COUNTY":"047"}},{"type":"Feature","geometry":{"type":"Polygon","coordinates":[[[-73.95026,40.61908],[-73.94931,40.61403],[-73.94746,40.6142],[-73.94574,40.61536],[-73.94651,40.61949],[-73.95026,40.61908]]]},"properties":{"GEOID":"36047075600","NAME":"Census Tract 756","STATE":"36","COUNTY":"047"}},{"type":"Feature","geometry":{"type":"Polygon","coordinates":[[[-73.93997,40.62555],[-73.93538,40.62122],[-73.9331,40.62269],[-73.93345,40.6257],[-73.93373,40.62593],[-73.93997,40.62555]]]},"properties":{"GEOID":"36047073600","NAME":"Census Tract 736","STATE":"36","COUNTY":"047"}},{"type":"Feature","geometry":{"type":"Polygon","coordinates":[[[-73.94341,40.62956],[-73.94264,40.6248],[-73.93956,40.62516],[-73.93997,40.62555],[-73.93916,40.6256],[-73.93961,40.6298],[-73.94341,40.62956]]]},"properties":{"GEOID":"36047074000","NAME":"Census Tract 740","STATE":"36","COUNTY":"047"}},{"type":"Feature","geometry":{"type":"Polygon","coordinates":[[[-73.94543,40.6245],[-73.94452,40.61971],[-73.94173,40.62002],[-73.94117,40.62033],[-73.9408,40.62013],[-73.94168,40.62491],[-73.94543,40.6245]]]},"properties":{"GEOID":"36047074400","NAME":"Census Tract 744","STATE":"36","COUNTY":"047"}},{"type":"Feature","geometry":{"type":"Polygon","coordinates":[[[-73.94651,40.61949],[-73.94574,40.61536],[-73.94347,40.61739],[-73.94079,40.6177],[-73.93634,40.62061],[-73.9408,40.62013],[-73.94117,40.62033],[-73.94173,40.62002],[-73.94651,40.61949]]]},"properties":{"GEOID":"36047074600","NAME":"Census Tract 746","STATE":"36","COUNTY":"047"}},{"type":"Feature","geometry":{"type":"Polygon","coordinates":[[[-73.94927,40.62407],[-73.94837,40.61929],[-73.94452,40.61971],[-73.94543,40.6245],[-73.94927,40.62407]]]},"properties":{"GEOID":"36047074800","NAME":"Census Tract 748","STATE":"36","COUNTY":"047"}},{"type":"Feature","geometry":{"type":"Polygon","coordinates":[[[-73.95504,40.61856],[-73.95459,40.61617],[-73.95355,40.61628],[-73.95305,40.61362],[-73.94931,40.61403],[-73.95026,40.61908],[-73.95504,40.61856]]]},"properties":{"GEOID":"36047075800","NAME":"Census Tract 758","STATE":"36","COUNTY":"047"}},{"type":"Feature","geometry":{"type":"Polygon","coordinates":[[[-73.95809,40.62311],[-73.95763,40.62071],[-73.95549,40.62095],[-73.95504,40.61856],[-73.95215,40.61888],[-73.95305,40.62366],[-73.95809,40.62311]]]},"properties":{"GEOID":"36047076000","NAME":"Census Tract 760","STATE":"36","COUNTY":"047"}},{"type":"Feature","geometry":{"type":"Polygon","coordinates":[[[-73.95899,40.62789],[-73.95809,40.62311],[-73.95398,40.62355],[-73.95489,40.62834],[-73.95899,40.62789]]]},"properties":{"GEOID":"36047076200","NAME":"Census Tract 762","STATE":"36","COUNTY":"047"}},{"type":"Feature","geometry":{"type":"Polygon","coordinates":[[[-73.9582,40.63529],[-73.9573,40.63051],[-73.95662,40.63059],[-73.95636,40.63119],[-73.95547,40.63143],[-73.95624,40.63551],[-73.9582,40.63529]]]},"properties":{"GEOID":"36047076600","NAME":"Census Tract 766","STATE":"36","COUNTY":"047"}},{"type":"Feature","geometry":{"type":"Polygon","coordinates":[[[-73.95825,40.6364],[-73.9584,40.63633],[-73.9582,40.63529],[-73.95246,40.63592],[-73.95201,40.63353],[-73.95083,40.63366],[-73.94945,40.63451],[-73.95374,40.63857],[-73.95825,40.6364]]]},"properties":{"GEOID":"36047077000","NAME":"Census Tract 770","STATE":"36","COUNTY":"047"}},{"type":"Feature","geometry":{"type":"Polygon","coordinates":[[[-73.91567,40.64255],[-73.91592,40.64238],[-73.91037,40.63739],[-73.90745,40.63928],[-73.91291,40.64418],[-73.91567,40.64255]]]},"properties":{"GEOID":"36047095800","NAME":"Census Tract 958","STATE":"36","COUNTY":"047"}},{"type":"Feature","geometry":{"type":"Polygon","coordinates":[[[-73.91995,40.64471],[-73.91956,40.64119],[-73.91893,40.64059],[-73.91291,40.64418],[-73.91326,40.64444],[-73.91276,40.64633],[-73.91243,40.64677],[-73.90761,40.6499],[-73.90945,40.65152],[-73.91995,40.64471]]]},"properties":{"GEOID":"36047096000","NAME":"Census Tract 960","STATE":"36","COUNTY":"047"}},{"type":"Feature","geometry":{"type":"Polygon","coordinates":[[[-73.91298,40.64532],[-73.91326,40.64444],[-73.91076,40.64225],[-73.90708,40.64462],[-73.91072,40.64789],[-73.91243,40.64677],[-73.91276,40.64633],[-73.91298,40.64532]]]},"properties":{"GEOID":"36047096200","NAME":"Census Tract 962","STATE":"36","COUNTY":"047"}},{"type":"Feature","geometry":{"type":"Polygon","coordinates":[[[-73.91076,40.64225],[-73.90745,40.63928],[-73.90377,40.64165],[-73.90708,40.64462],[-73.91076,40.64225]]]},"properties":{"GEOID":"36047096400","NAME":"Census Tract 964","STATE":"36","COUNTY":"047"}},{"type":"Feature","geometry":{"type":"Polygon","coordinates":[[[-73.90708,40.64462],[-73.90377,40.64165],[-73.90067,40.64366],[-73.90398,40.64663],[-73.90708,40.64462]]]},"properties":{"GEOID":"36047096800","NAME":"Census Tract 968","STATE":"36","COUNTY":"047"}},{"type":"Feature","geometry":{"type":"Polygon","coordinates":[[[-73.91072,40.64789],[-73.90708,40.64462],[-73.90398,40.64663],[-73.90761,40.6499],[-73.91072,40.64789]]]},"properties":{"GEOID":"36047097000","NAME":"Census Tract 970","STATE":"36","COUNTY":"047"}},{"type":"Feature","geometry":{"type":"Polygon","coordinates":[[[-73.90398,40.64663],[-73.90067,40.64366],[-73.89616,40.64657],[-73.89783,40.64807],[-73.89635,40.64903],[-73.89794,40.65052],[-73.90398,40.64663]]]},"properties":{"GEOID":"36047097400","NAME":"Census Tract 974","STATE":"36","COUNTY":"047"}},{"type":"Feature","geometry":{"type":"Polygon","coordinates":[[[-73.89399,40.64797],[-73.89468,40.64753],[-73.89102,40.64425],[-73.8889,40.64563],[-73.89255,40.64891],[-73.89399,40.64797]]]},"properties":{"GEOID":"36047098400","NAME":"Census Tract 984","STATE":"36","COUNTY":"047"}},{"type":"Feature","geometry":{"type":"Polygon","coordinates":[[[-73.8969,40.64609],[-73.89762,40.64563],[-73.89396,40.64234],[-73.89102,40.64425],[-73.89468,40.64753],[-73.8969,40.64609]]]},"properties":{"GEOID":"36047098600","NAME":"Census Tract 986","STATE":"36","COUNTY":"047"}},{"type":"Feature","geometry":{"type":"Polygon","coordinates":[[[-73.90122,40.64046],[-73.90193,40.64],[-73.8983,40.63674],[-73.89519,40.63874],[-73.89883,40.642],[-73.90122,40.64046]]]},"properties":{"GEOID":"36047099000","NAME":"Census Tract 990","STATE":"36","COUNTY":"047"}},{"type":"Feature","geometry":{"type":"Polygon","coordinates":[[[-73.90778,40.63622],[-73.90415,40.63295],[-73.90126,40.63482],[-73.90291,40.63629],[-73.90218,40.63682],[-73.90413,40.63858],[-73.90778,40.63622]]]},"properties":{"GEOID":"36047099400","NAME":"Census Tract 994","STATE":"36","COUNTY":"047"}},{"type":"Feature","geometry":{"type":"Polygon","coordinates":[[[-73.91704,40.63308],[-73.9186,40.6321],[-73.91692,40.63167],[-73.90651,40.62713],[-73.90178,40.62482],[-73.90071,40.62633],[-73.89968,40.62737],[-73.90894,40.63162],[-73.91144,40.63386],[-73.91213,40.63329],[-73.9132,40.63193],[-73.9156,40.63304],[-73.91622,40.63361],[-73.91704,40.63308]]]},"properties":{"GEOID":"36047099800","NAME":"Census Tract 998","STATE":"36","COUNTY":"047"}},{"type":"Feature","geometry":{"type":"Polygon","coordinates":[[[-73.90735,40.63083],[-73.90239,40.6286],[-73.90051,40.62969],[-73.90415,40.63295],[-73.90735,40.63083]]]},"properties":{"GEOID":"36047100400","NAME":"Census Tract 1004","STATE":"36","COUNTY":"047"}},{"type":"Feature","geometry":{"type":"Polygon","coordinates":[[[-73.9005,40.63531],[-73.90126,40.63482],[-73.89763,40.63155],[-73.89476,40.63341],[-73.89696,40.63479],[-73.89648,40.63511],[-73.8983,40.63674],[-73.9005,40.63531]]]},"properties":{"GEOID":"36047100800","NAME":"Census Tract 1008","STATE":"36","COUNTY":"047"}},{"type":"Feature","geometry":{"type":"Polygon","coordinates":[[[-73.89325,40.64281],[-73.89396,40.64234],[-73.89033,40.63908],[-73.88739,40.64098],[-73.89102,40.64425],[-73.89325,40.64281]]]},"properties":{"GEOID":"36047101400","NAME":"Census Tract 1014","STATE":"36","COUNTY":"047"}},{"type":"Feature","geometry":{"type":"Polygon","coordinates":[[[-73.89102,40.64425],[-73.88739,40.64098],[-73.88525,40.64236],[-73.8889,40.64563],[-73.89102,40.64425]]]},"properties":{"GEOID":"36047101600","NAME":"Census Tract 1016","STATE":"36","COUNTY":"047"}},{"type":"Feature","geometry":{"type":"Polygon","coordinates":[[[-73.89758,40.6372],[-73.8983,40.63674],[-73.89648,40.63511],[-73.89696,40.63479],[-73.89476,40.63341],[-73.89156,40.63547],[-73.89519,40.63874],[-73.89758,40.6372]]]},"properties":{"GEOID":"36047101000","NAME":"Census Tract 1010","STATE":"36","COUNTY":"047"}},{"type":"Feature","geometry":{"type":"Polygon","coordinates":[[[-73.89701,40.64037],[-73.89338,40.63711],[-73.89033,40.63908],[-73.89396,40.64234],[-73.89701,40.64037]]]},"properties":{"GEOID":"36047101200","NAME":"Census Tract 1012","STATE":"36","COUNTY":"047"}},{"type":"Feature","geometry":{"type":"Polygon","coordinates":[[[-73.92052,40.75439],[-73.92162,40.75303],[-73.91763,40.75386],[-73.91501,40.7571],[-73.9182,40.7586],[-73.92132,40.75476],[-73.92052,40.75439]]]},"properties":{"GEOID":"36081015900","NAME":"Census Tract 159","STATE":"36","COUNTY":"081"}},{"type":"Feature","geometry":{"type":"Polygon","coordinates":[[[-73.84105,40.69028],[-73.83988,40.68792],[-73.84075,40.68767],[-73.83992,40.68599],[-73.83728,40.68675],[-73.83811,40.68843],[-73.83635,40.68893],[-73.83751,40.6913],[-73.84105,40.69028]]]},"properties":{"GEOID":"36081011600","NAME":"Census Tract 116","STATE":"36","COUNTY":"081"}},{"type":"Feature","geometry":{"type":"Polygon","coordinates":[[[-73.90736,40.7008],[-73.9083,40.69988],[-73.90368,40.70041],[-73.9002,40.7005],[-73.90099,40.70245],[-73.90137,40.70234],[-73.90412,40.70397],[-73.90736,40.7008]]]},"properties":{"GEOID":"36081055100","NAME":"Census Tract 551","STATE":"36","COUNTY":"081"}},{"type":"Feature","geometry":{"type":"Polygon","coordinates":[[[-73.88799,40.74355],[-73.88751,40.74108],[-73.88573,40.74129],[-73.88551,40.74017],[-73.88283,40.74099],[-73.88294,40.74161],[-73.881,40.74184],[-73.88509,40.74397],[-73.88799,40.74355]]]},"properties":{"GEOID":"36081048100","NAME":"Census Tract 481","STATE":"36","COUNTY":"081"}},{"type":"Feature","geometry":{"type":"Polygon","coordinates":[[[-73.87502,40.74149],[-73.87436,40.74016],[-73.86756,40.74168],[-73.86749,40.7433],[-73.87059,40.74238],[-73.87348,40.7425],[-73.87502,40.74149]]]},"properties":{"GEOID":"36081046100","NAME":"Census Tract 461","STATE":"36","COUNTY":"081"}},{"type":"Feature","geometry":{"type":"Polygon","coordinates":[[[-73.90338,40.70354],[-73.90137,40.70234],[-73.89569,40.70396],[-73.89694,40.7065],[-73.90212,40.70515],[-73.902,40.70487],[-73.90338,40.70354]]]},"properties":{"GEOID":"36081058500","NAME":"Census Tract 585","STATE":"36","COUNTY":"081"}},{"type":"Feature","geometry":{"type":"Polygon","coordinates":[[[-73.80805,40.70936],[-73.80565,40.70467],[-73.80166,40.70576],[-73.80302,40.70814],[-73.80367,40.70874],[-73.80501,40.70947],[-73.80548,40.71009],[-73.80805,40.70936]]]},"properties":{"GEOID":"36081023600","NAME":"Census Tract 236","STATE":"36","COUNTY":"081"}},{"type":"Feature","geometry":{"type":"Polygon","coordinates":[[[-73.84876,40.73636],[-73.84599,40.73095],[-73.84571,40.7295],[-73.84478,40.72856],[-73.84428,40.72763],[-73.84033,40.72881],[-73.84406,40.73249],[-73.84543,40.73495],[-73.84606,40.7371],[-73.84674,40.73855],[-73.84721,40.73864],[-73.84861,40.73811],[-73.84837,40.73646],[-73.84876,40.73636]]]},"properties":{"GEOID":"36081074700","NAME":"Census Tract 747","STATE":"36","COUNTY":"081"}},{"type":"Feature","geometry":{"type":"Polygon","coordinates":[[[-73.90679,40.77337],[-73.90248,40.77032],[-73.90024,40.77215],[-73.90455,40.7752],[-73.90679,40.77337]]]},"properties":{"GEOID":"36081012100","NAME":"Census Tract 121","STATE":"36","COUNTY":"081"}},{"type":"Feature","geometry":{"type":"Polygon","coordinates":[[[-73.83152,40.70139],[-73.82797,40.69399],[-73.82583,40.69445],[-73.82753,40.69792],[-73.82631,40.69826],[-73.82747,40.70064],[-73.82725,40.70068],[-73.82795,40.70229],[-73.83152,40.70139]]]},"properties":{"GEOID":"36081014400","NAME":"Census Tract 144","STATE":"36","COUNTY":"081"}},{"type":"Feature","geometry":{"type":"Polygon","coordinates":[[[-73.88733,40.76112],[-73.8863,40.75546],[-73.88351,40.75575],[-73.88454,40.76141],[-73.88733,40.76112]]]},"properties":{"GEOID":"36081032700","NAME":"Census Tract 327","STATE":"36","COUNTY":"081"}},{"type":"Feature","geometry":{"type":"Polygon","coordinates":[[[-73.87725,40.75257],[-73.87648,40.74842],[-73.8737,40.74872],[-73.87514,40.75663],[-73.877,40.75644],[-73.87632,40.75267],[-73.87725,40.75257]]]},"properties":{"GEOID":"36081027500","NAME":"Census Tract 275","STATE":"36","COUNTY":"081"}},{"type":"Feature","geometry":{"type":"Polygon","coordinates":[[[-73.90339,40.7456],[-73.90369,40.74491],[-73.90003,40.74376],[-73.89758,40.7493],[-73.90106,40.75078],[-73.90339,40.7456]]]},"properties":{"GEOID":"36081026100","NAME":"Census Tract 261","STATE":"36","COUNTY":"081"}},{"type":"Feature","geometry":{"type":"Polygon","coordinates":[[[-73.92151,40.74332],[-73.92188,40.74148],[-73.9191,40.74115],[-73.91746,40.74936],[-73.91868,40.74949],[-73.92034,40.74916],[-73.92151,40.74332]]]},"properties":{"GEOID":"36081018300","NAME":"Census Tract 183","STATE":"36","COUNTY":"081"}},{"type":"Feature","geometry":{"type":"Polygon","coordinates":[[[-73.85852,40.72153],[-73.85777,40.71646],[-73.85655,40.71839],[-73.85223,40.71681],[-73.85061,40.71938],[-73.85711,40.72176],[-73.85852,40.72153]]]},"properties":{"GEOID":"36081070900","NAME":"Census Tract 709","STATE":"36","COUNTY":"081"}},{"type":"Feature","geometry":{"type":"Polygon","coordinates":[[[-73.85217,40.69366],[-73.84929,40.68869],[-73.8494,40.68852],[-73.84898,40.68804],[-73.84705,40.68859],[-73.84795,40.69044],[-73.84765,40.69051],[-73.84956,40.69442],[-73.85217,40.69366]]]},"properties":{"GEOID":"36081002000","NAME":"Census Tract 20","STATE":"36","COUNTY":"081"}},{"type":"Feature","geometry":{"type":"Polygon","coordinates":[[[-73.81703,40.75472],[-73.81772,40.75428],[-73.81333,40.75037],[-73.81192,40.75129],[-73.81274,40.75294],[-73.81067,40.75277],[-73.81048,40.75421],[-73.81335,40.7542],[-73.81563,40.75563],[-73.81703,40.75472]]]},"properties":{"GEOID":"36081120100","NAME":"Census Tract 1201","STATE":"36","COUNTY":"081"}},{"type":"Feature","geometry":{"type":"Polygon","coordinates":[[[-73.90365,40.70785],[-73.90212,40.70515],[-73.89694,40.7065],[-73.89845,40.70904],[-73.90365,40.70785]]]},"properties":{"GEOID":"36081058700","NAME":"Census Tract 587","STATE":"36","COUNTY":"081"}},{"type":"Feature","geometry":{"type":"Polygon","coordinates":[[[-73.9259,40.77226],[-73.92124,40.76838],[-73.919,40.77031],[-73.91812,40.77003],[-73.9177,40.77039],[-73.92217,40.77355],[-73.92398,40.77462],[-73.9259,40.77226]]]},"properties":{"GEOID":"36081006900","NAME":"Census Tract 69","STATE":"36","COUNTY":"081"}},{"type":"Feature","geometry":{"type":"Polygon","coordinates":[[[-73.82797,40.69399],[-73.82718,40.69238],[-73.81571,40.69564],[-73.81617,40.69658],[-73.82085,40.69535],[-73.82107,40.69578],[-73.82797,40.69399]]]},"properties":{"GEOID":"36081014800","NAME":"Census Tract 148","STATE":"36","COUNTY":"081"}},{"type":"Feature","geometry":{"type":"Polygon","coordinates":[[[-73.91709,40.76132],[-73.9139,40.75982],[-73.9118,40.76239],[-73.91499,40.76389],[-73.91709,40.76132]]]},"properties":{"GEOID":"36081014900","NAME":"Census Tract 149","STATE":"36","COUNTY":"081"}},{"type":"Feature","geometry":{"type":"Polygon","coordinates":[[[-73.92466,40.7418],[-73.92503,40.73996],[-73.91947,40.73931],[-73.9191,40.74115],[-73.92466,40.7418]]]},"properties":{"GEOID":"36081018502","NAME":"Census Tract 185.02","STATE":"36","COUNTY":"081"}},{"type":"Feature","geometry":{"type":"Polygon","coordinates":[[[-73.91354,40.75347],[-73.91045,40.75296],[-73.90995,40.75322],[-73.90901,40.75428],[-73.90846,40.75529],[-73.90753,40.75804],[-73.90631,40.75984],[-73.90779,40.76052],[-73.90989,40.75795],[-73.91068,40.75832],[-73.91261,40.75597],[-73.91176,40.75557],[-73.91354,40.75347]]]},"properties":{"GEOID":"36081016300","NAME":"Census Tract 163","STATE":"36","COUNTY":"081"}},{"type":"Feature","geometry":{"type":"Polygon","coordinates":[[[-73.8233,40.68657],[-73.82417,40.68623],[-73.81923,40.67613],[-73.81708,40.6758],[-73.82245,40.6869],[-73.8233,40.68657]]]},"properties":{"GEOID":"36081016600","NAME":"Census Tract 166","STATE":"36","COUNTY":"081"}},{"type":"Feature","geometry":{"type":"Polygon","coordinates":[[[-73.82042,40.68276],[-73.81708,40.6758],[-73.81387,40.67548],[-73.81781,40.68349],[-73.82042,40.68276]]]},"properties":{"GEOID":"36081016800","NAME":"Census Tract 168","STATE":"36","COUNTY":"081"}},{"type":"Feature","geometry":{"type":"Polygon","coordinates":[[[-73.91868,40.74949],[-73.91746,40.74936],[-73.91801,40.74657],[-73.91245,40.74592],[-73.91164,40.74869],[-73.91016,40.7485],[-73.90971,40.74975],[-73.91446,40.75021],[-73.91868,40.74949]]]},"properties":{"GEOID":"36081016900","NAME":"Census Tract 169","STATE":"36","COUNTY":"081"}},{"type":"Feature","geometry":{"type":"Polygon","coordinates":[[[-73.81778,40.6835],[-73.81694,40.68176],[-73.80675,40.68468],[-73.80802,40.68706],[-73.81086,40.68602],[-73.81359,40.68471],[-73.81778,40.6835]]]},"properties":{"GEOID":"36081017000","NAME":"Census Tract 170","STATE":"36","COUNTY":"081"}},{"type":"Feature","geometry":{"type":"Polygon","coordinates":[[[-73.91867,40.7433],[-73.91873,40.74299],[-73.91502,40.74255],[-73.9143,40.74614],[-73.91801,40.74657],[-73.91867,40.7433]]]},"properties":{"GEOID":"36081025301","NAME":"Census Tract 253.01","STATE":"36","COUNTY":"081"}},{"type":"Feature","geometry":{"type":"Polygon","coordinates":[[[-73.91495,40.74291],[-73.91502,40.74255],[-73.91199,40.74219],[-73.91125,40.74578],[-73.9143,40.74614],[-73.91495,40.74291]]]},"properties":{"GEOID":"36081025302","NAME":"Census Tract 253.02","STATE":"36","COUNTY":"081"}},{"type":"Feature","geometry":{"type":"Polygon","coordinates":[[[-73.95972,40.74526],[-73.95599,40.74449],[-73.9548,40.74805],[-73.95684,40.74883],[-73.95972,40.74526]]]},"properties":{"GEOID":"36081000102","NAME":"Census Tract 1.02","STATE":"36","COUNTY":"081"}},{"type":"Feature","geometry":{"type":"Polygon","coordinates":[[[-73.91495,40.71394],[-73.91566,40.71347],[-73.91078,40.71319],[-73.91016,40.71382],[-73.91289,40.7154],[-73.91058,40.71745],[-73.90966,40.71779],[-73.91132,40.71962],[-73.91517,40.71856],[-73.91326,40.71507],[-73.91495,40.71394]]]},"properties":{"GEOID":"36081053501","NAME":"Census Tract 535.01","STATE":"36","COUNTY":"081"}},{"type":"Feature","geometry":{"type":"Polygon","coordinates":[[[-73.89645,40.74286],[-73.89432,40.74253],[-73.89218,40.74287],[-73.89445,40.74653],[-73.89503,40.74647],[-73.89467,40.74545],[-73.89489,40.74444],[-73.89534,40.7438],[-73.89645,40.74286]]]},"properties":{"GEOID":"36081026502","NAME":"Census Tract 265.02","STATE":"36","COUNTY":"081"}},{"type":"Feature","geometry":{"type":"Polygon","coordinates":[[[-73.89218,40.74287],[-73.89089,40.74069],[-73.88751,40.74108],[-73.88799,40.74355],[-73.89218,40.74287]]]},"properties":{"GEOID":"36081048301","NAME":"Census Tract 483.01","STATE":"36","COUNTY":"081"}},{"type":"Feature","geometry":{"type":"Polygon","coordinates":[[[-73.8558,40.75441],[-73.85456,40.75196],[-73.85221,40.75266],[-73.85262,40.75341],[-73.85313,40.75511],[-73.8558,40.75441]]]},"properties":{"GEOID":"36081039902","NAME":"Census Tract 399.02","STATE":"36","COUNTY":"081"}},{"type":"Feature","geometry":{"type":"Polygon","coordinates":[[[-73.91051,40.76398],[-73.90651,40.76211],[-73.90451,40.76459],[-73.90849,40.76645],[-73.91051,40.76398]]]},"properties":{"GEOID":"36081014500","NAME":"Census Tract 145","STATE":"36","COUNTY":"081"}},{"type":"Feature","geometry":{"type":"Polygon","coordinates":[[[-73.82718,40.69238],[-73.82659,40.69118],[-73.81512,40.69444],[-73.81571,40.69564],[-73.82718,40.69238]]]},"properties":{"GEOID":"36081015000","NAME":"Census Tract 150","STATE":"36","COUNTY":"081"}},{"type":"Feature","geometry":{"type":"Polygon","coordinates":[[[-73.81536,40.69297],[-73.81621,40.69273],[-73.81523,40.69073],[-73.81075,40.69192],[-73.81372,40.69715],[-73.81617,40.69658],[-73.81452,40.69322],[-73.81536,40.69297]]]},"properties":{"GEOID":"36081015200","NAME":"Census Tract 152","STATE":"36","COUNTY":"081"}},{"type":"Feature","geometry":{"type":"Polygon","coordinates":[[[-73.82659,40.69118],[-73.82599,40.68995],[-73.81452,40.69322],[-73.81512,40.69444],[-73.82659,40.69118]]]},"properties":{"GEOID":"36081015400","NAME":"Census Tract 154","STATE":"36","COUNTY":"081"}},{"type":"Feature","geometry":{"type":"Polygon","coordinates":[[[-73.92166,40.75705],[-73.92087,40.75668],[-73.919,40.75897],[-73.9166,40.75785],[-73.9147,40.76019],[-73.91709,40.76132],[-73.91499,40.76389],[-73.91579,40.76427],[-73.92166,40.75705]]]},"properties":{"GEOID":"36081015500","NAME":"Census Tract 155","STATE":"36","COUNTY":"081"}},{"type":"Feature","geometry":{"type":"Polygon","coordinates":[[[-73.82599,40.68995],[-73.82501,40.68795],[-73.81523,40.69073],[-73.81621,40.69273],[-73.82599,40.68995]]]},"properties":{"GEOID":"36081015600","NAME":"Census Tract 156","STATE":"36","COUNTY":"081"}},{"type":"Feature","geometry":{"type":"Polygon","coordinates":[[[-73.92563,40.75214],[-73.92162,40.75303],[-73.92052,40.75439],[-73.92132,40.75476],[-73.9182,40.7586],[-73.919,40.75897],[-73.92087,40.75668],[-73.92166,40.75705],[-73.92563,40.75214]]]},"properties":{"GEOID":"36081015700","NAME":"Census Tract 157","STATE":"36","COUNTY":"081"}},{"type":"Feature","geometry":{"type":"Polygon","coordinates":[[[-73.91499,40.76389],[-73.90779,40.76052],[-73.90651,40.76211],[-73.9137,40.76548],[-73.91499,40.76389]]]},"properties":{"GEOID":"36081014700","NAME":"Census Tract 147","STATE":"36","COUNTY":"081"}},{"type":"Feature","geometry":{"type":"Polygon","coordinates":[[[-73.92644,40.81646],[-73.92663,40.81612],[-73.924,40.81544],[-73.92309,40.8167],[-73.92124,40.81622],[-73.92158,40.81555],[-73.92048,40.81456],[-73.91676,40.81656],[-73.91599,40.81721],[-73.92212,40.8188],[-73.92066,40.82184],[-73.92195,40.82103],[-73.92403,40.81928],[-73.92644,40.81646]]]},"properties":{"GEOID":"36005006500","NAME":"Census Tract 65","STATE":"36","COUNTY":"005"}},{"type":"Feature","geometry":{"type":"Polygon","coordinates":[[[-73.89071,40.83241],[-73.88563,40.83064],[-73.88566,40.83048],[-73.88508,40.83048],[-73.88389,40.82981],[-73.88235,40.8315],[-73.87998,40.83468],[-73.88222,40.83546],[-73.8835,40.8339],[-73.88874,40.83571],[-73.89071,40.83241]]]},"properties":{"GEOID":"36005015700","NAME":"Census Tract 157","STATE":"36","COUNTY":"005"}},{"type":"Feature","geometry":{"type":"Polygon","coordinates":[[[-73.88453,40.82565],[-73.88441,40.82297],[-73.87993,40.82364],[-73.88105,40.82843],[-73.88383,40.82827],[-73.88453,40.82565]]]},"properties":{"GEOID":"36005005200","NAME":"Census Tract 52","STATE":"36","COUNTY":"005"}},{"type":"Feature","geometry":{"type":"Polygon","coordinates":[[[-73.91193,40.84327],[-73.90955,40.84305],[-73.90936,40.84501],[-73.91114,40.84506],[-73.91193,40.84327]]]},"properties":{"GEOID":"36005022703","NAME":"Census Tract 227.03","STATE":"36","COUNTY":"005"}},{"type":"Feature","geometry":{"type":"Polygon","coordinates":[[[-73.91104,40.84521],[-73.91114,40.84506],[-73.90485,40.84473],[-73.90462,40.84739],[-73.90749,40.8478],[-73.91104,40.84521]]]},"properties":{"GEOID":"36005022901","NAME":"Census Tract 229.01","STATE":"36","COUNTY":"005"}},{"type":"Feature","geometry":{"type":"Polygon","coordinates":[[[-73.90749,40.8478],[-73.90374,40.84733],[-73.90229,40.84774],[-73.90195,40.84806],[-73.9024,40.84851],[-73.90606,40.84932],[-73.90749,40.8478]]]},"properties":{"GEOID":"36005023302","NAME":"Census Tract 233.02","STATE":"36","COUNTY":"005"}},{"type":"Feature","geometry":{"type":"Polygon","coordinates":[[[-73.906,40.84939],[-73.90577,40.84917],[-73.90328,40.84869],[-73.9028,40.85007],[-73.90286,40.85172],[-73.9017,40.85314],[-73.90085,40.85594],[-73.906,40.84939]]]},"properties":{"GEOID":"36005023502","NAME":"Census Tract 235.02","STATE":"36","COUNTY":"005"}},{"type":"Feature","geometry":{"type":"Polygon","coordinates":[[[-73.86893,40.84688],[-73.86868,40.84635],[-73.86864,40.84531],[-73.86802,40.84484],[-73.86889,40.84441],[-73.8673,40.84292],[-73.86642,40.84346],[-73.86517,40.84247],[-73.86695,40.8475],[-73.86893,40.84688]]]},"properties":{"GEOID":"36005023600","NAME":"Census Tract 236","STATE":"36","COUNTY":"005"}},{"type":"Feature","geometry":{"type":"Polygon","coordinates":[[[-73.90526,40.85805],[-73.90566,40.8574],[-73.90468,40.85706],[-73.90557,40.85579],[-73.90395,40.85497],[-73.90191,40.85809],[-73.89962,40.86216],[-73.90108,40.86276],[-73.90254,40.86058],[-73.90351,40.86092],[-73.90526,40.85805]]]},"properties":{"GEOID":"36005023900","NAME":"Census Tract 239","STATE":"36","COUNTY":"005"}},{"type":"Feature","geometry":{"type":"Polygon","coordinates":[[[-73.87327,40.84022],[-73.87356,40.83979],[-73.86943,40.83952],[-73.86741,40.8403],[-73.86358,40.84128],[-73.86642,40.84346],[-73.8673,40.84292],[-73.86889,40.84441],[-73.871,40.84311],[-73.87327,40.84022]]]},"properties":{"GEOID":"36005024000","NAME":"Census Tract 240","STATE":"36","COUNTY":"005"}},{"type":"Feature","geometry":{"type":"Polygon","coordinates":[[[-73.91545,40.85049],[-73.91416,40.84997],[-73.91273,40.85017],[-73.91229,40.85061],[-73.91195,40.85135],[-73.91132,40.8518],[-73.91017,40.85198],[-73.90921,40.8518],[-73.90733,40.85382],[-73.90911,40.85387],[-73.91007,40.85447],[-73.9112,40.85482],[-73.91183,40.85436],[-73.9128,40.85304],[-73.91545,40.85049]]]},"properties":{"GEOID":"36005024300","NAME":"Census Tract 243","STATE":"36","COUNTY":"005"}},{"type":"Feature","geometry":{"type":"Polygon","coordinates":[[[-73.92121,40.85469],[-73.9214,40.85436],[-73.91959,40.85334],[-73.91861,40.85284],[-73.91817,40.85298],[-73.91679,40.85487],[-73.91561,40.85862],[-73.91445,40.85944],[-73.91564,40.85916],[-73.91616,40.85878],[-73.91713,40.85704],[-73.91722,40.85601],[-73.91746,40.85632],[-73.91742,40.85677],[-73.91929,40.85747],[-73.92,40.85668],[-73.92121,40.85469]]]},"properties":{"GEOID":"36005024700","NAME":"Census Tract 247","STATE":"36","COUNTY":"005"}},{"type":"Feature","geometry":{"type":"Polygon","coordinates":[[[-73.91679,40.85487],[-73.91694,40.85461],[-73.91654,40.85472],[-73.91619,40.85458],[-73.91545,40.8565],[-73.91041,40.85573],[-73.90992,40.85665],[-73.90981,40.85735],[-73.91021,40.85829],[-73.9109,40.85878],[-73.91328,40.85962],[-73.91516,40.85891],[-73.91576,40.85834],[-73.91679,40.85487]]]},"properties":{"GEOID":"36005024900","NAME":"Census Tract 249","STATE":"36","COUNTY":"005"}},{"type":"Feature","geometry":{"type":"Polygon","coordinates":[[[-73.90777,40.85961],[-73.90487,40.85869],[-73.90351,40.86092],[-73.90254,40.86058],[-73.90108,40.86276],[-73.90493,40.86275],[-73.90777,40.85961]]]},"properties":{"GEOID":"36005025300","NAME":"Census Tract 253","STATE":"36","COUNTY":"005"}},{"type":"Feature","geometry":{"type":"Polygon","coordinates":[[[-73.91255,40.86004],[-73.91328,40.85962],[-73.9109,40.85878],[-73.91021,40.85829],[-73.90981,40.85735],[-73.90493,40.86275],[-73.90821,40.86283],[-73.90904,40.86268],[-73.90955,40.86172],[-73.91053,40.86088],[-73.91255,40.86004]]]},"properties":{"GEOID":"36005025500","NAME":"Census Tract 255","STATE":"36","COUNTY":"005"}},{"type":"Feature","geometry":{"type":"Polygon","coordinates":[[[-73.9185,40.85835],[-73.91929,40.85747],[-73.91742,40.85677],[-73.91746,40.85632],[-73.91722,40.85601],[-73.91713,40.85704],[-73.91616,40.85878],[-73.91564,40.85916],[-73.91481,40.8594],[-73.91445,40.85944],[-73.91516,40.85891],[-73.91419,40.85919],[-73.91076,40.86074],[-73.90955,40.86172],[-73.90904,40.86268],[-73.91076,40.86165],[-73.91294,40.86196],[-73.91434,40.86252],[-73.9185,40.85835]]]},"properties":{"GEOID":"36005025700","NAME":"Census Tract 257","STATE":"36","COUNTY":"005"}},{"type":"Feature","geometry":{"type":"Polygon","coordinates":[[[-73.90911,40.86355],[-73.9091,40.863],[-73.90838,40.8634],[-73.90754,40.86356],[-73.90618,40.86509],[-73.90466,40.86562],[-73.90236,40.8687],[-73.90379,40.86962],[-73.90593,40.86873],[-73.90713,40.86792],[-73.90797,40.86597],[-73.90883,40.86485],[-73.90911,40.86355]]]},"properties":{"GEOID":"36005026100","NAME":"Census Tract 261","STATE":"36","COUNTY":"005"}},{"type":"Feature","geometry":{"type":"Polygon","coordinates":[[[-73.89772,40.79514],[-73.89987,40.79245],[-73.89197,40.79024],[-73.89057,40.79011],[-73.89013,40.78964],[-73.8894,40.78779],[-73.88905,40.78737],[-73.88831,40.78701],[-73.88692,40.78673],[-73.8853,40.78668],[-73.87831,40.78536],[-73.87653,40.78584],[-73.87351,40.78572],[-73.87281,40.7859],[-73.87279,40.78608],[-73.87163,40.7868],[-73.87081,40.7879],[-73.87097,40.78906],[-73.87021,40.79091],[-73.86712,40.79374],[-73.87226,40.79499],[-73.8925,40.80121],[-73.89772,40.79514]]]},"properties":{"GEOID":"36005000100","NAME":"Census Tract 1","STATE":"36","COUNTY":"005"}},{"type":"Feature","geometry":{"type":"Polygon","coordinates":[[[-73.8596,40.81528],[-73.85972,40.81527],[-73.85716,40.81282],[-73.85562,40.81061],[-73.8546,40.80609],[-73.85577,40.80609],[-73.85586,40.80567],[-73.8565,40.80568],[-73.85653,40.80479],[-73.85543,40.80451],[-73.85526,40.80461],[-73.85463,40.79972],[-73.85307,40.80011],[-73.84665,40.80102],[-73.84512,40.8063],[-73.84313,40.8116],[-73.84639,40.81163],[-73.84647,40.81231],[-73.8461,40.81308],[-73.84663,40.81301],[-73.84705,40.81483],[-73.85114,40.8144],[-73.85163,40.81635],[-73.8596,40.81528]]]},"properties":{"GEOID":"36005000400","NAME":"Census Tract 4","STATE":"36","COUNTY":"005"}},{"type":"Feature","geometry":{"type":"Polygon","coordinates":[[[-73.86246,40.81925],[-73.86148,40.81503],[-73.85362,40.81609],[-73.85531,40.82319],[-73.85845,40.82277],[-73.85826,40.82201],[-73.86203,40.82151],[-73.86153,40.81938],[-73.86246,40.81925]]]},"properties":{"GEOID":"36005001600","NAME":"Census Tract 16","STATE":"36","COUNTY":"005"}},{"type":"Feature","geometry":{"type":"Polygon","coordinates":[[[-73.89467,40.84391],[-73.89481,40.84376],[-73.89412,40.84354],[-73.89162,40.84321],[-73.89055,40.84268],[-73.88902,40.84437],[-73.8929,40.84627],[-73.89357,40.84514],[-73.89467,40.84391]]]},"properties":{"GEOID":"36005036901","NAME":"Census Tract 369.01","STATE":"36","COUNTY":"005"}},{"type":"Feature","geometry":{"type":"Polygon","coordinates":[[[-73.99645,40.69397],[-73.99672,40.69344],[-73.99508,40.69315],[-73.99271,40.6981],[-73.99429,40.69853],[-73.99645,40.69397]]]},"properties":{"GEOID":"36047000501","NAME":"Census Tract 5.01","STATE":"36","COUNTY":"047"}},{"type":"Feature","geometry":{"type":"Polygon","coordinates":[[[-73.86366,40.83265],[-73.86264,40.82817],[-73.85962,40.82855],[-73.86026,40.82995],[-73.85699,40.83038],[-73.85738,40.83214],[-73.85598,40.83183],[-73.86033,40.83313],[-73.86044,40.83346],[-73.86085,40.83361],[-73.86366,40.83265]]]},"properties":{"GEOID":"36005007200","NAME":"Census Tract 72","STATE":"36","COUNTY":"005"}},{"type":"Feature","geometry":{"type":"Polygon","coordinates":[[[-73.89088,40.82863],[-73.89091,40.82679],[-73.8879,40.82674],[-73.88609,40.8277],[-73.88605,40.82808],[-73.88625,40.82834],[-73.88761,40.82934],[-73.88991,40.83012],[-73.89087,40.83014],[-73.89088,40.82863]]]},"properties":{"GEOID":"36005012101","NAME":"Census Tract 121.01","STATE":"36","COUNTY":"005"}},{"type":"Feature","geometry":{"type":"Polygon","coordinates":[[[-73.86648,40.8059],[-73.86297,40.79767],[-73.85463,40.79972],[-73.85526,40.80461],[-73.85543,40.80451],[-73.85653,40.80479],[-73.8565,40.80568],[-73.85586,40.80567],[-73.85577,40.80609],[-73.8546,40.80609],[-73.85562,40.81061],[-73.85716,40.81282],[-73.85972,40.81527],[-73.86522,40.81453],[-73.86513,40.81414],[-73.86463,40.81421],[-73.86443,40.81327],[-73.86115,40.81142],[-73.86231,40.80992],[-73.86648,40.8059]]]},"properties":{"GEOID":"36005000200","NAME":"Census Tract 2","STATE":"36","COUNTY":"005"}},{"type":"Feature","geometry":{"type":"Polygon","coordinates":[[[-73.88389,40.82981],[-73.88358,40.82951],[-73.88356,40.82894],[-73.88383,40.82827],[-73.8773,40.82874],[-73.87551,40.82923],[-73.87607,40.83164],[-73.8807,40.83105],[-73.88235,40.8315],[-73.88389,40.82981]]]},"properties":{"GEOID":"36005005400","NAME":"Census Tract 54","STATE":"36","COUNTY":"005"}},{"type":"Feature","geometry":{"type":"Polygon","coordinates":[[[-73.96302,40.65153],[-73.96219,40.64979],[-73.95871,40.65039],[-73.95933,40.65293],[-73.96302,40.65153]]]},"properties":{"GEOID":"36047050801","NAME":"Census Tract 508.01","STATE":"36","COUNTY":"047"}},{"type":"Feature","geometry":{"type":"Polygon","coordinates":[[[-73.91796,40.80612],[-73.91882,40.80491],[-73.91587,40.80371],[-73.91459,40.8038],[-73.91348,40.80426],[-73.915,40.80487],[-73.91449,40.80556],[-73.91748,40.80682],[-73.91796,40.80612]]]},"properties":{"GEOID":"36005002701","NAME":"Census Tract 27.01","STATE":"36","COUNTY":"005"}},{"type":"Feature","geometry":{"type":"Polygon","coordinates":[[[-73.87925,40.83442],[-73.87743,40.83376],[-73.87659,40.83388],[-73.87551,40.82923],[-73.87319,40.82991],[-73.87392,40.83336],[-73.8738,40.83597],[-73.87694,40.83614],[-73.87841,40.83529],[-73.87925,40.83442]]]},"properties":{"GEOID":"36005006200","NAME":"Census Tract 62","STATE":"36","COUNTY":"005"}},{"type":"Feature","geometry":{"type":"Polygon","coordinates":[[[-73.96167,40.64711],[-73.96121,40.64472],[-73.95802,40.64507],[-73.95814,40.6475],[-73.96167,40.64711]]]},"properties":{"GEOID":"36047051001","NAME":"Census Tract 510.01","STATE":"36","COUNTY":"047"}},{"type":"Feature","geometry":{"type":"Polygon","coordinates":[[[-73.90483,40.84489],[-73.90485,40.84473],[-73.90463,40.84489],[-73.9013,40.84448],[-73.89967,40.84744],[-73.90166,40.84775],[-73.90195,40.84806],[-73.90229,40.84774],[-73.90374,40.84733],[-73.90462,40.84739],[-73.90483,40.84489]]]},"properties":{"GEOID":"36005023100","NAME":"Census Tract 231","STATE":"36","COUNTY":"005"}},{"type":"Feature","geometry":{"type":"Polygon","coordinates":[[[-73.90842,40.85264],[-73.90921,40.8518],[-73.90699,40.85037],[-73.90299,40.85477],[-73.90395,40.85497],[-73.90557,40.85579],[-73.90842,40.85264]]]},"properties":{"GEOID":"36005024100","NAME":"Census Tract 241","STATE":"36","COUNTY":"005"}},{"type":"Feature","geometry":{"type":"Polygon","coordinates":[[[-73.95973,40.64333],[-73.95897,40.6393],[-73.95712,40.64017],[-73.95564,40.6405],[-73.95746,40.64237],[-73.95792,40.64414],[-73.95973,40.64333]]]},"properties":{"GEOID":"36047051602","NAME":"Census Tract 516.02","STATE":"36","COUNTY":"047"}},{"type":"Feature","geometry":{"type":"Polygon","coordinates":[[[-73.96043,40.65807],[-73.9597,40.65484],[-73.9563,40.65505],[-73.95665,40.65831],[-73.96043,40.65807]]]},"properties":{"GEOID":"36047079601","NAME":"Census Tract 796.01","STATE":"36","COUNTY":"047"}},{"type":"Feature","geometry":{"type":"Polygon","coordinates":[[[-73.9597,40.65484],[-73.95871,40.65039],[-73.95583,40.65053],[-73.9563,40.65505],[-73.9597,40.65484]]]},"properties":{"GEOID":"36047079602","NAME":"Census Tract 796.02","STATE":"36","COUNTY":"047"}},{"type":"Feature","geometry":{"type":"Polygon","coordinates":[[[-73.81323,40.77157],[-73.81292,40.76506],[-73.8126,40.76315],[-73.81123,40.76304],[-73.81006,40.77159],[-73.81323,40.77157]]]},"properties":{"GEOID":"36081115500","NAME":"Census Tract 1155","STATE":"36","COUNTY":"081"}},{"type":"Feature","geometry":{"type":"Polygon","coordinates":[[[-74.13047,40.63168],[-74.13061,40.63132],[-74.13046,40.6309],[-74.11684,40.63267],[-74.1172,40.63457],[-74.12024,40.6343],[-74.12064,40.63657],[-74.11755,40.63695],[-74.11765,40.63938],[-74.11807,40.6413],[-74.12056,40.64094],[-74.12066,40.6412],[-74.12374,40.6402],[-74.12696,40.64018],[-74.12689,40.63721],[-74.12867,40.63735],[-74.129,40.63433],[-74.13047,40.63168]]]},"properties":{"GEOID":"36085013302","NAME":"Census Tract 133.02","STATE":"36","COUNTY":"085"}},{"type":"Feature","geometry":{"type":"Polygon","coordinates":[[[-74.11619,40.62894],[-74.11331,40.62304],[-74.11153,40.6216],[-74.11002,40.62069],[-74.10682,40.62179],[-74.10445,40.62291],[-74.10426,40.62368],[-74.10577,40.62993],[-74.10577,40.63057],[-74.11619,40.62894]]]},"properties":{"GEOID":"36085012100","NAME":"Census Tract 121","STATE":"36","COUNTY":"085"}},{"type":"Feature","geometry":{"type":"Polygon","coordinates":[[[-73.96281,40.6605],[-73.9619,40.65487],[-73.95986,40.65563],[-73.96048,40.65841],[-73.96066,40.66095],[-73.96281,40.6605]]]},"properties":{"GEOID":"36047079802","NAME":"Census Tract 798.02","STATE":"36","COUNTY":"047"}},{"type":"Feature","geometry":{"type":"Polygon","coordinates":[[[-73.90211,40.81851],[-73.90258,40.81737],[-73.90072,40.81676],[-73.90092,40.81672],[-73.89934,40.81349],[-73.89845,40.81318],[-73.89543,40.81585],[-73.90167,40.81953],[-73.90211,40.81851]]]},"properties":{"GEOID":"36005008500","NAME":"Census Tract 85","STATE":"36","COUNTY":"005"}},{"type":"Feature","geometry":{"type":"Polygon","coordinates":[[[-73.8855,40.65309],[-73.88628,40.65276],[-73.88411,40.64996],[-73.87729,40.64384],[-73.87608,40.64329],[-73.87489,40.6451],[-73.8761,40.64622],[-73.88221,40.6545],[-73.8855,40.65309]]]},"properties":{"GEOID":"36047105801","NAME":"Census Tract 1058.01","STATE":"36","COUNTY":"047"}},{"type":"Feature","geometry":{"type":"Polygon","coordinates":[[[-73.9264,40.61448],[-73.92629,40.61319],[-73.9225,40.60981],[-73.91901,40.61212],[-73.92082,40.61376],[-73.92053,40.61394],[-73.92062,40.61484],[-73.9264,40.61448]]]},"properties":{"GEOID":"36047067000","NAME":"Census Tract 670","STATE":"36","COUNTY":"047"}},{"type":"Feature","geometry":{"type":"Polygon","coordinates":[[[-73.95337,40.69941],[-73.95249,40.695],[-73.94921,40.69538],[-73.95009,40.69979],[-73.95337,40.69941]]]},"properties":{"GEOID":"36047025500","NAME":"Census Tract 255","STATE":"36","COUNTY":"047"}},{"type":"Feature","geometry":{"type":"Polygon","coordinates":[[[-74.00456,40.59175],[-74.00362,40.58992],[-74.00095,40.59251],[-73.99737,40.59397],[-73.99619,40.59399],[-73.99531,40.59443],[-73.99675,40.59564],[-73.99522,40.59709],[-73.99734,40.59855],[-74.00456,40.59175]]]},"properties":{"GEOID":"36047029400","NAME":"Census Tract 294","STATE":"36","COUNTY":"047"}},{"type":"Feature","geometry":{"type":"Polygon","coordinates":[[[-73.94252,40.69089],[-73.94193,40.68796],[-73.93617,40.68863],[-73.93676,40.69156],[-73.94252,40.69089]]]},"properties":{"GEOID":"36047027900","NAME":"Census Tract 279","STATE":"36","COUNTY":"047"}},{"type":"Feature","geometry":{"type":"Polygon","coordinates":[[[-74.00596,40.68336],[-74.00606,40.6832],[-74.00567,40.68293],[-74.00447,40.68099],[-74.00335,40.67963],[-74.00064,40.68525],[-74.0045,40.6863],[-74.00596,40.68336]]]},"properties":{"GEOID":"36047005100","NAME":"Census Tract 51","STATE":"36","COUNTY":"047"}},{"type":"Feature","geometry":{"type":"Polygon","coordinates":[[[-73.87887,40.6702],[-73.87838,40.66823],[-73.87695,40.66626],[-73.87284,40.66803],[-73.8738,40.66934],[-73.87423,40.67086],[-73.87887,40.6702]]]},"properties":{"GEOID":"36047111800","NAME":"Census Tract 1118","STATE":"36","COUNTY":"047"}},{"type":"Feature","geometry":{"type":"Polygon","coordinates":[[[-74.00411,40.63406],[-73.99736,40.62999],[-73.99562,40.63167],[-74.00196,40.6355],[-74.00411,40.63406]]]},"properties":{"GEOID":"36047021600","NAME":"Census Tract 216","STATE":"36","COUNTY":"047"}},{"type":"Feature","geometry":{"type":"Polygon","coordinates":[[[-73.96886,40.67767],[-73.96918,40.67679],[-73.96318,40.67553],[-73.96223,40.67817],[-73.96823,40.67942],[-73.96886,40.67767]]]},"properties":{"GEOID":"36047020500","NAME":"Census Tract 205","STATE":"36","COUNTY":"047"}},{"type":"Feature","geometry":{"type":"Polygon","coordinates":[[[-73.97942,40.67346],[-73.97992,40.67286],[-73.9752,40.67058],[-73.97296,40.67349],[-73.97796,40.67544],[-73.97942,40.67346]]]},"properties":{"GEOID":"36047015700","NAME":"Census Tract 157","STATE":"36","COUNTY":"047"}},{"type":"Feature","geometry":{"type":"Polygon","coordinates":[[[-73.9835,40.69001],[-73.98087,40.68887],[-73.97936,40.68668],[-73.97462,40.68719],[-73.97511,40.6897],[-73.9835,40.69001]]]},"properties":{"GEOID":"36047003300","NAME":"Census Tract 33","STATE":"36","COUNTY":"047"}},{"type":"Feature","geometry":{"type":"Polygon","coordinates":[[[-73.98168,40.60316],[-73.98124,40.60084],[-73.98031,40.60094],[-73.97986,40.59855],[-73.97693,40.59887],[-73.97783,40.60359],[-73.98168,40.60316]]]},"properties":{"GEOID":"36047040800","NAME":"Census Tract 408","STATE":"36","COUNTY":"047"}},{"type":"Feature","geometry":{"type":"Polygon","coordinates":[[[-73.95381,40.70318],[-73.95129,40.70092],[-73.94705,40.70366],[-73.95024,40.70547],[-73.95381,40.70318]]]},"properties":{"GEOID":"36047050900","NAME":"Census Tract 509","STATE":"36","COUNTY":"047"}},{"type":"Feature","geometry":{"type":"Polygon","coordinates":[[[-73.94658,40.68218],[-73.94627,40.68021],[-73.94033,40.67989],[-73.94091,40.68283],[-73.94658,40.68218]]]},"properties":{"GEOID":"36047026900","NAME":"Census Tract 269","STATE":"36","COUNTY":"047"}},{"type":"Feature","geometry":{"type":"Polygon","coordinates":[[[-73.96893,40.62923],[-73.96848,40.62684],[-73.96755,40.62694],[-73.96665,40.62216],[-73.96472,40.62237],[-73.96607,40.62955],[-73.96893,40.62923]]]},"properties":{"GEOID":"36047045600","NAME":"Census Tract 456","STATE":"36","COUNTY":"047"}},{"type":"Feature","geometry":{"type":"Polygon","coordinates":[[[-73.90341,40.63343],[-73.90415,40.63295],[-73.90051,40.62969],[-73.89763,40.63155],[-73.90126,40.63482],[-73.90341,40.63343]]]},"properties":{"GEOID":"36047100600","NAME":"Census Tract 1006","STATE":"36","COUNTY":"047"}},{"type":"Feature","geometry":{"type":"Polygon","coordinates":[[[-73.98446,40.60285],[-73.98357,40.59814],[-73.97986,40.59855],[-73.98031,40.60094],[-73.98124,40.60084],[-73.98168,40.60316],[-73.98446,40.60285]]]},"properties":{"GEOID":"36047040600","NAME":"Census Tract 406","STATE":"36","COUNTY":"047"}},{"type":"Feature","geometry":{"type":"Polygon","coordinates":[[[-73.93,40.64818],[-73.9296,40.64443],[-73.92572,40.64467],[-73.92612,40.64842],[-73.93,40.64818]]]},"properties":{"GEOID":"36047084800","NAME":"Census Tract 848","STATE":"36","COUNTY":"047"}},{"type":"Feature","geometry":{"type":"Polygon","coordinates":[[[-73.96409,40.64441],[-73.96319,40.63967],[-73.95938,40.64147],[-73.95973,40.64333],[-73.95792,40.64414],[-73.95802,40.64507],[-73.96409,40.64441]]]},"properties":{"GEOID":"36047051400","NAME":"Census Tract 514","STATE":"36","COUNTY":"047"}},{"type":"Feature","geometry":{"type":"Polygon","coordinates":[[[-73.96879,40.63926],[-73.96678,40.6323],[-73.9648,40.63325],[-73.96617,40.64043],[-73.96879,40.63926]]]},"properties":{"GEOID":"36047052600","NAME":"Census Tract 526","STATE":"36","COUNTY":"047"}},{"type":"Feature","geometry":{"type":"Polygon","coordinates":[[[-73.95271,40.72045],[-73.95347,40.7198],[-73.95248,40.71922],[-73.95184,40.71544],[-73.94721,40.71856],[-73.94842,40.71846],[-73.94908,40.72254],[-73.95271,40.72045]]]},"properties":{"GEOID":"36047051500","NAME":"Census Tract 515","STATE":"36","COUNTY":"047"}},{"type":"Feature","geometry":{"type":"Polygon","coordinates":[[[-73.95782,40.71974],[-73.95842,40.71919],[-73.95584,40.71759],[-73.95271,40.72045],[-73.95065,40.7217],[-73.95165,40.72349],[-73.95478,40.72246],[-73.95782,40.71974]]]},"properties":{"GEOID":"36047051700","NAME":"Census Tract 517","STATE":"36","COUNTY":"047"}},{"type":"Feature","geometry":{"type":"Polygon","coordinates":[[[-73.96319,40.63967],[-73.9622,40.6345],[-73.9584,40.63633],[-73.95938,40.64147],[-73.96319,40.63967]]]},"properties":{"GEOID":"36047051800","NAME":"Census Tract 518","STATE":"36","COUNTY":"047"}},{"type":"Feature","geometry":{"type":"Polygon","coordinates":[[[-73.95949,40.71419],[-73.9598,40.71389],[-73.95548,40.71227],[-73.95434,40.71407],[-73.95349,40.71407],[-73.95184,40.71544],[-73.95248,40.71922],[-73.95347,40.7198],[-73.95949,40.71419]]]},"properties":{"GEOID":"36047051900","NAME":"Census Tract 519","STATE":"36","COUNTY":"047"}},{"type":"Feature","geometry":{"type":"Polygon","coordinates":[[[-73.96617,40.64043],[-73.9648,40.63325],[-73.9622,40.6345],[-73.96356,40.64161],[-73.96617,40.64043]]]},"properties":{"GEOID":"36047052000","NAME":"Census Tract 520","STATE":"36","COUNTY":"047"}},{"type":"Feature","geometry":{"type":"Polygon","coordinates":[[[-73.96196,40.71049],[-73.96203,40.71036],[-73.96124,40.71011],[-73.9613,40.71029],[-73.96038,40.71],[-73.95662,40.71038],[-73.95548,40.71227],[-73.9598,40.71389],[-73.96196,40.71049]]]},"properties":{"GEOID":"36047052300","NAME":"Census Tract 523","STATE":"36","COUNTY":"047"}},{"type":"Feature","geometry":{"type":"Polygon","coordinates":[[[-73.95749,40.70908],[-73.9579,40.70843],[-73.95191,40.70636],[-73.95024,40.70547],[-73.95083,40.70914],[-73.95498,40.71061],[-73.9555,40.70995],[-73.95662,40.71038],[-73.95749,40.70908]]]},"properties":{"GEOID":"36047052700","NAME":"Census Tract 527","STATE":"36","COUNTY":"047"}},{"type":"Feature","geometry":{"type":"Polygon","coordinates":[[[-73.95839,40.70768],[-73.95846,40.70725],[-73.95381,40.70318],[-73.95024,40.70547],[-73.95191,40.70636],[-73.9579,40.70843],[-73.95839,40.70768]]]},"properties":{"GEOID":"36047052900","NAME":"Census Tract 529","STATE":"36","COUNTY":"047"}},{"type":"Feature","geometry":{"type":"Polygon","coordinates":[[[-73.96607,40.62955],[-73.96517,40.62477],[-73.96139,40.62518],[-73.9623,40.62996],[-73.96607,40.62955]]]},"properties":{"GEOID":"36047053000","NAME":"Census Tract 530","STATE":"36","COUNTY":"047"}},{"type":"Feature","geometry":{"type":"Polygon","coordinates":[[[-73.96034,40.70344],[-73.95746,40.70082],[-73.95381,40.70318],[-73.95846,40.70725],[-73.95881,40.70608],[-73.96034,40.70344]]]},"properties":{"GEOID":"36047053300","NAME":"Census Tract 533","STATE":"36","COUNTY":"047"}},{"type":"Feature","geometry":{"type":"Polygon","coordinates":[[[-73.96517,40.62477],[-73.96427,40.61998],[-73.96049,40.6204],[-73.96139,40.62518],[-73.96517,40.62477]]]},"properties":{"GEOID":"36047053400","NAME":"Census Tract 534","STATE":"36","COUNTY":"047"}},{"type":"Feature","geometry":{"type":"Polygon","coordinates":[[[-73.96442,40.70753],[-73.96485,40.70745],[-73.96034,40.70344],[-73.95881,40.70608],[-73.95846,40.70725],[-73.96328,40.70773],[-73.96442,40.70753]]]},"properties":{"GEOID":"36047053500","NAME":"Census Tract 535","STATE":"36","COUNTY":"047"}},{"type":"Feature","geometry":{"type":"Polygon","coordinates":[[[-73.96178,40.75988],[-73.96197,40.75962],[-73.95972,40.75866],[-73.95893,40.75834],[-73.95872,40.75864],[-73.95553,40.75724],[-73.95384,40.75936],[-73.95789,40.76117],[-73.95744,40.76179],[-73.95969,40.76274],[-73.96178,40.75988]]]},"properties":{"GEOID":"36061010602","NAME":"Census Tract 106.02","STATE":"36","COUNTY":"061"}},{"type":"Feature","geometry":{"type":"Polygon","coordinates":[[[-73.99298,40.75285],[-73.99346,40.75219],[-73.98778,40.74977],[-73.98595,40.75232],[-73.99163,40.75471],[-73.99298,40.75285]]]},"properties":{"GEOID":"36061010900","NAME":"Census Tract 109","STATE":"36","COUNTY":"061"}},{"type":"Feature","geometry":{"type":"Polygon","coordinates":[[[-73.96613,40.76218],[-73.96658,40.76155],[-73.96197,40.75962],[-73.95969,40.76274],[-73.9643,40.76468],[-73.96613,40.76218]]]},"properties":{"GEOID":"36061011000","NAME":"Census Tract 110","STATE":"36","COUNTY":"061"}},{"type":"Feature","geometry":{"type":"Polygon","coordinates":[[[-73.97397,40.76297],[-73.97446,40.76229],[-73.97124,40.76094],[-73.9698,40.76291],[-73.97301,40.76428],[-73.97397,40.76297]]]},"properties":{"GEOID":"36061011202","NAME":"Census Tract 112.02","STATE":"36","COUNTY":"061"}},{"type":"Feature","geometry":{"type":"Polygon","coordinates":[[[-73.97075,40.76161],[-73.97124,40.76094],[-73.96802,40.75958],[-73.96658,40.76155],[-73.9698,40.76291],[-73.97075,40.76161]]]},"properties":{"GEOID":"36061011203","NAME":"Census Tract 112.03","STATE":"36","COUNTY":"061"}},{"type":"Feature","geometry":{"type":"Polygon","coordinates":[[[-74.09926,40.62],[-74.09968,40.61965],[-74.0977,40.61881],[-74.09715,40.61529],[-74.0943,40.61666],[-74.09405,40.61812],[-74.09373,40.61858],[-74.09322,40.61877],[-74.09192,40.61858],[-74.09067,40.61871],[-74.08986,40.61988],[-74.08867,40.62103],[-74.08849,40.62345],[-74.08872,40.6259],[-74.09049,40.6259],[-74.09158,40.62655],[-74.09224,40.62574],[-74.09926,40.62]]]},"properties":{"GEOID":"36085003900","NAME":"Census Tract 39","STATE":"36","COUNTY":"085"}},{"type":"Feature","geometry":{"type":"Polygon","coordinates":[[[-74.10351,40.61641],[-74.10209,40.6146],[-74.09988,40.61292],[-74.09766,40.6105],[-74.09528,40.61044],[-74.09389,40.61021],[-74.09057,40.609],[-74.08959,40.60985],[-74.08721,40.61331],[-74.08783,40.61532],[-74.08741,40.61593],[-74.09091,40.61713],[-74.09286,40.6183],[-74.09341,40.61828],[-74.09377,40.61806],[-74.09407,40.6177],[-74.0943,40.61666],[-74.09715,40.61529],[-74.0977,40.61881],[-74.09968,40.61965],[-74.10255,40.61685],[-74.10351,40.61641]]]},"properties":{"GEOID":"36085004700","NAME":"Census Tract 47","STATE":"36","COUNTY":"085"}},{"type":"Feature","geometry":{"type":"Polygon","coordinates":[[[-74.09727,40.634],[-74.09715,40.6319],[-74.0889,40.63029],[-74.08444,40.6354],[-74.08373,40.63574],[-74.08588,40.63669],[-74.08688,40.63588],[-74.08871,40.63685],[-74.0897,40.63568],[-74.09028,40.6355],[-74.09245,40.63562],[-74.09348,40.63494],[-74.09589,40.63564],[-74.09645,40.63533],[-74.09727,40.634]]]},"properties":{"GEOID":"36085007500","NAME":"Census Tract 75","STATE":"36","COUNTY":"085"}},{"type":"Feature","geometry":{"type":"Polygon","coordinates":[[[-74.10039,40.64312],[-74.09996,40.64018],[-74.09788,40.64036],[-74.09767,40.63896],[-74.09409,40.63927],[-74.08798,40.64026],[-74.08795,40.64047],[-74.08709,40.64033],[-74.08652,40.64256],[-74.08652,40.6439],[-74.0892,40.64703],[-74.08955,40.64722],[-74.0896,40.64757],[-74.09113,40.6493],[-74.09344,40.64806],[-74.10024,40.64806],[-74.10002,40.64541],[-74.10013,40.64498],[-74.09972,40.64476],[-74.09957,40.64316],[-74.10039,40.64312]]]},"properties":{"GEOID":"36085008100","NAME":"Census Tract 81","STATE":"36","COUNTY":"085"}},{"type":"Feature","geometry":{"type":"Polygon","coordinates":[[[-73.87548,40.71312],[-73.87524,40.71035],[-73.87375,40.70751],[-73.87492,40.70682],[-73.86911,40.70709],[-73.86989,40.70851],[-73.87032,40.7099],[-73.87128,40.71192],[-73.87162,40.71329],[-73.87548,40.71312]]]},"properties":{"GEOID":"36081062100","NAME":"Census Tract 621","STATE":"36","COUNTY":"081"}},{"type":"Feature","geometry":{"type":"Polygon","coordinates":[[[-73.88912,40.7056],[-73.8874,40.7014],[-73.88375,40.7017],[-73.88555,40.70615],[-73.88653,40.70622],[-73.88912,40.7056]]]},"properties":{"GEOID":"36081062700","NAME":"Census Tract 627","STATE":"36","COUNTY":"081"}},{"type":"Feature","geometry":{"type":"Polygon","coordinates":[[[-73.95897,40.6393],[-73.9584,40.63633],[-73.95374,40.63857],[-73.95564,40.6405],[-73.95712,40.64017],[-73.95897,40.6393]]]},"properties":{"GEOID":"36047051601","NAME":"Census Tract 516.01","STATE":"36","COUNTY":"047"}},{"type":"Feature","geometry":{"type":"Polygon","coordinates":[[[-73.88147,40.70659],[-73.88097,40.70637],[-73.87492,40.70682],[-73.87375,40.70751],[-73.87524,40.71035],[-73.87548,40.71312],[-73.88006,40.71265],[-73.87961,40.71051],[-73.88006,40.71022],[-73.87918,40.70969],[-73.87768,40.70718],[-73.88147,40.70659]]]},"properties":{"GEOID":"36081061900","NAME":"Census Tract 619","STATE":"36","COUNTY":"081"}},{"type":"Feature","geometry":{"type":"Polygon","coordinates":[[[-73.86094,40.76373],[-73.85982,40.76226],[-73.85976,40.76184],[-73.85912,40.76127],[-73.85604,40.75973],[-73.85525,40.75915],[-73.85421,40.75787],[-73.85354,40.75656],[-73.85262,40.75341],[-73.85086,40.75],[-73.85442,40.74881],[-73.85001,40.74056],[-73.84784,40.73993],[-73.84776,40.7393],[-73.84721,40.73864],[-73.84674,40.73855],[-73.84606,40.7371],[-73.84543,40.73495],[-73.84421,40.73273],[-73.84351,40.73181],[-73.84147,40.73],[-73.83985,40.72818],[-73.83652,40.72237],[-73.83538,40.72072],[-73.83488,40.7193],[-73.8298,40.71557],[-73.83014,40.71507],[-73.83139,40.71453],[-73.83098,40.71431],[-73.8299,40.71457],[-73.82698,40.71539],[-73.82557,40.71615],[-73.82428,40.71618],[-73.82172,40.71678],[-73.82032,40.71666],[-73.8193,40.71714],[-73.81952,40.71734],[-73.82294,40.7175],[-73.82542,40.7174],[-73.82557,40.71972],[-73.82731,40.72465],[-73.82802,40.72531],[-73.82995,40.72597],[-73.83075,40.72657],[-73.83307,40.72992],[-73.83386,40.73055],[-73.83415,40.73184],[-73.83466,40.73198],[-73.83515,40.73292],[-73.83536,40.7329],[-73.83608,40.73433],[-73.83618,40.73688],[-73.83575,40.73699],[-73.83561,40.73748],[-73.8358,40.7389],[-73.83604,40.73917],[-73.83647,40.73909],[-73.83663,40.73925],[-73.83679,40.7399],[-73.83672,40.74095],[-73.83711,40.7414],[-73.83707,40.74186],[-73.83643,40.7425],[-73.83614,40.74243],[-73.83586,40.74323],[-73.83595,40.74373],[-73.83568,40.74485],[-73.83463,40.7469],[-73.83301,40.74813],[-73.83218,40.75151],[-73.8323,40.75194],[-73.8356,40.75139],[-73.83701,40.75403],[-73.83767,40.75411],[-73.83792,40.75454],[-73.83862,40.75704],[-73.84324,40.75534],[-73.84602,40.7608],[-73.84686,40.76042],[-73.84635,40.76122],[-73.84671,40.76134],[-73.84851,40.76382],[-73.84922,40.76421],[-73.85028,40.76606],[-73.8537,40.76948],[-73.85498,40.76745],[-73.86043,40.76387],[-73.86094,40.76373]]]},"properties":{"GEOID":"36081038302","NAME":"Census Tract 383.02","STATE":"36","COUNTY":"081"}},{"type":"Feature","geometry":{"type":"Polygon","coordinates":[[[-73.87796,40.72977],[-73.87471,40.72709],[-73.87378,40.72752],[-73.87143,40.72925],[-73.87524,40.73072],[-73.87796,40.72977]]]},"properties":{"GEOID":"36081050500","NAME":"Census Tract 505","STATE":"36","COUNTY":"081"}},{"type":"Feature","geometry":{"type":"Polygon","coordinates":[[[-73.88722,40.72753],[-73.88708,40.72464],[-73.88673,40.7246],[-73.87756,40.72575],[-73.87471,40.72709],[-73.87796,40.72977],[-73.88073,40.72883],[-73.88588,40.72828],[-73.8872,40.72787],[-73.88722,40.72753]]]},"properties":{"GEOID":"36081050700","NAME":"Census Tract 507","STATE":"36","COUNTY":"081"}},{"type":"Feature","geometry":{"type":"Polygon","coordinates":[[[-73.90693,40.72757],[-73.90707,40.72747],[-73.9059,40.72686],[-73.9037,40.72621],[-73.89497,40.72541],[-73.89534,40.72592],[-73.89559,40.72897],[-73.89597,40.72906],[-73.89824,40.72887],[-73.89873,40.72838],[-73.89925,40.72905],[-73.90024,40.72902],[-73.90123,40.72863],[-73.90262,40.72934],[-73.90303,40.72876],[-73.90312,40.72738],[-73.90556,40.72855],[-73.90693,40.72757]]]},"properties":{"GEOID":"36081051100","NAME":"Census Tract 511","STATE":"36","COUNTY":"081"}},{"type":"Feature","geometry":{"type":"Polygon","coordinates":[[[-73.89925,40.72949],[-73.89925,40.72905],[-73.89873,40.72838],[-73.89824,40.72887],[-73.89559,40.72897],[-73.89603,40.73502],[-73.89902,40.73515],[-73.89925,40.72949]]]},"properties":{"GEOID":"36081051300","NAME":"Census Tract 513","STATE":"36","COUNTY":"081"}},{"type":"Feature","geometry":{"type":"Polygon","coordinates":[[[-73.83595,40.74373],[-73.83593,40.7435],[-73.82708,40.74264],[-73.82538,40.74229],[-73.82426,40.74442],[-73.82741,40.74474],[-73.82729,40.74544],[-73.8293,40.74563],[-73.82942,40.74493],[-73.83142,40.74513],[-73.83093,40.7481],[-73.83074,40.74807],[-73.83061,40.74903],[-73.83116,40.7488],[-73.83125,40.74811],[-73.833,40.74783],[-73.8331,40.74799],[-73.83446,40.74711],[-73.8355,40.74533],[-73.83595,40.74373]]]},"properties":{"GEOID":"36081080301","NAME":"Census Tract 803.01","STATE":"36","COUNTY":"081"}},{"type":"Feature","geometry":{"type":"Polygon","coordinates":[[[-73.83593,40.7435],[-73.83586,40.74323],[-73.83113,40.74234],[-73.8313,40.73956],[-73.83054,40.73752],[-73.82947,40.73702],[-73.82809,40.73708],[-73.82805,40.73856],[-73.82717,40.73851],[-73.82643,40.7387],[-73.82558,40.7394],[-73.82499,40.73938],[-73.82487,40.73986],[-73.82006,40.73883],[-73.81693,40.73839],[-73.81633,40.73845],[-73.81608,40.73886],[-73.81497,40.73855],[-73.81506,40.73899],[-73.82583,40.74241],[-73.83593,40.7435]]]},"properties":{"GEOID":"36081080302","NAME":"Census Tract 803.02","STATE":"36","COUNTY":"081"}},{"type":"Feature","geometry":{"type":"Polygon","coordinates":[[[-73.83386,40.73055],[-73.83307,40.72992],[-73.8317,40.72803],[-73.83035,40.72797],[-73.81753,40.73178],[-73.81492,40.73204],[-73.81469,40.73715],[-73.81497,40.73855],[-73.81608,40.73886],[-73.81633,40.73845],[-73.81693,40.73839],[-73.82006,40.73883],[-73.82487,40.73986],[-73.82567,40.73228],[-73.83386,40.73055]]]},"properties":{"GEOID":"36081080900","NAME":"Census Tract 809","STATE":"36","COUNTY":"081"}},{"type":"Feature","geometry":{"type":"Polygon","coordinates":[[[-73.87016,40.70921],[-73.86901,40.70677],[-73.86864,40.70663],[-73.86427,40.70669],[-73.86379,40.70333],[-73.86325,40.70339],[-73.85821,40.7056],[-73.85594,40.7064],[-73.85668,40.70769],[-73.8573,40.71147],[-73.85976,40.71184],[-73.85963,40.7136],[-73.86501,40.71078],[-73.87016,40.70921]]]},"properties":{"GEOID":"36081063700","NAME":"Census Tract 637","STATE":"36","COUNTY":"081"}},{"type":"Feature","geometry":{"type":"Polygon","coordinates":[[[-73.86325,40.70339],[-73.85815,40.7029],[-73.85858,40.70124],[-73.85703,40.70117],[-73.85691,40.70189],[-73.85529,40.70184],[-73.85529,40.7026],[-73.85215,40.70225],[-73.85369,40.70431],[-73.85473,40.70524],[-73.8544,40.70528],[-73.85435,40.70591],[-73.85475,40.70677],[-73.85821,40.7056],[-73.86325,40.70339]]]},"properties":{"GEOID":"36081063900","NAME":"Census Tract 639","STATE":"36","COUNTY":"081"}},{"type":"Feature","geometry":{"type":"Polygon","coordinates":[[[-73.85447,40.70066],[-73.85271,40.69841],[-73.85266,40.69757],[-73.84908,40.69835],[-73.85071,40.70021],[-73.85396,40.70077],[-73.85447,40.70066]]]},"properties":{"GEOID":"36081064101","NAME":"Census Tract 641.01","STATE":"36","COUNTY":"081"}},{"type":"Feature","geometry":{"type":"Polygon","coordinates":[[[-73.8708,40.69788],[-73.86872,40.69462],[-73.86245,40.696],[-73.85657,40.69707],[-73.85266,40.69757],[-73.85271,40.69841],[-73.85378,40.69991],[-73.85457,40.70059],[-73.85423,40.70075],[-73.85166,40.70048],[-73.85071,40.70021],[-73.84908,40.69835],[-73.84502,40.69936],[-73.84294,40.70055],[-73.84156,40.7011],[-73.83948,40.70269],[-73.83696,40.70421],[-73.8381,40.70622],[-73.83798,40.70675],[-73.83715,40.70796],[-73.83901,40.70855],[-73.84302,40.70918],[-73.84568,40.70848],[-73.84952,40.70839],[-73.85475,40.70677],[-73.85435,40.70591],[-73.8544,40.70528],[-73.85473,40.70524],[-73.85369,40.70431],[-73.85215,40.70225],[-73.85529,40.7026],[-73.85529,40.70184],[-73.85691,40.70189],[-73.85703,40.70117],[-73.85858,40.70124],[-73.85815,40.7029],[-73.86325,40.70339],[-73.86916,40.70289],[-73.86912,40.7016],[-73.86952,40.70141],[-73.86931,40.69936],[-73.8708,40.69788]]]},"properties":{"GEOID":"36081064102","NAME":"Census Tract 641.02","STATE":"36","COUNTY":"081"}},{"type":"Feature","geometry":{"type":"Polygon","coordinates":[[[-73.87722,40.70669],[-73.87543,40.70237],[-73.87165,40.70269],[-73.87244,40.70463],[-73.87336,40.70455],[-73.87424,40.70673],[-73.87515,40.70654],[-73.87492,40.70682],[-73.87722,40.70669]]]},"properties":{"GEOID":"36081063301","NAME":"Census Tract 633.01","STATE":"36","COUNTY":"081"}},{"type":"Feature","geometry":{"type":"Polygon","coordinates":[[[-73.87519,40.70665],[-73.87424,40.70673],[-73.87336,40.70455],[-73.87244,40.70463],[-73.87165,40.70269],[-73.86982,40.70284],[-73.87067,40.7049],[-73.86861,40.70538],[-73.86911,40.70709],[-73.87492,40.70682],[-73.87519,40.70665]]]},"properties":{"GEOID":"36081063302","NAME":"Census Tract 633.02","STATE":"36","COUNTY":"081"}},{"type":"Feature","geometry":{"type":"Polygon","coordinates":[[[-73.87067,40.7049],[-73.86982,40.70284],[-73.86379,40.70333],[-73.86427,40.70669],[-73.86864,40.70663],[-73.86901,40.70677],[-73.86861,40.70538],[-73.87067,40.7049]]]},"properties":{"GEOID":"36081063500","NAME":"Census Tract 635","STATE":"36","COUNTY":"081"}},{"type":"Feature","geometry":{"type":"Polygon","coordinates":[[[-73.8573,40.71147],[-73.85668,40.70769],[-73.85594,40.7064],[-73.84952,40.70839],[-73.84568,40.70848],[-73.84302,40.70918],[-73.8573,40.71147]]]},"properties":{"GEOID":"36081064500","NAME":"Census Tract 645","STATE":"36","COUNTY":"081"}},{"type":"Feature","geometry":{"type":"Polygon","coordinates":[[[-73.9332,40.61697],[-73.93392,40.61651],[-73.92846,40.61161],[-73.92617,40.61306],[-73.93173,40.61793],[-73.9332,40.61697]]]},"properties":{"GEOID":"36047065200","NAME":"Census Tract 652","STATE":"36","COUNTY":"047"}},{"type":"Feature","geometry":{"type":"Polygon","coordinates":[[[-73.9211,40.61931],[-73.92053,40.61394],[-73.9169,40.61627],[-73.91726,40.61955],[-73.9211,40.61931]]]},"properties":{"GEOID":"36047068800","NAME":"Census Tract 688","STATE":"36","COUNTY":"047"}},{"type":"Feature","geometry":{"type":"Polygon","coordinates":[[[-73.9235,40.6238],[-73.92326,40.6216],[-73.91751,40.62194],[-73.918,40.62646],[-73.92087,40.62625],[-73.92062,40.62398],[-73.9235,40.6238]]]},"properties":{"GEOID":"36047069200","NAME":"Census Tract 692","STATE":"36","COUNTY":"047"}},{"type":"Feature","geometry":{"type":"Polygon","coordinates":[[[-73.92183,40.61024],[-73.9225,40.60981],[-73.9193,40.60695],[-73.91873,40.60722],[-73.91782,40.60639],[-73.9143,40.6086],[-73.91181,40.61391],[-73.90989,40.61524],[-73.91485,40.6197],[-73.91726,40.61955],[-73.91714,40.61839],[-73.91388,40.61543],[-73.92183,40.61024]]]},"properties":{"GEOID":"36047069800","NAME":"Census Tract 698","STATE":"36","COUNTY":"047"}},{"type":"Feature","geometry":{"type":"Polygon","coordinates":[[[-73.9339,40.6109],[-73.93462,40.61044],[-73.9328,40.60881],[-73.93351,40.60834],[-73.92987,40.60507],[-73.92769,40.60648],[-73.93316,40.61138],[-73.9339,40.6109]]]},"properties":{"GEOID":"36047065800","NAME":"Census Tract 658","STATE":"36","COUNTY":"047"}},{"type":"Feature","geometry":{"type":"Polygon","coordinates":[[[-73.9306,40.61023],[-73.93135,40.60975],[-73.92769,40.60648],[-73.92482,40.60834],[-73.92846,40.61161],[-73.9306,40.61023]]]},"properties":{"GEOID":"36047066000","NAME":"Census Tract 660","STATE":"36","COUNTY":"047"}},{"type":"Feature","geometry":{"type":"Polygon","coordinates":[[[-73.92775,40.61207],[-73.92846,40.61161],[-73.92482,40.60834],[-73.92625,40.60741],[-73.92444,40.60579],[-73.92158,40.60764],[-73.92066,40.60675],[-73.91969,40.60731],[-73.92617,40.61306],[-73.92775,40.61207]]]},"properties":{"GEOID":"36047066200","NAME":"Census Tract 662","STATE":"36","COUNTY":"047"}},{"type":"Feature","geometry":{"type":"Polygon","coordinates":[[[-73.92931,40.62344],[-73.92848,40.61502],[-73.92629,40.61319],[-73.92737,40.62356],[-73.92931,40.62344]]]},"properties":{"GEOID":"36047067200","NAME":"Census Tract 672","STATE":"36","COUNTY":"047"}},{"type":"Feature","geometry":{"type":"Polygon","coordinates":[[[-73.93219,40.62327],[-73.93173,40.61793],[-73.92848,40.61502],[-73.92931,40.62344],[-73.93219,40.62327]]]},"properties":{"GEOID":"36047067400","NAME":"Census Tract 674","STATE":"36","COUNTY":"047"}},{"type":"Feature","geometry":{"type":"Polygon","coordinates":[[[-73.93131,40.62385],[-73.93219,40.62327],[-73.92447,40.62374],[-73.92492,40.62798],[-73.93131,40.62385]]]},"properties":{"GEOID":"36047067600","NAME":"Census Tract 676","STATE":"36","COUNTY":"047"}},{"type":"Feature","geometry":{"type":"Polygon","coordinates":[[[-73.92737,40.62356],[-73.92688,40.61895],[-73.92301,40.61919],[-73.9235,40.6238],[-73.92737,40.62356]]]},"properties":{"GEOID":"36047068000","NAME":"Census Tract 680","STATE":"36","COUNTY":"047"}},{"type":"Feature","geometry":{"type":"Polygon","coordinates":[[[-73.92688,40.61895],[-73.9264,40.61448],[-73.92062,40.61484],[-73.92085,40.61697],[-73.92275,40.61685],[-73.92301,40.61919],[-73.92688,40.61895]]]},"properties":{"GEOID":"36047068200","NAME":"Census Tract 682","STATE":"36","COUNTY":"047"}},{"type":"Feature","geometry":{"type":"Polygon","coordinates":[[[-73.91055,40.6204],[-73.90707,40.61727],[-73.90274,40.62007],[-73.90456,40.6217],[-73.9053,40.62122],[-73.90696,40.62271],[-73.91055,40.6204]]]},"properties":{"GEOID":"36047070000","NAME":"Census Tract 700","STATE":"36","COUNTY":"047"}},{"type":"Feature","geometry":{"type":"Polygon","coordinates":[[[-73.91691,40.60694],[-73.91725,40.60673],[-73.91299,40.60286],[-73.90145,40.60435],[-73.9017,40.60822],[-73.90337,40.61189],[-73.91026,40.61778],[-73.91168,40.61685],[-73.90989,40.61524],[-73.91181,40.61391],[-73.9143,40.6086],[-73.91691,40.60694]]]},"properties":{"GEOID":"36047070201","NAME":"Census Tract 702.01","STATE":"36","COUNTY":"047"}},{"type":"Feature","geometry":{"type":"Polygon","coordinates":[[[-73.92401,40.62857],[-73.9243,40.62839],[-73.92112,40.62859],[-73.92087,40.62625],[-73.918,40.62646],[-73.9186,40.6321],[-73.92401,40.62857]]]},"properties":{"GEOID":"36047072000","NAME":"Census Tract 720","STATE":"36","COUNTY":"047"}},{"type":"Feature","geometry":{"type":"Polygon","coordinates":[[[-73.93031,40.63273],[-73.93005,40.63039],[-73.92042,40.6309],[-73.9186,40.6321],[-73.91885,40.63448],[-73.92068,40.63333],[-73.93031,40.63273]]]},"properties":{"GEOID":"36047072200","NAME":"Census Tract 722","STATE":"36","COUNTY":"047"}},{"type":"Feature","geometry":{"type":"Polygon","coordinates":[[[-73.93153,40.63501],[-73.93127,40.63267],[-73.92259,40.63321],[-73.92283,40.63554],[-73.93153,40.63501]]]},"properties":{"GEOID":"36047072400","NAME":"Census Tract 724","STATE":"36","COUNTY":"047"}},{"type":"Feature","geometry":{"type":"Polygon","coordinates":[[[-73.93727,40.63465],[-73.93677,40.62997],[-73.93005,40.63039],[-73.93031,40.63273],[-73.93127,40.63267],[-73.93153,40.63501],[-73.93727,40.63465]]]},"properties":{"GEOID":"36047072600","NAME":"Census Tract 726","STATE":"36","COUNTY":"047"}},{"type":"Feature","geometry":{"type":"Polygon","coordinates":[[[-73.9358,40.63003],[-73.93535,40.62584],[-73.93373,40.62593],[-73.93313,40.62552],[-73.93149,40.62559],[-73.93198,40.63027],[-73.9358,40.63003]]]},"properties":{"GEOID":"36047073200","NAME":"Census Tract 732","STATE":"36","COUNTY":"047"}},{"type":"Feature","geometry":{"type":"Polygon","coordinates":[[[-73.82064,40.75887],[-73.81786,40.75707],[-73.8203,40.75551],[-73.81841,40.75383],[-73.81563,40.75563],[-73.81534,40.75543],[-73.81729,40.75978],[-73.82064,40.75887]]]},"properties":{"GEOID":"36081086100","NAME":"Census Tract 861","STATE":"36","COUNTY":"081"}},{"type":"Feature","geometry":{"type":"Polygon","coordinates":[[[-73.8226,40.76276],[-73.82076,40.75884],[-73.81729,40.75978],[-73.8191,40.7637],[-73.8226,40.76276]]]},"properties":{"GEOID":"36081086300","NAME":"Census Tract 863","STATE":"36","COUNTY":"081"}},{"type":"Feature","geometry":{"type":"Polygon","coordinates":[[[-73.83883,40.67986],[-73.83952,40.67996],[-73.83698,40.67468],[-73.83546,40.67102],[-73.83331,40.66676],[-73.83102,40.66621],[-73.82808,40.66609],[-73.82467,40.67703],[-73.82995,40.6779],[-73.83678,40.67957],[-73.83883,40.67986]]]},"properties":{"GEOID":"36081086400","NAME":"Census Tract 864","STATE":"36","COUNTY":"081"}},{"type":"Feature","geometry":{"type":"Polygon","coordinates":[[[-73.82811,40.76406],[-73.8282,40.7638],[-73.82654,40.76046],[-73.82207,40.76163],[-73.82348,40.76465],[-73.82811,40.76406]]]},"properties":{"GEOID":"36081086500","NAME":"Census Tract 865","STATE":"36","COUNTY":"081"}},{"type":"Feature","geometry":{"type":"Polygon","coordinates":[[[-73.83862,40.75704],[-73.83792,40.75454],[-73.8338,40.75672],[-73.83368,40.75632],[-73.82947,40.75819],[-73.83014,40.75957],[-73.82654,40.76046],[-73.82752,40.76242],[-73.83112,40.76155],[-73.83492,40.76025],[-73.83559,40.76285],[-73.83692,40.76277],[-73.83682,40.76125],[-73.83716,40.76],[-73.8378,40.75909],[-73.83862,40.75704]]]},"properties":{"GEOID":"36081087100","NAME":"Census Tract 871","STATE":"36","COUNTY":"081"}},{"type":"Feature","geometry":{"type":"Polygon","coordinates":[[[-73.84243,40.66878],[-73.8404,40.66083],[-73.83972,40.66095],[-73.83592,40.6455],[-73.83633,40.64532],[-73.83566,40.64406],[-73.82534,40.64425],[-73.82871,40.65706],[-73.82987,40.65997],[-73.83331,40.66676],[-73.83488,40.66721],[-73.83791,40.66751],[-73.83836,40.66764],[-73.83826,40.66797],[-73.84076,40.66872],[-73.8411,40.6685],[-73.84243,40.66878]]]},"properties":{"GEOID":"36081088400","NAME":"Census Tract 884","STATE":"36","COUNTY":"081"}},{"type":"Feature","geometry":{"type":"Polygon","coordinates":[[[-73.99909,40.63742],[-73.99981,40.63694],[-73.99387,40.63335],[-73.99154,40.63558],[-73.99694,40.63885],[-73.99909,40.63742]]]},"properties":{"GEOID":"36047022000","NAME":"Census Tract 220","STATE":"36","COUNTY":"047"}},{"type":"Feature","geometry":{"type":"Polygon","coordinates":[[[-73.99336,40.64125],[-73.99408,40.64077],[-73.98921,40.63782],[-73.98688,40.64007],[-73.98908,40.6414],[-73.98849,40.64196],[-73.9905,40.64316],[-73.99336,40.64125]]]},"properties":{"GEOID":"36047022400","NAME":"Census Tract 224","STATE":"36","COUNTY":"047"}},{"type":"Feature","geometry":{"type":"Polygon","coordinates":[[[-73.98978,40.64364],[-73.9905,40.64316],[-73.98409,40.6393],[-73.98234,40.64098],[-73.98835,40.64456],[-73.98978,40.64364]]]},"properties":{"GEOID":"36047022600","NAME":"Census Tract 226","STATE":"36","COUNTY":"047"}},{"type":"Feature","geometry":{"type":"Polygon","coordinates":[[[-73.96167,40.68269],[-73.96131,40.68046],[-73.95564,40.67926],[-73.95531,40.67927],[-73.95544,40.67996],[-73.95328,40.6802],[-73.95395,40.68358],[-73.96167,40.68269]]]},"properties":{"GEOID":"36047022700","NAME":"Census Tract 227","STATE":"36","COUNTY":"047"}},{"type":"Feature","geometry":{"type":"Polygon","coordinates":[[[-73.98409,40.6393],[-73.98467,40.63874],[-73.98027,40.63608],[-73.97939,40.63693],[-73.98042,40.64239],[-73.98299,40.64133],[-73.98234,40.64098],[-73.98409,40.6393]]]},"properties":{"GEOID":"36047022800","NAME":"Census Tract 228","STATE":"36","COUNTY":"047"}},{"type":"Feature","geometry":{"type":"Polygon","coordinates":[[[-73.9157,40.83054],[-73.91641,40.82929],[-73.91296,40.82816],[-73.91138,40.83099],[-73.91239,40.83094],[-73.91129,40.83283],[-73.91384,40.83369],[-73.9157,40.83054]]]},"properties":{"GEOID":"36005017500","NAME":"Census Tract 175","STATE":"36","COUNTY":"005"}},{"type":"Feature","geometry":{"type":"Polygon","coordinates":[[[-73.93346,40.83318],[-73.93306,40.82816],[-73.93096,40.82834],[-73.92876,40.82919],[-73.92536,40.83262],[-73.92661,40.83302],[-73.92614,40.83364],[-73.92938,40.83467],[-73.93036,40.8345],[-73.93314,40.83481],[-73.93346,40.83318]]]},"properties":{"GEOID":"36005018900","NAME":"Census Tract 189","STATE":"36","COUNTY":"005"}},{"type":"Feature","geometry":{"type":"Polygon","coordinates":[[[-73.93301,40.83568],[-73.93314,40.83481],[-73.93036,40.8345],[-73.92938,40.83467],[-73.92614,40.83364],[-73.92661,40.83302],[-73.92536,40.83262],[-73.92439,40.83448],[-73.92926,40.83609],[-73.92762,40.83772],[-73.92866,40.8398],[-73.93041,40.84028],[-73.93061,40.83968],[-73.93301,40.83568]]]},"properties":{"GEOID":"36005019300","NAME":"Census Tract 193","STATE":"36","COUNTY":"005"}},{"type":"Feature","geometry":{"type":"Polygon","coordinates":[[[-73.92881,40.8099],[-73.92922,40.80956],[-73.92856,40.80905],[-73.92427,40.80718],[-73.92289,40.80911],[-73.92712,40.81095],[-73.92814,40.80962],[-73.92881,40.8099]]]},"properties":{"GEOID":"36005002300","NAME":"Census Tract 23","STATE":"36","COUNTY":"005"}},{"type":"Feature","geometry":{"type":"Polygon","coordinates":[[[-73.88055,40.81847],[-73.88098,40.81824],[-73.87797,40.81615],[-73.8713,40.81395],[-73.86648,40.8059],[-73.86231,40.80992],[-73.86115,40.81142],[-73.86443,40.81327],[-73.86463,40.81421],[-73.86513,40.81414],[-73.86522,40.81453],[-73.86773,40.81422],[-73.86894,40.81514],[-73.86865,40.81622],[-73.86954,40.81614],[-73.87151,40.82472],[-73.87355,40.82441],[-73.87247,40.82015],[-73.87977,40.81918],[-73.88055,40.81847]]]},"properties":{"GEOID":"36005002400","NAME":"Census Tract 24","STATE":"36","COUNTY":"005"}},{"type":"Feature","geometry":{"type":"Polygon","coordinates":[[[-73.92384,40.80781],[-73.92427,40.80718],[-73.91882,40.80491],[-73.91748,40.80682],[-73.92289,40.80911],[-73.92384,40.80781]]]},"properties":{"GEOID":"36005002500","NAME":"Census Tract 25","STATE":"36","COUNTY":"005"}},{"type":"Feature","geometry":{"type":"Polygon","coordinates":[[[-73.91702,40.80751],[-73.91748,40.80682],[-73.91449,40.80556],[-73.915,40.80487],[-73.91348,40.80426],[-73.90913,40.80617],[-73.91254,40.80724],[-73.91618,40.80879],[-73.91702,40.80751]]]},"properties":{"GEOID":"36005002702","NAME":"Census Tract 27.02","STATE":"36","COUNTY":"005"}},{"type":"Feature","geometry":{"type":"Polygon","coordinates":[[[-73.88441,40.82297],[-73.88245,40.81927],[-73.88098,40.81824],[-73.87977,40.81918],[-73.87247,40.82015],[-73.87355,40.82441],[-73.88441,40.82297]]]},"properties":{"GEOID":"36005002800","NAME":"Census Tract 28","STATE":"36","COUNTY":"005"}},{"type":"Feature","geometry":{"type":"Polygon","coordinates":[[[-73.91095,40.81362],[-73.91024,40.81193],[-73.9096,40.81178],[-73.91069,40.80881],[-73.90784,40.80821],[-73.90633,40.81267],[-73.91095,40.81362]]]},"properties":{"GEOID":"36005003500","NAME":"Census Tract 35","STATE":"36","COUNTY":"005"}},{"type":"Feature","geometry":{"type":"Polygon","coordinates":[[[-73.91485,40.81099],[-73.91518,40.81043],[-73.91359,40.81012],[-73.9133,40.80966],[-73.91069,40.80881],[-73.9096,40.81178],[-73.91024,40.81193],[-73.91095,40.81362],[-73.91295,40.81427],[-73.91485,40.81099]]]},"properties":{"GEOID":"36005003700","NAME":"Census Tract 37","STATE":"36","COUNTY":"005"}},{"type":"Feature","geometry":{"type":"Polygon","coordinates":[[[-73.92644,40.81151],[-73.92712,40.81095],[-73.91748,40.80682],[-73.91618,40.80879],[-73.92468,40.81238],[-73.92644,40.81151]]]},"properties":{"GEOID":"36005003900","NAME":"Census Tract 39","STATE":"36","COUNTY":"005"}},{"type":"Feature","geometry":{"type":"Polygon","coordinates":[[[-73.92121,40.81417],[-73.92209,40.81373],[-73.91485,40.81099],[-73.91295,40.81427],[-73.91762,40.81606],[-73.92121,40.81417]]]},"properties":{"GEOID":"36005004300","NAME":"Census Tract 43","STATE":"36","COUNTY":"005"}},{"type":"Feature","geometry":{"type":"Polygon","coordinates":[[[-73.87272,40.82682],[-73.87251,40.82459],[-73.8597,40.82628],[-73.86067,40.82842],[-73.87272,40.82682]]]},"properties":{"GEOID":"36005004400","NAME":"Census Tract 44","STATE":"36","COUNTY":"005"}},{"type":"Feature","geometry":{"type":"Polygon","coordinates":[[[-73.8764,40.82898],[-73.87528,40.82421],[-73.87251,40.82459],[-73.87281,40.82807],[-73.87319,40.82991],[-73.8764,40.82898]]]},"properties":{"GEOID":"36005004800","NAME":"Census Tract 48","STATE":"36","COUNTY":"005"}},{"type":"Feature","geometry":{"type":"Polygon","coordinates":[[[-73.90559,40.83992],[-73.90265,40.83887],[-73.89997,40.83766],[-73.89827,40.84068],[-73.90229,40.84198],[-73.90196,40.84256],[-73.90494,40.84337],[-73.90516,40.84087],[-73.90559,40.83992]]]},"properties":{"GEOID":"36005016700","NAME":"Census Tract 167","STATE":"36","COUNTY":"005"}},{"type":"Feature","geometry":{"type":"Polygon","coordinates":[[[-73.90538,40.83977],[-73.90598,40.8385],[-73.90197,40.83717],[-73.90291,40.83593],[-73.90121,40.8355],[-73.89997,40.83766],[-73.90265,40.83887],[-73.90538,40.83977]]]},"properties":{"GEOID":"36005016900","NAME":"Census Tract 169","STATE":"36","COUNTY":"005"}},{"type":"Feature","geometry":{"type":"Polygon","coordinates":[[[-73.92066,40.82184],[-73.91609,40.82484],[-73.91661,40.82499],[-73.91363,40.82692],[-73.91296,40.82816],[-73.91641,40.82929],[-73.92066,40.82184]]]},"properties":{"GEOID":"36005017300","NAME":"Census Tract 173","STATE":"36","COUNTY":"005"}},{"type":"Feature","geometry":{"type":"Polygon","coordinates":[[[-73.9619,40.65487],[-73.96141,40.65217],[-73.95933,40.65293],[-73.95986,40.65563],[-73.9619,40.65487]]]},"properties":{"GEOID":"36047050803","NAME":"Census Tract 508.03","STATE":"36","COUNTY":"047"}},{"type":"Feature","geometry":{"type":"Polygon","coordinates":[[[-73.96621,40.65319],[-73.96465,40.65089],[-73.96141,40.65217],[-73.9619,40.65487],[-73.96621,40.65319]]]},"properties":{"GEOID":"36047050804","NAME":"Census Tract 508.04","STATE":"36","COUNTY":"047"}},{"type":"Feature","geometry":{"type":"Polygon","coordinates":[[[-73.96307,40.64944],[-73.96288,40.6484],[-73.96194,40.64851],[-73.96167,40.64711],[-73.95814,40.6475],[-73.95871,40.65039],[-73.96101,40.65008],[-73.96307,40.64944]]]},"properties":{"GEOID":"36047051002","NAME":"Census Tract 510.02","STATE":"36","COUNTY":"047"}},{"type":"Feature","geometry":{"type":"Polygon","coordinates":[[[-73.97073,40.76739],[-73.97119,40.76677],[-73.96797,40.76541],[-73.96478,40.7698],[-73.96799,40.77115],[-73.97073,40.76739]]]},"properties":{"GEOID":"36061012200","NAME":"Census Tract 122","STATE":"36","COUNTY":"061"}},{"type":"Feature","geometry":{"type":"Polygon","coordinates":[[[-73.94937,40.77688],[-73.94476,40.77494],[-73.94573,40.77362],[-73.94447,40.77307],[-73.94276,40.77487],[-73.94236,40.77581],[-73.94194,40.77603],[-73.94223,40.77757],[-73.94291,40.77749],[-73.94338,40.77687],[-73.94797,40.77881],[-73.94937,40.77688]]]},"properties":{"GEOID":"36061014402","NAME":"Census Tract 144.02","STATE":"36","COUNTY":"061"}},{"type":"Feature","geometry":{"type":"Polygon","coordinates":[[[-73.94982,40.78452],[-73.95028,40.78389],[-73.94567,40.78195],[-73.94472,40.78325],[-73.94933,40.78519],[-73.94982,40.78452]]]},"properties":{"GEOID":"36061015601","NAME":"Census Tract 156.01","STATE":"36","COUNTY":"061"}},{"type":"Feature","geometry":{"type":"Polygon","coordinates":[[[-73.95799,40.80083],[-73.9582,40.80055],[-73.95248,40.79825],[-73.95064,40.80072],[-73.95632,40.80311],[-73.95799,40.80083]]]},"properties":{"GEOID":"36061021600","NAME":"Census Tract 216","STATE":"36","COUNTY":"061"}},{"type":"Feature","geometry":{"type":"Polygon","coordinates":[[[-73.95396,40.80635],[-73.95442,40.80572],[-73.94873,40.80333],[-73.9469,40.80584],[-73.95258,40.80824],[-73.95396,40.80635]]]},"properties":{"GEOID":"36061022000","NAME":"Census Tract 220","STATE":"36","COUNTY":"061"}},{"type":"Feature","geometry":{"type":"Polygon","coordinates":[[[-73.94195,40.84298],[-73.94201,40.84281],[-73.93646,40.84048],[-73.93467,40.84296],[-73.94052,40.84537],[-73.94093,40.84436],[-73.94195,40.84298]]]},"properties":{"GEOID":"36061025300","NAME":"Census Tract 253","STATE":"36","COUNTY":"061"}},{"type":"Feature","geometry":{"type":"Polygon","coordinates":[[[-73.93634,40.85109],[-73.93666,40.85045],[-73.93575,40.85017],[-73.9364,40.84954],[-73.93424,40.84863],[-73.931,40.85306],[-73.93604,40.85492],[-73.93654,40.85261],[-73.93572,40.85234],[-73.93634,40.85109]]]},"properties":{"GEOID":"36061027100","NAME":"Census Tract 271","STATE":"36","COUNTY":"061"}},{"type":"Feature","geometry":{"type":"Polygon","coordinates":[[[-73.93263,40.85672],[-73.93212,40.85658],[-73.9305,40.8573],[-73.92893,40.85745],[-73.92823,40.85717],[-73.92796,40.85734],[-73.92712,40.85811],[-73.92677,40.85892],[-73.92529,40.86013],[-73.92488,40.86154],[-73.93083,40.85936],[-73.93131,40.85933],[-73.93263,40.85672]]]},"properties":{"GEOID":"36061028300","NAME":"Census Tract 283","STATE":"36","COUNTY":"061"}},{"type":"Feature","geometry":{"type":"MultiPolygon","coordinates":[[[[-74.04721,40.69089],[-74.04703,40.69059],[-74.04718,40.69041],[-74.04625,40.68932],[-74.04479,40.68859],[-74.04413,40.68854],[-74.04362,40.68876],[-74.04346,40.68963],[-74.04389,40.69019],[-74.04598,40.69111],[-74.04721,40.69089]]],[[[-74.04075,40.70017],[-74.04043,40.69941],[-74.0398,40.69898],[-74.04023,40.69883],[-74.03993,40.69859],[-74.03965,40.6988],[-74.03917,40.69859],[-74.03837,40.69867],[-74.03894,40.69966],[-74.04075,40.70017]]]]},"properties":{"GEOID":"36061000100","NAME":"Census Tract 1","STATE":"36","COUNTY":"061"}},{"type":"Feature","geometry":{"type":"Polygon","coordinates":[[[-73.98716,40.71431],[-73.98661,40.71039],[-73.98627,40.70579],[-73.98651,40.70549],[-73.98653,40.70498],[-73.98643,40.70535],[-73.98419,40.70558],[-73.98465,40.71046],[-73.98534,40.71446],[-73.98716,40.71431]]]},"properties":{"GEOID":"36061000201","NAME":"Census Tract 2.01","STATE":"36","COUNTY":"061"}},{"type":"Feature","geometry":{"type":"Polygon","coordinates":[[[-73.98534,40.71446],[-73.98465,40.71046],[-73.98419,40.70558],[-73.98099,40.70537],[-73.98091,40.70591],[-73.97923,40.70577],[-73.97502,40.70774],[-73.97279,40.70938],[-73.97593,40.71291],[-73.98245,40.7147],[-73.98534,40.71446]]]},"properties":{"GEOID":"36061000202","NAME":"Census Tract 2.02","STATE":"36","COUNTY":"061"}},{"type":"Feature","geometry":{"type":"Polygon","coordinates":[[[-74.03544,40.68512],[-74.01935,40.67955],[-74.0178,40.68062],[-74.01744,40.68064],[-74.01535,40.6819],[-74.01532,40.68211],[-74.01284,40.68361],[-74.01263,40.68347],[-74.00795,40.68629],[-74.00702,40.68653],[-74.00587,40.68621],[-74.00459,40.68822],[-74.00382,40.68893],[-74.00299,40.69043],[-74.00196,40.69014],[-74.00185,40.69039],[-74.00096,40.69013],[-74.0007,40.69061],[-74.00197,40.69184],[-74.00096,40.69407],[-74.00296,40.69475],[-74.00266,40.69531],[-74.01156,40.69867],[-74.01903,40.70072],[-74.02615,40.70165],[-74.02639,40.7001],[-74.03544,40.68512]]]},"properties":{"GEOID":"36061000500","NAME":"Census Tract 5","STATE":"36","COUNTY":"061"}},{"type":"Feature","geometry":{"type":"Polygon","coordinates":[[[-73.99256,40.71439],[-73.99178,40.70982],[-73.99207,40.70977],[-73.98938,40.70514],[-73.98687,40.70516],[-73.98653,40.70498],[-73.98651,40.70549],[-73.98627,40.70579],[-73.98661,40.71039],[-73.98716,40.71431],[-73.98934,40.71413],[-73.99075,40.71455],[-73.99256,40.71439]]]},"properties":{"GEOID":"36061000600","NAME":"Census Tract 6","STATE":"36","COUNTY":"061"}},{"type":"Feature","geometry":{"type":"Polygon","coordinates":[[[-74.01251,40.70677],[-74.00987,40.7058],[-74.00998,40.70515],[-74.00975,40.70477],[-74.00607,40.70136],[-74.00045,40.69874],[-73.99838,40.69805],[-73.9967,40.70088],[-73.99814,40.70153],[-74.00363,40.7033],[-74.00455,40.70484],[-74.00434,40.70496],[-74.00937,40.70861],[-74.01054,40.70915],[-74.01251,40.70677]]]},"properties":{"GEOID":"36061000700","NAME":"Census Tract 7","STATE":"36","COUNTY":"061"}},{"type":"Feature","geometry":{"type":"Polygon","coordinates":[[[-74.01443,40.70315],[-74.01383,40.70241],[-74.01398,40.70153],[-74.01372,40.70113],[-74.01337,40.69914],[-74.01156,40.69867],[-74.00266,40.69531],[-74.00296,40.69475],[-74.00096,40.69407],[-73.99946,40.69628],[-73.99947,40.6967],[-73.99886,40.69692],[-73.99838,40.69805],[-74.00045,40.69874],[-74.00607,40.70136],[-74.00975,40.70477],[-74.00998,40.70515],[-74.00987,40.7058],[-74.0124,40.70679],[-74.01325,40.70587],[-74.01329,40.70465],[-74.01429,40.70455],[-74.01443,40.70315]]]},"properties":{"GEOID":"36061000900","NAME":"Census Tract 9","STATE":"36","COUNTY":"061"}},{"type":"Feature","geometry":{"type":"Polygon","coordinates":[[[-73.98023,40.7171],[-73.98058,40.71645],[-73.97646,40.7153],[-73.97661,40.715],[-73.96886,40.71265],[-73.96847,40.713],[-73.96837,40.71413],[-73.96772,40.71604],[-73.97363,40.71861],[-73.97474,40.71884],[-73.97512,40.71875],[-73.97722,40.71931],[-73.97875,40.71993],[-73.98023,40.7171]]]},"properties":{"GEOID":"36061001002","NAME":"Census Tract 10.02","STATE":"36","COUNTY":"061"}},{"type":"Feature","geometry":{"type":"Polygon","coordinates":[[[-73.98454,40.71639],[-73.98501,40.71544],[-73.97996,40.71397],[-73.97891,40.71595],[-73.9831,40.71718],[-73.98248,40.71829],[-73.9834,40.71857],[-73.98454,40.71639]]]},"properties":{"GEOID":"36061001200","NAME":"Census Tract 12","STATE":"36","COUNTY":"061"}},{"type":"Feature","geometry":{"type":"Polygon","coordinates":[[[-74.01661,40.70496],[-74.01657,40.70477],[-74.01429,40.70455],[-74.01329,40.70465],[-74.01325,40.70587],[-74.0086,40.71139],[-74.0137,40.71367],[-74.0147,40.70978],[-74.01661,40.70496]]]},"properties":{"GEOID":"36061001300","NAME":"Census Tract 13","STATE":"36","COUNTY":"061"}},{"type":"Feature","geometry":{"type":"Polygon","coordinates":[[[-73.99023,40.71453],[-73.98934,40.71413],[-73.98245,40.7147],[-73.98915,40.71671],[-73.99023,40.71453]]]},"properties":{"GEOID":"36061001401","NAME":"Census Tract 14.01","STATE":"36","COUNTY":"061"}},{"type":"Feature","geometry":{"type":"Polygon","coordinates":[[[-74.10726,40.63862],[-74.10598,40.63202],[-74.10577,40.62993],[-74.10506,40.62718],[-74.103,40.6274],[-74.10368,40.63081],[-74.09888,40.63145],[-74.09715,40.6319],[-74.09727,40.634],[-74.09645,40.63533],[-74.09589,40.63564],[-74.09348,40.63494],[-74.09245,40.63562],[-74.09339,40.6366],[-74.09409,40.63927],[-74.09767,40.63896],[-74.09788,40.64036],[-74.09996,40.64018],[-74.10481,40.63898],[-74.10726,40.63862]]]},"properties":{"GEOID":"36085006700","NAME":"Census Tract 67","STATE":"36","COUNTY":"085"}},{"type":"Feature","geometry":{"type":"Polygon","coordinates":[[[-73.90307,40.80988],[-73.90218,40.80488],[-73.89574,40.80263],[-73.8925,40.80121],[-73.87226,40.79499],[-73.86712,40.79374],[-73.86315,40.7975],[-73.87362,40.8028],[-73.87374,40.80342],[-73.87481,40.8037],[-73.87703,40.8057],[-73.87808,40.80586],[-73.87936,40.80566],[-73.88041,40.80939],[-73.88203,40.81083],[-73.89004,40.80963],[-73.89097,40.81321],[-73.89543,40.81585],[-73.89845,40.81318],[-73.90307,40.80988]]]},"properties":{"GEOID":"36005009302","NAME":"Census Tract 93.02","STATE":"36","COUNTY":"005"}},{"type":"Feature","geometry":{"type":"Polygon","coordinates":[[[-73.89543,40.81585],[-73.89097,40.81321],[-73.89004,40.80963],[-73.88203,40.81083],[-73.888,40.81666],[-73.88971,40.81943],[-73.89082,40.82031],[-73.89543,40.81585]]]},"properties":{"GEOID":"36005009301","NAME":"Census Tract 93.01","STATE":"36","COUNTY":"005"}},{"type":"Feature","geometry":{"type":"Polygon","coordinates":[[[-73.88708,40.81679],[-73.888,40.81666],[-73.88041,40.80939],[-73.88218,40.81642],[-73.88338,40.81735],[-73.88708,40.81679]]]},"properties":{"GEOID":"36005011701","NAME":"Census Tract 117.01","STATE":"36","COUNTY":"005"}},{"type":"Feature","geometry":{"type":"Polygon","coordinates":[[[-73.92576,40.80522],[-73.91324,40.79994],[-73.90836,40.80467],[-73.90605,40.80337],[-73.90547,40.80393],[-73.90913,40.80617],[-73.91426,40.8039],[-73.91587,40.80371],[-73.92427,40.80718],[-73.92576,40.80522]]]},"properties":{"GEOID":"36005001902","NAME":"Census Tract 19.02","STATE":"36","COUNTY":"005"}},{"type":"Feature","geometry":{"type":"Polygon","coordinates":[[[-73.91747,40.62151],[-73.91726,40.61955],[-73.91485,40.6197],[-73.91168,40.61685],[-73.90893,40.61888],[-73.91055,40.6204],[-73.90696,40.62271],[-73.9053,40.62122],[-73.90456,40.6217],[-73.90274,40.62007],[-73.89826,40.62299],[-73.90848,40.62798],[-73.90932,40.62714],[-73.9108,40.62638],[-73.91207,40.62509],[-73.91747,40.62151]]]},"properties":{"GEOID":"36047069602","NAME":"Census Tract 696.02","STATE":"36","COUNTY":"047"}},{"type":"Feature","geometry":{"type":"Polygon","coordinates":[[[-73.96077,40.66173],[-73.96043,40.65807],[-73.95665,40.65831],[-73.95704,40.66197],[-73.96077,40.66173]]]},"properties":{"GEOID":"36047079801","NAME":"Census Tract 798.01","STATE":"36","COUNTY":"047"}},{"type":"Feature","geometry":{"type":"Polygon","coordinates":[[[-73.9186,40.6321],[-73.91747,40.62151],[-73.91207,40.62509],[-73.9108,40.62638],[-73.90932,40.62714],[-73.90848,40.62798],[-73.91692,40.63167],[-73.9186,40.6321]]]},"properties":{"GEOID":"36047069601","NAME":"Census Tract 696.01","STATE":"36","COUNTY":"047"}},{"type":"Feature","geometry":{"type":"Polygon","coordinates":[[[-74.12096,40.644],[-74.12164,40.64375],[-74.12056,40.64094],[-74.11807,40.6413],[-74.11765,40.63938],[-74.11766,40.63806],[-74.11519,40.63835],[-74.11499,40.63729],[-74.11081,40.63775],[-74.10746,40.63844],[-74.107,40.63872],[-74.10542,40.6389],[-74.10655,40.64424],[-74.10716,40.6442],[-74.1078,40.64523],[-74.10465,40.6453],[-74.10504,40.64806],[-74.10985,40.64806],[-74.12096,40.644]]]},"properties":{"GEOID":"36085009701","NAME":"Census Tract 97.01","STATE":"36","COUNTY":"085"}},{"type":"Feature","geometry":{"type":"Polygon","coordinates":[[[-74.1078,40.64523],[-74.10716,40.6442],[-74.10655,40.64424],[-74.10542,40.6389],[-74.09996,40.64018],[-74.10039,40.64312],[-74.09957,40.64316],[-74.09972,40.64476],[-74.10013,40.64498],[-74.10002,40.64541],[-74.10024,40.64806],[-74.10504,40.64806],[-74.10465,40.6453],[-74.1078,40.64523]]]},"properties":{"GEOID":"36085009702","NAME":"Census Tract 97.02","STATE":"36","COUNTY":"085"}},{"type":"Feature","geometry":{"type":"Polygon","coordinates":[[[-74.11002,40.62069],[-74.1061,40.61897],[-74.10519,40.61828],[-74.10351,40.61641],[-74.10255,40.61685],[-74.09968,40.61965],[-74.0964,40.62233],[-74.09677,40.62326],[-74.09792,40.62433],[-74.09878,40.62562],[-74.09893,40.62616],[-74.09878,40.6266],[-74.0983,40.62702],[-74.0974,40.62838],[-74.09664,40.62888],[-74.09601,40.62989],[-74.09555,40.63026],[-74.09592,40.63172],[-74.09715,40.6319],[-74.09888,40.63145],[-74.10368,40.63081],[-74.103,40.6274],[-74.10506,40.62718],[-74.10426,40.62368],[-74.10445,40.62291],[-74.10682,40.62179],[-74.11002,40.62069]]]},"properties":{"GEOID":"36085005901","NAME":"Census Tract 59.01","STATE":"36","COUNTY":"085"}},{"type":"Feature","geometry":{"type":"Polygon","coordinates":[[[-74.08721,40.61331],[-74.08749,40.61293],[-74.08526,40.61208],[-74.08298,40.61146],[-74.08016,40.61661],[-74.07988,40.61683],[-74.0811,40.61779],[-74.08721,40.61331]]]},"properties":{"GEOID":"36085004003","NAME":"Census Tract 40.03","STATE":"36","COUNTY":"085"}},{"type":"Feature","geometry":{"type":"Polygon","coordinates":[[[-74.08317,40.61043],[-74.0833,40.61028],[-74.08153,40.6093],[-74.08109,40.60959],[-74.08019,40.60919],[-74.0814,40.6078],[-74.08069,40.60739],[-74.07943,40.6091],[-74.07455,40.61694],[-74.07491,40.61739],[-74.07826,40.61559],[-74.07988,40.61683],[-74.08016,40.61661],[-74.08298,40.61146],[-74.08277,40.6114],[-74.08317,40.61043]]]},"properties":{"GEOID":"36085004002","NAME":"Census Tract 40.02","STATE":"36","COUNTY":"085"}},{"type":"Feature","geometry":{"type":"Polygon","coordinates":[[[-73.83301,40.74813],[-73.833,40.74783],[-73.83125,40.74811],[-73.83122,40.74869],[-73.83092,40.74896],[-73.82923,40.74926],[-73.82766,40.74986],[-73.82584,40.74935],[-73.8257,40.751],[-73.82689,40.75249],[-73.82551,40.753],[-73.82714,40.75451],[-73.82987,40.75349],[-73.83014,40.75392],[-73.8326,40.75301],[-73.83218,40.75151],[-73.83301,40.74813]]]},"properties":{"GEOID":"36081079702","NAME":"Census Tract 797.02","STATE":"36","COUNTY":"081"}},{"type":"Feature","geometry":{"type":"Polygon","coordinates":[[[-73.92831,40.72834],[-73.92507,40.72777],[-73.92387,40.72709],[-73.92221,40.72649],[-73.91836,40.72593],[-73.91761,40.73057],[-73.91731,40.73144],[-73.91904,40.73202],[-73.9187,40.7332],[-73.91831,40.73315],[-73.91756,40.73529],[-73.92026,40.73519],[-73.92025,40.73496],[-73.9224,40.73436],[-73.92395,40.73353],[-73.92519,40.73243],[-73.92688,40.72989],[-73.92831,40.72834]]]},"properties":{"GEOID":"36081020500","NAME":"Census Tract 205","STATE":"36","COUNTY":"081"}},{"type":"Feature","geometry":{"type":"Polygon","coordinates":[[[-73.86943,40.74916],[-73.86853,40.74759],[-73.86791,40.74493],[-73.86609,40.74547],[-73.8671,40.74743],[-73.86735,40.74736],[-73.86846,40.74926],[-73.86943,40.74916]]]},"properties":{"GEOID":"36081037501","NAME":"Census Tract 375.01","STATE":"36","COUNTY":"081"}},{"type":"Feature","geometry":{"type":"Polygon","coordinates":[[[-73.86846,40.74926],[-73.86735,40.74736],[-73.8671,40.74743],[-73.86609,40.74547],[-73.86407,40.74607],[-73.8637,40.74691],[-73.8649,40.74655],[-73.86656,40.74946],[-73.86846,40.74926]]]},"properties":{"GEOID":"36081040901","NAME":"Census Tract 409.01","STATE":"36","COUNTY":"081"}},{"type":"Feature","geometry":{"type":"Polygon","coordinates":[[[-73.80913,40.75032],[-73.80288,40.74978],[-73.80274,40.74831],[-73.80335,40.74643],[-73.79826,40.74697],[-73.79741,40.74654],[-73.79507,40.74672],[-73.79468,40.74721],[-73.79472,40.7476],[-73.79658,40.74898],[-73.79877,40.75006],[-73.80302,40.75053],[-73.80393,40.75184],[-73.80445,40.75373],[-73.80768,40.75399],[-73.80798,40.75186],[-73.80891,40.75193],[-73.80913,40.75032]]]},"properties":{"GEOID":"36081120701","NAME":"Census Tract 1207.01","STATE":"36","COUNTY":"081"}},{"type":"Feature","geometry":{"type":"Polygon","coordinates":[[[-73.88092,40.7216],[-73.88131,40.72142],[-73.87646,40.72159],[-73.87416,40.72219],[-73.87359,40.72048],[-73.87917,40.71943],[-73.87794,40.7179],[-73.86987,40.72164],[-73.8728,40.7253],[-73.88092,40.7216]]]},"properties":{"GEOID":"36081066301","NAME":"Census Tract 663.01","STATE":"36","COUNTY":"081"}},{"type":"Feature","geometry":{"type":"Polygon","coordinates":[[[-73.83343,40.77143],[-73.83069,40.76471],[-73.82786,40.76536],[-73.82678,40.76823],[-73.82657,40.77064],[-73.82957,40.77071],[-73.83055,40.77022],[-73.83059,40.77164],[-73.83152,40.77166],[-73.83171,40.77247],[-73.83343,40.77143]]]},"properties":{"GEOID":"36081088902","NAME":"Census Tract 889.02","STATE":"36","COUNTY":"081"}},{"type":"Feature","geometry":{"type":"Polygon","coordinates":[[[-73.83171,40.77247],[-73.83152,40.77166],[-73.83059,40.77164],[-73.83055,40.77022],[-73.82957,40.77071],[-73.82657,40.77064],[-73.82648,40.77312],[-73.82583,40.77592],[-73.82433,40.77674],[-73.82292,40.78054],[-73.82224,40.78169],[-73.82529,40.7817],[-73.82888,40.77543],[-73.83022,40.77376],[-73.83171,40.77247]]]},"properties":{"GEOID":"36081088903","NAME":"Census Tract 889.03","STATE":"36","COUNTY":"081"}},{"type":"Feature","geometry":{"type":"Polygon","coordinates":[[[-73.86445,40.75326],[-73.8654,40.75301],[-73.86399,40.75041],[-73.8631,40.75067],[-73.86273,40.74987],[-73.86175,40.74997],[-73.86358,40.75349],[-73.86445,40.75326]]]},"properties":{"GEOID":"36081040502","NAME":"Census Tract 405.02","STATE":"36","COUNTY":"081"}},{"type":"Feature","geometry":{"type":"Polygon","coordinates":[[[-73.86419,40.74972],[-73.86253,40.74653],[-73.86032,40.7472],[-73.86175,40.74997],[-73.86419,40.74972]]]},"properties":{"GEOID":"36081040501","NAME":"Census Tract 405.01","STATE":"36","COUNTY":"081"}},{"type":"Feature","geometry":{"type":"Polygon","coordinates":[[[-73.86175,40.74997],[-73.86026,40.74707],[-73.85732,40.74792],[-73.85876,40.75072],[-73.86175,40.74997]]]},"properties":{"GEOID":"36081040301","NAME":"Census Tract 403.01","STATE":"36","COUNTY":"081"}},{"type":"Feature","geometry":{"type":"Polygon","coordinates":[[[-73.85583,40.75158],[-73.85442,40.74881],[-73.85086,40.75],[-73.85221,40.75266],[-73.85583,40.75158]]]},"properties":{"GEOID":"36081039901","NAME":"Census Tract 399.01","STATE":"36","COUNTY":"081"}},{"type":"Feature","geometry":{"type":"Polygon","coordinates":[[[-73.85876,40.75072],[-73.85732,40.74792],[-73.85442,40.74881],[-73.85583,40.75158],[-73.85876,40.75072]]]},"properties":{"GEOID":"36081040101","NAME":"Census Tract 401.01","STATE":"36","COUNTY":"081"}},{"type":"Feature","geometry":{"type":"Polygon","coordinates":[[[-73.83368,40.75632],[-73.8331,40.75466],[-73.83075,40.75574],[-73.82996,40.75477],[-73.82828,40.75539],[-73.82947,40.75819],[-73.83368,40.75632]]]},"properties":{"GEOID":"36081084902","NAME":"Census Tract 849.02","STATE":"36","COUNTY":"081"}},{"type":"Feature","geometry":{"type":"Polygon","coordinates":[[[-73.88553,40.71917],[-73.88423,40.71752],[-73.88103,40.71901],[-73.87359,40.72048],[-73.87416,40.72219],[-73.87646,40.72159],[-73.88289,40.72132],[-73.88483,40.72082],[-73.88516,40.72048],[-73.88553,40.71917]]]},"properties":{"GEOID":"36081066302","NAME":"Census Tract 663.02","STATE":"36","COUNTY":"081"}},{"type":"Feature","geometry":{"type":"Polygon","coordinates":[[[-73.81069,40.73368],[-73.81077,40.73233],[-73.80406,40.73164],[-73.80385,40.7349],[-73.80294,40.73486],[-73.80273,40.73808],[-73.80466,40.73811],[-73.80467,40.73845],[-73.80941,40.7386],[-73.80942,40.7383],[-73.81039,40.73833],[-73.81069,40.73368]]]},"properties":{"GEOID":"36081122703","NAME":"Census Tract 1227.03","STATE":"36","COUNTY":"081"}},{"type":"Feature","geometry":{"type":"Polygon","coordinates":[[[-73.8109,40.73031],[-73.81112,40.72783],[-73.80322,40.72871],[-73.80316,40.7316],[-73.80796,40.73193],[-73.81077,40.73233],[-73.8109,40.73031]]]},"properties":{"GEOID":"36081122704","NAME":"Census Tract 1227.04","STATE":"36","COUNTY":"081"}},{"type":"Feature","geometry":{"type":"Polygon","coordinates":[[[-73.82154,40.70373],[-73.82246,40.70366],[-73.81754,40.70266],[-73.81736,40.70286],[-73.81686,40.70244],[-73.81648,40.70245],[-73.81831,40.70616],[-73.81871,40.70603],[-73.81912,40.70667],[-73.81926,40.70662],[-73.81915,40.70611],[-73.81931,40.70587],[-73.82031,40.70556],[-73.82059,40.70596],[-73.82095,40.70606],[-73.82226,40.70546],[-73.82074,40.70419],[-73.81938,40.70387],[-73.82154,40.70373]]]},"properties":{"GEOID":"36081021602","NAME":"Census Tract 216.02","STATE":"36","COUNTY":"081"}},{"type":"Feature","geometry":{"type":"Polygon","coordinates":[[[-73.87936,40.74703],[-73.87982,40.74644],[-73.8779,40.74559],[-73.87625,40.74844],[-73.87841,40.74822],[-73.87936,40.74703]]]},"properties":{"GEOID":"36081027102","NAME":"Census Tract 271.02","STATE":"36","COUNTY":"081"}},{"type":"Feature","geometry":{"type":"Polygon","coordinates":[[[-73.87754,40.74622],[-73.8779,40.74559],[-73.87628,40.74487],[-73.8733,40.74876],[-73.87625,40.74844],[-73.87754,40.74622]]]},"properties":{"GEOID":"36081046902","NAME":"Census Tract 469.02","STATE":"36","COUNTY":"081"}},{"type":"Feature","geometry":{"type":"Polygon","coordinates":[[[-73.88034,40.74253],[-73.881,40.74184],[-73.88028,40.7413],[-73.87886,40.74175],[-73.87628,40.74487],[-73.8779,40.74559],[-73.88034,40.74253]]]},"properties":{"GEOID":"36081046901","NAME":"Census Tract 469.01","STATE":"36","COUNTY":"081"}},{"type":"Feature","geometry":{"type":"Polygon","coordinates":[[[-73.82603,40.75743],[-73.82709,40.75714],[-73.82578,40.75635],[-73.82398,40.75487],[-73.81923,40.75795],[-73.82064,40.75887],[-73.82603,40.75743]]]},"properties":{"GEOID":"36081085700","NAME":"Census Tract 857","STATE":"36","COUNTY":"081"}},{"type":"Feature","geometry":{"type":"Polygon","coordinates":[[[-73.88097,40.70637],[-73.88123,40.70637],[-73.88088,40.70619],[-73.87917,40.70208],[-73.87543,40.70237],[-73.87722,40.70669],[-73.88097,40.70637]]]},"properties":{"GEOID":"36081062300","NAME":"Census Tract 623","STATE":"36","COUNTY":"081"}},{"type":"Feature","geometry":{"type":"Polygon","coordinates":[[[-73.87436,40.74016],[-73.87357,40.73812],[-73.86704,40.73957],[-73.86756,40.74094],[-73.86756,40.74168],[-73.87436,40.74016]]]},"properties":{"GEOID":"36081045900","NAME":"Census Tract 459","STATE":"36","COUNTY":"081"}},{"type":"Feature","geometry":{"type":"Polygon","coordinates":[[[-73.85879,40.68063],[-73.8582,40.67943],[-73.85392,40.67969],[-73.85099,40.68057],[-73.85198,40.68256],[-73.85879,40.68063]]]},"properties":{"GEOID":"36081005200","NAME":"Census Tract 52","STATE":"36","COUNTY":"081"}},{"type":"Feature","geometry":{"type":"Polygon","coordinates":[[[-73.85877,40.73578],[-73.85705,40.73251],[-73.8547,40.73283],[-73.85252,40.73362],[-73.85418,40.73695],[-73.85877,40.73578]]]},"properties":{"GEOID":"36081071900","NAME":"Census Tract 719","STATE":"36","COUNTY":"081"}},{"type":"Feature","geometry":{"type":"Polygon","coordinates":[[[-73.91094,40.76885],[-73.91168,40.76796],[-73.90451,40.76459],[-73.90203,40.76742],[-73.90414,40.76752],[-73.90577,40.76803],[-73.91094,40.76885]]]},"properties":{"GEOID":"36081014100","NAME":"Census Tract 141","STATE":"36","COUNTY":"081"}},{"type":"Feature","geometry":{"type":"Polygon","coordinates":[[[-73.85833,40.69674],[-73.85732,40.69262],[-73.85468,40.69283],[-73.85217,40.69366],[-73.85283,40.69614],[-73.85266,40.69757],[-73.85833,40.69674]]]},"properties":{"GEOID":"36081001400","NAME":"Census Tract 14","STATE":"36","COUNTY":"081"}},{"type":"Feature","geometry":{"type":"Polygon","coordinates":[[[-73.922,40.77796],[-73.92265,40.77742],[-73.91708,40.77347],[-73.91455,40.77555],[-73.92013,40.77949],[-73.922,40.77796]]]},"properties":{"GEOID":"36081009700","NAME":"Census Tract 97","STATE":"36","COUNTY":"081"}},{"type":"Feature","geometry":{"type":"Polygon","coordinates":[[[-73.82467,40.77041],[-73.82373,40.76583],[-73.81739,40.76657],[-73.81729,40.77148],[-73.82467,40.77041]]]},"properties":{"GEOID":"36081115900","NAME":"Census Tract 1159","STATE":"36","COUNTY":"081"}},{"type":"Feature","geometry":{"type":"Polygon","coordinates":[[[-74.06516,40.6042],[-74.06513,40.60386],[-74.06476,40.60366],[-74.06377,40.60213],[-74.06181,40.60115],[-74.06094,40.59986],[-74.06376,40.59894],[-74.05969,40.59408],[-74.05487,40.58878],[-74.04374,40.60669],[-74.04751,40.61232],[-74.05675,40.6081],[-74.05779,40.60745],[-74.06516,40.6042]]]},"properties":{"GEOID":"36085001800","NAME":"Census Tract 18","STATE":"36","COUNTY":"085"}},{"type":"Feature","geometry":{"type":"Polygon","coordinates":[[[-73.97356,40.69326],[-73.97385,40.69329],[-73.97313,40.68962],[-73.9691,40.68947],[-73.96983,40.69314],[-73.97356,40.69326]]]},"properties":{"GEOID":"36047018300","NAME":"Census Tract 183","STATE":"36","COUNTY":"047"}},{"type":"Feature","geometry":{"type":"Polygon","coordinates":[[[-73.97644,40.69637],[-73.97585,40.69336],[-73.97187,40.69321],[-73.97247,40.69621],[-73.97644,40.69637]]]},"properties":{"GEOID":"36047018501","NAME":"Census Tract 185.01","STATE":"36","COUNTY":"047"}},{"type":"Feature","geometry":{"type":"Polygon","coordinates":[[[-74.0076,40.6167],[-74.00818,40.61613],[-74.00378,40.61348],[-74.00203,40.61515],[-74.00643,40.61781],[-74.0076,40.6167]]]},"properties":{"GEOID":"36047018600","NAME":"Census Tract 186","STATE":"36","COUNTY":"047"}},{"type":"Feature","geometry":{"type":"Polygon","coordinates":[[[-73.97247,40.69621],[-73.97187,40.69321],[-73.96881,40.69312],[-73.9694,40.69609],[-73.97247,40.69621]]]},"properties":{"GEOID":"36047018700","NAME":"Census Tract 187","STATE":"36","COUNTY":"047"}},{"type":"Feature","geometry":{"type":"Polygon","coordinates":[[[-74.00344,40.6207],[-74.00402,40.62014],[-73.99949,40.61741],[-73.99771,40.62368],[-73.99932,40.62466],[-74.00344,40.6207]]]},"properties":{"GEOID":"36047019000","NAME":"Census Tract 190","STATE":"36","COUNTY":"047"}},{"type":"Feature","geometry":{"type":"Polygon","coordinates":[[[-73.9694,40.69609],[-73.96881,40.69312],[-73.96016,40.69412],[-73.96105,40.69833],[-73.96284,40.69804],[-73.96352,40.69673],[-73.96455,40.69611],[-73.96516,40.69597],[-73.9694,40.69609]]]},"properties":{"GEOID":"36047019100","NAME":"Census Tract 191","STATE":"36","COUNTY":"047"}},{"type":"Feature","geometry":{"type":"Polygon","coordinates":[[[-74.00223,40.62875],[-74.00251,40.62847],[-73.99724,40.62529],[-73.99612,40.62923],[-73.99956,40.63131],[-74.00223,40.62875]]]},"properties":{"GEOID":"36047019200","NAME":"Census Tract 192","STATE":"36","COUNTY":"047"}},{"type":"Feature","geometry":{"type":"Polygon","coordinates":[[[-74.00726,40.62392],[-74.00784,40.62335],[-74.00344,40.6207],[-74.00053,40.62349],[-74.00493,40.62615],[-74.00726,40.62392]]]},"properties":{"GEOID":"36047019600","NAME":"Census Tract 196","STATE":"36","COUNTY":"047"}},{"type":"Feature","geometry":{"type":"Polygon","coordinates":[[[-73.97013,40.68951],[-73.96949,40.68629],[-73.96255,40.68709],[-73.96284,40.68855],[-73.96481,40.68833],[-73.96519,40.68978],[-73.96808,40.68945],[-73.97013,40.68951]]]},"properties":{"GEOID":"36047019700","NAME":"Census Tract 197","STATE":"36","COUNTY":"047"}},{"type":"Feature","geometry":{"type":"Polygon","coordinates":[[[-74.00922,40.61858],[-74.0098,40.61802],[-74.0076,40.6167],[-74.00344,40.6207],[-74.00564,40.62202],[-74.00922,40.61858]]]},"properties":{"GEOID":"36047019800","NAME":"Census Tract 198","STATE":"36","COUNTY":"047"}},{"type":"Feature","geometry":{"type":"Polygon","coordinates":[[[-73.96949,40.68629],[-73.96866,40.682],[-73.96445,40.68113],[-73.96553,40.68674],[-73.96949,40.68629]]]},"properties":{"GEOID":"36047019900","NAME":"Census Tract 199","STATE":"36","COUNTY":"047"}},{"type":"Feature","geometry":{"type":"Polygon","coordinates":[[[-74.01142,40.61991],[-74.012,40.61935],[-74.0098,40.61802],[-74.00564,40.62202],[-74.00784,40.62335],[-74.01142,40.61991]]]},"properties":{"GEOID":"36047020000","NAME":"Census Tract 200","STATE":"36","COUNTY":"047"}},{"type":"Feature","geometry":{"type":"Polygon","coordinates":[[[-73.96795,40.68019],[-73.96823,40.67942],[-73.96223,40.67817],[-73.96131,40.68046],[-73.96748,40.68175],[-73.96795,40.68019]]]},"properties":{"GEOID":"36047020300","NAME":"Census Tract 203","STATE":"36","COUNTY":"047"}},{"type":"Feature","geometry":{"type":"Polygon","coordinates":[[[-74.01582,40.62257],[-74.01641,40.62201],[-74.0142,40.62068],[-74.01004,40.62469],[-74.01225,40.62602],[-74.01582,40.62257]]]},"properties":{"GEOID":"36047020400","NAME":"Census Tract 204","STATE":"36","COUNTY":"047"}},{"type":"Feature","geometry":{"type":"Polygon","coordinates":[[[-74.01889,40.62424],[-74.01908,40.62362],[-74.01641,40.62201],[-74.01167,40.62657],[-74.01357,40.62773],[-74.01889,40.62424]]]},"properties":{"GEOID":"36047020600","NAME":"Census Tract 206","STATE":"36","COUNTY":"047"}},{"type":"Feature","geometry":{"type":"Polygon","coordinates":[[[-73.91609,40.82484],[-73.91677,40.82439],[-73.91588,40.8241],[-73.91622,40.82347],[-73.91174,40.82211],[-73.90985,40.82255],[-73.90842,40.82218],[-73.90774,40.82382],[-73.91317,40.82546],[-73.91351,40.8248],[-73.91475,40.8252],[-73.91545,40.82575],[-73.91661,40.82499],[-73.91609,40.82484]]]},"properties":{"GEOID":"36005014100","NAME":"Census Tract 141","STATE":"36","COUNTY":"005"}},{"type":"Feature","geometry":{"type":"Polygon","coordinates":[[[-73.92578,40.83923],[-73.92619,40.83851],[-73.92222,40.83799],[-73.92164,40.83889],[-73.9213,40.83995],[-73.9228,40.84278],[-73.92282,40.84426],[-73.92354,40.84446],[-73.92382,40.84289],[-73.92501,40.84124],[-73.92527,40.84018],[-73.92578,40.83923]]]},"properties":{"GEOID":"36005021100","NAME":"Census Tract 211","STATE":"36","COUNTY":"005"}},{"type":"Feature","geometry":{"type":"Polygon","coordinates":[[[-73.87151,40.82472],[-73.8705,40.82036],[-73.86575,40.82101],[-73.86984,40.82492],[-73.87151,40.82472]]]},"properties":{"GEOID":"36005004600","NAME":"Census Tract 46","STATE":"36","COUNTY":"005"}},{"type":"Feature","geometry":{"type":"Polygon","coordinates":[[[-73.92547,40.82147],[-73.92575,40.82118],[-73.92464,40.82102],[-73.92227,40.82497],[-73.92115,40.8264],[-73.92267,40.82685],[-73.92547,40.82147]]]},"properties":{"GEOID":"36005005902","NAME":"Census Tract 59.02","STATE":"36","COUNTY":"005"}},{"type":"Feature","geometry":{"type":"Polygon","coordinates":[[[-73.91408,40.84528],[-73.9142,40.84511],[-73.91114,40.84506],[-73.90749,40.8478],[-73.91168,40.84864],[-73.91408,40.84528]]]},"properties":{"GEOID":"36005022701","NAME":"Census Tract 227.01","STATE":"36","COUNTY":"005"}},{"type":"Feature","geometry":{"type":"Polygon","coordinates":[[[-73.92584,40.82796],[-73.92593,40.82781],[-73.92267,40.82685],[-73.92046,40.83092],[-73.91903,40.83309],[-73.92222,40.83416],[-73.92584,40.82796]]]},"properties":{"GEOID":"36005019500","NAME":"Census Tract 195","STATE":"36","COUNTY":"005"}},{"type":"Feature","geometry":{"type":"Polygon","coordinates":[[[-73.88222,40.83546],[-73.87925,40.83442],[-73.87841,40.83529],[-73.87694,40.83614],[-73.87394,40.83598],[-73.87284,40.83976],[-73.88016,40.84],[-73.88051,40.83924],[-73.88155,40.83821],[-73.88201,40.83746],[-73.88217,40.83709],[-73.88207,40.83623],[-73.88222,40.83546]]]},"properties":{"GEOID":"36005006000","NAME":"Census Tract 60","STATE":"36","COUNTY":"005"}},{"type":"Feature","geometry":{"type":"Polygon","coordinates":[[[-73.91112,40.84942],[-73.91168,40.84864],[-73.90749,40.8478],[-73.906,40.84939],[-73.90699,40.85037],[-73.90921,40.8518],[-73.91112,40.84942]]]},"properties":{"GEOID":"36005023301","NAME":"Census Tract 233.01","STATE":"36","COUNTY":"005"}},{"type":"Feature","geometry":{"type":"Polygon","coordinates":[[[-73.86067,40.82842],[-73.8597,40.82628],[-73.85615,40.82677],[-73.85699,40.83038],[-73.86026,40.82995],[-73.85962,40.82855],[-73.86067,40.82842]]]},"properties":{"GEOID":"36005004001","NAME":"Census Tract 40.01","STATE":"36","COUNTY":"005"}},{"type":"Feature","geometry":{"type":"Polygon","coordinates":[[[-73.9202,40.82218],[-73.92034,40.8221],[-73.91742,40.82128],[-73.91771,40.82065],[-73.91352,40.81954],[-73.91174,40.82211],[-73.91622,40.82347],[-73.91588,40.8241],[-73.91677,40.82439],[-73.9202,40.82218]]]},"properties":{"GEOID":"36005006900","NAME":"Census Tract 69","STATE":"36","COUNTY":"005"}},{"type":"Feature","geometry":{"type":"Polygon","coordinates":[[[-73.90821,40.80715],[-73.90844,40.80648],[-73.90635,40.8075],[-73.90307,40.80988],[-73.90342,40.81151],[-73.90447,40.81228],[-73.90633,40.81267],[-73.90821,40.80715]]]},"properties":{"GEOID":"36005003100","NAME":"Census Tract 31","STATE":"36","COUNTY":"005"}},{"type":"Feature","geometry":{"type":"Polygon","coordinates":[[[-73.98023,40.66105],[-73.97999,40.66075],[-73.97958,40.66085],[-73.97448,40.65834],[-73.97404,40.65735],[-73.97234,40.65138],[-73.97261,40.65121],[-73.97262,40.65083],[-73.97208,40.65063],[-73.9714,40.64826],[-73.96465,40.65089],[-73.96621,40.65319],[-73.9619,40.65487],[-73.96307,40.66217],[-73.96243,40.66312],[-73.96096,40.66328],[-73.96262,40.67163],[-73.9663,40.67268],[-73.96791,40.67294],[-73.96892,40.67294],[-73.96935,40.67267],[-73.97041,40.67262],[-73.97182,40.67063],[-73.97935,40.66159],[-73.97965,40.66124],[-73.97998,40.66126],[-73.98023,40.66105]]]},"properties":{"GEOID":"36047017700","NAME":"Census Tract 177","STATE":"36","COUNTY":"047"}},{"type":"Feature","geometry":{"type":"Polygon","coordinates":[[[-74.00837,40.60522],[-74.00617,40.60389],[-74.00264,40.60726],[-74.00093,40.60864],[-74.00343,40.60997],[-74.00837,40.60522]]]},"properties":{"GEOID":"36047017800","NAME":"Census Tract 178","STATE":"36","COUNTY":"047"}},{"type":"Feature","geometry":{"type":"Polygon","coordinates":[[[-73.97428,40.68551],[-73.97378,40.68306],[-73.96866,40.682],[-73.96949,40.68629],[-73.9724,40.68595],[-73.97428,40.68551]]]},"properties":{"GEOID":"36047017900","NAME":"Census Tract 179","STATE":"36","COUNTY":"047"}},{"type":"Feature","geometry":{"type":"Polygon","coordinates":[[[-74.01069,40.60683],[-74.01082,40.6067],[-74.00837,40.60522],[-74.00343,40.60997],[-74.00601,40.61133],[-74.01069,40.60683]]]},"properties":{"GEOID":"36047018000","NAME":"Census Tract 180","STATE":"36","COUNTY":"047"}},{"type":"Feature","geometry":{"type":"Polygon","coordinates":[[[-74.00552,40.6118],[-74.00601,40.61133],[-74.00266,40.60957],[-74.00135,40.6109],[-74.00019,40.61495],[-74.00145,40.61571],[-74.00552,40.6118]]]},"properties":{"GEOID":"36047018200","NAME":"Census Tract 182","STATE":"36","COUNTY":"047"}},{"type":"Feature","geometry":{"type":"Polygon","coordinates":[[[-73.88235,40.8315],[-73.8807,40.83105],[-73.87607,40.83164],[-73.87659,40.83388],[-73.87743,40.83376],[-73.87998,40.83468],[-73.88235,40.8315]]]},"properties":{"GEOID":"36005005600","NAME":"Census Tract 56","STATE":"36","COUNTY":"005"}},{"type":"Feature","geometry":{"type":"Polygon","coordinates":[[[-73.91049,40.83074],[-73.90553,40.8291],[-73.90344,40.83222],[-73.90869,40.83394],[-73.91049,40.83074]]]},"properties":{"GEOID":"36005014500","NAME":"Census Tract 145","STATE":"36","COUNTY":"005"}},{"type":"Feature","geometry":{"type":"Polygon","coordinates":[[[-73.96969,40.67536],[-73.96917,40.67496],[-73.96884,40.67439],[-73.96873,40.67393],[-73.96892,40.67294],[-73.96749,40.67288],[-73.96694,40.67442],[-73.96295,40.67359],[-73.96333,40.67556],[-73.96918,40.67679],[-73.96969,40.67536]]]},"properties":{"GEOID":"36047020700","NAME":"Census Tract 207","STATE":"36","COUNTY":"047"}},{"type":"Feature","geometry":{"type":"Polygon","coordinates":[[[-73.87187,40.66676],[-73.86407,40.65627],[-73.8633,40.65571],[-73.86076,40.65484],[-73.86317,40.65828],[-73.86036,40.65965],[-73.85761,40.66012],[-73.85843,40.66345],[-73.85569,40.66387],[-73.85728,40.67031],[-73.86284,40.66952],[-73.86204,40.66625],[-73.86752,40.66547],[-73.86833,40.66873],[-73.86939,40.66851],[-73.87187,40.66676]]]},"properties":{"GEOID":"36047122000","NAME":"Census Tract 1220","STATE":"36","COUNTY":"047"}},{"type":"Feature","geometry":{"type":"Polygon","coordinates":[[[-74.02424,40.63286],[-74.02452,40.63217],[-74.01955,40.62986],[-74.01824,40.63303],[-74.02324,40.63532],[-74.02424,40.63286]]]},"properties":{"GEOID":"36047013000","NAME":"Census Tract 130","STATE":"36","COUNTY":"047"}},{"type":"Feature","geometry":{"type":"Polygon","coordinates":[[[-74.01702,40.60766],[-74.01469,40.60642],[-74.0083,40.61257],[-74.0105,40.6139],[-74.01702,40.60766]]]},"properties":{"GEOID":"36047017000","NAME":"Census Tract 170","STATE":"36","COUNTY":"047"}},{"type":"Feature","geometry":{"type":"Polygon","coordinates":[[[-73.96553,40.68674],[-73.96445,40.68113],[-73.96131,40.68046],[-73.96255,40.68709],[-73.96553,40.68674]]]},"properties":{"GEOID":"36047020100","NAME":"Census Tract 201","STATE":"36","COUNTY":"047"}},{"type":"Feature","geometry":{"type":"Polygon","coordinates":[[[-73.99623,40.63933],[-73.99694,40.63885],[-73.99154,40.63558],[-73.98921,40.63782],[-73.99408,40.64077],[-73.99623,40.63933]]]},"properties":{"GEOID":"36047022200","NAME":"Census Tract 222","STATE":"36","COUNTY":"047"}},{"type":"Feature","geometry":{"type":"Polygon","coordinates":[[[-73.86833,40.66873],[-73.86752,40.66547],[-73.86204,40.66625],[-73.86284,40.66952],[-73.86833,40.66873]]]},"properties":{"GEOID":"36047121400","NAME":"Census Tract 1214","STATE":"36","COUNTY":"047"}},{"type":"Feature","geometry":{"type":"Polygon","coordinates":[[[-73.99562,40.63167],[-73.98901,40.62768],[-73.98726,40.62935],[-73.99387,40.63335],[-73.99562,40.63167]]]},"properties":{"GEOID":"36047023800","NAME":"Census Tract 238","STATE":"36","COUNTY":"047"}},{"type":"Feature","geometry":{"type":"Polygon","coordinates":[[[-73.95544,40.67996],[-73.95531,40.67927],[-73.953,40.67881],[-73.94414,40.67824],[-73.94397,40.68009],[-73.95337,40.68064],[-73.95328,40.6802],[-73.95544,40.67996]]]},"properties":{"GEOID":"36047024700","NAME":"Census Tract 247","STATE":"36","COUNTY":"047"}},{"type":"Feature","geometry":{"type":"Polygon","coordinates":[[[-73.94077,40.6821],[-73.94033,40.67989],[-73.93435,40.67956],[-73.93501,40.68276],[-73.94077,40.6821]]]},"properties":{"GEOID":"36047027300","NAME":"Census Tract 273","STATE":"36","COUNTY":"047"}},{"type":"Feature","geometry":{"type":"Polygon","coordinates":[[[-74.01178,40.59731],[-74.01021,40.59648],[-74.00263,40.60385],[-74.00493,40.60508],[-74.00746,40.60264],[-74.00678,40.60229],[-74.01178,40.59731]]]},"properties":{"GEOID":"36047028000","NAME":"Census Tract 280","STATE":"36","COUNTY":"047"}},{"type":"Feature","geometry":{"type":"Polygon","coordinates":[[[-73.93078,40.67236],[-73.93087,40.67147],[-73.92533,40.67117],[-73.92508,40.67384],[-73.93061,40.67415],[-73.93078,40.67236]]]},"properties":{"GEOID":"36047034700","NAME":"Census Tract 347","STATE":"36","COUNTY":"047"}},{"type":"Feature","geometry":{"type":"Polygon","coordinates":[[[-73.97783,40.60359],[-73.97693,40.59887],[-73.97291,40.59932],[-73.97257,40.60179],[-73.97554,40.60147],[-73.97597,40.6038],[-73.97783,40.60359]]]},"properties":{"GEOID":"36047041000","NAME":"Census Tract 410","STATE":"36","COUNTY":"047"}},{"type":"Feature","geometry":{"type":"Polygon","coordinates":[[[-73.98042,40.64239],[-73.97911,40.63544],[-73.97596,40.63578],[-73.97641,40.63817],[-73.97734,40.63807],[-73.97833,40.64327],[-73.98042,40.64239]]]},"properties":{"GEOID":"36047048600","NAME":"Census Tract 486","STATE":"36","COUNTY":"047"}},{"type":"Feature","geometry":{"type":"Polygon","coordinates":[[[-73.96257,40.70853],[-73.96274,40.70769],[-73.95846,40.70725],[-73.95839,40.70768],[-73.95662,40.71038],[-73.96038,40.71],[-73.96203,40.71036],[-73.96229,40.70992],[-73.96257,40.70853]]]},"properties":{"GEOID":"36047052500","NAME":"Census Tract 525","STATE":"36","COUNTY":"047"}},{"type":"Feature","geometry":{"type":"Polygon","coordinates":[[[-74.0811,40.61779],[-74.07826,40.61559],[-74.07491,40.61739],[-74.07455,40.61694],[-74.07131,40.61964],[-74.07095,40.62043],[-74.07254,40.62246],[-74.08,40.61855],[-74.0811,40.61779]]]},"properties":{"GEOID":"36085004001","NAME":"Census Tract 40.01","STATE":"36","COUNTY":"085"}},{"type":"Feature","geometry":{"type":"Polygon","coordinates":[[[-74.09893,40.62616],[-74.09878,40.62562],[-74.09792,40.62433],[-74.09677,40.62326],[-74.0964,40.62233],[-74.09224,40.62574],[-74.0889,40.63029],[-74.09592,40.63172],[-74.09555,40.63026],[-74.09601,40.62989],[-74.09664,40.62888],[-74.0974,40.62838],[-74.0983,40.62702],[-74.09878,40.6266],[-74.09893,40.62616]]]},"properties":{"GEOID":"36085005902","NAME":"Census Tract 59.02","STATE":"36","COUNTY":"085"}},{"type":"Feature","geometry":{"type":"Polygon","coordinates":[[[-73.96616,40.63198],[-73.96668,40.63192],[-73.96607,40.62955],[-73.96041,40.63017],[-73.95996,40.62778],[-73.95899,40.62789],[-73.9599,40.63267],[-73.96616,40.63198]]]},"properties":{"GEOID":"36047052800","NAME":"Census Tract 528","STATE":"36","COUNTY":"047"}},{"type":"Feature","geometry":{"type":"Polygon","coordinates":[[[-73.95911,40.61811],[-73.95866,40.61572],[-73.95459,40.61617],[-73.95549,40.62095],[-73.9586,40.62061],[-73.95815,40.61822],[-73.95911,40.61811]]]},"properties":{"GEOID":"36047053800","NAME":"Census Tract 538","STATE":"36","COUNTY":"047"}},{"type":"Feature","geometry":{"type":"Polygon","coordinates":[[[-73.96336,40.6152],[-73.96238,40.60999],[-73.95859,40.6104],[-73.95958,40.61562],[-73.96336,40.6152]]]},"properties":{"GEOID":"36047054200","NAME":"Census Tract 542","STATE":"36","COUNTY":"047"}},{"type":"Feature","geometry":{"type":"Polygon","coordinates":[[[-73.94104,40.72784],[-73.94022,40.72289],[-73.93676,40.72484],[-73.93412,40.72686],[-73.93819,40.7281],[-73.94104,40.72784]]]},"properties":{"GEOID":"36047059300","NAME":"Census Tract 593","STATE":"36","COUNTY":"047"}},{"type":"Feature","geometry":{"type":"Polygon","coordinates":[[[-73.94315,40.61743],[-73.94275,40.61663],[-73.93897,40.61324],[-73.93606,40.61512],[-73.93972,40.61841],[-73.94079,40.6177],[-73.94315,40.61743]]]},"properties":{"GEOID":"36047064600","NAME":"Census Tract 646","STATE":"36","COUNTY":"047"}},{"type":"Feature","geometry":{"type":"Polygon","coordinates":[[[-73.95489,40.62834],[-73.95398,40.62355],[-73.9502,40.62397],[-73.95111,40.62875],[-73.95489,40.62834]]]},"properties":{"GEOID":"36047075200","NAME":"Census Tract 752","STATE":"36","COUNTY":"047"}},{"type":"Feature","geometry":{"type":"Polygon","coordinates":[[[-73.95007,40.65542],[-73.94957,40.65081],[-73.94571,40.65101],[-73.94607,40.65441],[-73.94703,40.65434],[-73.94716,40.65559],[-73.95007,40.65542]]]},"properties":{"GEOID":"36047081800","NAME":"Census Tract 818","STATE":"36","COUNTY":"047"}},{"type":"Feature","geometry":{"type":"Polygon","coordinates":[[[-73.89249,40.63768],[-73.89338,40.63711],[-73.8897,40.6338],[-73.88665,40.63578],[-73.89033,40.63908],[-73.89249,40.63768]]]},"properties":{"GEOID":"36047102200","NAME":"Census Tract 1022","STATE":"36","COUNTY":"047"}},{"type":"Feature","geometry":{"type":"Polygon","coordinates":[[[-73.90198,40.66967],[-73.90085,40.66535],[-73.89723,40.66588],[-73.89834,40.67021],[-73.90198,40.66967]]]},"properties":{"GEOID":"36047113400","NAME":"Census Tract 1134","STATE":"36","COUNTY":"047"}},{"type":"Feature","geometry":{"type":"Polygon","coordinates":[[[-73.89456,40.67077],[-73.89345,40.66645],[-73.88977,40.66699],[-73.89088,40.67132],[-73.89456,40.67077]]]},"properties":{"GEOID":"36047115800","NAME":"Census Tract 1158","STATE":"36","COUNTY":"047"}},{"type":"Feature","geometry":{"type":"Polygon","coordinates":[[[-73.88485,40.67613],[-73.88389,40.67236],[-73.87957,40.67299],[-73.8805,40.67677],[-73.88485,40.67613]]]},"properties":{"GEOID":"36047116600","NAME":"Census Tract 1166","STATE":"36","COUNTY":"047"}},{"type":"Feature","geometry":{"type":"Polygon","coordinates":[[[-74.01286,40.62821],[-74.01357,40.62773],[-74.01167,40.62657],[-74.01225,40.62602],[-74.00784,40.62335],[-74.0061,40.62503],[-74.01214,40.62868],[-74.01286,40.62821]]]},"properties":{"GEOID":"36047020800","NAME":"Census Tract 208","STATE":"36","COUNTY":"047"}},{"type":"Feature","geometry":{"type":"Polygon","coordinates":[[[-74.01214,40.62868],[-74.0061,40.62503],[-74.00435,40.62671],[-74.01,40.63011],[-74.01214,40.62868]]]},"properties":{"GEOID":"36047021000","NAME":"Census Tract 210","STATE":"36","COUNTY":"047"}},{"type":"Feature","geometry":{"type":"Polygon","coordinates":[[[-74.0067,40.63232],[-74.00702,40.63211],[-74.00193,40.62903],[-73.99956,40.63131],[-74.00411,40.63406],[-74.0067,40.63232]]]},"properties":{"GEOID":"36047021400","NAME":"Census Tract 214","STATE":"36","COUNTY":"047"}},{"type":"Feature","geometry":{"type":"Polygon","coordinates":[[[-74.00124,40.63598],[-74.00196,40.6355],[-73.99562,40.63167],[-73.99387,40.63335],[-73.99981,40.63694],[-74.00124,40.63598]]]},"properties":{"GEOID":"36047021800","NAME":"Census Tract 218","STATE":"36","COUNTY":"047"}},{"type":"Feature","geometry":{"type":"Polygon","coordinates":[[[-73.9579,40.67087],[-73.95797,40.67066],[-73.95527,40.67012],[-73.95327,40.67001],[-73.95294,40.67357],[-73.9567,40.67417],[-73.9579,40.67087]]]},"properties":{"GEOID":"36047021900","NAME":"Census Tract 219","STATE":"36","COUNTY":"047"}},{"type":"Feature","geometry":{"type":"Polygon","coordinates":[[[-73.9091,40.863],[-73.90904,40.86268],[-73.90821,40.86283],[-73.90332,40.86273],[-73.90194,40.86455],[-73.90332,40.86531],[-73.90114,40.86828],[-73.90236,40.8687],[-73.90456,40.8657],[-73.90607,40.86517],[-73.90754,40.86356],[-73.90838,40.8634],[-73.9091,40.863]]]},"properties":{"GEOID":"36005026300","NAME":"Census Tract 263","STATE":"36","COUNTY":"005"}},{"type":"Feature","geometry":{"type":"Polygon","coordinates":[[[-73.85514,40.82244],[-73.85362,40.81609],[-73.8506,40.8165],[-73.85208,40.82285],[-73.85514,40.82244]]]},"properties":{"GEOID":"36005007400","NAME":"Census Tract 74","STATE":"36","COUNTY":"005"}},{"type":"Feature","geometry":{"type":"Polygon","coordinates":[[[-73.90946,40.84378],[-73.90955,40.84305],[-73.90863,40.84301],[-73.90866,40.84272],[-73.905,40.84254],[-73.90485,40.84473],[-73.90936,40.84501],[-73.90946,40.84378]]]},"properties":{"GEOID":"36005022902","NAME":"Census Tract 229.02","STATE":"36","COUNTY":"005"}},{"type":"Feature","geometry":{"type":"Polygon","coordinates":[[[-73.90573,40.82334],[-73.90646,40.82172],[-73.90129,40.82048],[-73.90061,40.82211],[-73.90199,40.82244],[-73.90118,40.82439],[-73.90492,40.82529],[-73.90573,40.82334]]]},"properties":{"GEOID":"36005013300","NAME":"Census Tract 133","STATE":"36","COUNTY":"005"}},{"type":"Feature","geometry":{"type":"Polygon","coordinates":[[[-73.90959,40.84275],[-73.90891,40.83838],[-73.90946,40.83706],[-73.90798,40.83718],[-73.90679,40.83825],[-73.90561,40.83984],[-73.90516,40.84087],[-73.905,40.84254],[-73.90866,40.84272],[-73.90863,40.84301],[-73.90955,40.84305],[-73.90959,40.84275]]]},"properties":{"GEOID":"36005017100","NAME":"Census Tract 171","STATE":"36","COUNTY":"005"}},{"type":"Feature","geometry":{"type":"Polygon","coordinates":[[[-73.90418,40.81309],[-73.90447,40.81228],[-73.90342,40.81151],[-73.90307,40.80988],[-73.89845,40.81318],[-73.89934,40.81349],[-73.90092,40.81672],[-73.90072,40.81676],[-73.90258,40.81737],[-73.90418,40.81309]]]},"properties":{"GEOID":"36005008300","NAME":"Census Tract 83","STATE":"36","COUNTY":"005"}},{"type":"Feature","geometry":{"type":"Polygon","coordinates":[[[-73.90699,40.85037],[-73.906,40.84939],[-73.90186,40.85459],[-73.90299,40.85477],[-73.90699,40.85037]]]},"properties":{"GEOID":"36005023501","NAME":"Census Tract 235.01","STATE":"36","COUNTY":"005"}},{"type":"Feature","geometry":{"type":"Polygon","coordinates":[[[-73.88832,40.84518],[-73.88902,40.84437],[-73.88566,40.84271],[-73.88519,40.84519],[-73.88345,40.84715],[-73.88311,40.84827],[-73.88378,40.84868],[-73.88723,40.84464],[-73.88832,40.84518]]]},"properties":{"GEOID":"36005036501","NAME":"Census Tract 365.01","STATE":"36","COUNTY":"005"}},{"type":"Feature","geometry":{"type":"Polygon","coordinates":[[[-73.86696,40.84042],[-73.86725,40.84034],[-73.86668,40.83924],[-73.86638,40.83759],[-73.86547,40.83768],[-73.86507,40.83534],[-73.86598,40.8352],[-73.86681,40.83484],[-73.86284,40.83369],[-73.86394,40.84005],[-73.86446,40.84109],[-73.86696,40.84042]]]},"properties":{"GEOID":"36005021601","NAME":"Census Tract 216.01","STATE":"36","COUNTY":"005"}},{"type":"Feature","geometry":{"type":"Polygon","coordinates":[[[-73.86483,40.82114],[-73.86575,40.82101],[-73.86451,40.81985],[-73.86431,40.819],[-73.86153,40.81938],[-73.86203,40.82151],[-73.86483,40.82114]]]},"properties":{"GEOID":"36005003800","NAME":"Census Tract 38","STATE":"36","COUNTY":"005"}},{"type":"Feature","geometry":{"type":"Polygon","coordinates":[[[-73.91563,40.8097],[-73.91618,40.80879],[-73.91254,40.80724],[-73.90913,40.80617],[-73.90844,40.80648],[-73.90784,40.80821],[-73.91248,40.80934],[-73.9133,40.80966],[-73.91359,40.81012],[-73.91518,40.81043],[-73.91563,40.8097]]]},"properties":{"GEOID":"36005003300","NAME":"Census Tract 33","STATE":"36","COUNTY":"005"}},{"type":"Feature","geometry":{"type":"Polygon","coordinates":[[[-73.89044,40.84623],[-73.89112,40.84541],[-73.88902,40.84437],[-73.88832,40.84518],[-73.88723,40.84464],[-73.88378,40.84868],[-73.88644,40.85031],[-73.88816,40.84893],[-73.89044,40.84623]]]},"properties":{"GEOID":"36005037100","NAME":"Census Tract 371","STATE":"36","COUNTY":"005"}},{"type":"Feature","geometry":{"type":"Polygon","coordinates":[[[-73.90093,40.82793],[-73.90165,40.82622],[-73.90054,40.82594],[-73.90118,40.82439],[-73.89887,40.82385],[-73.89487,40.82394],[-73.89484,40.82624],[-73.89506,40.82801],[-73.8956,40.82832],[-73.8998,40.82769],[-73.90093,40.82793]]]},"properties":{"GEOID":"36005013100","NAME":"Census Tract 131","STATE":"36","COUNTY":"005"}},{"type":"Feature","geometry":{"type":"Polygon","coordinates":[[[-74.07921,40.64343],[-74.0782,40.64212],[-74.07885,40.642],[-74.0779,40.63809],[-74.07684,40.63775],[-74.07257,40.63797],[-74.05623,40.63818],[-74.05575,40.65148],[-74.07166,40.6515],[-74.07371,40.64513],[-74.07512,40.64438],[-74.07682,40.64445],[-74.07921,40.64343]]]},"properties":{"GEOID":"36085000300","NAME":"Census Tract 3","STATE":"36","COUNTY":"085"}},{"type":"Feature","geometry":{"type":"Polygon","coordinates":[[[-74.07565,40.62666],[-74.0744,40.62446],[-74.07254,40.62246],[-74.06974,40.61899],[-74.06038,40.60628],[-74.04751,40.61232],[-74.05532,40.6251],[-74.06584,40.62513],[-74.07232,40.62486],[-74.07272,40.62688],[-74.07565,40.62666]]]},"properties":{"GEOID":"36085000600","NAME":"Census Tract 6","STATE":"36","COUNTY":"085"}},{"type":"Feature","geometry":{"type":"Polygon","coordinates":[[[-74.07455,40.61694],[-74.07068,40.61178],[-74.07119,40.61152],[-74.06593,40.60559],[-74.06516,40.6042],[-74.06043,40.60635],[-74.07095,40.62043],[-74.07131,40.61964],[-74.07455,40.61694]]]},"properties":{"GEOID":"36085000800","NAME":"Census Tract 8","STATE":"36","COUNTY":"085"}},{"type":"Feature","geometry":{"type":"Polygon","coordinates":[[[-74.0874,40.63916],[-74.08754,40.63845],[-74.08728,40.63781],[-74.08588,40.63669],[-74.08373,40.63574],[-74.07879,40.63827],[-74.0779,40.63809],[-74.07885,40.642],[-74.08147,40.64151],[-74.0811,40.63992],[-74.08193,40.63987],[-74.08228,40.6406],[-74.08721,40.6399],[-74.0874,40.63916]]]},"properties":{"GEOID":"36085001100","NAME":"Census Tract 11","STATE":"36","COUNTY":"085"}},{"type":"Feature","geometry":{"type":"Polygon","coordinates":[[[-74.08575,40.63395],[-74.08491,40.63364],[-74.08141,40.6303],[-74.07937,40.63223],[-74.07909,40.63289],[-74.078,40.63651],[-74.07793,40.63752],[-74.07813,40.63817],[-74.07879,40.63827],[-74.08444,40.6354],[-74.08575,40.63395]]]},"properties":{"GEOID":"36085001700","NAME":"Census Tract 17","STATE":"36","COUNTY":"085"}},{"type":"Feature","geometry":{"type":"Polygon","coordinates":[[[-74.08496,40.62463],[-74.08525,40.6228],[-74.07997,40.62448],[-74.07817,40.62647],[-74.07351,40.62688],[-74.07347,40.62674],[-74.07291,40.62692],[-74.07269,40.62684],[-74.07232,40.62486],[-74.06584,40.62513],[-74.05532,40.6251],[-74.05663,40.62729],[-74.05623,40.63818],[-74.07257,40.63797],[-74.07602,40.63775],[-74.07684,40.63775],[-74.07813,40.63817],[-74.07793,40.63752],[-74.0781,40.63604],[-74.07937,40.63223],[-74.08173,40.63001],[-74.07972,40.62895],[-74.08057,40.62807],[-74.08083,40.62741],[-74.08234,40.62747],[-74.08303,40.62737],[-74.08339,40.62712],[-74.08415,40.62627],[-74.08496,40.62463]]]},"properties":{"GEOID":"36085002100","NAME":"Census Tract 21","STATE":"36","COUNTY":"085"}},{"type":"Feature","geometry":{"type":"Polygon","coordinates":[[[-74.08783,40.61532],[-74.08721,40.61331],[-74.08,40.61855],[-74.07695,40.62016],[-74.07786,40.6212],[-74.0796,40.6246],[-74.08525,40.6228],[-74.08627,40.61783],[-74.08783,40.61532]]]},"properties":{"GEOID":"36085002900","NAME":"Census Tract 29","STATE":"36","COUNTY":"085"}},{"type":"Feature","geometry":{"type":"Polygon","coordinates":[[[-74.09409,40.61787],[-74.09407,40.6177],[-74.09351,40.61824],[-74.09286,40.6183],[-74.09091,40.61713],[-74.08741,40.61593],[-74.08657,40.61717],[-74.08608,40.61851],[-74.08496,40.62463],[-74.08415,40.62627],[-74.08303,40.62737],[-74.08079,40.62743],[-74.08057,40.62807],[-74.07972,40.62895],[-74.08173,40.63001],[-74.08141,40.6303],[-74.08491,40.63364],[-74.08575,40.63395],[-74.0889,40.63029],[-74.09158,40.62655],[-74.09049,40.6259],[-74.08872,40.6259],[-74.08849,40.62345],[-74.08867,40.62103],[-74.08986,40.61988],[-74.09067,40.61871],[-74.09192,40.61858],[-74.09344,40.61874],[-74.09381,40.6185],[-74.09409,40.61787]]]},"properties":{"GEOID":"36085003300","NAME":"Census Tract 33","STATE":"36","COUNTY":"085"}},{"type":"Feature","geometry":{"type":"Polygon","coordinates":[[[-73.91779,40.69146],[-73.91395,40.68941],[-73.91105,40.69236],[-73.91481,40.6945],[-73.91779,40.69146]]]},"properties":{"GEOID":"36047041500","NAME":"Census Tract 415","STATE":"36","COUNTY":"047"}},{"type":"Feature","geometry":{"type":"Polygon","coordinates":[[[-73.96609,40.60251],[-73.96636,40.60248],[-73.9659,40.60009],[-73.96136,40.60059],[-73.96173,40.60536],[-73.96435,40.60507],[-73.96391,40.60275],[-73.96609,40.60251]]]},"properties":{"GEOID":"36047041600","NAME":"Census Tract 416","STATE":"36","COUNTY":"047"}},{"type":"Feature","geometry":{"type":"Polygon","coordinates":[[[-73.96699,40.60729],[-73.96726,40.60726],[-73.96636,40.60248],[-73.96391,40.60275],[-73.96435,40.60507],[-73.96173,40.60536],[-73.96189,40.60734],[-73.96372,40.60676],[-73.96389,40.60763],[-73.96699,40.60729]]]},"properties":{"GEOID":"36047041800","NAME":"Census Tract 418","STATE":"36","COUNTY":"047"}},{"type":"Feature","geometry":{"type":"Polygon","coordinates":[[[-73.92425,40.69443],[-73.92115,40.6928],[-73.91782,40.69621],[-73.92082,40.69792],[-73.92425,40.69443]]]},"properties":{"GEOID":"36047041900","NAME":"Census Tract 419","STATE":"36","COUNTY":"047"}},{"type":"Feature","geometry":{"type":"Polygon","coordinates":[[[-73.92725,40.69614],[-73.92425,40.69443],[-73.92082,40.69792],[-73.92383,40.69963],[-73.92725,40.69614]]]},"properties":{"GEOID":"36047042100","NAME":"Census Tract 421","STATE":"36","COUNTY":"047"}},{"type":"Feature","geometry":{"type":"Polygon","coordinates":[[[-73.93031,40.69899],[-73.93052,40.69877],[-73.92883,40.69719],[-73.92725,40.69614],[-73.92383,40.69963],[-73.92759,40.70176],[-73.93031,40.69899]]]},"properties":{"GEOID":"36047042300","NAME":"Census Tract 423","STATE":"36","COUNTY":"047"}},{"type":"Feature","geometry":{"type":"Polygon","coordinates":[[[-73.93395,40.70267],[-73.93278,40.70006],[-73.93052,40.69877],[-73.92759,40.70176],[-73.93116,40.70377],[-73.93395,40.70267]]]},"properties":{"GEOID":"36047042500","NAME":"Census Tract 425","STATE":"36","COUNTY":"047"}},{"type":"Feature","geometry":{"type":"Polygon","coordinates":[[[-73.98255,40.60776],[-73.98168,40.60316],[-73.97783,40.60359],[-73.9787,40.60819],[-73.98255,40.60776]]]},"properties":{"GEOID":"36047042600","NAME":"Census Tract 426","STATE":"36","COUNTY":"047"}},{"type":"Feature","geometry":{"type":"Polygon","coordinates":[[[-73.93116,40.70377],[-73.92684,40.70133],[-73.92383,40.7044],[-73.92609,40.70568],[-73.93116,40.70377]]]},"properties":{"GEOID":"36047042700","NAME":"Census Tract 427","STATE":"36","COUNTY":"047"}},{"type":"Feature","geometry":{"type":"Polygon","coordinates":[[[-73.98855,40.607],[-73.98913,40.60646],[-73.98501,40.60573],[-73.98446,40.60285],[-73.98168,40.60316],[-73.98255,40.60776],[-73.98855,40.607]]]},"properties":{"GEOID":"36047042800","NAME":"Census Tract 428","STATE":"36","COUNTY":"047"}},{"type":"Feature","geometry":{"type":"Polygon","coordinates":[[[-73.92684,40.70133],[-73.92308,40.6992],[-73.92007,40.70226],[-73.92383,40.7044],[-73.92684,40.70133]]]},"properties":{"GEOID":"36047042900","NAME":"Census Tract 429","STATE":"36","COUNTY":"047"}},{"type":"Feature","geometry":{"type":"Polygon","coordinates":[[[-73.98842,40.60712],[-73.98162,40.60787],[-73.98252,40.61259],[-73.98266,40.61269],[-73.98842,40.60712]]]},"properties":{"GEOID":"36047043000","NAME":"Census Tract 430","STATE":"36","COUNTY":"047"}},{"type":"Feature","geometry":{"type":"Polygon","coordinates":[[[-73.92308,40.6992],[-73.91932,40.69706],[-73.91632,40.70012],[-73.92007,40.70226],[-73.92308,40.6992]]]},"properties":{"GEOID":"36047043100","NAME":"Census Tract 431","STATE":"36","COUNTY":"047"}},{"type":"Feature","geometry":{"type":"Polygon","coordinates":[[[-73.91227,40.68394],[-73.90852,40.6818],[-73.90713,40.68323],[-73.90638,40.6828],[-73.90543,40.68366],[-73.90449,40.6863],[-73.90574,40.68704],[-73.90718,40.68556],[-73.90944,40.68685],[-73.91227,40.68394]]]},"properties":{"GEOID":"36047040300","NAME":"Census Tract 403","STATE":"36","COUNTY":"047"}},{"type":"Feature","geometry":{"type":"Polygon","coordinates":[[[-73.90852,40.6818],[-73.90405,40.67922],[-73.90262,40.68066],[-73.90276,40.68074],[-73.90282,40.68235],[-73.90543,40.68366],[-73.90638,40.6828],[-73.90713,40.68323],[-73.90852,40.6818]]]},"properties":{"GEOID":"36047040500","NAME":"Census Tract 405","STATE":"36","COUNTY":"047"}},{"type":"Feature","geometry":{"type":"Polygon","coordinates":[[[-73.91019,40.68727],[-73.90718,40.68556],[-73.90574,40.68704],[-73.90534,40.68682],[-73.90414,40.68857],[-73.90729,40.69022],[-73.91019,40.68727]]]},"properties":{"GEOID":"36047041100","NAME":"Census Tract 411","STATE":"36","COUNTY":"047"}},{"type":"Feature","geometry":{"type":"Polygon","coordinates":[[[-73.97644,40.60625],[-73.97554,40.60147],[-73.97257,40.60179],[-73.97218,40.6042],[-73.97259,40.60667],[-73.97644,40.60625]]]},"properties":{"GEOID":"36047041200","NAME":"Census Tract 412","STATE":"36","COUNTY":"047"}},{"type":"Feature","geometry":{"type":"Polygon","coordinates":[[[-73.92781,40.69277],[-73.92364,40.6904],[-73.92115,40.6928],[-73.9265,40.69571],[-73.9275,40.6947],[-73.92648,40.69414],[-73.92781,40.69277]]]},"properties":{"GEOID":"36047039500","NAME":"Census Tract 395","STATE":"36","COUNTY":"047"}},{"type":"Feature","geometry":{"type":"Polygon","coordinates":[[[-73.91395,40.68941],[-73.91019,40.68727],[-73.90729,40.69022],[-73.91105,40.69236],[-73.91395,40.68941]]]},"properties":{"GEOID":"36047041300","NAME":"Census Tract 413","STATE":"36","COUNTY":"047"}},{"type":"Feature","geometry":{"type":"Polygon","coordinates":[[[-73.97191,40.59942],[-73.97133,40.59635],[-73.97153,40.59637],[-73.97177,40.59511],[-73.96977,40.59493],[-73.96923,40.59526],[-73.96738,40.59546],[-73.9682,40.59984],[-73.97191,40.59942]]]},"properties":{"GEOID":"36047039600","NAME":"Census Tract 396","STATE":"36","COUNTY":"047"}},{"type":"Feature","geometry":{"type":"Polygon","coordinates":[[[-73.92364,40.6904],[-73.91605,40.68607],[-73.91464,40.68751],[-73.92223,40.69182],[-73.92364,40.6904]]]},"properties":{"GEOID":"36047039700","NAME":"Census Tract 397","STATE":"36","COUNTY":"047"}},{"type":"Feature","geometry":{"type":"Polygon","coordinates":[[[-73.98036,40.59619],[-73.97995,40.59407],[-73.97535,40.59458],[-73.97541,40.59412],[-73.97178,40.59376],[-73.9719,40.59435],[-73.97177,40.59511],[-73.97153,40.59637],[-73.97133,40.59635],[-73.97148,40.59717],[-73.98036,40.59619]]]},"properties":{"GEOID":"36047039800","NAME":"Census Tract 398","STATE":"36","COUNTY":"047"}},{"type":"Feature","geometry":{"type":"Polygon","coordinates":[[[-73.92223,40.69182],[-73.91464,40.68751],[-73.91319,40.68898],[-73.91696,40.69111],[-73.92115,40.6928],[-73.92223,40.69182]]]},"properties":{"GEOID":"36047039900","NAME":"Census Tract 399","STATE":"36","COUNTY":"047"}},{"type":"Feature","geometry":{"type":"Polygon","coordinates":[[[-73.98078,40.59845],[-73.98036,40.59619],[-73.97148,40.59717],[-73.97191,40.59942],[-73.98078,40.59845]]]},"properties":{"GEOID":"36047040000","NAME":"Census Tract 400","STATE":"36","COUNTY":"047"}},{"type":"Feature","geometry":{"type":"Polygon","coordinates":[[[-73.98549,40.59793],[-73.98464,40.59355],[-73.97995,40.59407],[-73.98078,40.59845],[-73.98549,40.59793]]]},"properties":{"GEOID":"36047040200","NAME":"Census Tract 402","STATE":"36","COUNTY":"047"}},{"type":"Feature","geometry":{"type":"Polygon","coordinates":[[[-73.97257,40.60179],[-73.97291,40.59932],[-73.96913,40.59973],[-73.97002,40.60444],[-73.97218,40.6042],[-73.97257,40.60179]]]},"properties":{"GEOID":"36047041401","NAME":"Census Tract 414.01","STATE":"36","COUNTY":"047"}},{"type":"Feature","geometry":{"type":"Polygon","coordinates":[[[-73.9118,40.69278],[-73.90804,40.69065],[-73.90504,40.6937],[-73.9088,40.69585],[-73.9118,40.69278]]]},"properties":{"GEOID":"36047043700","NAME":"Census Tract 437","STATE":"36","COUNTY":"047"}},{"type":"Feature","geometry":{"type":"Polygon","coordinates":[[[-73.95111,40.62875],[-73.9502,40.62397],[-73.94642,40.62439],[-73.94733,40.62917],[-73.95111,40.62875]]]},"properties":{"GEOID":"36047075000","NAME":"Census Tract 750","STATE":"36","COUNTY":"047"}},{"type":"Feature","geometry":{"type":"Polygon","coordinates":[[[-74.00585,40.61837],[-74.00643,40.61781],[-74.00203,40.61515],[-74.00145,40.61571],[-74.00019,40.61495],[-73.99949,40.61741],[-74.00402,40.62014],[-74.00585,40.61837]]]},"properties":{"GEOID":"36047018800","NAME":"Census Tract 188","STATE":"36","COUNTY":"047"}},{"type":"Feature","geometry":{"type":"Polygon","coordinates":[[[-73.99102,40.61501],[-73.9916,40.61445],[-73.98496,40.61045],[-73.98322,40.61212],[-73.98985,40.61613],[-73.99102,40.61501]]]},"properties":{"GEOID":"36047025800","NAME":"Census Tract 258","STATE":"36","COUNTY":"047"}},{"type":"Feature","geometry":{"type":"Polygon","coordinates":[[[-73.94595,40.71364],[-73.94548,40.71074],[-73.94042,40.71122],[-73.94171,40.71401],[-73.94595,40.71364]]]},"properties":{"GEOID":"36047049500","NAME":"Census Tract 495","STATE":"36","COUNTY":"047"}},{"type":"Feature","geometry":{"type":"Polygon","coordinates":[[[-73.92178,40.65442],[-73.92088,40.65361],[-73.92077,40.65255],[-73.91996,40.65279],[-73.91814,40.65116],[-73.91357,40.654],[-73.91374,40.65417],[-73.91531,40.65422],[-73.91815,40.65677],[-73.92178,40.65442]]]},"properties":{"GEOID":"36047088800","NAME":"Census Tract 888","STATE":"36","COUNTY":"047"}},{"type":"Feature","geometry":{"type":"Polygon","coordinates":[[[-74.01607,40.63614],[-74.01631,40.6359],[-74.01191,40.63323],[-74.01074,40.63436],[-74.00702,40.63211],[-74.00556,40.63308],[-74.01396,40.63815],[-74.01607,40.63614]]]},"properties":{"GEOID":"36047011800","NAME":"Census Tract 118","STATE":"36","COUNTY":"047"}},{"type":"Feature","geometry":{"type":"Polygon","coordinates":[[[-73.9623,40.62996],[-73.96094,40.62279],[-73.95809,40.62311],[-73.95899,40.62789],[-73.95996,40.62778],[-73.96041,40.63017],[-73.9623,40.62996]]]},"properties":{"GEOID":"36047053200","NAME":"Census Tract 532","STATE":"36","COUNTY":"047"}},{"type":"Feature","geometry":{"type":"Polygon","coordinates":[[[-73.95957,40.68668],[-73.95884,40.68302],[-73.95395,40.68358],[-73.95468,40.68724],[-73.95957,40.68668]]]},"properties":{"GEOID":"36047022900","NAME":"Census Tract 229","STATE":"36","COUNTY":"047"}},{"type":"Feature","geometry":{"type":"Polygon","coordinates":[[[-73.91605,40.68607],[-73.91227,40.68394],[-73.90944,40.68685],[-73.91319,40.68898],[-73.91605,40.68607]]]},"properties":{"GEOID":"36047040100","NAME":"Census Tract 401","STATE":"36","COUNTY":"047"}},{"type":"Feature","geometry":{"type":"Polygon","coordinates":[[[-73.8836,40.66791],[-73.88315,40.66618],[-73.88331,40.66611],[-73.88186,40.66415],[-73.87695,40.66626],[-73.87838,40.66823],[-73.87849,40.66866],[-73.8836,40.66791]]]},"properties":{"GEOID":"36047112000","NAME":"Census Tract 1120","STATE":"36","COUNTY":"047"}},{"type":"Feature","geometry":{"type":"Polygon","coordinates":[[[-73.95693,40.59661],[-73.95608,40.5921],[-73.9523,40.59251],[-73.95315,40.59703],[-73.95693,40.59661]]]},"properties":{"GEOID":"36047058600","NAME":"Census Tract 586","STATE":"36","COUNTY":"047"}},{"type":"Feature","geometry":{"type":"Polygon","coordinates":[[[-74.03571,40.61928],[-74.03599,40.6186],[-74.03331,40.61795],[-74.03049,40.61652],[-74.0282,40.61917],[-74.03205,40.62104],[-74.03219,40.62069],[-74.03489,40.62132],[-74.03571,40.61928]]]},"properties":{"GEOID":"36047005800","NAME":"Census Tract 58","STATE":"36","COUNTY":"047"}},{"type":"Feature","geometry":{"type":"Polygon","coordinates":[[[-74.02293,40.6195],[-74.02053,40.61806],[-74.01641,40.62201],[-74.01908,40.62362],[-74.01971,40.62219],[-74.02025,40.62243],[-74.02293,40.6195]]]},"properties":{"GEOID":"36047014000","NAME":"Census Tract 140","STATE":"36","COUNTY":"047"}},{"type":"Feature","geometry":{"type":"Polygon","coordinates":[[[-74.01549,40.616],[-74.01612,40.61538],[-74.01393,40.61406],[-74.0098,40.61802],[-74.012,40.61935],[-74.01549,40.616]]]},"properties":{"GEOID":"36047014800","NAME":"Census Tract 148","STATE":"36","COUNTY":"047"}},{"type":"Feature","geometry":{"type":"Polygon","coordinates":[[[-73.94931,40.61403],[-73.94841,40.60933],[-73.94364,40.60986],[-73.94483,40.61605],[-73.94746,40.6142],[-73.94931,40.61403]]]},"properties":{"GEOID":"36047064200","NAME":"Census Tract 642","STATE":"36","COUNTY":"047"}},{"type":"Feature","geometry":{"type":"Polygon","coordinates":[[[-73.936,40.67612],[-73.93608,40.67533],[-73.9333,40.67519],[-73.93338,40.6743],[-73.93061,40.67415],[-73.93032,40.67748],[-73.93586,40.67782],[-73.936,40.67612]]]},"properties":{"GEOID":"36047030900","NAME":"Census Tract 309","STATE":"36","COUNTY":"047"}},{"type":"Feature","geometry":{"type":"Polygon","coordinates":[[[-73.95247,40.65067],[-73.95205,40.64677],[-73.94626,40.64701],[-73.94667,40.65095],[-73.95247,40.65067]]]},"properties":{"GEOID":"36047082400","NAME":"Census Tract 824","STATE":"36","COUNTY":"047"}},{"type":"Feature","geometry":{"type":"Polygon","coordinates":[[[-73.96743,40.67303],[-73.96749,40.67288],[-73.96134,40.67135],[-73.96007,40.67488],[-73.96333,40.67556],[-73.96295,40.67359],[-73.96694,40.67442],[-73.96743,40.67303]]]},"properties":{"GEOID":"36047021500","NAME":"Census Tract 215","STATE":"36","COUNTY":"047"}},{"type":"Feature","geometry":{"type":"Polygon","coordinates":[[[-73.93018,40.68856],[-73.92959,40.68564],[-73.9234,40.68635],[-73.92398,40.68927],[-73.93018,40.68856]]]},"properties":{"GEOID":"36047038500","NAME":"Census Tract 385","STATE":"36","COUNTY":"047"}},{"type":"Feature","geometry":{"type":"Polygon","coordinates":[[[-73.92283,40.63554],[-73.92259,40.63321],[-73.92068,40.63333],[-73.91885,40.63448],[-73.91917,40.63747],[-73.92283,40.63554]]]},"properties":{"GEOID":"36047094402","NAME":"Census Tract 944.02","STATE":"36","COUNTY":"047"}},{"type":"Feature","geometry":{"type":"Polygon","coordinates":[[[-73.95512,40.68944],[-73.95425,40.68505],[-73.95059,40.68547],[-73.95146,40.68986],[-73.95512,40.68944]]]},"properties":{"GEOID":"36047024300","NAME":"Census Tract 243","STATE":"36","COUNTY":"047"}},{"type":"Feature","geometry":{"type":"Polygon","coordinates":[[[-74.05623,40.63818],[-74.05626,40.63741],[-74.03934,40.6338],[-74.03693,40.63364],[-74.03315,40.63274],[-74.03232,40.63479],[-74.03724,40.63599],[-74.03847,40.63568],[-74.05619,40.63928],[-74.05623,40.63818]]]},"properties":{"GEOID":"36047003800","NAME":"Census Tract 38","STATE":"36","COUNTY":"047"}},{"type":"Feature","geometry":{"type":"Polygon","coordinates":[[[-73.94807,40.66614],[-73.94815,40.66525],[-73.93707,40.66464],[-73.93691,40.66643],[-73.94798,40.66703],[-73.94807,40.66614]]]},"properties":{"GEOID":"36047033300","NAME":"Census Tract 333","STATE":"36","COUNTY":"047"}},{"type":"Feature","geometry":{"type":"Polygon","coordinates":[[[-73.97936,40.68668],[-73.97746,40.68405],[-73.97593,40.68351],[-73.97378,40.68306],[-73.97462,40.68719],[-73.97936,40.68668]]]},"properties":{"GEOID":"36047003500","NAME":"Census Tract 35","STATE":"36","COUNTY":"047"}},{"type":"Feature","geometry":{"type":"Polygon","coordinates":[[[-73.93935,40.61019],[-73.93754,40.60856],[-73.93605,40.60952],[-73.93423,40.6079],[-73.9328,40.60881],[-73.93644,40.61207],[-73.93935,40.61019]]]},"properties":{"GEOID":"36047063600","NAME":"Census Tract 636","STATE":"36","COUNTY":"047"}},{"type":"Feature","geometry":{"type":"Polygon","coordinates":[[[-73.94231,40.60827],[-73.93503,40.60173],[-73.93426,40.60223],[-73.93973,40.60713],[-73.93754,40.60856],[-73.93935,40.61019],[-73.94231,40.60827]]]},"properties":{"GEOID":"36047063800","NAME":"Census Tract 638","STATE":"36","COUNTY":"047"}},{"type":"Feature","geometry":{"type":"Polygon","coordinates":[[[-73.9437,40.61021],[-73.94355,40.60935],[-73.94231,40.60827],[-73.93644,40.61207],[-73.93825,40.6137],[-73.9437,40.61021]]]},"properties":{"GEOID":"36047064000","NAME":"Census Tract 640","STATE":"36","COUNTY":"047"}},{"type":"Feature","geometry":{"type":"Polygon","coordinates":[[[-73.94468,40.61617],[-73.94483,40.61605],[-73.9437,40.61021],[-73.93897,40.61324],[-73.94275,40.61663],[-73.94315,40.61743],[-73.94347,40.61739],[-73.94468,40.61617]]]},"properties":{"GEOID":"36047064400","NAME":"Census Tract 644","STATE":"36","COUNTY":"047"}},{"type":"Feature","geometry":{"type":"Polygon","coordinates":[[[-73.93634,40.62061],[-73.93687,40.62025],[-73.9332,40.61697],[-73.93163,40.6181],[-73.93219,40.62327],[-73.93634,40.62061]]]},"properties":{"GEOID":"36047065000","NAME":"Census Tract 650","STATE":"36","COUNTY":"047"}},{"type":"Feature","geometry":{"type":"Polygon","coordinates":[[[-73.92679,40.63611],[-73.92745,40.63526],[-73.92283,40.63554],[-73.91917,40.63747],[-73.91973,40.64273],[-73.92161,40.64169],[-73.92333,40.6399],[-73.92356,40.6425],[-73.92538,40.64238],[-73.92615,40.63757],[-73.92679,40.63611]]]},"properties":{"GEOID":"36047094401","NAME":"Census Tract 944.01","STATE":"36","COUNTY":"047"}},{"type":"Feature","geometry":{"type":"Polygon","coordinates":[[[-73.91956,40.64119],[-73.9186,40.6321],[-73.91328,40.63551],[-73.91956,40.64119]]]},"properties":{"GEOID":"36047095000","NAME":"Census Tract 950","STATE":"36","COUNTY":"047"}},{"type":"Feature","geometry":{"type":"Polygon","coordinates":[[[-73.91816,40.64108],[-73.91893,40.64059],[-73.91328,40.63551],[-73.91037,40.63739],[-73.91592,40.64238],[-73.91816,40.64108]]]},"properties":{"GEOID":"36047095400","NAME":"Census Tract 954","STATE":"36","COUNTY":"047"}},{"type":"Feature","geometry":{"type":"Polygon","coordinates":[[[-73.91622,40.63361],[-73.9156,40.63304],[-73.9132,40.63193],[-73.91213,40.63329],[-73.91144,40.63386],[-73.90561,40.63762],[-73.90745,40.63928],[-73.91622,40.63361]]]},"properties":{"GEOID":"36047095600","NAME":"Census Tract 956","STATE":"36","COUNTY":"047"}},{"type":"Feature","geometry":{"type":"Polygon","coordinates":[[[-73.91093,40.85502],[-73.9112,40.85482],[-73.91007,40.85447],[-73.90943,40.85396],[-73.90733,40.85382],[-73.90522,40.8562],[-73.90468,40.85706],[-73.90566,40.8574],[-73.90487,40.85869],[-73.90777,40.85961],[-73.90981,40.85735],[-73.90992,40.85665],[-73.91093,40.85502]]]},"properties":{"GEOID":"36005025100","NAME":"Census Tract 251","STATE":"36","COUNTY":"005"}},{"type":"Feature","geometry":{"type":"Polygon","coordinates":[[[-73.90351,40.85561],[-73.90395,40.85497],[-73.90186,40.85459],[-73.89995,40.85742],[-73.90191,40.85809],[-73.90351,40.85561]]]},"properties":{"GEOID":"36005023704","NAME":"Census Tract 237.04","STATE":"36","COUNTY":"005"}},{"type":"Feature","geometry":{"type":"Polygon","coordinates":[[[-73.8969,40.83103],[-73.89717,40.83037],[-73.89469,40.83062],[-73.89336,40.83015],[-73.89268,40.83234],[-73.89174,40.83266],[-73.89216,40.83364],[-73.89082,40.83581],[-73.89139,40.83576],[-73.89148,40.83669],[-73.89395,40.83643],[-73.89514,40.83543],[-73.89697,40.83434],[-73.89637,40.83351],[-73.8969,40.83103]]]},"properties":{"GEOID":"36005015300","NAME":"Census Tract 153","STATE":"36","COUNTY":"005"}},{"type":"Feature","geometry":{"type":"Polygon","coordinates":[[[-74.00154,40.69279],[-74.00174,40.69241],[-74.0005,40.69194],[-73.99436,40.69024],[-73.9931,40.69285],[-73.9992,40.69387],[-74.0007,40.69439],[-74.00154,40.69279]]]},"properties":{"GEOID":"36047000700","NAME":"Census Tract 7","STATE":"36","COUNTY":"047"}},{"type":"Feature","geometry":{"type":"Polygon","coordinates":[[[-73.99405,40.6909],[-73.99436,40.69024],[-73.99069,40.68914],[-73.9901,40.68971],[-73.98926,40.69098],[-73.98893,40.69209],[-73.99097,40.69255],[-73.99045,40.69374],[-73.99066,40.69456],[-73.9921,40.69495],[-73.99405,40.6909]]]},"properties":{"GEOID":"36047000900","NAME":"Census Tract 9","STATE":"36","COUNTY":"047"}},{"type":"Feature","geometry":{"type":"Polygon","coordinates":[[[-73.99073,40.69305],[-73.99097,40.69255],[-73.98947,40.6923],[-73.98536,40.69067],[-73.98514,40.69489],[-73.99075,40.69503],[-73.99045,40.69374],[-73.99073,40.69305]]]},"properties":{"GEOID":"36047001100","NAME":"Census Tract 11","STATE":"36","COUNTY":"047"}},{"type":"Feature","geometry":{"type":"Polygon","coordinates":[[[-73.99141,40.69863],[-73.9913,40.69658],[-73.99075,40.69503],[-73.98514,40.69489],[-73.98508,40.69596],[-73.98461,40.69594],[-73.985,40.69677],[-73.98496,40.69844],[-73.98697,40.6985],[-73.9868,40.70062],[-73.99093,40.70077],[-73.99079,40.70039],[-73.99141,40.69863]]]},"properties":{"GEOID":"36047001300","NAME":"Census Tract 13","STATE":"36","COUNTY":"047"}},{"type":"Feature","geometry":{"type":"Polygon","coordinates":[[[-74.01867,40.64741],[-74.01926,40.64685],[-74.01665,40.64533],[-74.01263,40.64924],[-74.01518,40.65077],[-74.01867,40.64741]]]},"properties":{"GEOID":"36047002000","NAME":"Census Tract 20","STATE":"36","COUNTY":"047"}},{"type":"Feature","geometry":{"type":"Polygon","coordinates":[[[-73.99507,40.7031],[-73.99327,40.70243],[-73.99093,40.70077],[-73.98483,40.70058],[-73.98476,40.70144],[-73.98073,40.70127],[-73.98051,40.70205],[-73.98014,40.70239],[-73.98034,40.70266],[-73.98022,40.70306],[-73.97933,40.70475],[-73.97923,40.70577],[-73.98091,40.70591],[-73.98099,40.70537],[-73.98274,40.70558],[-73.98335,40.70545],[-73.98344,40.70564],[-73.98585,40.70541],[-73.98643,40.70535],[-73.98653,40.70498],[-73.98727,40.70518],[-73.99088,40.70512],[-73.99148,40.70563],[-73.99272,40.70554],[-73.99385,40.70483],[-73.99369,40.70448],[-73.99434,40.70443],[-73.9948,40.7041],[-73.99499,40.70365],[-73.99466,40.70343],[-73.99507,40.7031]]]},"properties":{"GEOID":"36047002100","NAME":"Census Tract 21","STATE":"36","COUNTY":"047"}},{"type":"Feature","geometry":{"type":"Polygon","coordinates":[[[-74.02669,40.6397],[-74.02686,40.63954],[-74.02475,40.63812],[-74.02251,40.64056],[-74.02097,40.64165],[-74.02086,40.64144],[-74.01665,40.64533],[-74.02146,40.64818],[-74.02384,40.64592],[-74.0216,40.6446],[-74.02669,40.6397]]]},"properties":{"GEOID":"36047002200","NAME":"Census Tract 22","STATE":"36","COUNTY":"047"}},{"type":"Feature","geometry":{"type":"Polygon","coordinates":[[[-73.98039,40.69651],[-73.98014,40.69468],[-73.97926,40.69382],[-73.97917,40.69349],[-73.97585,40.69336],[-73.97644,40.69637],[-73.98039,40.69651]]]},"properties":{"GEOID":"36047002901","NAME":"Census Tract 29.01","STATE":"36","COUNTY":"047"}},{"type":"Feature","geometry":{"type":"Polygon","coordinates":[[[-74.05575,40.65148],[-74.05619,40.63928],[-74.03847,40.63568],[-74.03724,40.63599],[-74.03232,40.63479],[-74.03032,40.63965],[-74.0291,40.64081],[-74.02885,40.6408],[-74.02907,40.64097],[-74.0289,40.64101],[-74.02906,40.64173],[-74.05323,40.65566],[-74.05575,40.65148]]]},"properties":{"GEOID":"36047003400","NAME":"Census Tract 34","STATE":"36","COUNTY":"047"}},{"type":"Feature","geometry":{"type":"Polygon","coordinates":[[[-73.98926,40.69098],[-73.98966,40.69033],[-73.98182,40.68733],[-73.97981,40.68664],[-73.97936,40.68668],[-73.98087,40.68887],[-73.98893,40.69209],[-73.98926,40.69098]]]},"properties":{"GEOID":"36047003700","NAME":"Census Tract 37","STATE":"36","COUNTY":"047"}},{"type":"Feature","geometry":{"type":"Polygon","coordinates":[[[-73.98352,40.68482],[-73.98395,40.68418],[-73.97961,40.68249],[-73.97803,40.68486],[-73.97936,40.68668],[-73.97981,40.68664],[-73.98182,40.68733],[-73.98352,40.68482]]]},"properties":{"GEOID":"36047003900","NAME":"Census Tract 39","STATE":"36","COUNTY":"047"}},{"type":"Feature","geometry":{"type":"Polygon","coordinates":[[[-73.97658,40.644],[-73.97594,40.64066],[-73.97122,40.64118],[-73.97209,40.64586],[-73.97658,40.644]]]},"properties":{"GEOID":"36047049400","NAME":"Census Tract 494","STATE":"36","COUNTY":"047"}},{"type":"Feature","geometry":{"type":"Polygon","coordinates":[[[-73.97833,40.64327],[-73.97734,40.63807],[-73.97346,40.6385],[-73.97394,40.64088],[-73.97594,40.64066],[-73.97658,40.644],[-73.97833,40.64327]]]},"properties":{"GEOID":"36047048800","NAME":"Census Tract 488","STATE":"36","COUNTY":"047"}},{"type":"Feature","geometry":{"type":"Polygon","coordinates":[[[-73.97641,40.63817],[-73.97596,40.63578],[-73.97029,40.63641],[-73.97122,40.64118],[-73.97394,40.64088],[-73.97346,40.6385],[-73.97641,40.63817]]]},"properties":{"GEOID":"36047049000","NAME":"Census Tract 490","STATE":"36","COUNTY":"047"}},{"type":"Feature","geometry":{"type":"Polygon","coordinates":[[[-73.97209,40.64586],[-73.97029,40.63641],[-73.96804,40.63665],[-73.97084,40.64638],[-73.97209,40.64586]]]},"properties":{"GEOID":"36047049200","NAME":"Census Tract 492","STATE":"36","COUNTY":"047"}},{"type":"Feature","geometry":{"type":"Polygon","coordinates":[[[-73.9859,40.64307],[-73.98299,40.64133],[-73.97466,40.64481],[-73.97483,40.64566],[-73.98091,40.64499],[-73.9859,40.64307]]]},"properties":{"GEOID":"36047049600","NAME":"Census Tract 496","STATE":"36","COUNTY":"047"}},{"type":"Feature","geometry":{"type":"Polygon","coordinates":[[[-73.94674,40.71855],[-73.94595,40.71364],[-73.94171,40.71401],[-73.94207,40.71473],[-73.94269,40.71469],[-73.94343,40.71893],[-73.94674,40.71855]]]},"properties":{"GEOID":"36047049700","NAME":"Census Tract 497","STATE":"36","COUNTY":"047"}},{"type":"Feature","geometry":{"type":"Polygon","coordinates":[[[-73.98835,40.64456],[-73.9859,40.64307],[-73.98091,40.64499],[-73.97777,40.64534],[-73.97819,40.64753],[-73.98181,40.64713],[-73.98835,40.64456]]]},"properties":{"GEOID":"36047049800","NAME":"Census Tract 498","STATE":"36","COUNTY":"047"}},{"type":"Feature","geometry":{"type":"Polygon","coordinates":[[[-73.94908,40.72254],[-73.94842,40.71846],[-73.94721,40.71856],[-73.9444,40.72024],[-73.94469,40.72046],[-73.94501,40.723],[-73.94908,40.72254]]]},"properties":{"GEOID":"36047049900","NAME":"Census Tract 499","STATE":"36","COUNTY":"047"}},{"type":"Feature","geometry":{"type":"Polygon","coordinates":[[[-73.95335,40.71418],[-73.95349,40.71407],[-73.94937,40.71407],[-73.94607,40.71437],[-73.94679,40.71882],[-73.95114,40.71603],[-73.95335,40.71418]]]},"properties":{"GEOID":"36047050100","NAME":"Census Tract 501","STATE":"36","COUNTY":"047"}},{"type":"Feature","geometry":{"type":"Polygon","coordinates":[[[-73.86729,40.72226],[-73.86302,40.71771],[-73.86096,40.7185],[-73.86127,40.71917],[-73.85913,40.71954],[-73.85936,40.7214],[-73.85852,40.72153],[-73.85865,40.72259],[-73.86204,40.72596],[-73.86451,40.72676],[-73.86729,40.72226]]]},"properties":{"GEOID":"36081069702","NAME":"Census Tract 697.02","STATE":"36","COUNTY":"081"}},{"type":"Feature","geometry":{"type":"Polygon","coordinates":[[[-73.85777,40.71646],[-73.8573,40.71147],[-73.85575,40.71123],[-73.85223,40.71681],[-73.85655,40.71839],[-73.85777,40.71646]]]},"properties":{"GEOID":"36081070700","NAME":"Census Tract 707","STATE":"36","COUNTY":"081"}},{"type":"Feature","geometry":{"type":"Polygon","coordinates":[[[-73.86014,40.72522],[-73.86204,40.72596],[-73.85865,40.72259],[-73.85852,40.72153],[-73.85711,40.72176],[-73.85061,40.71938],[-73.85004,40.72076],[-73.84943,40.72096],[-73.84525,40.71944],[-73.84398,40.72146],[-73.84733,40.72293],[-73.84913,40.72262],[-73.85135,40.72257],[-73.85559,40.72411],[-73.85584,40.72363],[-73.86014,40.72522]]]},"properties":{"GEOID":"36081071100","NAME":"Census Tract 711","STATE":"36","COUNTY":"081"}},{"type":"Feature","geometry":{"type":"Polygon","coordinates":[[[-73.95546,40.81449],[-73.95571,40.81414],[-73.95408,40.81228],[-73.9521,40.81144],[-73.95093,40.81258],[-73.95177,40.81294],[-73.95086,40.81419],[-73.95297,40.81507],[-73.95276,40.81654],[-73.95177,40.81791],[-73.95088,40.8184],[-73.9522,40.81895],[-73.95546,40.81449]]]},"properties":{"GEOID":"36061021303","NAME":"Census Tract 213.03","STATE":"36","COUNTY":"061"}},{"type":"Feature","geometry":{"type":"Polygon","coordinates":[[[-73.94712,40.8259],[-73.9476,40.82523],[-73.94292,40.82326],[-73.9406,40.82641],[-73.94529,40.8284],[-73.94712,40.8259]]]},"properties":{"GEOID":"36061023100","NAME":"Census Tract 231","STATE":"36","COUNTY":"061"}},{"type":"Feature","geometry":{"type":"Polygon","coordinates":[[[-73.94997,40.76365],[-73.94914,40.76404],[-73.94845,40.76348],[-73.94764,40.76419],[-73.94718,40.76414],[-73.94472,40.76288],[-73.94131,40.76692],[-73.93984,40.76799],[-73.9364,40.76947],[-73.93532,40.77049],[-73.93496,40.77173],[-73.93747,40.7725],[-73.94004,40.77295],[-73.94029,40.77293],[-73.94073,40.77246],[-73.94215,40.77204],[-73.94466,40.76985],[-73.9454,40.76865],[-73.9491,40.76438],[-73.94997,40.76365]]]},"properties":{"GEOID":"36061023802","NAME":"Census Tract 238.02","STATE":"36","COUNTY":"061"}},{"type":"Feature","geometry":{"type":"Polygon","coordinates":[[[-74.02529,40.70726],[-74.02568,40.70476],[-74.01968,40.70415],[-74.01951,40.70385],[-74.01755,40.70428],[-74.01664,40.70463],[-74.01436,40.71101],[-74.01579,40.71157],[-74.01663,40.71212],[-74.01789,40.71236],[-74.01859,40.7122],[-74.0244,40.71311],[-74.02529,40.70726]]]},"properties":{"GEOID":"36061031704","NAME":"Census Tract 317.04","STATE":"36","COUNTY":"061"}},{"type":"Feature","geometry":{"type":"Polygon","coordinates":[[[-73.84867,40.78168],[-73.84875,40.78015],[-73.8415,40.78015],[-73.84117,40.78525],[-73.84481,40.78537],[-73.84487,40.78435],[-73.84853,40.78411],[-73.84867,40.78168]]]},"properties":{"GEOID":"36081092500","NAME":"Census Tract 925","STATE":"36","COUNTY":"081"}},{"type":"Feature","geometry":{"type":"Polygon","coordinates":[[[-73.88897,40.72482],[-73.89017,40.72495],[-73.88724,40.72128],[-73.88163,40.72388],[-73.88259,40.72508],[-73.88643,40.7246],[-73.88897,40.72482]]]},"properties":{"GEOID":"36081066900","NAME":"Census Tract 669","STATE":"36","COUNTY":"081"}},{"type":"Feature","geometry":{"type":"Polygon","coordinates":[[[-73.81642,40.70987],[-73.81561,40.70955],[-73.81342,40.70971],[-73.81306,40.70698],[-73.81216,40.70705],[-73.81201,40.70595],[-73.80695,40.70737],[-73.80762,40.70873],[-73.8089,40.7106],[-73.80983,40.71281],[-73.81056,40.71263],[-73.81243,40.71264],[-73.81244,40.71288],[-73.81426,40.71267],[-73.81401,40.71219],[-73.81443,40.71157],[-73.8142,40.71104],[-73.81543,40.71079],[-73.81642,40.70987]]]},"properties":{"GEOID":"36081023200","NAME":"Census Tract 232","STATE":"36","COUNTY":"081"}},{"type":"Feature","geometry":{"type":"Polygon","coordinates":[[[-73.82398,40.75487],[-73.82085,40.75224],[-73.81841,40.75383],[-73.8203,40.75551],[-73.81786,40.75707],[-73.81923,40.75795],[-73.82398,40.75487]]]},"properties":{"GEOID":"36081085900","NAME":"Census Tract 859","STATE":"36","COUNTY":"081"}},{"type":"Feature","geometry":{"type":"Polygon","coordinates":[[[-73.9358,40.7558],[-73.93125,40.75337],[-73.92896,40.75621],[-73.93215,40.75771],[-73.93334,40.75624],[-73.93463,40.75694],[-73.9358,40.7558]]]},"properties":{"GEOID":"36081005100","NAME":"Census Tract 51","STATE":"36","COUNTY":"081"}},{"type":"Feature","geometry":{"type":"Polygon","coordinates":[[[-73.9166,40.75785],[-73.91261,40.75597],[-73.91068,40.75832],[-73.9147,40.76019],[-73.9166,40.75785]]]},"properties":{"GEOID":"36081015300","NAME":"Census Tract 153","STATE":"36","COUNTY":"081"}},{"type":"Feature","geometry":{"type":"Polygon","coordinates":[[[-73.9139,40.75982],[-73.90989,40.75795],[-73.90779,40.76052],[-73.9118,40.76239],[-73.9139,40.75982]]]},"properties":{"GEOID":"36081015100","NAME":"Census Tract 151","STATE":"36","COUNTY":"081"}},{"type":"Feature","geometry":{"type":"Polygon","coordinates":[[[-73.84416,40.6894],[-73.84218,40.68535],[-73.83992,40.68599],[-73.84075,40.68767],[-73.83988,40.68792],[-73.84105,40.69028],[-73.84416,40.6894]]]},"properties":{"GEOID":"36081011400","NAME":"Census Tract 114","STATE":"36","COUNTY":"081"}},{"type":"Feature","geometry":{"type":"Polygon","coordinates":[[[-73.93125,40.75337],[-73.92874,40.75204],[-73.92596,40.7521],[-73.92563,40.75214],[-73.92416,40.75396],[-73.92896,40.75621],[-73.93125,40.75337]]]},"properties":{"GEOID":"36081005500","NAME":"Census Tract 55","STATE":"36","COUNTY":"081"}},{"type":"Feature","geometry":{"type":"Polygon","coordinates":[[[-73.88654,40.75159],[-73.88579,40.74744],[-73.883,40.74773],[-73.88444,40.75566],[-73.8863,40.75546],[-73.88561,40.75169],[-73.88654,40.75159]]]},"properties":{"GEOID":"36081028300","NAME":"Census Tract 283","STATE":"36","COUNTY":"081"}},{"type":"Feature","geometry":{"type":"Polygon","coordinates":[[[-73.91181,40.69994],[-73.91104,40.69953],[-73.9083,40.69988],[-73.90412,40.70397],[-73.90635,40.70528],[-73.91181,40.69994]]]},"properties":{"GEOID":"36081054900","NAME":"Census Tract 549","STATE":"36","COUNTY":"081"}},{"type":"Feature","geometry":{"type":"Polygon","coordinates":[[[-73.83223,40.69108],[-73.8331,40.69083],[-73.83185,40.68829],[-73.83274,40.68804],[-73.83172,40.68605],[-73.82753,40.68724],[-73.82851,40.68924],[-73.82934,40.689],[-73.83053,40.69143],[-73.83223,40.69108]]]},"properties":{"GEOID":"36081010800","NAME":"Census Tract 108","STATE":"36","COUNTY":"081"}},{"type":"Feature","geometry":{"type":"Polygon","coordinates":[[[-73.95655,40.71051],[-73.95662,40.71038],[-73.9555,40.70995],[-73.95517,40.71046],[-73.95474,40.71059],[-73.95083,40.70914],[-73.95087,40.70951],[-73.94865,40.70973],[-73.94937,40.71407],[-73.95434,40.71407],[-73.95655,40.71051]]]},"properties":{"GEOID":"36047051300","NAME":"Census Tract 513","STATE":"36","COUNTY":"047"}},{"type":"Feature","geometry":{"type":"Polygon","coordinates":[[[-73.90543,40.68366],[-73.90282,40.68235],[-73.90276,40.68074],[-73.90028,40.67944],[-73.8989,40.67956],[-73.89749,40.68007],[-73.89693,40.68075],[-73.89652,40.6824],[-73.90116,40.68788],[-73.90042,40.68818],[-73.9018,40.69077],[-73.90414,40.68857],[-73.90534,40.68682],[-73.90449,40.6863],[-73.90543,40.68366]]]},"properties":{"GEOID":"36047040700","NAME":"Census Tract 407","STATE":"36","COUNTY":"047"}},{"type":"Feature","geometry":{"type":"Polygon","coordinates":[[[-73.99639,40.66495],[-73.99696,40.66439],[-73.99064,40.66058],[-73.98833,40.6628],[-73.99484,40.6668],[-73.99522,40.66608],[-73.99639,40.66495]]]},"properties":{"GEOID":"36047014300","NAME":"Census Tract 143","STATE":"36","COUNTY":"047"}},{"type":"Feature","geometry":{"type":"Polygon","coordinates":[[[-74.00992,40.61446],[-74.0105,40.6139],[-74.00601,40.61133],[-74.00378,40.61348],[-74.00818,40.61613],[-74.00992,40.61446]]]},"properties":{"GEOID":"36047018400","NAME":"Census Tract 184","STATE":"36","COUNTY":"047"}},{"type":"Feature","geometry":{"type":"Polygon","coordinates":[[[-73.99734,40.59855],[-73.99522,40.59709],[-73.98864,40.60342],[-73.99087,40.60477],[-73.99734,40.59855]]]},"properties":{"GEOID":"36047029600","NAME":"Census Tract 296","STATE":"36","COUNTY":"047"}},{"type":"Feature","geometry":{"type":"Polygon","coordinates":[[[-73.94353,40.69603],[-73.9431,40.69382],[-73.93734,40.69449],[-73.93779,40.69669],[-73.94353,40.69603]]]},"properties":{"GEOID":"36047028300","NAME":"Census Tract 283","STATE":"36","COUNTY":"047"}},{"type":"Feature","geometry":{"type":"Polygon","coordinates":[[[-73.95998,40.63557],[-73.96041,40.63536],[-73.95899,40.62789],[-73.95685,40.62812],[-73.9584,40.63633],[-73.95998,40.63557]]]},"properties":{"GEOID":"36047076400","NAME":"Census Tract 764","STATE":"36","COUNTY":"047"}},{"type":"Feature","geometry":{"type":"Polygon","coordinates":[[[-73.98143,40.67105],[-73.98193,40.67045],[-73.97721,40.66817],[-73.9752,40.67058],[-73.97992,40.67286],[-73.98143,40.67105]]]},"properties":{"GEOID":"36047015500","NAME":"Census Tract 155","STATE":"36","COUNTY":"047"}},{"type":"Feature","geometry":{"type":"Polygon","coordinates":[[[-73.96262,40.67163],[-73.96096,40.66328],[-73.96062,40.6633],[-73.95797,40.67066],[-73.96262,40.67163]]]},"properties":{"GEOID":"36047021300","NAME":"Census Tract 213","STATE":"36","COUNTY":"047"}},{"type":"Feature","geometry":{"type":"Polygon","coordinates":[[[-73.92865,40.67975],[-73.92906,40.67928],[-73.92165,40.67887],[-73.92197,40.67908],[-73.92281,40.68342],[-73.92901,40.6827],[-73.92854,40.68035],[-73.92865,40.67975]]]},"properties":{"GEOID":"36047038100","NAME":"Census Tract 381","STATE":"36","COUNTY":"047"}},{"type":"Feature","geometry":{"type":"Polygon","coordinates":[[[-73.90149,40.74134],[-73.90168,40.74097],[-73.89898,40.74065],[-73.89645,40.74286],[-73.90141,40.74425],[-73.9015,40.74401],[-73.9009,40.74345],[-73.90149,40.74134]]]},"properties":{"GEOID":"36081024700","NAME":"Census Tract 247","STATE":"36","COUNTY":"081"}},{"type":"Feature","geometry":{"type":"Polygon","coordinates":[[[-73.91687,40.75481],[-73.91763,40.75386],[-73.9165,40.75389],[-73.91354,40.75347],[-73.91176,40.75557],[-73.91501,40.7571],[-73.91687,40.75481]]]},"properties":{"GEOID":"36081016100","NAME":"Census Tract 161","STATE":"36","COUNTY":"081"}},{"type":"Feature","geometry":{"type":"Polygon","coordinates":[[[-73.88784,40.83729],[-73.88874,40.83571],[-73.8835,40.8339],[-73.88222,40.83546],[-73.8821,40.83584],[-73.88217,40.83709],[-73.88201,40.83746],[-73.88229,40.83808],[-73.88302,40.83868],[-73.88274,40.83864],[-73.8842,40.83935],[-73.88465,40.83917],[-73.88619,40.84011],[-73.88784,40.83729]]]},"properties":{"GEOID":"36005016100","NAME":"Census Tract 161","STATE":"36","COUNTY":"005"}},{"type":"Feature","geometry":{"type":"Polygon","coordinates":[[[-73.90057,40.83659],[-73.90121,40.8355],[-73.89697,40.83434],[-73.89514,40.83543],[-73.89395,40.83643],[-73.89084,40.83678],[-73.88874,40.83797],[-73.88841,40.83855],[-73.88729,40.83813],[-73.8866,40.83928],[-73.88814,40.83986],[-73.88869,40.83916],[-73.89664,40.8435],[-73.90057,40.83659]]]},"properties":{"GEOID":"36005016300","NAME":"Census Tract 163","STATE":"36","COUNTY":"005"}},{"type":"Feature","geometry":{"type":"Polygon","coordinates":[[[-73.90485,40.84459],[-73.90494,40.84337],[-73.90196,40.84256],[-73.90229,40.84198],[-73.89827,40.84068],[-73.89664,40.8435],[-73.89537,40.8429],[-73.89481,40.84376],[-73.90463,40.84489],[-73.90485,40.84459]]]},"properties":{"GEOID":"36005016500","NAME":"Census Tract 165","STATE":"36","COUNTY":"005"}},{"type":"Feature","geometry":{"type":"Polygon","coordinates":[[[-73.90491,40.82728],[-73.90508,40.82711],[-73.90429,40.82692],[-73.90492,40.82529],[-73.90118,40.82439],[-73.90054,40.82594],[-73.90165,40.82622],[-73.90093,40.82793],[-73.8998,40.82769],[-73.8982,40.82789],[-73.89795,40.82852],[-73.90228,40.82964],[-73.90491,40.82728]]]},"properties":{"GEOID":"36005013500","NAME":"Census Tract 135","STATE":"36","COUNTY":"005"}},{"type":"Feature","geometry":{"type":"Polygon","coordinates":[[[-73.91545,40.82575],[-73.91475,40.8252],[-73.91351,40.8248],[-73.91317,40.82546],[-73.91131,40.82485],[-73.91179,40.82643],[-73.91169,40.82776],[-73.91031,40.82877],[-73.90896,40.83023],[-73.91138,40.83099],[-73.91363,40.82692],[-73.91545,40.82575]]]},"properties":{"GEOID":"36005014300","NAME":"Census Tract 143","STATE":"36","COUNTY":"005"}},{"type":"Feature","geometry":{"type":"Polygon","coordinates":[[[-73.90421,40.83107],[-73.90451,40.83062],[-73.90351,40.83038],[-73.90228,40.82964],[-73.90025,40.83119],[-73.90074,40.83127],[-73.89845,40.83472],[-73.90121,40.8355],[-73.90421,40.83107]]]},"properties":{"GEOID":"36005014900","NAME":"Census Tract 149","STATE":"36","COUNTY":"005"}},{"type":"Feature","geometry":{"type":"Polygon","coordinates":[[[-73.90228,40.82964],[-73.89795,40.82852],[-73.8982,40.82789],[-73.89568,40.82822],[-73.8956,40.82832],[-73.8964,40.82876],[-73.8967,40.83041],[-73.89717,40.83037],[-73.89637,40.83351],[-73.89697,40.83434],[-73.89845,40.83472],[-73.90074,40.83127],[-73.90025,40.83119],[-73.90228,40.82964]]]},"properties":{"GEOID":"36005015100","NAME":"Census Tract 151","STATE":"36","COUNTY":"005"}},{"type":"Feature","geometry":{"type":"Polygon","coordinates":[[[-73.89216,40.83364],[-73.89174,40.83266],[-73.89071,40.83241],[-73.88729,40.83813],[-73.88841,40.83855],[-73.88874,40.83797],[-73.89084,40.83678],[-73.89148,40.83669],[-73.89139,40.83576],[-73.89082,40.83581],[-73.89216,40.83364]]]},"properties":{"GEOID":"36005015500","NAME":"Census Tract 155","STATE":"36","COUNTY":"005"}},{"type":"Feature","geometry":{"type":"Polygon","coordinates":[[[-73.94422,40.78393],[-73.94472,40.78325],[-73.9436,40.78265],[-73.93761,40.78175],[-73.93729,40.78096],[-73.93441,40.77809],[-73.93179,40.77787],[-73.93105,40.77744],[-73.93063,40.77659],[-73.92988,40.77622],[-73.92861,40.77659],[-73.92632,40.77824],[-73.92574,40.7784],[-73.92771,40.78096],[-73.9286,40.78103],[-73.93062,40.78225],[-73.93149,40.78253],[-73.93543,40.78325],[-73.93593,40.78381],[-73.93566,40.78468],[-73.93624,40.78569],[-73.93551,40.7859],[-73.93179,40.79017],[-73.93774,40.79282],[-73.94422,40.78393]]]},"properties":{"GEOID":"36061016200","NAME":"Census Tract 162","STATE":"36","COUNTY":"061"}},{"type":"Feature","geometry":{"type":"Polygon","coordinates":[[[-73.95118,40.7885],[-73.95161,40.78786],[-73.94838,40.7865],[-73.94517,40.79089],[-73.94839,40.79226],[-73.95118,40.7885]]]},"properties":{"GEOID":"36061016600","NAME":"Census Tract 166","STATE":"36","COUNTY":"061"}},{"type":"Feature","geometry":{"type":"Polygon","coordinates":[[[-73.99001,40.79044],[-73.99137,40.78858],[-73.98264,40.78498],[-73.9833,40.78435],[-73.97882,40.78246],[-73.9769,40.7851],[-73.99001,40.79044]]]},"properties":{"GEOID":"36061016700","NAME":"Census Tract 167","STATE":"36","COUNTY":"061"}},{"type":"Feature","geometry":{"type":"Polygon","coordinates":[[[-73.95456,40.78955],[-73.95482,40.78921],[-73.95161,40.78786],[-73.9479,40.79293],[-73.95111,40.79429],[-73.95456,40.78955]]]},"properties":{"GEOID":"36061016800","NAME":"Census Tract 168","STATE":"36","COUNTY":"061"}},{"type":"Feature","geometry":{"type":"Polygon","coordinates":[[[-73.94517,40.79089],[-73.94564,40.79025],[-73.94102,40.78832],[-73.93865,40.79156],[-73.94327,40.79349],[-73.94517,40.79089]]]},"properties":{"GEOID":"36061017000","NAME":"Census Tract 170","STATE":"36","COUNTY":"061"}},{"type":"Feature","geometry":{"type":"Polygon","coordinates":[[[-73.99001,40.79044],[-73.9769,40.7851],[-73.97502,40.78769],[-73.98815,40.79299],[-73.99001,40.79044]]]},"properties":{"GEOID":"36061017100","NAME":"Census Tract 171","STATE":"36","COUNTY":"061"}},{"type":"Feature","geometry":{"type":"Polygon","coordinates":[[[-73.97452,40.78836],[-73.97502,40.78769],[-73.96933,40.78529],[-73.96745,40.78786],[-73.97315,40.79024],[-73.97452,40.78836]]]},"properties":{"GEOID":"36061017300","NAME":"Census Tract 173","STATE":"36","COUNTY":"061"}},{"type":"Feature","geometry":{"type":"Polygon","coordinates":[[[-73.9491,40.79706],[-73.94922,40.79691],[-73.94885,40.7967],[-73.94604,40.79547],[-73.9451,40.79676],[-73.94831,40.79813],[-73.9491,40.79706]]]},"properties":{"GEOID":"36061017402","NAME":"Census Tract 174.02","STATE":"36","COUNTY":"061"}},{"type":"Feature","geometry":{"type":"Polygon","coordinates":[[[-73.98628,40.79556],[-73.98815,40.79299],[-73.97502,40.78769],[-73.97315,40.79024],[-73.98628,40.79556]]]},"properties":{"GEOID":"36061017500","NAME":"Census Tract 175","STATE":"36","COUNTY":"061"}},{"type":"Feature","geometry":{"type":"Polygon","coordinates":[[[-73.97269,40.79087],[-73.97315,40.79024],[-73.96745,40.78786],[-73.96563,40.79037],[-73.97132,40.79275],[-73.97269,40.79087]]]},"properties":{"GEOID":"36061017700","NAME":"Census Tract 177","STATE":"36","COUNTY":"061"}},{"type":"Feature","geometry":{"type":"Polygon","coordinates":[[[-73.93726,40.79347],[-73.93774,40.79282],[-73.93179,40.79017],[-73.93135,40.79079],[-73.93016,40.79131],[-73.92961,40.7914],[-73.92876,40.79104],[-73.92651,40.79087],[-73.92613,40.79135],[-73.92612,40.79158],[-73.92666,40.79193],[-73.92748,40.79194],[-73.92827,40.7923],[-73.92833,40.79316],[-73.92726,40.79488],[-73.92978,40.79616],[-73.93399,40.79793],[-73.93726,40.79347]]]},"properties":{"GEOID":"36061017800","NAME":"Census Tract 178","STATE":"36","COUNTY":"061"}},{"type":"Feature","geometry":{"type":"Polygon","coordinates":[[[-73.97086,40.79338],[-73.97132,40.79275],[-73.96563,40.79037],[-73.96418,40.79236],[-73.96987,40.79474],[-73.97086,40.79338]]]},"properties":{"GEOID":"36061018100","NAME":"Census Tract 181","STATE":"36","COUNTY":"061"}},{"type":"Feature","geometry":{"type":"Polygon","coordinates":[[[-73.94479,40.79719],[-73.9451,40.79676],[-73.94188,40.79541],[-73.9386,40.79988],[-73.94182,40.80124],[-73.94479,40.79719]]]},"properties":{"GEOID":"36061018200","NAME":"Census Tract 182","STATE":"36","COUNTY":"061"}},{"type":"Feature","geometry":{"type":"Polygon","coordinates":[[[-73.89704,40.8168],[-73.89543,40.81585],[-73.89082,40.82031],[-73.89162,40.82099],[-73.89284,40.82097],[-73.89704,40.8168]]]},"properties":{"GEOID":"36005008900","NAME":"Census Tract 89","STATE":"36","COUNTY":"005"}},{"type":"Feature","geometry":{"type":"Polygon","coordinates":[[[-73.93298,40.63956],[-73.9325,40.63495],[-73.92962,40.63512],[-73.92745,40.63526],[-73.92636,40.63691],[-73.92574,40.64001],[-73.93298,40.63956]]]},"properties":{"GEOID":"36047093200","NAME":"Census Tract 932","STATE":"36","COUNTY":"047"}},{"type":"Feature","geometry":{"type":"Polygon","coordinates":[[[-73.86034,40.83329],[-73.86033,40.83313],[-73.85885,40.83267],[-73.84726,40.82931],[-73.84849,40.83452],[-73.86034,40.83329]]]},"properties":{"GEOID":"36005009200","NAME":"Census Tract 92","STATE":"36","COUNTY":"005"}},{"type":"Feature","geometry":{"type":"Polygon","coordinates":[[[-73.89617,40.65797],[-73.89611,40.65775],[-73.89538,40.65772],[-73.89137,40.65236],[-73.88999,40.65114],[-73.88465,40.65345],[-73.88779,40.65768],[-73.88291,40.65978],[-73.88413,40.66143],[-73.88089,40.66283],[-73.88186,40.66415],[-73.89617,40.65797]]]},"properties":{"GEOID":"36047110400","NAME":"Census Tract 1104","STATE":"36","COUNTY":"047"}},{"type":"Feature","geometry":{"type":"Polygon","coordinates":[[[-73.8563,40.82676],[-73.85616,40.82604],[-73.85597,40.82606],[-73.85514,40.82244],[-73.8429,40.82408],[-73.84392,40.82845],[-73.84526,40.82846],[-73.847,40.828],[-73.8563,40.82676]]]},"properties":{"GEOID":"36005009800","NAME":"Census Tract 98","STATE":"36","COUNTY":"005"}},{"type":"Feature","geometry":{"type":"Polygon","coordinates":[[[-74.01989,40.61866],[-74.02053,40.61806],[-74.01612,40.61538],[-74.012,40.61935],[-74.01641,40.62201],[-74.01989,40.61866]]]},"properties":{"GEOID":"36047016600","NAME":"Census Tract 166","STATE":"36","COUNTY":"047"}},{"type":"Feature","geometry":{"type":"Polygon","coordinates":[[[-73.88553,40.70645],[-73.88375,40.7017],[-73.87917,40.70208],[-73.88088,40.70619],[-73.88123,40.70637],[-73.88553,40.70645]]]},"properties":{"GEOID":"36081062500","NAME":"Census Tract 625","STATE":"36","COUNTY":"081"}},{"type":"Feature","geometry":{"type":"Polygon","coordinates":[[[-73.85025,40.72966],[-73.84939,40.72906],[-73.84888,40.72703],[-73.84808,40.72573],[-73.84393,40.72697],[-73.84478,40.72856],[-73.84571,40.7295],[-73.84599,40.73095],[-73.85025,40.72966]]]},"properties":{"GEOID":"36081074100","NAME":"Census Tract 741","STATE":"36","COUNTY":"081"}},{"type":"Feature","geometry":{"type":"Polygon","coordinates":[[[-73.81622,40.75747],[-73.81534,40.75543],[-73.81353,40.75425],[-73.81048,40.75421],[-73.8098,40.75919],[-73.81622,40.75747]]]},"properties":{"GEOID":"36081118900","NAME":"Census Tract 1189","STATE":"36","COUNTY":"081"}},{"type":"Feature","geometry":{"type":"Polygon","coordinates":[[[-73.84156,40.7011],[-73.84028,40.70094],[-73.83892,40.69843],[-73.83805,40.69869],[-73.83717,40.69687],[-73.83484,40.69827],[-73.83655,40.70171],[-73.83742,40.70145],[-73.83807,40.70272],[-73.83741,40.70322],[-73.83662,40.70342],[-73.83696,40.70421],[-73.83948,40.70269],[-73.84156,40.7011]]]},"properties":{"GEOID":"36081013000","NAME":"Census Tract 130","STATE":"36","COUNTY":"081"}},{"type":"Feature","geometry":{"type":"Polygon","coordinates":[[[-73.90895,40.7716],[-73.90533,40.76904],[-73.90319,40.77082],[-73.90679,40.77337],[-73.90895,40.7716]]]},"properties":{"GEOID":"36081011900","NAME":"Census Tract 119","STATE":"36","COUNTY":"081"}},{"type":"Feature","geometry":{"type":"Polygon","coordinates":[[[-73.87895,40.76198],[-73.87793,40.75634],[-73.87514,40.75663],[-73.87601,40.76144],[-73.87895,40.76198]]]},"properties":{"GEOID":"36081035100","NAME":"Census Tract 351","STATE":"36","COUNTY":"081"}},{"type":"Feature","geometry":{"type":"Polygon","coordinates":[[[-73.84294,40.70055],[-73.84035,40.69538],[-73.83879,40.69585],[-73.83717,40.69687],[-73.83805,40.69869],[-73.83892,40.69843],[-73.84028,40.70094],[-73.84156,40.7011],[-73.84294,40.70055]]]},"properties":{"GEOID":"36081012800","NAME":"Census Tract 128","STATE":"36","COUNTY":"081"}},{"type":"Feature","geometry":{"type":"Polygon","coordinates":[[[-73.91551,40.70563],[-73.91181,40.70343],[-73.90973,40.70547],[-73.91344,40.70766],[-73.91551,40.70563]]]},"properties":{"GEOID":"36081054500","NAME":"Census Tract 545","STATE":"36","COUNTY":"081"}},{"type":"Feature","geometry":{"type":"Polygon","coordinates":[[[-73.9129,40.70236],[-73.91068,40.70105],[-73.90635,40.70528],[-73.90784,40.70616],[-73.90899,40.70503],[-73.90973,40.70547],[-73.9129,40.70236]]]},"properties":{"GEOID":"36081054700","NAME":"Census Tract 547","STATE":"36","COUNTY":"081"}},{"type":"Feature","geometry":{"type":"Polygon","coordinates":[[[-73.84758,40.68158],[-73.84787,40.68149],[-73.84365,40.68046],[-73.83952,40.67996],[-73.83992,40.68119],[-73.84019,40.68114],[-73.8412,40.68335],[-73.84758,40.68158]]]},"properties":{"GEOID":"36081004002","NAME":"Census Tract 40.02","STATE":"36","COUNTY":"081"}},{"type":"Feature","geometry":{"type":"Polygon","coordinates":[[[-73.91132,40.71962],[-73.90943,40.71758],[-73.90696,40.7173],[-73.9021,40.718],[-73.90229,40.71868],[-73.90262,40.71862],[-73.90324,40.71912],[-73.90346,40.71992],[-73.9041,40.72103],[-73.90492,40.72052],[-73.9083,40.72046],[-73.91132,40.71962]]]},"properties":{"GEOID":"36081052500","NAME":"Census Tract 525","STATE":"36","COUNTY":"081"}},{"type":"Feature","geometry":{"type":"Polygon","coordinates":[[[-73.87357,40.73812],[-73.87266,40.73574],[-73.87009,40.73652],[-73.8661,40.73725],[-73.86704,40.73957],[-73.87357,40.73812]]]},"properties":{"GEOID":"36081045700","NAME":"Census Tract 457","STATE":"36","COUNTY":"081"}},{"type":"Feature","geometry":{"type":"Polygon","coordinates":[[[-73.86872,40.69462],[-73.86806,40.69118],[-73.86331,40.69196],[-73.86456,40.69552],[-73.86872,40.69462]]]},"properties":{"GEOID":"36081000200","NAME":"Census Tract 2","STATE":"36","COUNTY":"081"}},{"type":"Feature","geometry":{"type":"Polygon","coordinates":[[[-73.92805,40.76005],[-73.92166,40.75705],[-73.9198,40.75935],[-73.92619,40.76235],[-73.92805,40.76005]]]},"properties":{"GEOID":"36081005900","NAME":"Census Tract 59","STATE":"36","COUNTY":"081"}},{"type":"Feature","geometry":{"type":"Polygon","coordinates":[[[-73.9145,40.76586],[-73.91051,40.76398],[-73.90849,40.76645],[-73.91168,40.76796],[-73.91094,40.76885],[-73.91194,40.76901],[-73.9145,40.76586]]]},"properties":{"GEOID":"36081014300","NAME":"Census Tract 143","STATE":"36","COUNTY":"081"}},{"type":"Feature","geometry":{"type":"Polygon","coordinates":[[[-73.90099,40.70245],[-73.9002,40.7005],[-73.89439,40.70078],[-73.89569,40.70396],[-73.90099,40.70245]]]},"properties":{"GEOID":"36081058300","NAME":"Census Tract 583","STATE":"36","COUNTY":"081"}},{"type":"Feature","geometry":{"type":"Polygon","coordinates":[[[-73.85705,40.73251],[-73.85523,40.72897],[-73.85251,40.72978],[-73.85213,40.72913],[-73.85133,40.72961],[-73.85025,40.72966],[-73.85079,40.73029],[-73.85252,40.73362],[-73.8547,40.73283],[-73.85705,40.73251]]]},"properties":{"GEOID":"36081072100","NAME":"Census Tract 721","STATE":"36","COUNTY":"081"}},{"type":"Feature","geometry":{"type":"Polygon","coordinates":[[[-73.92838,40.76694],[-73.92856,40.76671],[-73.92425,40.76472],[-73.92219,40.76727],[-73.92647,40.76927],[-73.92838,40.76694]]]},"properties":{"GEOID":"36081007300","NAME":"Census Tract 73","STATE":"36","COUNTY":"081"}},{"type":"Feature","geometry":{"type":"Polygon","coordinates":[[[-73.86335,40.67935],[-73.86328,40.67907],[-73.86235,40.67916],[-73.86132,40.67502],[-73.85825,40.67414],[-73.85649,40.67338],[-73.85647,40.67472],[-73.85767,40.67874],[-73.85717,40.67897],[-73.8568,40.67951],[-73.8582,40.67943],[-73.85879,40.68063],[-73.86335,40.67935]]]},"properties":{"GEOID":"36081004401","NAME":"Census Tract 44.01","STATE":"36","COUNTY":"081"}},{"type":"Feature","geometry":{"type":"Polygon","coordinates":[[[-73.88876,40.75334],[-73.88765,40.74724],[-73.88579,40.74744],[-73.88654,40.75159],[-73.88561,40.75169],[-73.8863,40.75546],[-73.88816,40.75527],[-73.88782,40.75344],[-73.88876,40.75334]]]},"properties":{"GEOID":"36081028500","NAME":"Census Tract 285","STATE":"36","COUNTY":"081"}},{"type":"Feature","geometry":{"type":"Polygon","coordinates":[[[-73.81201,40.70595],[-73.81163,40.70305],[-73.80565,40.70467],[-73.80695,40.70737],[-73.81201,40.70595]]]},"properties":{"GEOID":"36081023800","NAME":"Census Tract 238","STATE":"36","COUNTY":"081"}},{"type":"Feature","geometry":{"type":"Polygon","coordinates":[[[-73.90642,40.74564],[-73.90369,40.74491],[-73.90076,40.75147],[-73.90087,40.75206],[-73.90357,40.75184],[-73.90642,40.74564]]]},"properties":{"GEOID":"36081025900","NAME":"Census Tract 259","STATE":"36","COUNTY":"081"}},{"type":"Feature","geometry":{"type":"Polygon","coordinates":[[[-73.85325,40.77826],[-73.8605,40.77898],[-73.8529,40.77546],[-73.85264,40.77208],[-73.84886,40.77201],[-73.8488,40.77321],[-73.8446,40.77306],[-73.84454,40.77439],[-73.84362,40.77436],[-73.84339,40.77861],[-73.83976,40.77862],[-73.8396,40.78169],[-73.84141,40.78169],[-73.8415,40.78015],[-73.84933,40.78014],[-73.84955,40.77909],[-73.85325,40.77826]]]},"properties":{"GEOID":"36081091900","NAME":"Census Tract 919","STATE":"36","COUNTY":"081"}},{"type":"Feature","geometry":{"type":"Polygon","coordinates":[[[-73.87135,40.76233],[-73.87041,40.75713],[-73.86746,40.75744],[-73.86826,40.76181],[-73.87135,40.76233]]]},"properties":{"GEOID":"36081036300","NAME":"Census Tract 363","STATE":"36","COUNTY":"081"}},{"type":"Feature","geometry":{"type":"Polygon","coordinates":[[[-73.87132,40.75704],[-73.87069,40.75356],[-73.86603,40.75455],[-73.86657,40.75754],[-73.87132,40.75704]]]},"properties":{"GEOID":"36081037700","NAME":"Census Tract 377","STATE":"36","COUNTY":"081"}},{"type":"Feature","geometry":{"type":"Polygon","coordinates":[[[-73.87472,40.73467],[-73.86904,40.73285],[-73.86458,40.73419],[-73.8661,40.73725],[-73.8721,40.73599],[-73.87472,40.73467]]]},"properties":{"GEOID":"36081068300","NAME":"Census Tract 683","STATE":"36","COUNTY":"081"}},{"type":"Feature","geometry":{"type":"Polygon","coordinates":[[[-73.96284,40.69804],[-73.95702,40.69897],[-73.95746,40.70082],[-73.96034,40.70344],[-73.96192,40.70085],[-73.96284,40.69804]]]},"properties":{"GEOID":"36047053700","NAME":"Census Tract 537","STATE":"36","COUNTY":"047"}},{"type":"Feature","geometry":{"type":"Polygon","coordinates":[[[-73.96994,40.70931],[-73.96985,40.70799],[-73.96928,40.70693],[-73.96839,40.70683],[-73.96328,40.70773],[-73.96274,40.70769],[-73.96241,40.70935],[-73.96961,40.71016],[-73.96994,40.70931]]]},"properties":{"GEOID":"36047054700","NAME":"Census Tract 547","STATE":"36","COUNTY":"047"}},{"type":"Feature","geometry":{"type":"Polygon","coordinates":[[[-73.95071,40.61125],[-73.94984,40.60667],[-73.94513,40.60718],[-73.9456,40.60964],[-73.94841,40.60933],[-73.94931,40.61403],[-73.95026,40.61392],[-73.94978,40.61137],[-73.95071,40.61125]]]},"properties":{"GEOID":"36047054800","NAME":"Census Tract 548","STATE":"36","COUNTY":"047"}},{"type":"Feature","geometry":{"type":"Polygon","coordinates":[[[-73.9652,40.70262],[-73.96218,40.70022],[-73.96034,40.70344],[-73.96185,40.70479],[-73.9652,40.70262]]]},"properties":{"GEOID":"36047053900","NAME":"Census Tract 539","STATE":"36","COUNTY":"047"}},{"type":"Feature","geometry":{"type":"Polygon","coordinates":[[[-73.98065,40.70156],[-73.98073,40.70127],[-73.98046,40.70085],[-73.98054,40.69825],[-73.96488,40.69771],[-73.96284,40.69804],[-73.96218,40.70022],[-73.96721,40.70426],[-73.96839,40.70683],[-73.96928,40.70693],[-73.96961,40.70763],[-73.97032,40.70733],[-73.97279,40.70938],[-73.97502,40.70774],[-73.97907,40.70596],[-73.97937,40.70544],[-73.97917,40.70528],[-73.97933,40.70475],[-73.98022,40.70306],[-73.98034,40.70266],[-73.98014,40.70239],[-73.98051,40.70205],[-73.98065,40.70156]]]},"properties":{"GEOID":"36047054300","NAME":"Census Tract 543","STATE":"36","COUNTY":"047"}},{"type":"Feature","geometry":{"type":"Polygon","coordinates":[[[-73.9592,40.61566],[-73.95958,40.61562],[-73.95859,40.6104],[-73.9548,40.61082],[-73.95579,40.61604],[-73.9592,40.61566]]]},"properties":{"GEOID":"36047054400","NAME":"Census Tract 544","STATE":"36","COUNTY":"047"}},{"type":"Feature","geometry":{"type":"Polygon","coordinates":[[[-73.96913,40.71214],[-73.96961,40.71016],[-73.96241,40.70935],[-73.96229,40.70992],[-73.96142,40.71135],[-73.96742,40.7133],[-73.96773,40.71259],[-73.96847,40.713],[-73.96905,40.71248],[-73.96913,40.71214]]]},"properties":{"GEOID":"36047054900","NAME":"Census Tract 549","STATE":"36","COUNTY":"047"}},{"type":"Feature","geometry":{"type":"Polygon","coordinates":[[[-73.99943,40.61763],[-73.99949,40.61741],[-73.99717,40.616],[-73.99388,40.61916],[-73.9983,40.62162],[-73.99943,40.61763]]]},"properties":{"GEOID":"36047026200","NAME":"Census Tract 262","STATE":"36","COUNTY":"047"}},{"type":"Feature","geometry":{"type":"Polygon","coordinates":[[[-73.94819,40.69024],[-73.94775,40.68804],[-73.94208,40.6887],[-73.94252,40.69089],[-73.94819,40.69024]]]},"properties":{"GEOID":"36047026300","NAME":"Census Tract 263","STATE":"36","COUNTY":"047"}},{"type":"Feature","geometry":{"type":"Polygon","coordinates":[[[-74.00084,40.61262],[-74.00091,40.61239],[-73.99958,40.61367],[-73.99717,40.61221],[-73.99365,40.61569],[-73.996,40.61711],[-73.99717,40.616],[-73.99949,40.61741],[-74.00084,40.61262]]]},"properties":{"GEOID":"36047026400","NAME":"Census Tract 264","STATE":"36","COUNTY":"047"}},{"type":"Feature","geometry":{"type":"Polygon","coordinates":[[[-73.9948,40.61456],[-73.99537,40.614],[-73.99334,40.61277],[-73.99276,40.61333],[-73.98613,40.60933],[-73.98496,40.61045],[-73.99365,40.61569],[-73.9948,40.61456]]]},"properties":{"GEOID":"36047026600","NAME":"Census Tract 266","STATE":"36","COUNTY":"047"}},{"type":"Feature","geometry":{"type":"Polygon","coordinates":[[[-73.94716,40.68511],[-73.94658,40.68218],[-73.94091,40.68283],[-73.94149,40.68576],[-73.94716,40.68511]]]},"properties":{"GEOID":"36047026700","NAME":"Census Tract 267","STATE":"36","COUNTY":"047"}},{"type":"Feature","geometry":{"type":"Polygon","coordinates":[[[-73.99252,40.60668],[-73.9931,40.60612],[-73.98864,40.60342],[-73.98685,40.6051],[-73.98913,40.60646],[-73.98855,40.607],[-73.99078,40.60835],[-73.99252,40.60668]]]},"properties":{"GEOID":"36047027000","NAME":"Census Tract 270","STATE":"36","COUNTY":"047"}},{"type":"Feature","geometry":{"type":"Polygon","coordinates":[[[-73.99692,40.60933],[-73.9975,40.60878],[-73.9931,40.60612],[-73.99078,40.60835],[-73.98855,40.607],[-73.98796,40.60757],[-73.99239,40.61024],[-73.99472,40.608],[-73.99692,40.60933]]]},"properties":{"GEOID":"36047027200","NAME":"Census Tract 272","STATE":"36","COUNTY":"047"}},{"type":"Feature","geometry":{"type":"Polygon","coordinates":[[[-73.99774,40.61165],[-73.99831,40.61108],[-73.99634,40.60989],[-73.99692,40.60933],[-73.99472,40.608],[-73.99239,40.61024],[-73.9946,40.61157],[-73.99334,40.61277],[-73.99537,40.614],[-73.99774,40.61165]]]},"properties":{"GEOID":"36047027400","NAME":"Census Tract 274","STATE":"36","COUNTY":"047"}},{"type":"Feature","geometry":{"type":"Polygon","coordinates":[[[-73.94135,40.68503],[-73.94077,40.6821],[-73.93501,40.68276],[-73.93559,40.6857],[-73.94135,40.68503]]]},"properties":{"GEOID":"36047027500","NAME":"Census Tract 275","STATE":"36","COUNTY":"047"}},{"type":"Feature","geometry":{"type":"Polygon","coordinates":[[[-74.00266,40.60957],[-74.00093,40.60864],[-73.99945,40.60995],[-73.9975,40.60878],[-73.99634,40.60989],[-73.99831,40.61108],[-73.99717,40.61221],[-73.99958,40.61367],[-74.00091,40.61239],[-74.00135,40.6109],[-74.00266,40.60957]]]},"properties":{"GEOID":"36047027600","NAME":"Census Tract 276","STATE":"36","COUNTY":"047"}},{"type":"Feature","geometry":{"type":"Polygon","coordinates":[[[-73.94193,40.68796],[-73.94135,40.68503],[-73.93559,40.6857],[-73.93617,40.68863],[-73.94193,40.68796]]]},"properties":{"GEOID":"36047027700","NAME":"Census Tract 277","STATE":"36","COUNTY":"047"}},{"type":"Feature","geometry":{"type":"Polygon","coordinates":[[[-74.00493,40.60508],[-74.00263,40.60385],[-73.9975,40.60878],[-73.99945,40.60995],[-74.00493,40.60508]]]},"properties":{"GEOID":"36047027800","NAME":"Census Tract 278","STATE":"36","COUNTY":"047"}},{"type":"Feature","geometry":{"type":"Polygon","coordinates":[[[-73.92429,40.69077],[-73.92439,40.69083],[-73.92325,40.68561],[-73.91785,40.68623],[-73.91805,40.68721],[-73.92429,40.69077]]]},"properties":{"GEOID":"36047037500","NAME":"Census Tract 375","STATE":"36","COUNTY":"047"}},{"type":"Feature","geometry":{"type":"Polygon","coordinates":[[[-73.9431,40.69382],[-73.94252,40.69089],[-73.93676,40.69156],[-73.93734,40.69449],[-73.9431,40.69382]]]},"properties":{"GEOID":"36047028100","NAME":"Census Tract 281","STATE":"36","COUNTY":"047"}},{"type":"Feature","geometry":{"type":"Polygon","coordinates":[[[-74.00263,40.60385],[-74.00032,40.60262],[-73.9953,40.60744],[-73.9975,40.60878],[-74.00263,40.60385]]]},"properties":{"GEOID":"36047028400","NAME":"Census Tract 284","STATE":"36","COUNTY":"047"}},{"type":"Feature","geometry":{"type":"Polygon","coordinates":[[[-73.94395,40.69822],[-73.94353,40.69603],[-73.93779,40.69669],[-73.93818,40.69864],[-73.93857,40.69885],[-73.94395,40.69822]]]},"properties":{"GEOID":"36047028502","NAME":"Census Tract 285.02","STATE":"36","COUNTY":"047"}},{"type":"Feature","geometry":{"type":"Polygon","coordinates":[[[-74.00819,40.59542],[-74.00619,40.59436],[-74.00412,40.59647],[-74.00269,40.59704],[-74.00169,40.59786],[-73.99782,40.60158],[-74.00002,40.60291],[-74.00532,40.59776],[-74.00819,40.59542]]]},"properties":{"GEOID":"36047028600","NAME":"Census Tract 286","STATE":"36","COUNTY":"047"}},{"type":"Feature","geometry":{"type":"Polygon","coordinates":[[[-73.93818,40.69864],[-73.9372,40.69375],[-73.93135,40.69442],[-73.93146,40.69486],[-73.93818,40.69864]]]},"properties":{"GEOID":"36047028700","NAME":"Census Tract 287","STATE":"36","COUNTY":"047"}},{"type":"Feature","geometry":{"type":"Polygon","coordinates":[[[-74.00002,40.60291],[-73.99782,40.60158],[-73.9931,40.60612],[-73.9953,40.60744],[-74.00002,40.60291]]]},"properties":{"GEOID":"36047028800","NAME":"Census Tract 288","STATE":"36","COUNTY":"047"}},{"type":"Feature","geometry":{"type":"Polygon","coordinates":[[[-73.99782,40.60158],[-73.99559,40.60023],[-73.99087,40.60477],[-73.9931,40.60612],[-73.99782,40.60158]]]},"properties":{"GEOID":"36047029000","NAME":"Census Tract 290","STATE":"36","COUNTY":"047"}},{"type":"Feature","geometry":{"type":"Polygon","coordinates":[[[-73.93676,40.69156],[-73.93617,40.68863],[-73.93033,40.6893],[-73.93091,40.69223],[-73.93676,40.69156]]]},"properties":{"GEOID":"36047029100","NAME":"Census Tract 291","STATE":"36","COUNTY":"047"}},{"type":"Feature","geometry":{"type":"Polygon","coordinates":[[[-73.91698,40.68183],[-73.9163,40.67858],[-73.9108,40.67828],[-73.91166,40.68245],[-73.91698,40.68183]]]},"properties":{"GEOID":"36047037100","NAME":"Census Tract 371","STATE":"36","COUNTY":"047"}},{"type":"Feature","geometry":{"type":"Polygon","coordinates":[[[-73.91805,40.68721],[-73.91698,40.68183],[-73.91166,40.68245],[-73.91181,40.68318],[-73.91151,40.68351],[-73.91805,40.68721]]]},"properties":{"GEOID":"36047037300","NAME":"Census Tract 373","STATE":"36","COUNTY":"047"}},{"type":"Feature","geometry":{"type":"Polygon","coordinates":[[[-74.00619,40.59436],[-74.00578,40.59414],[-74.00456,40.59175],[-73.99559,40.60023],[-73.99782,40.60158],[-74.00169,40.59786],[-74.00269,40.59704],[-74.00412,40.59647],[-74.00619,40.59436]]]},"properties":{"GEOID":"36047029200","NAME":"Census Tract 292","STATE":"36","COUNTY":"047"}},{"type":"Feature","geometry":{"type":"Polygon","coordinates":[[[-73.93617,40.68863],[-73.93559,40.6857],[-73.92975,40.68637],[-73.93033,40.6893],[-73.93617,40.68863]]]},"properties":{"GEOID":"36047029300","NAME":"Census Tract 293","STATE":"36","COUNTY":"047"}},{"type":"Feature","geometry":{"type":"Polygon","coordinates":[[[-73.93501,40.68276],[-73.93435,40.67956],[-73.92906,40.67928],[-73.92864,40.67977],[-73.92854,40.68035],[-73.92916,40.68344],[-73.93501,40.68276]]]},"properties":{"GEOID":"36047029700","NAME":"Census Tract 297","STATE":"36","COUNTY":"047"}},{"type":"Feature","geometry":{"type":"Polygon","coordinates":[[[-73.99097,40.60118],[-73.9916,40.60058],[-73.98527,40.59674],[-73.98685,40.6051],[-73.99097,40.60118]]]},"properties":{"GEOID":"36047029800","NAME":"Census Tract 298","STATE":"36","COUNTY":"047"}},{"type":"Feature","geometry":{"type":"Polygon","coordinates":[[[-73.93032,40.67754],[-73.92182,40.67702],[-73.92165,40.67887],[-73.92906,40.67928],[-73.93003,40.6783],[-73.93032,40.67754]]]},"properties":{"GEOID":"36047029900","NAME":"Census Tract 299","STATE":"36","COUNTY":"047"}},{"type":"Feature","geometry":{"type":"Polygon","coordinates":[[[-73.99336,40.59889],[-73.98468,40.59366],[-73.98527,40.59674],[-73.98939,40.59926],[-73.9916,40.60058],[-73.99336,40.59889]]]},"properties":{"GEOID":"36047030000","NAME":"Census Tract 300","STATE":"36","COUNTY":"047"}},{"type":"Feature","geometry":{"type":"Polygon","coordinates":[[[-73.98784,40.65982],[-73.98843,40.65925],[-73.9818,40.65525],[-73.98071,40.64952],[-73.97635,40.65122],[-73.97796,40.65394],[-73.9776,40.65408],[-73.97804,40.65475],[-73.98637,40.65982],[-73.98695,40.66037],[-73.9873,40.66044],[-73.98784,40.65982]]]},"properties":{"GEOID":"36047150200","NAME":"Census Tract 1502","STATE":"36","COUNTY":"047"}},{"type":"Feature","geometry":{"type":"Polygon","coordinates":[[[-73.92823,40.80385],[-73.92725,40.80256],[-73.92302,40.80242],[-73.92174,40.80169],[-73.92036,40.79967],[-73.91881,40.79885],[-73.9139,40.79684],[-73.91141,40.79669],[-73.90853,40.79909],[-73.90458,40.80311],[-73.90371,40.80381],[-73.90247,40.80438],[-73.90218,40.80488],[-73.90307,40.80988],[-73.90635,40.8075],[-73.90913,40.80617],[-73.90547,40.80393],[-73.90605,40.80337],[-73.90836,40.80467],[-73.91324,40.79994],[-73.92576,40.80522],[-73.92823,40.80385]]]},"properties":{"GEOID":"36005001903","NAME":"Census Tract 19.03","STATE":"36","COUNTY":"005"}},{"type":"Feature","geometry":{"type":"Polygon","coordinates":[[[-73.8705,40.82036],[-73.86954,40.81614],[-73.86865,40.81622],[-73.86894,40.81514],[-73.86773,40.81422],[-73.86522,40.81453],[-73.8662,40.81875],[-73.86716,40.81862],[-73.86766,40.82075],[-73.8705,40.82036]]]},"properties":{"GEOID":"36005002001","NAME":"Census Tract 20.01","STATE":"36","COUNTY":"005"}},{"type":"Feature","geometry":{"type":"Polygon","coordinates":[[[-73.86766,40.82075],[-73.86716,40.81862],[-73.8662,40.81875],[-73.86522,40.81453],[-73.86148,40.81503],[-73.86246,40.81925],[-73.86431,40.819],[-73.86451,40.81985],[-73.86575,40.82101],[-73.86766,40.82075]]]},"properties":{"GEOID":"36005002002","NAME":"Census Tract 20.02","STATE":"36","COUNTY":"005"}},{"type":"Feature","geometry":{"type":"Polygon","coordinates":[[[-73.91169,40.82776],[-73.91179,40.82643],[-73.91131,40.82485],[-73.90871,40.82407],[-73.90657,40.82945],[-73.90896,40.83023],[-73.91031,40.82877],[-73.91169,40.82776]]]},"properties":{"GEOID":"36005018501","NAME":"Census Tract 185.01","STATE":"36","COUNTY":"005"}},{"type":"Feature","geometry":{"type":"Polygon","coordinates":[[[-73.91362,40.79679],[-73.91246,40.7961],[-73.89987,40.79245],[-73.8925,40.80121],[-73.89574,40.80263],[-73.90218,40.80488],[-73.90247,40.80438],[-73.90371,40.80381],[-73.90458,40.80311],[-73.90853,40.79909],[-73.91141,40.79669],[-73.91362,40.79679]]]},"properties":{"GEOID":"36005001904","NAME":"Census Tract 19.04","STATE":"36","COUNTY":"005"}},{"type":"Feature","geometry":{"type":"Polygon","coordinates":[[[-73.93306,40.82816],[-73.9324,40.82119],[-73.93226,40.818],[-73.9324,40.81415],[-73.93028,40.81326],[-73.92886,40.81488],[-73.92664,40.82],[-73.92628,40.82067],[-73.92513,40.82194],[-73.9243,40.82391],[-73.92267,40.82685],[-73.92593,40.82781],[-73.92715,40.82572],[-73.93074,40.82701],[-73.93096,40.82834],[-73.93306,40.82816]]]},"properties":{"GEOID":"36005006301","NAME":"Census Tract 63.01","STATE":"36","COUNTY":"005"}},{"type":"Feature","geometry":{"type":"Polygon","coordinates":[[[-73.88175,40.76171],[-73.88072,40.75605],[-73.87793,40.75634],[-73.87895,40.76198],[-73.88175,40.76171]]]},"properties":{"GEOID":"36081033900","NAME":"Census Tract 339","STATE":"36","COUNTY":"081"}},{"type":"Feature","geometry":{"type":"Polygon","coordinates":[[[-73.86791,40.74493],[-73.86749,40.7433],[-73.86756,40.74168],[-73.86241,40.74289],[-73.86342,40.74478],[-73.86437,40.74508],[-73.86407,40.74607],[-73.86791,40.74493]]]},"properties":{"GEOID":"36081041100","NAME":"Census Tract 411","STATE":"36","COUNTY":"081"}},{"type":"Feature","geometry":{"type":"Polygon","coordinates":[[[-73.86026,40.74707],[-73.85887,40.7444],[-73.85292,40.74617],[-73.85442,40.74881],[-73.86026,40.74707]]]},"properties":{"GEOID":"36081041500","NAME":"Census Tract 415","STATE":"36","COUNTY":"081"}},{"type":"Feature","geometry":{"type":"Polygon","coordinates":[[[-73.85887,40.7444],[-73.85868,40.74403],[-73.8568,40.74386],[-73.85495,40.74333],[-73.85323,40.74175],[-73.85012,40.74072],[-73.85292,40.74617],[-73.85887,40.7444]]]},"properties":{"GEOID":"36081042700","NAME":"Census Tract 427","STATE":"36","COUNTY":"081"}},{"type":"Feature","geometry":{"type":"Polygon","coordinates":[[[-73.96103,40.59616],[-73.96068,40.5916],[-73.95608,40.5921],[-73.95693,40.59661],[-73.96103,40.59616]]]},"properties":{"GEOID":"36047058400","NAME":"Census Tract 584","STATE":"36","COUNTY":"047"}},{"type":"Feature","geometry":{"type":"Polygon","coordinates":[[[-73.99991,40.67404],[-73.99862,40.67183],[-73.99601,40.67499],[-73.99558,40.67514],[-73.99527,40.67578],[-73.99398,40.67617],[-73.9908,40.67578],[-73.98944,40.67746],[-73.98939,40.67828],[-73.99259,40.67952],[-73.99278,40.67923],[-73.99489,40.6802],[-73.99465,40.68054],[-73.99653,40.68106],[-73.99991,40.67404]]]},"properties":{"GEOID":"36047007700","NAME":"Census Tract 77","STATE":"36","COUNTY":"047"}},{"type":"Feature","geometry":{"type":"Polygon","coordinates":[[[-73.97658,40.62757],[-73.97623,40.62598],[-73.97092,40.62657],[-73.97157,40.62999],[-73.97658,40.62757]]]},"properties":{"GEOID":"36047046201","NAME":"Census Tract 462.01","STATE":"36","COUNTY":"047"}},{"type":"Feature","geometry":{"type":"Polygon","coordinates":[[[-73.90798,40.67736],[-73.90809,40.67619],[-73.90253,40.67588],[-73.89999,40.6769],[-73.90549,40.68004],[-73.90783,40.67812],[-73.90798,40.67736]]]},"properties":{"GEOID":"36047036700","NAME":"Census Tract 367","STATE":"36","COUNTY":"047"}},{"type":"Feature","geometry":{"type":"Polygon","coordinates":[[[-74.03089,40.63828],[-74.03127,40.63736],[-74.02866,40.63655],[-74.0278,40.63862],[-74.02626,40.64013],[-74.02908,40.64127],[-74.0289,40.64115],[-74.02907,40.64097],[-74.02885,40.6408],[-74.0291,40.64081],[-74.03032,40.63965],[-74.03089,40.63828]]]},"properties":{"GEOID":"36047003000","NAME":"Census Tract 30","STATE":"36","COUNTY":"047"}},{"type":"Feature","geometry":{"type":"Polygon","coordinates":[[[-73.93053,40.67504],[-73.93061,40.67415],[-73.92213,40.67368],[-73.92182,40.67702],[-73.93032,40.67748],[-73.93053,40.67504]]]},"properties":{"GEOID":"36047030700","NAME":"Census Tract 307","STATE":"36","COUNTY":"047"}},{"type":"Feature","geometry":{"type":"Polygon","coordinates":[[[-73.92171,40.67812],[-73.92182,40.67702],[-73.91093,40.67635],[-73.9108,40.67828],[-73.92165,40.67887],[-73.92171,40.67812]]]},"properties":{"GEOID":"36047030100","NAME":"Census Tract 301","STATE":"36","COUNTY":"047"}},{"type":"Feature","geometry":{"type":"Polygon","coordinates":[[[-73.94161,40.67564],[-73.94169,40.67475],[-73.93889,40.6746],[-73.93884,40.67549],[-73.93608,40.67533],[-73.93586,40.67782],[-73.94137,40.67809],[-73.94161,40.67564]]]},"properties":{"GEOID":"36047031100","NAME":"Census Tract 311","STATE":"36","COUNTY":"047"}},{"type":"Feature","geometry":{"type":"Polygon","coordinates":[[[-73.92325,40.68561],[-73.92254,40.68194],[-73.91712,40.68257],[-73.91785,40.68623],[-73.92325,40.68561]]]},"properties":{"GEOID":"36047037700","NAME":"Census Tract 377","STATE":"36","COUNTY":"047"}},{"type":"Feature","geometry":{"type":"Polygon","coordinates":[[[-73.92254,40.68194],[-73.92183,40.67895],[-73.9163,40.67858],[-73.91712,40.68257],[-73.92254,40.68194]]]},"properties":{"GEOID":"36047037900","NAME":"Census Tract 379","STATE":"36","COUNTY":"047"}},{"type":"Feature","geometry":{"type":"Polygon","coordinates":[[[-73.91392,40.67413],[-73.914,40.67324],[-73.91122,40.67315],[-73.91108,40.67476],[-73.90831,40.6746],[-73.90809,40.67619],[-73.9137,40.6765],[-73.91392,40.67413]]]},"properties":{"GEOID":"36047036501","NAME":"Census Tract 365.01","STATE":"36","COUNTY":"047"}},{"type":"Feature","geometry":{"type":"Polygon","coordinates":[[[-73.91122,40.67315],[-73.90925,40.67295],[-73.90253,40.67588],[-73.90809,40.67619],[-73.90831,40.6746],[-73.91108,40.67476],[-73.91122,40.67315]]]},"properties":{"GEOID":"36047036502","NAME":"Census Tract 365.02","STATE":"36","COUNTY":"047"}},{"type":"Feature","geometry":{"type":"Polygon","coordinates":[[[-73.91181,40.68318],[-73.9108,40.67828],[-73.91093,40.67635],[-73.90809,40.67619],[-73.90783,40.67812],[-73.90549,40.68004],[-73.91151,40.68351],[-73.91181,40.68318]]]},"properties":{"GEOID":"36047036900","NAME":"Census Tract 369","STATE":"36","COUNTY":"047"}},{"type":"Feature","geometry":{"type":"Polygon","coordinates":[[[-73.98464,40.59355],[-73.9838,40.58904],[-73.97848,40.58965],[-73.9783,40.59123],[-73.97876,40.59282],[-73.98071,40.594],[-73.98464,40.59355]]]},"properties":{"GEOID":"36047038200","NAME":"Census Tract 382","STATE":"36","COUNTY":"047"}},{"type":"Feature","geometry":{"type":"Polygon","coordinates":[[[-73.98024,40.59405],[-73.98071,40.594],[-73.9777,40.59218],[-73.97751,40.59114],[-73.97557,40.58995],[-73.97115,40.59044],[-73.97178,40.59376],[-73.97541,40.59412],[-73.97535,40.59458],[-73.98024,40.59405]]]},"properties":{"GEOID":"36047038600","NAME":"Census Tract 386","STATE":"36","COUNTY":"047"}},{"type":"Feature","geometry":{"type":"Polygon","coordinates":[[[-73.93091,40.69223],[-73.93018,40.68856],[-73.92398,40.68927],[-73.92439,40.69083],[-73.92751,40.6926],[-73.93091,40.69223]]]},"properties":{"GEOID":"36047038700","NAME":"Census Tract 387","STATE":"36","COUNTY":"047"}},{"type":"Feature","geometry":{"type":"Polygon","coordinates":[[[-73.9719,40.59435],[-73.97115,40.59044],[-73.96652,40.59095],[-73.96738,40.59546],[-73.96923,40.59526],[-73.96977,40.59493],[-73.97177,40.59511],[-73.9719,40.59435]]]},"properties":{"GEOID":"36047038800","NAME":"Census Tract 388","STATE":"36","COUNTY":"047"}},{"type":"Feature","geometry":{"type":"Polygon","coordinates":[[[-73.94193,40.70072],[-73.93522,40.69699],[-73.93227,40.69732],[-73.93547,40.69907],[-73.93637,40.70049],[-73.93698,40.70191],[-73.94193,40.70072]]]},"properties":{"GEOID":"36047038900","NAME":"Census Tract 389","STATE":"36","COUNTY":"047"}},{"type":"Feature","geometry":{"type":"Polygon","coordinates":[[[-73.96738,40.59546],[-73.96652,40.59095],[-73.96068,40.5916],[-73.96084,40.59374],[-73.96464,40.59333],[-73.96508,40.59572],[-73.96738,40.59546]]]},"properties":{"GEOID":"36047039000","NAME":"Census Tract 390","STATE":"36","COUNTY":"047"}},{"type":"Feature","geometry":{"type":"Polygon","coordinates":[[[-73.93698,40.70191],[-73.93637,40.70049],[-73.93547,40.69907],[-73.93227,40.69732],[-73.92932,40.69764],[-73.93052,40.69877],[-73.93278,40.70006],[-73.93395,40.70267],[-73.93698,40.70191]]]},"properties":{"GEOID":"36047039100","NAME":"Census Tract 391","STATE":"36","COUNTY":"047"}},{"type":"Feature","geometry":{"type":"Polygon","coordinates":[[[-73.93522,40.69699],[-73.92781,40.69277],[-73.92648,40.69414],[-73.9275,40.6947],[-73.9265,40.69571],[-73.92823,40.69667],[-73.92932,40.69764],[-73.93522,40.69699]]]},"properties":{"GEOID":"36047039300","NAME":"Census Tract 393","STATE":"36","COUNTY":"047"}},{"type":"Feature","geometry":{"type":"Polygon","coordinates":[[[-73.9573,40.63051],[-73.95685,40.62812],[-73.95018,40.62885],[-73.95045,40.63026],[-73.94746,40.63059],[-73.94754,40.63158],[-73.94803,40.63153],[-73.94959,40.63249],[-73.95084,40.63235],[-73.95106,40.63363],[-73.95201,40.63353],[-73.95246,40.63592],[-73.95624,40.63551],[-73.95547,40.63143],[-73.95636,40.63119],[-73.95662,40.63059],[-73.9573,40.63051]]]},"properties":{"GEOID":"36047077200","NAME":"Census Tract 772","STATE":"36","COUNTY":"047"}},{"type":"Feature","geometry":{"type":"Polygon","coordinates":[[[-73.95106,40.63363],[-73.95084,40.63235],[-73.94959,40.63249],[-73.94803,40.63153],[-73.94754,40.63158],[-73.94746,40.63059],[-73.95045,40.63026],[-73.95018,40.62885],[-73.94415,40.62951],[-73.94945,40.63451],[-73.95106,40.63363]]]},"properties":{"GEOID":"36047077400","NAME":"Census Tract 774","STATE":"36","COUNTY":"047"}},{"type":"Feature","geometry":{"type":"Polygon","coordinates":[[[-73.94648,40.63171],[-73.94415,40.62951],[-73.93677,40.62997],[-73.93701,40.6323],[-73.94648,40.63171]]]},"properties":{"GEOID":"36047077600","NAME":"Census Tract 776","STATE":"36","COUNTY":"047"}},{"type":"Feature","geometry":{"type":"Polygon","coordinates":[[[-73.94537,40.63879],[-73.94512,40.63645],[-73.93751,40.63692],[-73.93776,40.63926],[-73.94537,40.63879]]]},"properties":{"GEOID":"36047078200","NAME":"Census Tract 782","STATE":"36","COUNTY":"047"}},{"type":"Feature","geometry":{"type":"Polygon","coordinates":[[[-73.97255,40.7649],[-73.97301,40.76428],[-73.9698,40.76291],[-73.96797,40.76541],[-73.97119,40.76677],[-73.97255,40.7649]]]},"properties":{"GEOID":"36061011401","NAME":"Census Tract 114.01","STATE":"36","COUNTY":"061"}},{"type":"Feature","geometry":{"type":"Polygon","coordinates":[[[-73.96934,40.76355],[-73.9698,40.76291],[-73.96658,40.76155],[-73.96475,40.76406],[-73.96797,40.76541],[-73.96934,40.76355]]]},"properties":{"GEOID":"36061011402","NAME":"Census Tract 114.02","STATE":"36","COUNTY":"061"}},{"type":"Feature","geometry":{"type":"Polygon","coordinates":[[[-73.99723,40.75721],[-73.99731,40.75711],[-73.99163,40.75471],[-73.98979,40.75723],[-73.99547,40.75963],[-73.99723,40.75721]]]},"properties":{"GEOID":"36061011500","NAME":"Census Tract 115","STATE":"36","COUNTY":"061"}},{"type":"Feature","geometry":{"type":"Polygon","coordinates":[[[-74.01014,40.76288],[-74.01024,40.76275],[-74.00383,40.76013],[-73.99731,40.75711],[-73.99547,40.75963],[-74.0086,40.76498],[-74.01014,40.76288]]]},"properties":{"GEOID":"36061011700","NAME":"Census Tract 117","STATE":"36","COUNTY":"061"}},{"type":"Feature","geometry":{"type":"Polygon","coordinates":[[[-73.9893,40.75791],[-73.98979,40.75723],[-73.98412,40.75484],[-73.98226,40.75739],[-73.98793,40.75979],[-73.9893,40.75791]]]},"properties":{"GEOID":"36061011900","NAME":"Census Tract 119","STATE":"36","COUNTY":"061"}},{"type":"Feature","geometry":{"type":"Polygon","coordinates":[[[-73.96752,40.76604],[-73.96797,40.76541],[-73.96475,40.76406],[-73.96156,40.76844],[-73.96478,40.7698],[-73.96752,40.76604]]]},"properties":{"GEOID":"36061012000","NAME":"Census Tract 120","STATE":"36","COUNTY":"061"}},{"type":"Feature","geometry":{"type":"Polygon","coordinates":[[[-73.95696,40.76649],[-73.95741,40.76587],[-73.95516,40.76492],[-73.9547,40.76555],[-73.94997,40.76365],[-73.9491,40.76438],[-73.94773,40.76608],[-73.95504,40.76912],[-73.95696,40.76649]]]},"properties":{"GEOID":"36061012400","NAME":"Census Tract 124","STATE":"36","COUNTY":"061"}},{"type":"Feature","geometry":{"type":"Polygon","coordinates":[[[-73.86317,40.65828],[-73.86048,40.65466],[-73.85735,40.6568],[-73.85212,40.66085],[-73.84881,40.6628],[-73.84985,40.66441],[-73.8511,40.66941],[-73.8481,40.66983],[-73.84793,40.67004],[-73.84227,40.66827],[-73.84257,40.66928],[-73.84321,40.66932],[-73.84848,40.67092],[-73.86132,40.67502],[-73.86039,40.67127],[-73.85763,40.67166],[-73.85569,40.66387],[-73.85843,40.66345],[-73.85761,40.66012],[-73.86036,40.65965],[-73.86317,40.65828]]]},"properties":{"GEOID":"36081006202","NAME":"Census Tract 62.02","STATE":"36","COUNTY":"081"}},{"type":"Feature","geometry":{"type":"Polygon","coordinates":[[[-73.953,40.67881],[-73.95266,40.67696],[-73.95277,40.67535],[-73.94723,40.67505],[-73.94691,40.67839],[-73.953,40.67881]]]},"properties":{"GEOID":"36047031500","NAME":"Census Tract 315","STATE":"36","COUNTY":"047"}},{"type":"Feature","geometry":{"type":"Polygon","coordinates":[[[-73.95294,40.67357],[-73.95302,40.67268],[-73.94748,40.67238],[-73.94723,40.67505],[-73.95277,40.67535],[-73.95294,40.67357]]]},"properties":{"GEOID":"36047031701","NAME":"Census Tract 317.01","STATE":"36","COUNTY":"047"}},{"type":"Feature","geometry":{"type":"Polygon","coordinates":[[[-73.99522,40.59709],[-73.98799,40.59255],[-73.98602,40.59445],[-73.99336,40.59889],[-73.99522,40.59709]]]},"properties":{"GEOID":"36047030200","NAME":"Census Tract 302","STATE":"36","COUNTY":"047"}},{"type":"Feature","geometry":{"type":"Polygon","coordinates":[[[-73.951,40.66468],[-73.95097,40.66391],[-73.94817,40.66408],[-73.94773,40.6697],[-73.9505,40.66986],[-73.951,40.66468]]]},"properties":{"GEOID":"36047031900","NAME":"Census Tract 319","STATE":"36","COUNTY":"047"}},{"type":"Feature","geometry":{"type":"Polygon","coordinates":[[[-73.9573,40.66448],[-73.95721,40.66352],[-73.95385,40.66373],[-73.95327,40.67001],[-73.95527,40.67012],[-73.9573,40.66448]]]},"properties":{"GEOID":"36047032300","NAME":"Census Tract 323","STATE":"36","COUNTY":"047"}},{"type":"Feature","geometry":{"type":"Polygon","coordinates":[[[-73.96307,40.66217],[-73.96281,40.6605],[-73.96066,40.66095],[-73.96077,40.66173],[-73.9537,40.66217],[-73.95385,40.66373],[-73.95721,40.66352],[-73.95729,40.6643],[-73.96034,40.66411],[-73.96062,40.6633],[-73.96243,40.66312],[-73.96307,40.66217]]]},"properties":{"GEOID":"36047032700","NAME":"Census Tract 327","STATE":"36","COUNTY":"047"}},{"type":"Feature","geometry":{"type":"Polygon","coordinates":[[[-73.94822,40.6644],[-73.94817,40.66408],[-73.94546,40.66423],[-73.9427,40.66406],[-73.94283,40.66285],[-73.93726,40.66319],[-73.93707,40.66464],[-73.94815,40.66525],[-73.94822,40.6644]]]},"properties":{"GEOID":"36047033100","NAME":"Census Tract 331","STATE":"36","COUNTY":"047"}},{"type":"Feature","geometry":{"type":"Polygon","coordinates":[[[-73.9479,40.66792],[-73.94798,40.66703],[-73.93691,40.66643],[-73.93675,40.66813],[-73.94782,40.66878],[-73.9479,40.66792]]]},"properties":{"GEOID":"36047033500","NAME":"Census Tract 335","STATE":"36","COUNTY":"047"}},{"type":"Feature","geometry":{"type":"Polygon","coordinates":[[[-73.94756,40.67149],[-73.94764,40.67066],[-73.93657,40.67004],[-73.93641,40.67177],[-73.94748,40.67238],[-73.94756,40.67149]]]},"properties":{"GEOID":"36047033900","NAME":"Census Tract 339","STATE":"36","COUNTY":"047"}},{"type":"Feature","geometry":{"type":"Polygon","coordinates":[[[-73.9474,40.67327],[-73.94748,40.67238],[-73.94195,40.67208],[-73.94169,40.67475],[-73.94723,40.67505],[-73.9474,40.67327]]]},"properties":{"GEOID":"36047034100","NAME":"Census Tract 341","STATE":"36","COUNTY":"047"}},{"type":"Feature","geometry":{"type":"Polygon","coordinates":[[[-73.94186,40.67297],[-73.94195,40.67208],[-73.93641,40.67177],[-73.93608,40.67533],[-73.93884,40.67549],[-73.93889,40.6746],[-73.94169,40.67475],[-73.94186,40.67297]]]},"properties":{"GEOID":"36047034300","NAME":"Census Tract 343","STATE":"36","COUNTY":"047"}},{"type":"Feature","geometry":{"type":"Polygon","coordinates":[[[-73.93634,40.6727],[-73.93641,40.67177],[-73.93087,40.67147],[-73.93061,40.67415],[-73.93338,40.6743],[-73.9333,40.67519],[-73.93608,40.67533],[-73.93634,40.6727]]]},"properties":{"GEOID":"36047034500","NAME":"Census Tract 345","STATE":"36","COUNTY":"047"}},{"type":"Feature","geometry":{"type":"Polygon","coordinates":[[[-73.90815,40.8349],[-73.90869,40.83394],[-73.90344,40.83222],[-73.90186,40.83462],[-73.9074,40.83623],[-73.90815,40.8349]]]},"properties":{"GEOID":"36005014701","NAME":"Census Tract 147.01","STATE":"36","COUNTY":"005"}},{"type":"Feature","geometry":{"type":"Polygon","coordinates":[[[-73.91763,40.83459],[-73.91408,40.83329],[-73.9129,40.8353],[-73.91587,40.83639],[-73.91763,40.83459]]]},"properties":{"GEOID":"36005017901","NAME":"Census Tract 179.01","STATE":"36","COUNTY":"005"}},{"type":"Feature","geometry":{"type":"Polygon","coordinates":[[[-73.92261,40.82697],[-73.92267,40.82685],[-73.92115,40.8264],[-73.91894,40.83033],[-73.92046,40.83092],[-73.92261,40.82697]]]},"properties":{"GEOID":"36005018301","NAME":"Census Tract 183.01","STATE":"36","COUNTY":"005"}},{"type":"Feature","geometry":{"type":"Polygon","coordinates":[[[-73.91785,40.83716],[-73.91841,40.83644],[-73.91647,40.83578],[-73.91375,40.83874],[-73.91594,40.83955],[-73.91785,40.83716]]]},"properties":{"GEOID":"36005022102","NAME":"Census Tract 221.02","STATE":"36","COUNTY":"005"}},{"type":"Feature","geometry":{"type":"Polygon","coordinates":[[[-73.90116,40.85935],[-73.90191,40.85809],[-73.89995,40.85742],[-73.89707,40.86253],[-73.89962,40.86216],[-73.90116,40.85935]]]},"properties":{"GEOID":"36005023703","NAME":"Census Tract 237.03","STATE":"36","COUNTY":"005"}},{"type":"Feature","geometry":{"type":"Polygon","coordinates":[[[-73.91742,40.84634],[-73.91719,40.84608],[-73.91716,40.84542],[-73.9174,40.84504],[-73.9142,40.84511],[-73.91002,40.85096],[-73.90921,40.8518],[-73.91017,40.85198],[-73.91154,40.85169],[-73.91195,40.85135],[-73.91229,40.85061],[-73.91288,40.85012],[-73.91527,40.84681],[-73.91742,40.84634]]]},"properties":{"GEOID":"36005021700","NAME":"Census Tract 217","STATE":"36","COUNTY":"005"}},{"type":"Feature","geometry":{"type":"Polygon","coordinates":[[[-73.89883,40.8593],[-73.89736,40.85876],[-73.89588,40.86226],[-73.89707,40.86253],[-73.89883,40.8593]]]},"properties":{"GEOID":"36005023702","NAME":"Census Tract 237.02","STATE":"36","COUNTY":"005"}},{"type":"Feature","geometry":{"type":"Polygon","coordinates":[[[-73.8711,40.83576],[-73.87001,40.83082],[-73.86272,40.83302],[-73.86284,40.83369],[-73.86903,40.83549],[-73.8711,40.83576]]]},"properties":{"GEOID":"36005007600","NAME":"Census Tract 76","STATE":"36","COUNTY":"005"}},{"type":"Feature","geometry":{"type":"Polygon","coordinates":[[[-73.84902,40.82326],[-73.84754,40.81691],[-73.84388,40.81739],[-73.84507,40.81542],[-73.84647,40.81231],[-73.84639,40.81163],[-73.84313,40.8116],[-73.84512,40.8063],[-73.84665,40.80102],[-73.84408,40.80102],[-73.83541,40.8022],[-73.83068,40.80311],[-73.83183,40.80494],[-73.83288,40.80482],[-73.8345,40.80502],[-73.83648,40.80592],[-73.83798,40.80623],[-73.83902,40.80822],[-73.84043,40.81187],[-73.83991,40.81447],[-73.83998,40.81639],[-73.83696,40.81634],[-73.83673,40.81782],[-73.83603,40.81786],[-73.83602,40.82376],[-73.83702,40.82905],[-73.84123,40.82881],[-73.84392,40.82845],[-73.8429,40.82408],[-73.84902,40.82326]]]},"properties":{"GEOID":"36005009000","NAME":"Census Tract 90","STATE":"36","COUNTY":"005"}},{"type":"Feature","geometry":{"type":"Polygon","coordinates":[[[-73.89586,40.82263],[-73.89588,40.82099],[-73.89162,40.82099],[-73.89201,40.82472],[-73.89586,40.82263]]]},"properties":{"GEOID":"36005015900","NAME":"Census Tract 159","STATE":"36","COUNTY":"005"}},{"type":"Feature","geometry":{"type":"Polygon","coordinates":[[[-73.88043,40.82578],[-73.87993,40.82364],[-73.87528,40.82421],[-73.8758,40.8264],[-73.88043,40.82578]]]},"properties":{"GEOID":"36005005001","NAME":"Census Tract 50.01","STATE":"36","COUNTY":"005"}},{"type":"Feature","geometry":{"type":"Polygon","coordinates":[[[-73.9548,40.61082],[-73.95392,40.60622],[-73.94984,40.60667],[-73.95071,40.61125],[-73.9548,40.61082]]]},"properties":{"GEOID":"36047055000","NAME":"Census Tract 550","STATE":"36","COUNTY":"047"}},{"type":"Feature","geometry":{"type":"Polygon","coordinates":[[[-73.96229,40.71558],[-73.96278,40.71511],[-73.9598,40.71389],[-73.95584,40.71759],[-73.95842,40.71919],[-73.96229,40.71558]]]},"properties":{"GEOID":"36047055300","NAME":"Census Tract 553","STATE":"36","COUNTY":"047"}},{"type":"Feature","geometry":{"type":"Polygon","coordinates":[[[-73.96238,40.60999],[-73.96189,40.60734],[-73.96173,40.60536],[-73.95772,40.6058],[-73.95859,40.6104],[-73.96238,40.60999]]]},"properties":{"GEOID":"36047055400","NAME":"Census Tract 554","STATE":"36","COUNTY":"047"}},{"type":"Feature","geometry":{"type":"Polygon","coordinates":[[[-73.96684,40.71756],[-73.96758,40.7165],[-73.96664,40.71637],[-73.96278,40.71511],[-73.95901,40.71864],[-73.96355,40.72157],[-73.96684,40.71756]]]},"properties":{"GEOID":"36047055500","NAME":"Census Tract 555","STATE":"36","COUNTY":"047"}},{"type":"Feature","geometry":{"type":"Polygon","coordinates":[[[-73.96173,40.60536],[-73.96136,40.60059],[-73.95683,40.60109],[-73.95772,40.6058],[-73.96173,40.60536]]]},"properties":{"GEOID":"36047055600","NAME":"Census Tract 556","STATE":"36","COUNTY":"047"}},{"type":"Feature","geometry":{"type":"Polygon","coordinates":[[[-73.96279,40.72256],[-73.96355,40.72157],[-73.95901,40.71864],[-73.95478,40.72246],[-73.95772,40.7243],[-73.95892,40.72435],[-73.96161,40.72495],[-73.96154,40.72388],[-73.96279,40.72256]]]},"properties":{"GEOID":"36047055700","NAME":"Census Tract 557","STATE":"36","COUNTY":"047"}},{"type":"Feature","geometry":{"type":"Polygon","coordinates":[[[-73.94984,40.60667],[-73.94895,40.60195],[-73.94517,40.60237],[-73.94606,40.60708],[-73.94984,40.60667]]]},"properties":{"GEOID":"36047056200","NAME":"Census Tract 562","STATE":"36","COUNTY":"047"}},{"type":"Feature","geometry":{"type":"Polygon","coordinates":[[[-73.94606,40.60708],[-73.94562,40.60476],[-73.93921,40.60548],[-73.94355,40.60935],[-73.94364,40.60986],[-73.9456,40.60964],[-73.94513,40.60718],[-73.94606,40.60708]]]},"properties":{"GEOID":"36047056400","NAME":"Census Tract 564","STATE":"36","COUNTY":"047"}},{"type":"Feature","geometry":{"type":"Polygon","coordinates":[[[-73.81109,40.76399],[-73.81123,40.76304],[-73.80929,40.76288],[-73.80933,40.76252],[-73.80749,40.76234],[-73.80768,40.76096],[-73.8003,40.7597],[-73.80119,40.7602],[-73.80101,40.76145],[-73.80194,40.76154],[-73.80208,40.76175],[-73.80189,40.7619],[-73.80143,40.76529],[-73.81082,40.76603],[-73.81109,40.76399]]]},"properties":{"GEOID":"36081117100","NAME":"Census Tract 1171","STATE":"36","COUNTY":"081"}},{"type":"Feature","geometry":{"type":"Polygon","coordinates":[[[-73.95392,40.60622],[-73.95304,40.60151],[-73.94895,40.60195],[-73.94984,40.60667],[-73.95392,40.60622]]]},"properties":{"GEOID":"36047056000","NAME":"Census Tract 560","STATE":"36","COUNTY":"047"}},{"type":"Feature","geometry":{"type":"Polygon","coordinates":[[[-73.98979,40.63726],[-73.99037,40.63671],[-73.98376,40.63272],[-73.98202,40.63439],[-73.98422,40.63573],[-73.98363,40.63628],[-73.98584,40.63762],[-73.98525,40.63818],[-73.98746,40.63951],[-73.98979,40.63726]]]},"properties":{"GEOID":"36047023200","NAME":"Census Tract 232","STATE":"36","COUNTY":"047"}},{"type":"Feature","geometry":{"type":"Polygon","coordinates":[[[-73.91173,40.66214],[-73.91012,40.65585],[-73.90637,40.65641],[-73.90759,40.66116],[-73.90852,40.66101],[-73.90892,40.66255],[-73.91173,40.66214]]]},"properties":{"GEOID":"36047091600","NAME":"Census Tract 916","STATE":"36","COUNTY":"047"}},{"type":"Feature","geometry":{"type":"Polygon","coordinates":[[[-73.94103,40.70464],[-73.94042,40.70108],[-73.93698,40.70191],[-73.93763,40.70337],[-73.93931,40.70482],[-73.94103,40.70464]]]},"properties":{"GEOID":"36047048900","NAME":"Census Tract 489","STATE":"36","COUNTY":"047"}},{"type":"Feature","geometry":{"type":"Polygon","coordinates":[[[-73.9842,40.67577],[-73.9847,40.67517],[-73.97992,40.67286],[-73.97796,40.67544],[-73.98304,40.67742],[-73.9842,40.67577]]]},"properties":{"GEOID":"36047013300","NAME":"Census Tract 133","STATE":"36","COUNTY":"047"}},{"type":"Feature","geometry":{"type":"Polygon","coordinates":[[[-73.96839,40.70683],[-73.96721,40.70426],[-73.9652,40.70262],[-73.96185,40.70479],[-73.96485,40.70745],[-73.96839,40.70683]]]},"properties":{"GEOID":"36047054500","NAME":"Census Tract 545","STATE":"36","COUNTY":"047"}},{"type":"Feature","geometry":{"type":"Polygon","coordinates":[[[-74.03339,40.62497],[-74.03374,40.6241],[-74.02835,40.6228],[-74.02715,40.62573],[-74.03255,40.62701],[-74.03339,40.62497]]]},"properties":{"GEOID":"36047006200","NAME":"Census Tract 62","STATE":"36","COUNTY":"047"}},{"type":"Feature","geometry":{"type":"Polygon","coordinates":[[[-73.88711,40.71368],[-73.88772,40.71358],[-73.88688,40.71222],[-73.88508,40.71216],[-73.87829,40.71283],[-73.88021,40.71524],[-73.88115,40.71505],[-73.88056,40.71432],[-73.88421,40.71395],[-73.887,40.71405],[-73.88722,40.71398],[-73.88711,40.71368]]]},"properties":{"GEOID":"36081065702","NAME":"Census Tract 657.02","STATE":"36","COUNTY":"081"}},{"type":"Feature","geometry":{"type":"Polygon","coordinates":[[[-73.88792,40.71581],[-73.8872,40.71485],[-73.88722,40.71398],[-73.88421,40.71395],[-73.88056,40.71432],[-73.88115,40.71505],[-73.87909,40.71554],[-73.87719,40.71562],[-73.87722,40.71723],[-73.87738,40.71721],[-73.87794,40.7179],[-73.88164,40.71618],[-73.88635,40.71602],[-73.88666,40.7164],[-73.88792,40.71581]]]},"properties":{"GEOID":"36081065900","NAME":"Census Tract 659","STATE":"36","COUNTY":"081"}},{"type":"Feature","geometry":{"type":"Polygon","coordinates":[[[-73.95226,40.7508],[-73.95221,40.74906],[-73.94384,40.74743],[-73.94319,40.7477],[-73.94059,40.75052],[-73.94051,40.75086],[-73.94914,40.75448],[-73.95226,40.7508]]]},"properties":{"GEOID":"36081001903","NAME":"Census Tract 19.03","STATE":"36","COUNTY":"081"}},{"type":"Feature","geometry":{"type":"Polygon","coordinates":[[[-73.92404,40.71401],[-73.92223,40.71285],[-73.92169,40.71189],[-73.92155,40.71104],[-73.92075,40.71053],[-73.92189,40.7094],[-73.91551,40.70563],[-73.91229,40.70878],[-73.91675,40.7114],[-73.91467,40.71344],[-73.92404,40.71401]]]},"properties":{"GEOID":"36081053901","NAME":"Census Tract 539.01","STATE":"36","COUNTY":"081"}},{"type":"Feature","geometry":{"type":"Polygon","coordinates":[[[-73.85307,40.80011],[-73.84843,40.79276],[-73.84607,40.78805],[-73.84008,40.78785],[-73.83992,40.79065],[-73.83901,40.79062],[-73.83896,40.79144],[-73.84082,40.79151],[-73.84068,40.79391],[-73.83926,40.79306],[-73.83663,40.79252],[-73.83843,40.79679],[-73.83904,40.79705],[-73.83235,40.79637],[-73.83541,40.8022],[-73.84408,40.80102],[-73.84665,40.80102],[-73.85307,40.80011]]]},"properties":{"GEOID":"36081093900","NAME":"Census Tract 939","STATE":"36","COUNTY":"081"}},{"type":"Feature","geometry":{"type":"Polygon","coordinates":[[[-73.9236,40.65605],[-73.92178,40.65442],[-73.91727,40.65733],[-73.92091,40.6606],[-73.92322,40.65911],[-73.9214,40.65748],[-73.9236,40.65605]]]},"properties":{"GEOID":"36047088600","NAME":"Census Tract 886","STATE":"36","COUNTY":"047"}},{"type":"Feature","geometry":{"type":"Polygon","coordinates":[[[-73.91974,40.66077],[-73.92008,40.65986],[-73.91727,40.65733],[-73.91815,40.65677],[-73.91531,40.65422],[-73.91233,40.65414],[-73.90973,40.65431],[-73.91012,40.65585],[-73.91234,40.65553],[-73.91819,40.66073],[-73.9183,40.66116],[-73.9186,40.66112],[-73.91958,40.66199],[-73.91974,40.66077]]]},"properties":{"GEOID":"36047089000","NAME":"Census Tract 890","STATE":"36","COUNTY":"047"}},{"type":"Feature","geometry":{"type":"Polygon","coordinates":[[[-73.92592,40.66572],[-73.92638,40.66551],[-73.92008,40.65986],[-73.91974,40.66077],[-73.91958,40.66199],[-73.9186,40.66112],[-73.9183,40.66116],[-73.9191,40.66423],[-73.92166,40.66384],[-73.92439,40.66639],[-73.92592,40.66572]]]},"properties":{"GEOID":"36047089200","NAME":"Census Tract 892","STATE":"36","COUNTY":"047"}},{"type":"Feature","geometry":{"type":"Polygon","coordinates":[[[-73.9191,40.66423],[-73.91819,40.66073],[-73.91557,40.65839],[-73.91374,40.65864],[-73.91453,40.66172],[-73.91548,40.66157],[-73.91627,40.66465],[-73.9191,40.66423]]]},"properties":{"GEOID":"36047089400","NAME":"Census Tract 894","STATE":"36","COUNTY":"047"}},{"type":"Feature","geometry":{"type":"Polygon","coordinates":[[[-73.91469,40.6585],[-73.91557,40.65839],[-73.91234,40.65553],[-73.91012,40.65585],[-73.91134,40.6606],[-73.91413,40.66018],[-73.91374,40.65864],[-73.91469,40.6585]]]},"properties":{"GEOID":"36047089600","NAME":"Census Tract 896","STATE":"36","COUNTY":"047"}},{"type":"Feature","geometry":{"type":"Polygon","coordinates":[[[-73.92771,40.66493],[-73.92823,40.66471],[-73.92614,40.66283],[-73.92685,40.66237],[-73.92322,40.65911],[-73.92091,40.6606],[-73.92638,40.66551],[-73.92771,40.66493]]]},"properties":{"GEOID":"36047088400","NAME":"Census Tract 884","STATE":"36","COUNTY":"047"}},{"type":"Feature","geometry":{"type":"Polygon","coordinates":[[[-73.89139,40.82494],[-73.88661,40.82533],[-73.88609,40.8277],[-73.89139,40.82494]]]},"properties":{"GEOID":"36005012102","NAME":"Census Tract 121.02","STATE":"36","COUNTY":"005"}},{"type":"Feature","geometry":{"type":"Polygon","coordinates":[[[-73.89336,40.83015],[-73.88991,40.83012],[-73.88761,40.82934],[-73.88625,40.82834],[-73.88605,40.82808],[-73.88609,40.8277],[-73.8869,40.82372],[-73.88736,40.82277],[-73.88797,40.82226],[-73.88699,40.82265],[-73.88441,40.82297],[-73.88453,40.82565],[-73.88356,40.82894],[-73.88358,40.82951],[-73.88389,40.82981],[-73.88508,40.83048],[-73.88566,40.83048],[-73.88563,40.83064],[-73.89163,40.83273],[-73.89268,40.83234],[-73.89336,40.83015]]]},"properties":{"GEOID":"36005012300","NAME":"Census Tract 123","STATE":"36","COUNTY":"005"}},{"type":"Feature","geometry":{"type":"Polygon","coordinates":[[[-73.8967,40.83041],[-73.8964,40.82876],[-73.89506,40.82801],[-73.89484,40.82624],[-73.89293,40.82679],[-73.89091,40.82679],[-73.89087,40.83014],[-73.89336,40.83015],[-73.89469,40.83062],[-73.8967,40.83041]]]},"properties":{"GEOID":"36005012500","NAME":"Census Tract 125","STATE":"36","COUNTY":"005"}},{"type":"Feature","geometry":{"type":"Polygon","coordinates":[[[-73.89484,40.82624],[-73.89487,40.82394],[-73.8932,40.82401],[-73.8879,40.82674],[-73.89293,40.82679],[-73.89484,40.82624]]]},"properties":{"GEOID":"36005012701","NAME":"Census Tract 127.01","STATE":"36","COUNTY":"005"}},{"type":"Feature","geometry":{"type":"Polygon","coordinates":[[[-73.96427,40.61998],[-73.96336,40.6152],[-73.95866,40.61572],[-73.95911,40.61811],[-73.95815,40.61822],[-73.9586,40.62061],[-73.95763,40.62071],[-73.95809,40.62311],[-73.96094,40.62279],[-73.96049,40.6204],[-73.96427,40.61998]]]},"properties":{"GEOID":"36047076800","NAME":"Census Tract 768","STATE":"36","COUNTY":"047"}},{"type":"Feature","geometry":{"type":"Polygon","coordinates":[[[-73.92612,40.64842],[-73.92538,40.64238],[-73.92356,40.6425],[-73.92333,40.6399],[-73.92161,40.64169],[-73.91973,40.64273],[-73.91998,40.64503],[-73.92192,40.64491],[-73.92212,40.6468],[-73.92305,40.64674],[-73.92325,40.6486],[-73.92612,40.64842]]]},"properties":{"GEOID":"36047094600","NAME":"Census Tract 946","STATE":"36","COUNTY":"047"}},{"type":"Feature","geometry":{"type":"Polygon","coordinates":[[[-73.9311,40.73807],[-73.92995,40.73754],[-73.92763,40.7384],[-73.9254,40.73811],[-73.92466,40.7418],[-73.93023,40.74245],[-73.9311,40.73807]]]},"properties":{"GEOID":"36081018900","NAME":"Census Tract 189","STATE":"36","COUNTY":"081"}},{"type":"Feature","geometry":{"type":"Polygon","coordinates":[[[-73.81157,40.69545],[-73.81208,40.6953],[-73.81141,40.6941],[-73.8119,40.69396],[-73.81075,40.69192],[-73.8089,40.69256],[-73.80489,40.69585],[-73.80749,40.69521],[-73.80824,40.69639],[-73.81157,40.69545]]]},"properties":{"GEOID":"36081020600","NAME":"Census Tract 206","STATE":"36","COUNTY":"081"}},{"type":"Feature","geometry":{"type":"Polygon","coordinates":[[[-73.81423,40.69833],[-73.81443,40.69833],[-73.8119,40.69396],[-73.81141,40.6941],[-73.81208,40.6953],[-73.80824,40.69639],[-73.80749,40.69521],[-73.80489,40.69585],[-73.80237,40.69787],[-73.80028,40.69872],[-73.79869,40.69971],[-73.80157,40.70121],[-73.80241,40.70185],[-73.80774,40.70058],[-73.8095,40.6999],[-73.81419,40.69858],[-73.81404,40.69833],[-73.81423,40.69833]]]},"properties":{"GEOID":"36081020800","NAME":"Census Tract 208","STATE":"36","COUNTY":"081"}},{"type":"Feature","geometry":{"type":"Polygon","coordinates":[[[-73.81629,40.70245],[-73.81648,40.70245],[-73.81443,40.69833],[-73.81404,40.69833],[-73.81419,40.69858],[-73.8095,40.6999],[-73.80774,40.70058],[-73.80413,40.70146],[-73.80444,40.70213],[-73.80633,40.70178],[-73.80793,40.70177],[-73.81302,40.70249],[-73.81629,40.70245]]]},"properties":{"GEOID":"36081021200","NAME":"Census Tract 212","STATE":"36","COUNTY":"081"}},{"type":"Feature","geometry":{"type":"Polygon","coordinates":[[[-73.88509,40.74397],[-73.88263,40.74279],[-73.88075,40.74523],[-73.8834,40.74642],[-73.88509,40.74397]]]},"properties":{"GEOID":"36081026902","NAME":"Census Tract 269.02","STATE":"36","COUNTY":"081"}},{"type":"Feature","geometry":{"type":"Polygon","coordinates":[[[-73.89383,40.76043],[-73.8928,40.75478],[-73.8863,40.75546],[-73.88733,40.76112],[-73.89383,40.76043]]]},"properties":{"GEOID":"36081030903","NAME":"Census Tract 309.03","STATE":"36","COUNTY":"081"}},{"type":"Feature","geometry":{"type":"Polygon","coordinates":[[[-73.81924,40.70842],[-73.81946,40.7084],[-73.81902,40.70738],[-73.81648,40.70245],[-73.81399,40.70254],[-73.81153,40.70227],[-73.81216,40.70705],[-73.81306,40.70698],[-73.81342,40.70971],[-73.81561,40.70955],[-73.81642,40.70987],[-73.8178,40.70934],[-73.81924,40.70842]]]},"properties":{"GEOID":"36081021400","NAME":"Census Tract 214","STATE":"36","COUNTY":"081"}},{"type":"Feature","geometry":{"type":"Polygon","coordinates":[[[-73.92906,40.72769],[-73.9278,40.72649],[-73.92534,40.72164],[-73.92418,40.72002],[-73.92428,40.71854],[-73.92271,40.71648],[-73.91132,40.71962],[-73.91385,40.7229],[-73.91256,40.72324],[-73.90707,40.72747],[-73.91013,40.72932],[-73.91173,40.72996],[-73.91205,40.72847],[-73.91493,40.72859],[-73.91507,40.72797],[-73.91797,40.7285],[-73.91836,40.72593],[-73.92221,40.72649],[-73.92387,40.72709],[-73.92507,40.72777],[-73.92645,40.72812],[-73.92654,40.72794],[-73.92831,40.72834],[-73.92906,40.72769]]]},"properties":{"GEOID":"36081021900","NAME":"Census Tract 219","STATE":"36","COUNTY":"081"}},{"type":"Feature","geometry":{"type":"Polygon","coordinates":[[[-73.82569,40.71607],[-73.82428,40.71383],[-73.82395,40.71285],[-73.82117,40.7104],[-73.81954,40.70828],[-73.81915,40.70843],[-73.81883,40.71038],[-73.81751,40.71221],[-73.81756,40.71242],[-73.81705,40.71306],[-73.81653,40.71423],[-73.81644,40.71578],[-73.81782,40.71584],[-73.82032,40.71666],[-73.82128,40.71678],[-73.82569,40.71607]]]},"properties":{"GEOID":"36081022001","NAME":"Census Tract 220.01","STATE":"36","COUNTY":"081"}},{"type":"Feature","geometry":{"type":"Polygon","coordinates":[[[-73.91902,40.73209],[-73.91731,40.73144],[-73.91797,40.7285],[-73.91507,40.72797],[-73.91493,40.72859],[-73.91205,40.72847],[-73.91173,40.72996],[-73.91013,40.72932],[-73.90707,40.72747],[-73.90518,40.72896],[-73.90108,40.73391],[-73.90517,40.73586],[-73.90663,40.7328],[-73.91069,40.73347],[-73.90856,40.73793],[-73.90756,40.74166],[-73.91383,40.74241],[-73.91444,40.74056],[-73.91567,40.74078],[-73.91718,40.7369],[-73.91651,40.73676],[-73.9169,40.73544],[-73.91749,40.73542],[-73.91831,40.73315],[-73.9187,40.7332],[-73.91902,40.73209]]]},"properties":{"GEOID":"36081022900","NAME":"Census Tract 229","STATE":"36","COUNTY":"081"}},{"type":"Feature","geometry":{"type":"Polygon","coordinates":[[[-73.81022,40.71571],[-73.81015,40.71347],[-73.8089,40.7106],[-73.80805,40.70936],[-73.80548,40.71009],[-73.80627,40.71125],[-73.80668,40.71306],[-73.80742,40.71433],[-73.80777,40.71572],[-73.81022,40.71571]]]},"properties":{"GEOID":"36081023000","NAME":"Census Tract 230","STATE":"36","COUNTY":"081"}},{"type":"Feature","geometry":{"type":"Polygon","coordinates":[[[-73.85407,40.73744],[-73.85421,40.73723],[-73.85373,40.73733],[-73.85418,40.73695],[-73.85278,40.73721],[-73.84958,40.73819],[-73.84756,40.73906],[-73.84784,40.73993],[-73.85236,40.74137],[-73.85339,40.73869],[-73.85407,40.73744]]]},"properties":{"GEOID":"36081043701","NAME":"Census Tract 437.01","STATE":"36","COUNTY":"081"}},{"type":"Feature","geometry":{"type":"Polygon","coordinates":[[[-73.88899,40.70911],[-73.8887,40.70767],[-73.88553,40.70645],[-73.88123,40.70637],[-73.88147,40.70659],[-73.87768,40.70718],[-73.87918,40.70969],[-73.88006,40.71022],[-73.87961,40.71051],[-73.88006,40.71265],[-73.88508,40.71216],[-73.88855,40.71228],[-73.88725,40.71026],[-73.88782,40.71004],[-73.88756,40.70958],[-73.88899,40.70911]]]},"properties":{"GEOID":"36081061302","NAME":"Census Tract 613.02","STATE":"36","COUNTY":"081"}},{"type":"Feature","geometry":{"type":"Polygon","coordinates":[[[-73.85901,40.72711],[-73.85942,40.72647],[-73.85727,40.72568],[-73.85807,40.72447],[-73.85584,40.72363],[-73.85559,40.72411],[-73.85454,40.72373],[-73.85288,40.72638],[-73.85245,40.7267],[-73.85798,40.72874],[-73.85901,40.72711]]]},"properties":{"GEOID":"36081071306","NAME":"Census Tract 713.06","STATE":"36","COUNTY":"081"}},{"type":"Feature","geometry":{"type":"Polygon","coordinates":[[[-73.82342,40.73003],[-73.82354,40.73],[-73.82185,40.72667],[-73.81749,40.72788],[-73.81717,40.72727],[-73.81444,40.72809],[-73.81488,40.72832],[-73.81523,40.72879],[-73.81492,40.73204],[-73.81753,40.73178],[-73.82342,40.73003]]]},"properties":{"GEOID":"36081077906","NAME":"Census Tract 779.06","STATE":"36","COUNTY":"081"}},{"type":"Feature","geometry":{"type":"Polygon","coordinates":[[[-73.87147,40.78704],[-73.87163,40.7868],[-73.86542,40.78497],[-73.8605,40.77898],[-73.85325,40.77826],[-73.84955,40.77909],[-73.84933,40.78014],[-73.84875,40.78015],[-73.84853,40.78411],[-73.84487,40.78435],[-73.84481,40.78537],[-73.84576,40.7854],[-73.84568,40.7873],[-73.84843,40.79276],[-73.85307,40.80011],[-73.86297,40.79767],[-73.87021,40.79091],[-73.87097,40.78906],[-73.8708,40.78793],[-73.87147,40.78704]]]},"properties":{"GEOID":"36081092900","NAME":"Census Tract 929","STATE":"36","COUNTY":"081"}},{"type":"Feature","geometry":{"type":"Polygon","coordinates":[[[-73.85264,40.77208],[-73.8537,40.76948],[-73.85028,40.76606],[-73.84922,40.76421],[-73.84851,40.76382],[-73.84705,40.76383],[-73.84172,40.76573],[-73.84075,40.76582],[-73.83942,40.76543],[-73.83912,40.76598],[-73.83932,40.76605],[-73.83816,40.76773],[-73.83673,40.76922],[-73.83159,40.77256],[-73.82985,40.77416],[-73.82824,40.77646],[-73.82529,40.7817],[-73.8396,40.78169],[-73.83976,40.77862],[-73.84339,40.77861],[-73.84362,40.77436],[-73.84454,40.77439],[-73.8446,40.77306],[-73.8488,40.77321],[-73.84886,40.77201],[-73.85264,40.77208]]]},"properties":{"GEOID":"36081090700","NAME":"Census Tract 907","STATE":"36","COUNTY":"081"}},{"type":"Feature","geometry":{"type":"Polygon","coordinates":[[[-73.8915,40.8417],[-73.89217,40.84105],[-73.88869,40.83916],[-73.88814,40.83986],[-73.8866,40.83928],[-73.88619,40.84011],[-73.89055,40.84268],[-73.8915,40.8417]]]},"properties":{"GEOID":"36005036700","NAME":"Census Tract 367","STATE":"36","COUNTY":"005"}},{"type":"Feature","geometry":{"type":"Polygon","coordinates":[[[-73.89489,40.84364],[-73.89537,40.8429],[-73.89217,40.84105],[-73.89055,40.84268],[-73.89162,40.84321],[-73.89481,40.84376],[-73.89489,40.84364]]]},"properties":{"GEOID":"36005036902","NAME":"Census Tract 369.02","STATE":"36","COUNTY":"005"}},{"type":"Feature","geometry":{"type":"Polygon","coordinates":[[[-73.88612,40.84042],[-73.88619,40.84011],[-73.88465,40.83917],[-73.8842,40.83935],[-73.88274,40.83864],[-73.88302,40.83868],[-73.88229,40.83808],[-73.88201,40.83746],[-73.88155,40.83821],[-73.88051,40.83924],[-73.88016,40.84],[-73.88566,40.84271],[-73.88612,40.84042]]]},"properties":{"GEOID":"36005035900","NAME":"Census Tract 359","STATE":"36","COUNTY":"005"}},{"type":"Feature","geometry":{"type":"Polygon","coordinates":[[[-73.88207,40.84212],[-73.88279,40.84129],[-73.88042,40.84007],[-73.87836,40.84],[-73.87686,40.84223],[-73.87817,40.84263],[-73.87731,40.84401],[-73.87919,40.84532],[-73.88207,40.84212]]]},"properties":{"GEOID":"36005036100","NAME":"Census Tract 361","STATE":"36","COUNTY":"005"}},{"type":"Feature","geometry":{"type":"Polygon","coordinates":[[[-73.88545,40.84377],[-73.88566,40.84271],[-73.88279,40.84129],[-73.87919,40.84532],[-73.88284,40.84782],[-73.88278,40.84807],[-73.88311,40.84827],[-73.88345,40.84715],[-73.88519,40.84519],[-73.88545,40.84377]]]},"properties":{"GEOID":"36005036300","NAME":"Census Tract 363","STATE":"36","COUNTY":"005"}},{"type":"Feature","geometry":{"type":"Polygon","coordinates":[[[-73.89043,40.84274],[-73.89055,40.84268],[-73.88619,40.84011],[-73.88566,40.84271],[-73.88902,40.84437],[-73.89043,40.84274]]]},"properties":{"GEOID":"36005036502","NAME":"Census Tract 365.02","STATE":"36","COUNTY":"005"}},{"type":"Feature","geometry":{"type":"Polygon","coordinates":[[[-73.89528,40.74832],[-73.89566,40.74847],[-73.89218,40.74287],[-73.89072,40.74313],[-73.89143,40.74684],[-73.89175,40.74681],[-73.89528,40.74832]]]},"properties":{"GEOID":"36081026501","NAME":"Census Tract 265.01","STATE":"36","COUNTY":"081"}},{"type":"Feature","geometry":{"type":"Polygon","coordinates":[[[-73.87311,40.75685],[-73.87366,40.7568],[-73.86943,40.74916],[-73.86846,40.74926],[-73.87064,40.75329],[-73.87132,40.75704],[-73.87311,40.75685]]]},"properties":{"GEOID":"36081037502","NAME":"Census Tract 375.02","STATE":"36","COUNTY":"081"}},{"type":"Feature","geometry":{"type":"Polygon","coordinates":[[[-73.86048,40.65466],[-73.85975,40.6541],[-73.85898,40.65268],[-73.85696,40.65058],[-73.85615,40.6492],[-73.85494,40.64265],[-73.84834,40.64352],[-73.84,40.64414],[-73.83566,40.64406],[-73.83633,40.64532],[-73.83592,40.6455],[-73.83681,40.64925],[-73.84679,40.6478],[-73.8484,40.6545],[-73.85321,40.65381],[-73.85436,40.65861],[-73.85355,40.65932],[-73.85362,40.65973],[-73.85735,40.6568],[-73.86048,40.65466]]]},"properties":{"GEOID":"36081089202","NAME":"Census Tract 892.02","STATE":"36","COUNTY":"081"}},{"type":"Feature","geometry":{"type":"Polygon","coordinates":[[[-73.87445,40.75286],[-73.8737,40.74872],[-73.86943,40.74916],[-73.87084,40.75154],[-73.87312,40.75074],[-73.87353,40.75296],[-73.87445,40.75286]]]},"properties":{"GEOID":"36081027301","NAME":"Census Tract 273.01","STATE":"36","COUNTY":"081"}},{"type":"Feature","geometry":{"type":"Polygon","coordinates":[[[-73.95499,40.73978],[-73.95509,40.7394],[-73.95254,40.73923],[-73.94706,40.73752],[-73.9426,40.7391],[-73.94146,40.73925],[-73.93868,40.73821],[-73.93726,40.74518],[-73.9377,40.74524],[-73.94032,40.74441],[-73.94642,40.74198],[-73.94923,40.74252],[-73.94954,40.74153],[-73.94983,40.74117],[-73.9497,40.74112],[-73.94993,40.74044],[-73.95458,40.74135],[-73.95499,40.73978]]]},"properties":{"GEOID":"36081000104","NAME":"Census Tract 1.04","STATE":"36","COUNTY":"081"}},{"type":"Feature","geometry":{"type":"Polygon","coordinates":[[[-73.88211,40.74346],[-73.88263,40.74279],[-73.881,40.74184],[-73.87925,40.74376],[-73.8779,40.74559],[-73.87982,40.74644],[-73.88211,40.74346]]]},"properties":{"GEOID":"36081027101","NAME":"Census Tract 271.01","STATE":"36","COUNTY":"081"}},{"type":"Feature","geometry":{"type":"Polygon","coordinates":[[[-73.86891,40.75394],[-73.86821,40.75226],[-73.86656,40.74946],[-73.86273,40.74987],[-73.8631,40.75067],[-73.86399,40.75041],[-73.8654,40.75301],[-73.86627,40.75278],[-73.8669,40.75436],[-73.86891,40.75394]]]},"properties":{"GEOID":"36081040702","NAME":"Census Tract 407.02","STATE":"36","COUNTY":"081"}},{"type":"Feature","geometry":{"type":"Polygon","coordinates":[[[-73.86358,40.75349],[-73.86175,40.74997],[-73.85876,40.75072],[-73.86041,40.75394],[-73.8621,40.75389],[-73.86358,40.75349]]]},"properties":{"GEOID":"36081040302","NAME":"Census Tract 403.02","STATE":"36","COUNTY":"081"}},{"type":"Feature","geometry":{"type":"Polygon","coordinates":[[[-73.86029,40.75394],[-73.85876,40.75072],[-73.85456,40.75196],[-73.8558,40.75441],[-73.85845,40.75394],[-73.86029,40.75394]]]},"properties":{"GEOID":"36081040102","NAME":"Census Tract 401.02","STATE":"36","COUNTY":"081"}},{"type":"Feature","geometry":{"type":"Polygon","coordinates":[[[-73.87514,40.75663],[-73.87445,40.75286],[-73.87353,40.75296],[-73.87312,40.75074],[-73.87084,40.75154],[-73.87366,40.7568],[-73.87514,40.75663]]]},"properties":{"GEOID":"36081027302","NAME":"Census Tract 273.02","STATE":"36","COUNTY":"081"}},{"type":"Feature","geometry":{"type":"Polygon","coordinates":[[[-73.87069,40.75356],[-73.86995,40.75179],[-73.86846,40.74926],[-73.86656,40.74946],[-73.86821,40.75226],[-73.86891,40.75394],[-73.87069,40.75356]]]},"properties":{"GEOID":"36081040902","NAME":"Census Tract 409.02","STATE":"36","COUNTY":"081"}},{"type":"Feature","geometry":{"type":"Polygon","coordinates":[[[-73.90054,40.76731],[-73.90066,40.76721],[-73.89432,40.76615],[-73.89386,40.76642],[-73.89109,40.76634],[-73.8909,40.76586],[-73.88919,40.7663],[-73.88773,40.76692],[-73.88825,40.76866],[-73.88873,40.76892],[-73.88942,40.77305],[-73.88908,40.77357],[-73.88946,40.77353],[-73.88985,40.77375],[-73.89019,40.77365],[-73.88979,40.77424],[-73.88947,40.77554],[-73.89009,40.77778],[-73.89035,40.7778],[-73.89056,40.7774],[-73.89107,40.77721],[-73.89142,40.77634],[-73.89252,40.7774],[-73.89286,40.77716],[-73.89423,40.77815],[-73.89657,40.77625],[-73.89289,40.77381],[-73.90051,40.76757],[-73.90054,40.76731]]]},"properties":{"GEOID":"36081031700","NAME":"Census Tract 317","STATE":"36","COUNTY":"081"}},{"type":"Feature","geometry":{"type":"Polygon","coordinates":[[[-73.88755,40.76635],[-73.88709,40.76501],[-73.8864,40.76122],[-73.87895,40.76198],[-73.87797,40.76179],[-73.87829,40.76351],[-73.87886,40.76362],[-73.8788,40.7639],[-73.87898,40.76388],[-73.87894,40.76574],[-73.8787,40.76576],[-73.87907,40.76784],[-73.88369,40.76715],[-73.88755,40.76635]]]},"properties":{"GEOID":"36081032900","NAME":"Census Tract 329","STATE":"36","COUNTY":"081"}},{"type":"Feature","geometry":{"type":"Polygon","coordinates":[[[-73.8919,40.77676],[-73.89137,40.77634],[-73.89145,40.77652],[-73.89107,40.77721],[-73.89056,40.7774],[-73.89035,40.7778],[-73.89009,40.77778],[-73.88947,40.77554],[-73.88979,40.77424],[-73.89019,40.77365],[-73.88985,40.77375],[-73.88946,40.77353],[-73.88908,40.77357],[-73.88942,40.77305],[-73.88873,40.76892],[-73.88825,40.76866],[-73.88773,40.76692],[-73.88432,40.76798],[-73.87788,40.77115],[-73.8752,40.77177],[-73.87185,40.77174],[-73.87026,40.77136],[-73.86883,40.77073],[-73.86598,40.76886],[-73.86312,40.7663],[-73.86094,40.76373],[-73.86043,40.76387],[-73.85498,40.76745],[-73.8537,40.76948],[-73.85264,40.77208],[-73.8529,40.77546],[-73.8605,40.77898],[-73.86542,40.78497],[-73.87163,40.7868],[-73.87279,40.78608],[-73.87281,40.7859],[-73.87351,40.78572],[-73.87629,40.78586],[-73.87831,40.78536],[-73.8853,40.78668],[-73.8919,40.77676]]]},"properties":{"GEOID":"36081033100","NAME":"Census Tract 331","STATE":"36","COUNTY":"081"}},{"type":"Feature","geometry":{"type":"Polygon","coordinates":[[[-73.94735,40.65728],[-73.94716,40.65559],[-73.9309,40.65661],[-73.93108,40.6583],[-73.93962,40.65777],[-73.93973,40.66007],[-73.94255,40.65989],[-73.94231,40.65761],[-73.94735,40.65728]]]},"properties":{"GEOID":"36047080800","NAME":"Census Tract 808","STATE":"36","COUNTY":"047"}},{"type":"Feature","geometry":{"type":"Polygon","coordinates":[[[-73.96105,40.69833],[-73.96016,40.69412],[-73.95249,40.695],[-73.95337,40.69941],[-73.96105,40.69833]]]},"properties":{"GEOID":"36047123700","NAME":"Census Tract 1237","STATE":"36","COUNTY":"047"}},{"type":"Feature","geometry":{"type":"Polygon","coordinates":[[[-73.89854,40.75417],[-73.89874,40.75415],[-73.89768,40.7524],[-73.89726,40.75033],[-73.89636,40.74877],[-73.89241,40.74713],[-73.89373,40.75468],[-73.89854,40.75417]]]},"properties":{"GEOID":"36081029100","NAME":"Census Tract 291","STATE":"36","COUNTY":"081"}},{"type":"Feature","geometry":{"type":"Polygon","coordinates":[[[-73.90247,40.75376],[-73.90216,40.75193],[-73.90087,40.75206],[-73.90076,40.75147],[-73.90106,40.75078],[-73.89636,40.74877],[-73.89726,40.75033],[-73.89779,40.75267],[-73.89874,40.75415],[-73.90247,40.75376]]]},"properties":{"GEOID":"36081029300","NAME":"Census Tract 293","STATE":"36","COUNTY":"081"}},{"type":"Feature","geometry":{"type":"Polygon","coordinates":[[[-73.90995,40.75322],[-73.91023,40.75298],[-73.90492,40.7535],[-73.90558,40.75718],[-73.90485,40.75725],[-73.90456,40.75949],[-73.90631,40.75984],[-73.90753,40.75804],[-73.90846,40.75529],[-73.90901,40.75428],[-73.90995,40.75322]]]},"properties":{"GEOID":"36081029500","NAME":"Census Tract 295","STATE":"36","COUNTY":"081"}},{"type":"Feature","geometry":{"type":"Polygon","coordinates":[[[-73.90779,40.76052],[-73.90631,40.75984],[-73.90456,40.75949],[-73.90485,40.75725],[-73.90558,40.75718],[-73.90492,40.7535],[-73.89861,40.75428],[-73.89959,40.75656],[-73.89974,40.75742],[-73.89955,40.75852],[-73.89855,40.75993],[-73.90155,40.75963],[-73.90207,40.76238],[-73.90351,40.76585],[-73.90779,40.76052]]]},"properties":{"GEOID":"36081029700","NAME":"Census Tract 297","STATE":"36","COUNTY":"081"}},{"type":"Feature","geometry":{"type":"Polygon","coordinates":[[[-73.89119,40.7511],[-73.8905,40.74694],[-73.88765,40.74724],[-73.88876,40.75334],[-73.88782,40.75344],[-73.88816,40.75527],[-73.89095,40.75497],[-73.89026,40.7512],[-73.89119,40.7511]]]},"properties":{"GEOID":"36081028700","NAME":"Census Tract 287","STATE":"36","COUNTY":"081"}},{"type":"Feature","geometry":{"type":"Polygon","coordinates":[[[-73.96156,40.76844],[-73.96201,40.76781],[-73.95978,40.76687],[-73.9574,40.77012],[-73.95965,40.77106],[-73.96156,40.76844]]]},"properties":{"GEOID":"36061012602","NAME":"Census Tract 126.02","STATE":"36","COUNTY":"061"}},{"type":"Feature","geometry":{"type":"Polygon","coordinates":[[[-73.98111,40.77423],[-73.98157,40.7736],[-73.97873,40.77242],[-73.97691,40.77491],[-73.97975,40.77611],[-73.98111,40.77423]]]},"properties":{"GEOID":"36061015301","NAME":"Census Tract 153.01","STATE":"36","COUNTY":"061"}},{"type":"Feature","geometry":{"type":"Polygon","coordinates":[[[-73.95978,40.76687],[-73.95741,40.76587],[-73.95504,40.76912],[-73.9574,40.77012],[-73.95978,40.76687]]]},"properties":{"GEOID":"36061012601","NAME":"Census Tract 126.01","STATE":"36","COUNTY":"061"}},{"type":"Feature","geometry":{"type":"Polygon","coordinates":[[[-73.96848,40.75895],[-73.96894,40.75833],[-73.96433,40.75638],[-73.96341,40.75764],[-73.96802,40.75958],[-73.96848,40.75895]]]},"properties":{"GEOID":"36061010801","NAME":"Census Tract 108.01","STATE":"36","COUNTY":"061"}},{"type":"Feature","geometry":{"type":"Polygon","coordinates":[[[-74.01403,40.75755],[-74.01425,40.75666],[-74.0072,40.75468],[-74.00097,40.75206],[-73.99731,40.75711],[-74.00383,40.76013],[-74.01024,40.76275],[-74.01403,40.75755]]]},"properties":{"GEOID":"36061009903","NAME":"Census Tract 99.03","STATE":"36","COUNTY":"061"}},{"type":"Feature","geometry":{"type":"Polygon","coordinates":[[[-73.96159,40.74982],[-73.96156,40.74946],[-73.95773,40.74777],[-73.9562,40.74969],[-73.95432,40.75126],[-73.95137,40.75452],[-73.94783,40.75899],[-73.95124,40.76062],[-73.95157,40.76038],[-73.95221,40.76031],[-73.95254,40.76049],[-73.95384,40.75936],[-73.95848,40.75393],[-73.95902,40.7536],[-73.96159,40.74982]]]},"properties":{"GEOID":"36061023804","NAME":"Census Tract 238.04","STATE":"36","COUNTY":"061"}},{"type":"Feature","geometry":{"type":"Polygon","coordinates":[[[-73.89373,40.75468],[-73.89241,40.74713],[-73.89175,40.74681],[-73.8905,40.74694],[-73.89119,40.7511],[-73.89026,40.7512],[-73.89095,40.75497],[-73.89373,40.75468]]]},"properties":{"GEOID":"36081028900","NAME":"Census Tract 289","STATE":"36","COUNTY":"081"}},{"type":"Feature","geometry":{"type":"Polygon","coordinates":[[[-73.90342,40.76596],[-73.90351,40.76585],[-73.902,40.76212],[-73.90155,40.75963],[-73.89877,40.75992],[-73.89655,40.76308],[-73.8951,40.76436],[-73.89432,40.76615],[-73.90203,40.76742],[-73.90342,40.76596]]]},"properties":{"GEOID":"36081029900","NAME":"Census Tract 299","STATE":"36","COUNTY":"081"}},{"type":"Feature","geometry":{"type":"Polygon","coordinates":[[[-73.9524,40.76063],[-73.95254,40.76049],[-73.95221,40.76031],[-73.95157,40.76038],[-73.95124,40.76062],[-73.94783,40.75899],[-73.94472,40.76288],[-73.94718,40.76414],[-73.94764,40.76419],[-73.94845,40.76348],[-73.94914,40.76404],[-73.94997,40.76365],[-73.95152,40.76197],[-73.9524,40.76063]]]},"properties":{"GEOID":"36061023803","NAME":"Census Tract 238.03","STATE":"36","COUNTY":"061"}},{"type":"Feature","geometry":{"type":"Polygon","coordinates":[[[-74.00045,40.77615],[-73.99597,40.77401],[-73.99614,40.77383],[-73.99395,40.77288],[-73.99332,40.77283],[-73.99378,40.7722],[-73.99091,40.77099],[-73.98724,40.77602],[-73.99091,40.77754],[-73.99076,40.77769],[-73.99387,40.7781],[-73.99781,40.77977],[-74.00045,40.77615]]]},"properties":{"GEOID":"36061015102","NAME":"Census Tract 151.02","STATE":"36","COUNTY":"061"}},{"type":"Feature","geometry":{"type":"Polygon","coordinates":[[[-73.99781,40.77977],[-73.99387,40.7781],[-73.99076,40.77769],[-73.99091,40.77754],[-73.98724,40.77602],[-73.98545,40.77848],[-73.99577,40.78256],[-73.99781,40.77977]]]},"properties":{"GEOID":"36061015502","NAME":"Census Tract 155.02","STATE":"36","COUNTY":"061"}},{"type":"Feature","geometry":{"type":"Polygon","coordinates":[[[-73.95212,40.78139],[-73.95258,40.78075],[-73.94797,40.77881],[-73.94705,40.78006],[-73.95166,40.78201],[-73.95212,40.78139]]]},"properties":{"GEOID":"36061015401","NAME":"Census Tract 154.01","STATE":"36","COUNTY":"061"}},{"type":"Feature","geometry":{"type":"Polygon","coordinates":[[[-73.98905,40.73072],[-73.98948,40.73013],[-73.98724,40.72919],[-73.98494,40.73235],[-73.98718,40.73329],[-73.98905,40.73072]]]},"properties":{"GEOID":"36061004002","NAME":"Census Tract 40.02","STATE":"36","COUNTY":"061"}},{"type":"Feature","geometry":{"type":"Polygon","coordinates":[[[-74.00157,40.71368],[-74.00093,40.71326],[-74.00089,40.71302],[-73.99886,40.71336],[-73.99787,40.71378],[-73.99709,40.71462],[-73.99606,40.71623],[-73.99859,40.7171],[-73.99931,40.71755],[-74.00079,40.71529],[-74.00053,40.71517],[-74.00046,40.71437],[-74.00075,40.71451],[-74.00097,40.71391],[-74.00157,40.71368]]]},"properties":{"GEOID":"36061002902","NAME":"Census Tract 29.02","STATE":"36","COUNTY":"061"}},{"type":"Feature","geometry":{"type":"Polygon","coordinates":[[[-73.95219,40.77302],[-73.95269,40.77234],[-73.95043,40.77139],[-73.94901,40.77334],[-73.95126,40.77429],[-73.95219,40.77302]]]},"properties":{"GEOID":"36061013603","NAME":"Census Tract 136.03","STATE":"36","COUNTY":"061"}},{"type":"Feature","geometry":{"type":"Polygon","coordinates":[[[-73.95476,40.76951],[-73.95504,40.76912],[-73.94773,40.76608],[-73.94514,40.76911],[-73.9475,40.77012],[-73.94904,40.76826],[-73.95411,40.77039],[-73.95476,40.76951]]]},"properties":{"GEOID":"36061013201","NAME":"Census Tract 132.01","STATE":"36","COUNTY":"061"}},{"type":"Feature","geometry":{"type":"Polygon","coordinates":[[[-73.9514,40.77007],[-73.95186,40.76944],[-73.94904,40.76826],[-73.9475,40.77012],[-73.95043,40.77139],[-73.9514,40.77007]]]},"properties":{"GEOID":"36061013202","NAME":"Census Tract 132.02","STATE":"36","COUNTY":"061"}},{"type":"Feature","geometry":{"type":"Polygon","coordinates":[[[-73.94807,40.77039],[-73.94514,40.76911],[-73.94466,40.76985],[-73.94215,40.77204],[-73.94073,40.77246],[-73.94019,40.77295],[-73.94447,40.77307],[-73.94573,40.77362],[-73.94807,40.77039]]]},"properties":{"GEOID":"36061013601","NAME":"Census Tract 136.01","STATE":"36","COUNTY":"061"}},{"type":"Feature","geometry":{"type":"Polygon","coordinates":[[[-74.00465,40.77039],[-73.99693,40.76714],[-73.99688,40.76683],[-73.99179,40.76468],[-73.98996,40.76719],[-73.99644,40.76979],[-74.00295,40.77272],[-74.00465,40.77039]]]},"properties":{"GEOID":"36061013501","NAME":"Census Tract 135.01","STATE":"36","COUNTY":"061"}},{"type":"Feature","geometry":{"type":"Polygon","coordinates":[[[-73.98928,40.77323],[-73.98954,40.77287],[-73.9867,40.77167],[-73.98441,40.77481],[-73.98724,40.77602],[-73.98928,40.77323]]]},"properties":{"GEOID":"36061015101","NAME":"Census Tract 151.01","STATE":"36","COUNTY":"061"}},{"type":"Feature","geometry":{"type":"Polygon","coordinates":[[[-74.0086,40.76498],[-73.99547,40.75963],[-73.99361,40.76218],[-73.99885,40.7644],[-73.9989,40.76459],[-74.00658,40.76775],[-74.0086,40.76498]]]},"properties":{"GEOID":"36061012901","NAME":"Census Tract 129.01","STATE":"36","COUNTY":"061"}},{"type":"Feature","geometry":{"type":"Polygon","coordinates":[[[-74.01661,40.74696],[-74.01728,40.74418],[-74.00933,40.74257],[-74.0082,40.74215],[-74.00279,40.74959],[-74.00802,40.75179],[-74.01501,40.75351],[-74.01661,40.74696]]]},"properties":{"GEOID":"36061009901","NAME":"Census Tract 99.01","STATE":"36","COUNTY":"061"}},{"type":"Feature","geometry":{"type":"Polygon","coordinates":[[[-74.0023,40.77361],[-74.00295,40.77272],[-73.99644,40.76979],[-73.98996,40.76719],[-73.98806,40.76979],[-73.99378,40.7722],[-73.99332,40.77283],[-73.99395,40.77288],[-73.99614,40.77383],[-73.99597,40.77401],[-74.00045,40.77615],[-74.0023,40.77361]]]},"properties":{"GEOID":"36061013502","NAME":"Census Tract 135.02","STATE":"36","COUNTY":"061"}},{"type":"Feature","geometry":{"type":"Polygon","coordinates":[[[-74.01425,40.75666],[-74.01501,40.75351],[-74.00802,40.75179],[-74.00279,40.74959],[-74.00097,40.75206],[-74.0072,40.75468],[-74.01425,40.75666]]]},"properties":{"GEOID":"36061009902","NAME":"Census Tract 99.02","STATE":"36","COUNTY":"061"}},{"type":"Feature","geometry":{"type":"Polygon","coordinates":[[[-74.00617,40.76831],[-74.00658,40.76775],[-73.9989,40.76459],[-73.99885,40.7644],[-73.99361,40.76218],[-73.99179,40.76468],[-73.99688,40.76683],[-73.99693,40.76714],[-74.00465,40.77039],[-74.00617,40.76831]]]},"properties":{"GEOID":"36061012902","NAME":"Census Tract 129.02","STATE":"36","COUNTY":"061"}},{"type":"Feature","geometry":{"type":"Polygon","coordinates":[[[-73.97767,40.74226],[-73.97817,40.74164],[-73.9758,40.74064],[-73.97351,40.74378],[-73.97588,40.74478],[-73.97767,40.74226]]]},"properties":{"GEOID":"36061007001","NAME":"Census Tract 70.01","STATE":"36","COUNTY":"061"}},{"type":"Feature","geometry":{"type":"Polygon","coordinates":[[[-73.98441,40.77481],[-73.98157,40.7736],[-73.97975,40.77611],[-73.98258,40.7773],[-73.98441,40.77481]]]},"properties":{"GEOID":"36061015302","NAME":"Census Tract 153.02","STATE":"36","COUNTY":"061"}},{"type":"Feature","geometry":{"type":"Polygon","coordinates":[[[-74.00449,40.71255],[-74.00423,40.71203],[-74.00142,40.70981],[-74.00051,40.71098],[-74.00086,40.71149],[-74.00093,40.71326],[-74.00157,40.71368],[-74.00097,40.71391],[-74.00075,40.71451],[-74.00046,40.71437],[-74.00053,40.71517],[-74.00079,40.71529],[-73.99931,40.71755],[-73.99996,40.71802],[-74.0026,40.71431],[-74.0036,40.71365],[-74.00449,40.71255]]]},"properties":{"GEOID":"36061002901","NAME":"Census Tract 29.01","STATE":"36","COUNTY":"061"}},{"type":"Feature","geometry":{"type":"Polygon","coordinates":[[[-73.98041,40.74259],[-73.97817,40.74164],[-73.97588,40.74478],[-73.97812,40.74573],[-73.98041,40.74259]]]},"properties":{"GEOID":"36061007002","NAME":"Census Tract 70.02","STATE":"36","COUNTY":"061"}},{"type":"Feature","geometry":{"type":"Polygon","coordinates":[[[-73.99498,40.7603],[-73.99547,40.75963],[-73.99263,40.75843],[-73.99076,40.76099],[-73.99361,40.76218],[-73.99498,40.7603]]]},"properties":{"GEOID":"36061012102","NAME":"Census Tract 121.02","STATE":"36","COUNTY":"061"}},{"type":"Feature","geometry":{"type":"Polygon","coordinates":[[[-73.98693,40.77644],[-73.98724,40.77602],[-73.98441,40.77481],[-73.98258,40.7773],[-73.98545,40.77848],[-73.98693,40.77644]]]},"properties":{"GEOID":"36061015501","NAME":"Census Tract 155.01","STATE":"36","COUNTY":"061"}},{"type":"Feature","geometry":{"type":"Polygon","coordinates":[[[-73.97644,40.78573],[-73.9769,40.7851],[-73.97122,40.78271],[-73.96933,40.78529],[-73.97502,40.78769],[-73.97644,40.78573]]]},"properties":{"GEOID":"36061016900","NAME":"Census Tract 169","STATE":"36","COUNTY":"061"}},{"type":"Feature","geometry":{"type":"Polygon","coordinates":[[[-73.94746,40.78775],[-73.94792,40.78712],[-73.94332,40.78517],[-73.94102,40.78832],[-73.94564,40.79025],[-73.94746,40.78775]]]},"properties":{"GEOID":"36061016400","NAME":"Census Tract 164","STATE":"36","COUNTY":"061"}},{"type":"Feature","geometry":{"type":"Polygon","coordinates":[[[-73.81729,40.75978],[-73.81622,40.75747],[-73.8098,40.75919],[-73.80887,40.75912],[-73.8086,40.76113],[-73.81105,40.76142],[-73.81729,40.75978]]]},"properties":{"GEOID":"36081118700","NAME":"Census Tract 1187","STATE":"36","COUNTY":"081"}},{"type":"Feature","geometry":{"type":"Polygon","coordinates":[[[-73.81378,40.74455],[-73.81431,40.74297],[-73.81013,40.74229],[-73.80824,40.74201],[-73.80016,40.74225],[-73.79695,40.74193],[-73.79483,40.74399],[-73.79453,40.74451],[-73.79446,40.74544],[-73.79468,40.74721],[-73.79507,40.74672],[-73.79741,40.74654],[-73.79826,40.74697],[-73.80335,40.74643],[-73.80274,40.74831],[-73.80288,40.74978],[-73.80751,40.75014],[-73.81416,40.74614],[-73.81367,40.74556],[-73.81378,40.74455]]]},"properties":{"GEOID":"36081121100","NAME":"Census Tract 1211","STATE":"36","COUNTY":"081"}},{"type":"Feature","geometry":{"type":"Polygon","coordinates":[[[-73.99813,40.68681],[-73.99819,40.6867],[-73.99441,40.68545],[-73.99236,40.68969],[-73.99623,40.69076],[-73.99813,40.68681]]]},"properties":{"GEOID":"36047004500","NAME":"Census Tract 45","STATE":"36","COUNTY":"047"}},{"type":"Feature","geometry":{"type":"Polygon","coordinates":[[[-73.89603,40.73502],[-73.89559,40.72897],[-73.89369,40.72921],[-73.89387,40.73115],[-73.89233,40.73116],[-73.89213,40.73368],[-73.89175,40.73448],[-73.89324,40.73456],[-73.895,40.73501],[-73.89603,40.73502]]]},"properties":{"GEOID":"36081049301","NAME":"Census Tract 493.01","STATE":"36","COUNTY":"081"}},{"type":"Feature","geometry":{"type":"Polygon","coordinates":[[[-73.89559,40.72897],[-73.89534,40.72592],[-73.89497,40.72541],[-73.89337,40.72539],[-73.89166,40.72567],[-73.89031,40.72618],[-73.8872,40.72787],[-73.88724,40.72893],[-73.88756,40.7302],[-73.88969,40.72969],[-73.89152,40.72816],[-73.8924,40.72956],[-73.89233,40.73116],[-73.89387,40.73115],[-73.89369,40.72921],[-73.89559,40.72897]]]},"properties":{"GEOID":"36081049302","NAME":"Census Tract 493.02","STATE":"36","COUNTY":"081"}},{"type":"Feature","geometry":{"type":"Polygon","coordinates":[[[-73.89497,40.72541],[-73.89468,40.725],[-73.89411,40.72321],[-73.8903,40.72492],[-73.88708,40.72464],[-73.8872,40.72787],[-73.89031,40.72618],[-73.89166,40.72567],[-73.89337,40.72539],[-73.89497,40.72541]]]},"properties":{"GEOID":"36081049500","NAME":"Census Tract 495","STATE":"36","COUNTY":"081"}},{"type":"Feature","geometry":{"type":"Polygon","coordinates":[[[-73.89236,40.7304],[-73.8924,40.72956],[-73.89152,40.72816],[-73.88969,40.72969],[-73.88806,40.73009],[-73.88857,40.73459],[-73.89175,40.73448],[-73.89213,40.73368],[-73.89236,40.7304]]]},"properties":{"GEOID":"36081049700","NAME":"Census Tract 497","STATE":"36","COUNTY":"081"}},{"type":"Feature","geometry":{"type":"Polygon","coordinates":[[[-73.88857,40.73459],[-73.88806,40.73009],[-73.88756,40.7302],[-73.88724,40.72893],[-73.8872,40.72787],[-73.88517,40.72842],[-73.88039,40.72891],[-73.87524,40.73072],[-73.88353,40.73385],[-73.88381,40.73356],[-73.88484,40.73393],[-73.88689,40.7341],[-73.88857,40.73459]]]},"properties":{"GEOID":"36081049900","NAME":"Census Tract 499","STATE":"36","COUNTY":"081"}},{"type":"Feature","geometry":{"type":"Polygon","coordinates":[[[-73.90602,40.71574],[-73.90538,40.71288],[-73.90477,40.71287],[-73.8975,40.71638],[-73.89902,40.71738],[-73.90158,40.71614],[-73.90163,40.71632],[-73.90602,40.71574]]]},"properties":{"GEOID":"36081060100","NAME":"Census Tract 601","STATE":"36","COUNTY":"081"}},{"type":"Feature","geometry":{"type":"Polygon","coordinates":[[[-73.91344,40.70766],[-73.90899,40.70503],[-73.90784,40.70616],[-73.90858,40.7066],[-73.90626,40.70887],[-73.90996,40.71106],[-73.91344,40.70766]]]},"properties":{"GEOID":"36081059100","NAME":"Census Tract 591","STATE":"36","COUNTY":"081"}},{"type":"Feature","geometry":{"type":"Polygon","coordinates":[[[-73.907,40.70931],[-73.90403,40.70755],[-73.90365,40.70785],[-73.89845,40.70904],[-73.89936,40.71032],[-73.9006,40.7127],[-73.90477,40.71287],[-73.90489,40.71286],[-73.90405,40.711],[-73.90564,40.71064],[-73.907,40.70931]]]},"properties":{"GEOID":"36081059300","NAME":"Census Tract 593","STATE":"36","COUNTY":"081"}},{"type":"Feature","geometry":{"type":"Polygon","coordinates":[[[-73.90639,40.71736],[-73.90602,40.71574],[-73.90163,40.71632],[-73.90158,40.71614],[-73.89727,40.71815],[-73.89835,40.7192],[-73.90019,40.71801],[-73.9021,40.718],[-73.90639,40.71736]]]},"properties":{"GEOID":"36081059900","NAME":"Census Tract 599","STATE":"36","COUNTY":"081"}},{"type":"Feature","geometry":{"type":"Polygon","coordinates":[[[-73.90558,40.72864],[-73.90568,40.72855],[-73.90312,40.72738],[-73.90303,40.72876],[-73.90262,40.72934],[-73.90123,40.72863],[-73.90024,40.72902],[-73.89925,40.72905],[-73.89902,40.73515],[-73.90062,40.73448],[-73.90558,40.72864]]]},"properties":{"GEOID":"36081051500","NAME":"Census Tract 515","STATE":"36","COUNTY":"081"}},{"type":"Feature","geometry":{"type":"Polygon","coordinates":[[[-73.9073,40.72729],[-73.90741,40.72721],[-73.90549,40.72605],[-73.90421,40.72576],[-73.90457,40.72301],[-73.90181,40.7228],[-73.90011,40.7233],[-73.89903,40.72384],[-73.89835,40.72311],[-73.89582,40.7239],[-73.8957,40.72341],[-73.89451,40.72313],[-73.89411,40.72321],[-73.89468,40.725],[-73.89497,40.72541],[-73.9037,40.72621],[-73.90531,40.72663],[-73.90707,40.72747],[-73.9073,40.72729]]]},"properties":{"GEOID":"36081051700","NAME":"Census Tract 517","STATE":"36","COUNTY":"081"}},{"type":"Feature","geometry":{"type":"Polygon","coordinates":[[[-74.00842,40.68602],[-74.00814,40.68561],[-74.0055,40.68585],[-74.00485,40.68567],[-74.0045,40.6863],[-74.00064,40.68525],[-73.99779,40.69119],[-74.00174,40.69241],[-74.00197,40.69184],[-74.0007,40.69061],[-74.00096,40.69013],[-74.00185,40.69039],[-74.00196,40.69014],[-74.00299,40.69043],[-74.00382,40.68893],[-74.00459,40.68822],[-74.00587,40.68621],[-74.00702,40.68653],[-74.00842,40.68602]]]},"properties":{"GEOID":"36047004700","NAME":"Census Tract 47","STATE":"36","COUNTY":"047"}},{"type":"Feature","geometry":{"type":"Polygon","coordinates":[[[-74.00064,40.68525],[-73.99908,40.68482],[-73.99623,40.69076],[-73.99779,40.69119],[-74.00064,40.68525]]]},"properties":{"GEOID":"36047004900","NAME":"Census Tract 49","STATE":"36","COUNTY":"047"}},{"type":"Feature","geometry":{"type":"Polygon","coordinates":[[[-74.05663,40.62729],[-74.05352,40.62209],[-74.04178,40.62254],[-74.04166,40.6224],[-74.04029,40.62255],[-74.03996,40.62328],[-74.0346,40.622],[-74.03311,40.62565],[-74.03579,40.62628],[-74.03643,40.62473],[-74.04168,40.62602],[-74.05663,40.62729]]]},"properties":{"GEOID":"36047005000","NAME":"Census Tract 50","STATE":"36","COUNTY":"047"}},{"type":"Feature","geometry":{"type":"Polygon","coordinates":[[[-74.05352,40.62209],[-74.05248,40.62034],[-74.04152,40.62065],[-74.03942,40.6209],[-74.03544,40.61996],[-74.0346,40.622],[-74.03996,40.62328],[-74.04029,40.62255],[-74.04166,40.6224],[-74.04178,40.62254],[-74.05352,40.62209]]]},"properties":{"GEOID":"36047005201","NAME":"Census Tract 52.01","STATE":"36","COUNTY":"047"}},{"type":"Feature","geometry":{"type":"Polygon","coordinates":[[[-74.04907,40.61483],[-74.0481,40.61326],[-74.04051,40.61558],[-74.03836,40.61651],[-74.03798,40.61586],[-74.03568,40.61667],[-74.03592,40.61705],[-74.03387,40.61659],[-74.03152,40.61533],[-74.03049,40.61652],[-74.03331,40.61795],[-74.03697,40.6188],[-74.03689,40.61866],[-74.03918,40.61786],[-74.04039,40.61708],[-74.04907,40.61483]]]},"properties":{"GEOID":"36047005400","NAME":"Census Tract 54","STATE":"36","COUNTY":"047"}},{"type":"Feature","geometry":{"type":"Polygon","coordinates":[[[-74.04645,40.61074],[-74.04374,40.60669],[-74.03573,40.60939],[-74.03609,40.60985],[-74.03599,40.61033],[-74.03487,40.61137],[-74.03264,40.61401],[-74.03454,40.61494],[-74.0347,40.61466],[-74.03707,40.61382],[-74.04645,40.61074]]]},"properties":{"GEOID":"36047005602","NAME":"Census Tract 56.02","STATE":"36","COUNTY":"047"}},{"type":"Feature","geometry":{"type":"Polygon","coordinates":[[[-74.0117,40.67937],[-74.00954,40.6779],[-74.0083,40.67897],[-74.0063,40.6776],[-74.00649,40.67719],[-74.00476,40.67671],[-74.00508,40.67607],[-74.0035,40.67563],[-74.00319,40.67627],[-74.00121,40.67587],[-74.0007,40.67557],[-74.00154,40.67727],[-74.00447,40.68099],[-74.00567,40.68293],[-74.00606,40.6832],[-74.00582,40.68366],[-74.00671,40.68362],[-74.0117,40.67937]]]},"properties":{"GEOID":"36047005900","NAME":"Census Tract 59","STATE":"36","COUNTY":"047"}},{"type":"Feature","geometry":{"type":"Polygon","coordinates":[[[-74.0346,40.622],[-74.03489,40.62132],[-74.03219,40.62069],[-74.03205,40.62104],[-74.02956,40.61983],[-74.02835,40.6228],[-74.03374,40.6241],[-74.0346,40.622]]]},"properties":{"GEOID":"36047006000","NAME":"Census Tract 60","STATE":"36","COUNTY":"047"}},{"type":"Feature","geometry":{"type":"Polygon","coordinates":[[[-74.00335,40.67973],[-74.00226,40.67821],[-73.99908,40.68482],[-74.00064,40.68525],[-74.00335,40.67973]]]},"properties":{"GEOID":"36047006300","NAME":"Census Tract 63","STATE":"36","COUNTY":"047"}},{"type":"Feature","geometry":{"type":"Polygon","coordinates":[[[-74.03196,40.62847],[-74.03226,40.62774],[-74.02686,40.62646],[-74.02536,40.63011],[-74.03076,40.63139],[-74.03196,40.62847]]]},"properties":{"GEOID":"36047006400","NAME":"Census Tract 64","STATE":"36","COUNTY":"047"}},{"type":"Feature","geometry":{"type":"Polygon","coordinates":[[[-74.00226,40.67821],[-74.00154,40.67727],[-74.0007,40.67557],[-74.00121,40.67587],[-73.99992,40.674],[-73.99621,40.68172],[-74.00005,40.6828],[-74.00226,40.67821]]]},"properties":{"GEOID":"36047006500","NAME":"Census Tract 65","STATE":"36","COUNTY":"047"}},{"type":"Feature","geometry":{"type":"Polygon","coordinates":[[[-74.03047,40.6321],[-74.03076,40.63139],[-74.02536,40.63011],[-74.02424,40.63286],[-74.02963,40.63415],[-74.03047,40.6321]]]},"properties":{"GEOID":"36047006600","NAME":"Census Tract 66","STATE":"36","COUNTY":"047"}},{"type":"Feature","geometry":{"type":"Polygon","coordinates":[[[-73.99972,40.68347],[-74.00005,40.6828],[-73.99621,40.68172],[-73.99441,40.68545],[-73.99819,40.6867],[-73.99972,40.68347]]]},"properties":{"GEOID":"36047006700","NAME":"Census Tract 67","STATE":"36","COUNTY":"047"}},{"type":"Feature","geometry":{"type":"Polygon","coordinates":[[[-73.90457,40.72301],[-73.90435,40.72154],[-73.90346,40.71992],[-73.90324,40.71912],[-73.90262,40.71862],[-73.90229,40.71868],[-73.9021,40.718],[-73.90034,40.71802],[-73.90063,40.71976],[-73.90009,40.72018],[-73.89737,40.72048],[-73.8974,40.72155],[-73.89982,40.72124],[-73.90011,40.7233],[-73.90181,40.7228],[-73.90457,40.72301]]]},"properties":{"GEOID":"36081052100","NAME":"Census Tract 521","STATE":"36","COUNTY":"081"}},{"type":"Feature","geometry":{"type":"Polygon","coordinates":[[[-74.02936,40.63484],[-74.02963,40.63415],[-74.02424,40.63286],[-74.02291,40.63611],[-74.02547,40.63714],[-74.02567,40.63667],[-74.02828,40.63747],[-74.02936,40.63484]]]},"properties":{"GEOID":"36047006800","NAME":"Census Tract 68","STATE":"36","COUNTY":"047"}},{"type":"Feature","geometry":{"type":"Polygon","coordinates":[[[-74.028,40.63815],[-74.02828,40.63747],[-74.02567,40.63667],[-74.02547,40.63714],[-74.02291,40.63611],[-74.02263,40.6368],[-74.02109,40.63826],[-74.02167,40.6393],[-74.02177,40.64041],[-74.02116,40.64142],[-74.02251,40.64056],[-74.02475,40.63812],[-74.02686,40.63954],[-74.0278,40.63862],[-74.028,40.63815]]]},"properties":{"GEOID":"36047007000","NAME":"Census Tract 70","STATE":"36","COUNTY":"047"}},{"type":"Feature","geometry":{"type":"Polygon","coordinates":[[[-73.98999,40.68332],[-73.99042,40.68269],[-73.98728,40.68147],[-73.98767,40.68082],[-73.98653,40.68037],[-73.98395,40.68418],[-73.98829,40.68587],[-73.98999,40.68332]]]},"properties":{"GEOID":"36047007100","NAME":"Census Tract 71","STATE":"36","COUNTY":"047"}},{"type":"Feature","geometry":{"type":"Polygon","coordinates":[[[-74.02177,40.64041],[-74.02167,40.6393],[-74.02109,40.63826],[-74.01842,40.64085],[-74.02021,40.64198],[-74.02086,40.64144],[-74.02097,40.64165],[-74.02177,40.64041]]]},"properties":{"GEOID":"36047007200","NAME":"Census Tract 72","STATE":"36","COUNTY":"047"}},{"type":"Feature","geometry":{"type":"Polygon","coordinates":[[[-73.99621,40.68172],[-73.99653,40.68106],[-73.99465,40.68054],[-73.99489,40.6802],[-73.99278,40.67923],[-73.99259,40.67952],[-73.98939,40.67828],[-73.98728,40.68147],[-73.9949,40.68443],[-73.99621,40.68172]]]},"properties":{"GEOID":"36047007500","NAME":"Census Tract 75","STATE":"36","COUNTY":"047"}},{"type":"Feature","geometry":{"type":"Polygon","coordinates":[[[-74.00798,40.65373],[-74.00855,40.6532],[-74.00449,40.65071],[-74.00041,40.65463],[-74.00446,40.65707],[-74.00798,40.65373]]]},"properties":{"GEOID":"36047008400","NAME":"Census Tract 84","STATE":"36","COUNTY":"047"}},{"type":"Feature","geometry":{"type":"Polygon","coordinates":[[[-73.94037,40.83147],[-73.94035,40.83046],[-73.94017,40.83038],[-73.93839,40.83311],[-73.93506,40.83568],[-73.9344,40.83605],[-73.93471,40.83563],[-73.93301,40.83568],[-73.93061,40.83968],[-73.93037,40.84065],[-73.92958,40.84205],[-73.92969,40.84219],[-73.92901,40.84408],[-73.92811,40.84558],[-73.9239,40.85049],[-73.92096,40.85511],[-73.92287,40.85587],[-73.92289,40.85886],[-73.92474,40.86159],[-73.92529,40.86013],[-73.92677,40.85892],[-73.92727,40.85793],[-73.92675,40.8577],[-73.92624,40.85814],[-73.92543,40.85813],[-73.92493,40.85776],[-73.92467,40.85699],[-73.92469,40.85664],[-73.92769,40.85249],[-73.92714,40.85215],[-73.92708,40.85143],[-73.92748,40.85069],[-73.92869,40.84955],[-73.92978,40.84815],[-73.93062,40.84848],[-73.93557,40.84171],[-73.93563,40.84128],[-73.93503,40.83998],[-73.93508,40.83927],[-73.93638,40.83785],[-73.93804,40.83429],[-73.93948,40.83301],[-73.94037,40.83147]]]},"properties":{"GEOID":"36061031100","NAME":"Census Tract 311","STATE":"36","COUNTY":"061"}},{"type":"Feature","geometry":{"type":"Polygon","coordinates":[[[-74.02135,40.72746],[-74.02183,40.72549],[-74.01124,40.72427],[-74.01092,40.72583],[-74.00531,40.72182],[-74.00536,40.72218],[-74.00373,40.72625],[-74.00215,40.72804],[-74.00281,40.72837],[-74.01054,40.7291],[-74.01064,40.72817],[-74.02097,40.72904],[-74.02135,40.72746]]]},"properties":{"GEOID":"36061003700","NAME":"Census Tract 37","STATE":"36","COUNTY":"061"}},{"type":"Feature","geometry":{"type":"Polygon","coordinates":[[[-73.99312,40.73669],[-73.99362,40.736],[-73.9899,40.73444],[-73.98992,40.73535],[-73.9873,40.7389],[-73.99052,40.74026],[-73.99312,40.73669]]]},"properties":{"GEOID":"36061005200","NAME":"Census Tract 52","STATE":"36","COUNTY":"061"}},{"type":"Feature","geometry":{"type":"Polygon","coordinates":[[[-73.99484,40.75029],[-73.9953,40.74967],[-73.98962,40.74728],[-73.98778,40.74977],[-73.99346,40.75219],[-73.99484,40.75029]]]},"properties":{"GEOID":"36061010100","NAME":"Census Tract 101","STATE":"36","COUNTY":"061"}},{"type":"Feature","geometry":{"type":"Polygon","coordinates":[[[-73.99091,40.77099],[-73.98806,40.76979],[-73.9867,40.77167],[-73.98954,40.77287],[-73.99091,40.77099]]]},"properties":{"GEOID":"36061014700","NAME":"Census Tract 147","STATE":"36","COUNTY":"061"}},{"type":"Feature","geometry":{"type":"Polygon","coordinates":[[[-73.96092,40.78085],[-73.96136,40.78024],[-73.95816,40.77886],[-73.9572,40.78018],[-73.96042,40.78153],[-73.96092,40.78085]]]},"properties":{"GEOID":"36061015001","NAME":"Census Tract 150.01","STATE":"36","COUNTY":"061"}},{"type":"Feature","geometry":{"type":"Polygon","coordinates":[[[-73.81739,40.76657],[-73.8174,40.76549],[-73.81639,40.76316],[-73.81276,40.76413],[-73.81323,40.77157],[-73.81729,40.77148],[-73.81739,40.76657]]]},"properties":{"GEOID":"36081115700","NAME":"Census Tract 1157","STATE":"36","COUNTY":"081"}},{"type":"Feature","geometry":{"type":"Polygon","coordinates":[[[-73.8086,40.76113],[-73.80887,40.75912],[-73.7958,40.75809],[-73.8003,40.7597],[-73.8086,40.76113]]]},"properties":{"GEOID":"36081118500","NAME":"Census Tract 1185","STATE":"36","COUNTY":"081"}},{"type":"Feature","geometry":{"type":"Polygon","coordinates":[[[-73.90063,40.71976],[-73.90034,40.71802],[-73.90006,40.71805],[-73.89985,40.71837],[-73.89835,40.7192],[-73.89727,40.71815],[-73.89902,40.71738],[-73.89762,40.71653],[-73.89554,40.7138],[-73.89503,40.71248],[-73.88688,40.71222],[-73.88772,40.71358],[-73.88711,40.71368],[-73.88724,40.71494],[-73.89053,40.7187],[-73.89269,40.71667],[-73.89284,40.71601],[-73.89424,40.71792],[-73.89446,40.7183],[-73.89273,40.71913],[-73.89471,40.72182],[-73.89445,40.72201],[-73.89497,40.72282],[-73.89427,40.72314],[-73.8957,40.72341],[-73.89582,40.7239],[-73.89835,40.72311],[-73.89903,40.72384],[-73.90011,40.7233],[-73.89982,40.72124],[-73.8974,40.72155],[-73.89737,40.72048],[-73.90009,40.72018],[-73.90063,40.71976]]]},"properties":{"GEOID":"36081060701","NAME":"Census Tract 607.01","STATE":"36","COUNTY":"081"}},{"type":"Feature","geometry":{"type":"Polygon","coordinates":[[[-73.89999,40.6769],[-73.89931,40.67398],[-73.88826,40.67563],[-73.88901,40.67856],[-73.89622,40.67736],[-73.89654,40.67859],[-73.89999,40.6769]]]},"properties":{"GEOID":"36047119800","NAME":"Census Tract 1198","STATE":"36","COUNTY":"047"}},{"type":"Feature","geometry":{"type":"Polygon","coordinates":[[[-73.80784,40.716],[-73.80742,40.71433],[-73.80668,40.71306],[-73.80646,40.71206],[-73.80138,40.71267],[-73.80278,40.71502],[-73.80318,40.71635],[-73.80784,40.716]]]},"properties":{"GEOID":"36081045000","NAME":"Census Tract 450","STATE":"36","COUNTY":"081"}},{"type":"Feature","geometry":{"type":"Polygon","coordinates":[[[-73.86583,40.73664],[-73.86462,40.73427],[-73.85887,40.73594],[-73.86007,40.73837],[-73.86583,40.73664]]]},"properties":{"GEOID":"36081045500","NAME":"Census Tract 455","STATE":"36","COUNTY":"081"}},{"type":"Feature","geometry":{"type":"Polygon","coordinates":[[[-73.89143,40.74684],[-73.89072,40.74313],[-73.88538,40.74385],[-73.88509,40.74397],[-73.8838,40.74593],[-73.88549,40.74579],[-73.88579,40.74744],[-73.89143,40.74684]]]},"properties":{"GEOID":"36081026700","NAME":"Census Tract 267","STATE":"36","COUNTY":"081"}},{"type":"Feature","geometry":{"type":"Polygon","coordinates":[[[-73.89863,40.85391],[-73.8971,40.85517],[-73.89644,40.85491],[-73.89381,40.85894],[-73.89469,40.85943],[-73.89574,40.85814],[-73.89636,40.85838],[-73.89817,40.85515],[-73.89863,40.85391]]]},"properties":{"GEOID":"36005038303","NAME":"Census Tract 383.03","STATE":"36","COUNTY":"005"}},{"type":"Feature","geometry":{"type":"Polygon","coordinates":[[[-73.88298,40.81734],[-73.88338,40.81735],[-73.88218,40.81642],[-73.8818,40.81521],[-73.87936,40.80566],[-73.87808,40.80586],[-73.87703,40.8057],[-73.87481,40.8037],[-73.87374,40.80342],[-73.87362,40.8028],[-73.86315,40.7975],[-73.86297,40.79767],[-73.86648,40.8059],[-73.8713,40.81395],[-73.87797,40.81615],[-73.88098,40.81824],[-73.88235,40.81742],[-73.88298,40.81734]]]},"properties":{"GEOID":"36005011702","NAME":"Census Tract 117.02","STATE":"36","COUNTY":"005"}},{"type":"Feature","geometry":{"type":"Polygon","coordinates":[[[-73.90846,40.82462],[-73.90871,40.82407],[-73.90774,40.82382],[-73.90842,40.82218],[-73.90646,40.82172],[-73.90429,40.82692],[-73.90508,40.82711],[-73.90228,40.82964],[-73.90351,40.83038],[-73.90451,40.83062],[-73.90553,40.8291],[-73.90657,40.82945],[-73.90846,40.82462]]]},"properties":{"GEOID":"36005018502","NAME":"Census Tract 185.02","STATE":"36","COUNTY":"005"}},{"type":"Feature","geometry":{"type":"Polygon","coordinates":[[[-73.93096,40.82834],[-73.93074,40.82701],[-73.92715,40.82572],[-73.92222,40.83416],[-73.92318,40.83452],[-73.92237,40.83611],[-73.92397,40.83508],[-73.92536,40.83262],[-73.92876,40.82919],[-73.93096,40.82834]]]},"properties":{"GEOID":"36005006302","NAME":"Census Tract 63.02","STATE":"36","COUNTY":"005"}},{"type":"Feature","geometry":{"type":"Polygon","coordinates":[[[-73.82863,40.68566],[-73.82946,40.6854],[-73.82633,40.67908],[-73.8247,40.67955],[-73.82555,40.68129],[-73.8239,40.68176],[-73.82594,40.68594],[-73.82863,40.68566]]]},"properties":{"GEOID":"36081010400","NAME":"Census Tract 104","STATE":"36","COUNTY":"081"}},{"type":"Feature","geometry":{"type":"Polygon","coordinates":[[[-73.83948,40.69558],[-73.83963,40.69553],[-73.83839,40.69305],[-73.83942,40.69275],[-73.83868,40.69096],[-73.83481,40.69207],[-73.83717,40.69687],[-73.83948,40.69558]]]},"properties":{"GEOID":"36081012601","NAME":"Census Tract 126.01","STATE":"36","COUNTY":"081"}},{"type":"Feature","geometry":{"type":"Polygon","coordinates":[[[-73.87554,40.76423],[-73.87531,40.76301],[-73.87325,40.76266],[-73.87222,40.75694],[-73.87041,40.75713],[-73.87177,40.76463],[-73.87554,40.76423]]]},"properties":{"GEOID":"36081036100","NAME":"Census Tract 361","STATE":"36","COUNTY":"081"}},{"type":"Feature","geometry":{"type":"Polygon","coordinates":[[[-73.9038,40.71335],[-73.90477,40.71287],[-73.89503,40.71248],[-73.89554,40.7138],[-73.8975,40.71638],[-73.9038,40.71335]]]},"properties":{"GEOID":"36081060300","NAME":"Census Tract 603","STATE":"36","COUNTY":"081"}},{"type":"Feature","geometry":{"type":"Polygon","coordinates":[[[-73.89497,40.72282],[-73.89445,40.72201],[-73.89471,40.72182],[-73.89273,40.71913],[-73.89446,40.7183],[-73.89424,40.71792],[-73.88724,40.72128],[-73.89017,40.72495],[-73.89497,40.72282]]]},"properties":{"GEOID":"36081066701","NAME":"Census Tract 667.01","STATE":"36","COUNTY":"081"}},{"type":"Feature","geometry":{"type":"Polygon","coordinates":[[[-73.89601,40.8556],[-73.89644,40.85491],[-73.89561,40.85457],[-73.89089,40.86135],[-73.89145,40.86163],[-73.89322,40.85987],[-73.89601,40.8556]]]},"properties":{"GEOID":"36005038304","NAME":"Census Tract 383.04","STATE":"36","COUNTY":"005"}},{"type":"Feature","geometry":{"type":"Polygon","coordinates":[[[-73.9318,40.80788],[-73.92823,40.80385],[-73.92576,40.80522],[-73.92427,40.80718],[-73.92856,40.80905],[-73.92922,40.80956],[-73.93094,40.80825],[-73.9318,40.80788]]]},"properties":{"GEOID":"36005001901","NAME":"Census Tract 19.01","STATE":"36","COUNTY":"005"}},{"type":"Feature","geometry":{"type":"Polygon","coordinates":[[[-73.93609,40.74973],[-73.93539,40.74941],[-73.93164,40.75137],[-73.92469,40.75173],[-73.92227,40.75151],[-73.92125,40.75115],[-73.92081,40.75055],[-73.92062,40.74974],[-73.91526,40.75085],[-73.91314,40.75097],[-73.90985,40.75164],[-73.91045,40.75296],[-73.91547,40.75379],[-73.91763,40.75386],[-73.92563,40.75214],[-73.93228,40.75195],[-73.93383,40.7516],[-73.93609,40.74973]]]},"properties":{"GEOID":"36081017102","NAME":"Census Tract 171.02","STATE":"36","COUNTY":"081"}},{"type":"Feature","geometry":{"type":"Polygon","coordinates":[[[-73.94374,40.74371],[-73.9442,40.74288],[-73.9377,40.74524],[-73.92677,40.74759],[-73.9208,40.74689],[-73.92034,40.74916],[-73.91446,40.75021],[-73.90971,40.74975],[-73.90946,40.75085],[-73.90985,40.75164],[-73.91314,40.75097],[-73.91526,40.75085],[-73.92062,40.74974],[-73.92081,40.75055],[-73.92125,40.75115],[-73.92227,40.75151],[-73.92469,40.75173],[-73.93164,40.75137],[-73.93539,40.74941],[-73.93684,40.7484],[-73.93952,40.74598],[-73.94301,40.7446],[-73.94374,40.74371]]]},"properties":{"GEOID":"36081017101","NAME":"Census Tract 171.01","STATE":"36","COUNTY":"081"}},{"type":"Feature","geometry":{"type":"Polygon","coordinates":[[[-73.8791,40.75237],[-73.87841,40.74822],[-73.87648,40.74842],[-73.87725,40.75257],[-73.8791,40.75237]]]},"properties":{"GEOID":"36081027701","NAME":"Census Tract 277.01","STATE":"36","COUNTY":"081"}},{"type":"Feature","geometry":{"type":"Polygon","coordinates":[[[-73.94383,40.75253],[-73.94402,40.75235],[-73.93787,40.7498],[-73.93803,40.74949],[-73.93684,40.7484],[-73.93539,40.74941],[-73.93609,40.74973],[-73.93474,40.75098],[-73.93613,40.75172],[-73.93561,40.75228],[-73.93717,40.75308],[-73.93833,40.75182],[-73.94243,40.754],[-73.94383,40.75253]]]},"properties":{"GEOID":"36081003301","NAME":"Census Tract 33.01","STATE":"36","COUNTY":"081"}},{"type":"Feature","geometry":{"type":"Polygon","coordinates":[[[-73.96262,40.73903],[-73.96248,40.7368],[-73.95706,40.73917],[-73.95509,40.7394],[-73.95458,40.74135],[-73.9569,40.74179],[-73.95599,40.74449],[-73.95972,40.74526],[-73.96138,40.7428],[-73.9618,40.74113],[-73.96262,40.73903]]]},"properties":{"GEOID":"36081000101","NAME":"Census Tract 1.01","STATE":"36","COUNTY":"081"}},{"type":"Feature","geometry":{"type":"Polygon","coordinates":[[[-73.86291,40.71776],[-73.85983,40.71462],[-73.85964,40.71397],[-73.85976,40.71184],[-73.8573,40.71147],[-73.85777,40.71646],[-73.85852,40.72153],[-73.85936,40.7214],[-73.85913,40.71954],[-73.86127,40.71917],[-73.86096,40.7185],[-73.86291,40.71776]]]},"properties":{"GEOID":"36081070300","NAME":"Census Tract 703","STATE":"36","COUNTY":"081"}},{"type":"Feature","geometry":{"type":"Polygon","coordinates":[[[-73.84102,40.71764],[-73.84117,40.71741],[-73.83742,40.71472],[-73.83493,40.71247],[-73.83501,40.71222],[-73.83363,40.71299],[-73.83673,40.71574],[-73.83496,40.71717],[-73.83686,40.71826],[-73.83981,40.7196],[-73.84102,40.71764]]]},"properties":{"GEOID":"36081076901","NAME":"Census Tract 769.01","STATE":"36","COUNTY":"081"}},{"type":"Feature","geometry":{"type":"Polygon","coordinates":[[[-73.83055,40.75454],[-73.82987,40.75349],[-73.82472,40.75549],[-73.82709,40.75714],[-73.82518,40.75765],[-73.82654,40.76046],[-73.83014,40.75957],[-73.82828,40.75539],[-73.83055,40.75454]]]},"properties":{"GEOID":"36081085300","NAME":"Census Tract 853","STATE":"36","COUNTY":"081"}},{"type":"Feature","geometry":{"type":"Polygon","coordinates":[[[-73.83093,40.71432],[-73.83008,40.71391],[-73.83038,40.71362],[-73.82873,40.71151],[-73.82779,40.71066],[-73.82493,40.71178],[-73.82066,40.70987],[-73.82395,40.71285],[-73.82428,40.71383],[-73.82571,40.71606],[-73.82698,40.71539],[-73.83093,40.71432]]]},"properties":{"GEOID":"36081021601","NAME":"Census Tract 216.01","STATE":"36","COUNTY":"081"}},{"type":"Feature","geometry":{"type":"Polygon","coordinates":[[[-74.01079,40.67683],[-74.01141,40.67632],[-74.00961,40.67512],[-74.00261,40.67318],[-74.00135,40.67579],[-74.00319,40.67627],[-74.0035,40.67563],[-74.00508,40.67607],[-74.00476,40.67671],[-74.00649,40.67719],[-74.0063,40.6776],[-74.0083,40.67897],[-74.01079,40.67683]]]},"properties":{"GEOID":"36047008500","NAME":"Census Tract 85","STATE":"36","COUNTY":"047"}},{"type":"Feature","geometry":{"type":"Polygon","coordinates":[[[-74.00656,40.64871],[-74.00682,40.64846],[-74.00242,40.64581],[-74.00066,40.64749],[-74.00507,40.65015],[-74.00656,40.64871]]]},"properties":{"GEOID":"36047008600","NAME":"Census Tract 86","STATE":"36","COUNTY":"047"}},{"type":"Feature","geometry":{"type":"Polygon","coordinates":[[[-74.00449,40.65071],[-74.00507,40.65015],[-74.00066,40.64749],[-73.9987,40.64917],[-73.99782,40.65028],[-74.00214,40.65296],[-74.00449,40.65071]]]},"properties":{"GEOID":"36047008800","NAME":"Census Tract 88","STATE":"36","COUNTY":"047"}},{"type":"Feature","geometry":{"type":"Polygon","coordinates":[[[-74.00857,40.64679],[-74.00915,40.64623],[-74.00475,40.64357],[-74.00242,40.64581],[-74.00682,40.64846],[-74.00857,40.64679]]]},"properties":{"GEOID":"36047009600","NAME":"Census Tract 96","STATE":"36","COUNTY":"047"}},{"type":"Feature","geometry":{"type":"Polygon","coordinates":[[[-74.0109,40.64455],[-74.01148,40.64399],[-74.00708,40.64133],[-74.00475,40.64357],[-74.00915,40.64623],[-74.0109,40.64455]]]},"properties":{"GEOID":"36047009800","NAME":"Census Tract 98","STATE":"36","COUNTY":"047"}},{"type":"Feature","geometry":{"type":"Polygon","coordinates":[[[-74.01323,40.64231],[-74.01381,40.64175],[-74.00941,40.63908],[-74.00708,40.64133],[-74.01148,40.64399],[-74.01323,40.64231]]]},"properties":{"GEOID":"36047010000","NAME":"Census Tract 100","STATE":"36","COUNTY":"047"}},{"type":"Feature","geometry":{"type":"Polygon","coordinates":[[[-74.00387,40.65763],[-74.00446,40.65707],[-74.00041,40.65463],[-73.99517,40.65967],[-73.9993,40.66216],[-74.00387,40.65763]]]},"properties":{"GEOID":"36047010100","NAME":"Census Tract 101","STATE":"36","COUNTY":"047"}},{"type":"Feature","geometry":{"type":"Polygon","coordinates":[[[-73.99568,40.64538],[-73.99627,40.64483],[-73.99193,40.6422],[-73.98906,40.64412],[-73.99399,40.6471],[-73.99568,40.64538]]]},"properties":{"GEOID":"36047011000","NAME":"Census Tract 110","STATE":"36","COUNTY":"047"}},{"type":"Feature","geometry":{"type":"Polygon","coordinates":[[[-73.99859,40.64259],[-73.99918,40.64203],[-73.99551,40.63981],[-73.99193,40.6422],[-73.99627,40.64483],[-73.99859,40.64259]]]},"properties":{"GEOID":"36047011200","NAME":"Census Tract 112","STATE":"36","COUNTY":"047"}},{"type":"Feature","geometry":{"type":"Polygon","coordinates":[[[-74.00209,40.63923],[-74.00267,40.63867],[-73.99981,40.63694],[-73.99551,40.63981],[-73.99918,40.64203],[-74.00209,40.63923]]]},"properties":{"GEOID":"36047011400","NAME":"Census Tract 114","STATE":"36","COUNTY":"047"}},{"type":"Feature","geometry":{"type":"Polygon","coordinates":[[[-74.00675,40.63474],[-74.00736,40.63416],[-74.00556,40.63308],[-73.99981,40.63694],[-74.00267,40.63867],[-74.00675,40.63474]]]},"properties":{"GEOID":"36047011600","NAME":"Census Tract 116","STATE":"36","COUNTY":"047"}},{"type":"Feature","geometry":{"type":"Polygon","coordinates":[[[-73.99643,40.66901],[-73.99653,40.66889],[-73.99603,40.66806],[-73.99484,40.6668],[-73.99277,40.66551],[-73.98972,40.66915],[-73.99438,40.6714],[-73.99643,40.66901]]]},"properties":{"GEOID":"36047011700","NAME":"Census Tract 117","STATE":"36","COUNTY":"047"}},{"type":"Feature","geometry":{"type":"Polygon","coordinates":[[[-74.01669,40.63552],[-74.01611,40.63449],[-74.01593,40.63338],[-74.01564,40.63353],[-74.01,40.63011],[-74.00702,40.63211],[-74.01074,40.63436],[-74.01191,40.63323],[-74.01631,40.6359],[-74.01669,40.63552]]]},"properties":{"GEOID":"36047012000","NAME":"Census Tract 120","STATE":"36","COUNTY":"047"}},{"type":"Feature","geometry":{"type":"Polygon","coordinates":[[[-73.99388,40.672],[-73.99438,40.6714],[-73.98972,40.66915],[-73.98772,40.67156],[-73.99237,40.67381],[-73.99388,40.672]]]},"properties":{"GEOID":"36047012100","NAME":"Census Tract 121","STATE":"36","COUNTY":"047"}},{"type":"Feature","geometry":{"type":"Polygon","coordinates":[[[-73.98567,40.68164],[-73.9861,40.68101],[-73.98176,40.67932],[-73.97961,40.68249],[-73.98395,40.68418],[-73.98567,40.68164]]]},"properties":{"GEOID":"36047012700","NAME":"Census Tract 127","STATE":"36","COUNTY":"047"}},{"type":"Feature","geometry":{"type":"Polygon","coordinates":[[[-73.98089,40.68059],[-73.98132,40.67995],[-73.97868,40.67905],[-73.97632,40.68251],[-73.97803,40.68486],[-73.98089,40.68059]]]},"properties":{"GEOID":"36047012901","NAME":"Census Tract 129.01","STATE":"36","COUNTY":"047"}},{"type":"Feature","geometry":{"type":"Polygon","coordinates":[[[-73.97832,40.67958],[-73.97868,40.67905],[-73.97618,40.67807],[-73.97469,40.68027],[-73.97378,40.68306],[-73.97593,40.68351],[-73.97746,40.68405],[-73.97632,40.68251],[-73.97832,40.67958]]]},"properties":{"GEOID":"36047012902","NAME":"Census Tract 129.02","STATE":"36","COUNTY":"047"}},{"type":"Feature","geometry":{"type":"Polygon","coordinates":[[[-73.98304,40.67742],[-73.97796,40.67544],[-73.97618,40.67807],[-73.98132,40.67995],[-73.98304,40.67742]]]},"properties":{"GEOID":"36047013100","NAME":"Census Tract 131","STATE":"36","COUNTY":"047"}},{"type":"Feature","geometry":{"type":"Polygon","coordinates":[[[-74.01888,40.6243],[-74.01214,40.62868],[-74.01605,40.63103],[-74.01888,40.6243]]]},"properties":{"GEOID":"36047013200","NAME":"Census Tract 132","STATE":"36","COUNTY":"047"}},{"type":"Feature","geometry":{"type":"Polygon","coordinates":[[[-74.02507,40.63081],[-74.02536,40.63011],[-74.01896,40.6263],[-74.01864,40.62707],[-74.01784,40.62659],[-74.01605,40.63103],[-74.01853,40.63233],[-74.01955,40.62986],[-74.02452,40.63217],[-74.02507,40.63081]]]},"properties":{"GEOID":"36047013400","NAME":"Census Tract 134","STATE":"36","COUNTY":"047"}},{"type":"Feature","geometry":{"type":"Polygon","coordinates":[[[-74.02626,40.62792],[-74.02656,40.62719],[-74.02179,40.62436],[-74.02119,40.62582],[-74.01963,40.62488],[-74.02006,40.62429],[-74.01888,40.6243],[-74.01784,40.62659],[-74.01864,40.62707],[-74.01896,40.6263],[-74.02536,40.63011],[-74.02626,40.62792]]]},"properties":{"GEOID":"36047013600","NAME":"Census Tract 136","STATE":"36","COUNTY":"047"}},{"type":"Feature","geometry":{"type":"Polygon","coordinates":[[[-73.98822,40.67095],[-73.98873,40.67034],[-73.98394,40.66803],[-73.98193,40.67045],[-73.98671,40.67277],[-73.98822,40.67095]]]},"properties":{"GEOID":"36047013700","NAME":"Census Tract 137","STATE":"36","COUNTY":"047"}},{"type":"Feature","geometry":{"type":"Polygon","coordinates":[[[-74.02804,40.62357],[-74.02835,40.6228],[-74.02621,40.62149],[-74.02566,40.62214],[-74.02475,40.62432],[-74.02239,40.6229],[-74.02179,40.62436],[-74.02656,40.62719],[-74.02804,40.62357]]]},"properties":{"GEOID":"36047013800","NAME":"Census Tract 138","STATE":"36","COUNTY":"047"}},{"type":"Feature","geometry":{"type":"Polygon","coordinates":[[[-73.82786,40.76536],[-73.82811,40.76406],[-73.82348,40.76465],[-73.82467,40.77041],[-73.82656,40.77014],[-73.82678,40.76823],[-73.82786,40.76536]]]},"properties":{"GEOID":"36081116100","NAME":"Census Tract 1161","STATE":"36","COUNTY":"081"}},{"type":"Feature","geometry":{"type":"Polygon","coordinates":[[[-73.81639,40.76316],[-73.81509,40.76037],[-73.81105,40.76142],[-73.80768,40.76096],[-73.80749,40.76234],[-73.80933,40.76252],[-73.80929,40.76288],[-73.8126,40.76315],[-73.81276,40.76413],[-73.81639,40.76316]]]},"properties":{"GEOID":"36081116700","NAME":"Census Tract 1167","STATE":"36","COUNTY":"081"}},{"type":"Feature","geometry":{"type":"Polygon","coordinates":[[[-73.81001,40.75763],[-73.81012,40.75684],[-73.80732,40.75662],[-73.80768,40.75399],[-73.80395,40.7537],[-73.80359,40.75632],[-73.80453,40.7564],[-73.80421,40.75875],[-73.8098,40.75919],[-73.81001,40.75763]]]},"properties":{"GEOID":"36081119100","NAME":"Census Tract 1191","STATE":"36","COUNTY":"081"}},{"type":"Feature","geometry":{"type":"Polygon","coordinates":[[[-73.86443,40.74524],[-73.86437,40.74508],[-73.86342,40.74478],[-73.86267,40.74341],[-73.86119,40.74198],[-73.85945,40.74304],[-73.85988,40.74341],[-73.85878,40.74333],[-73.85868,40.74403],[-73.86032,40.7472],[-73.86407,40.74607],[-73.86443,40.74524]]]},"properties":{"GEOID":"36081041300","NAME":"Census Tract 413","STATE":"36","COUNTY":"081"}},{"type":"Feature","geometry":{"type":"Polygon","coordinates":[[[-73.87239,40.71783],[-73.87155,40.7126],[-73.87016,40.70921],[-73.86501,40.71078],[-73.85963,40.7136],[-73.85971,40.71429],[-73.86004,40.71493],[-73.86548,40.72028],[-73.87053,40.71816],[-73.87239,40.71783]]]},"properties":{"GEOID":"36081065501","NAME":"Census Tract 655.01","STATE":"36","COUNTY":"081"}},{"type":"Feature","geometry":{"type":"Polygon","coordinates":[[[-73.81932,40.72203],[-73.81719,40.71766],[-73.80904,40.71991],[-73.8104,40.72372],[-73.81253,40.72328],[-73.81287,40.72395],[-73.81932,40.72203]]]},"properties":{"GEOID":"36081077904","NAME":"Census Tract 779.04","STATE":"36","COUNTY":"081"}},{"type":"Feature","geometry":{"type":"Polygon","coordinates":[[[-73.85732,40.69262],[-73.85484,40.68645],[-73.85231,40.68717],[-73.85321,40.68895],[-73.85468,40.69283],[-73.85732,40.69262]]]},"properties":{"GEOID":"36081001600","NAME":"Census Tract 16","STATE":"36","COUNTY":"081"}},{"type":"Feature","geometry":{"type":"Polygon","coordinates":[[[-73.82795,40.70229],[-73.82725,40.70068],[-73.82747,40.70064],[-73.82631,40.69826],[-73.82125,40.6997],[-73.82251,40.70176],[-73.82211,40.70185],[-73.82246,40.70366],[-73.82795,40.70229]]]},"properties":{"GEOID":"36081014201","NAME":"Census Tract 142.01","STATE":"36","COUNTY":"081"}},{"type":"Feature","geometry":{"type":"Polygon","coordinates":[[[-73.97137,40.62897],[-73.97047,40.62418],[-73.9691,40.62433],[-73.96865,40.62194],[-73.96665,40.62216],[-73.96755,40.62694],[-73.96848,40.62684],[-73.96893,40.62923],[-73.97137,40.62897]]]},"properties":{"GEOID":"36047045800","NAME":"Census Tract 458","STATE":"36","COUNTY":"047"}},{"type":"Feature","geometry":{"type":"Polygon","coordinates":[[[-73.97726,40.62585],[-73.97657,40.622],[-73.97703,40.62153],[-73.97538,40.62079],[-73.9758,40.62359],[-73.97047,40.62418],[-73.97092,40.62657],[-73.97726,40.62585]]]},"properties":{"GEOID":"36047046202","NAME":"Census Tract 462.02","STATE":"36","COUNTY":"047"}},{"type":"Feature","geometry":{"type":"Polygon","coordinates":[[[-73.98099,40.62465],[-73.98157,40.62409],[-73.97945,40.62268],[-73.97703,40.62153],[-73.97657,40.622],[-73.97726,40.62585],[-73.97623,40.62598],[-73.97658,40.62757],[-73.97752,40.62798],[-73.98099,40.62465]]]},"properties":{"GEOID":"36047046400","NAME":"Census Tract 464","STATE":"36","COUNTY":"047"}},{"type":"Feature","geometry":{"type":"Polygon","coordinates":[[[-73.98609,40.63048],[-73.98668,40.62992],[-73.97982,40.62577],[-73.97807,40.62745],[-73.98493,40.6316],[-73.98609,40.63048]]]},"properties":{"GEOID":"36047047400","NAME":"Census Tract 474","STATE":"36","COUNTY":"047"}},{"type":"Feature","geometry":{"type":"Polygon","coordinates":[[[-73.98434,40.63216],[-73.98493,40.6316],[-73.97807,40.62745],[-73.97752,40.62798],[-73.97658,40.62757],[-73.97716,40.63075],[-73.97815,40.63028],[-73.98072,40.63179],[-73.98014,40.63235],[-73.9826,40.63384],[-73.98434,40.63216]]]},"properties":{"GEOID":"36047047600","NAME":"Census Tract 476","STATE":"36","COUNTY":"047"}},{"type":"Feature","geometry":{"type":"Polygon","coordinates":[[[-73.94679,40.71882],[-73.94674,40.71855],[-73.94343,40.71893],[-73.94269,40.71469],[-73.94122,40.71471],[-73.9387,40.71532],[-73.93902,40.71606],[-73.94002,40.71581],[-73.94109,40.72231],[-73.94679,40.71882]]]},"properties":{"GEOID":"36047047700","NAME":"Census Tract 477","STATE":"36","COUNTY":"047"}},{"type":"Feature","geometry":{"type":"Polygon","coordinates":[[[-73.98202,40.63439],[-73.9826,40.63384],[-73.98014,40.63235],[-73.98072,40.63179],[-73.97815,40.63028],[-73.97605,40.63128],[-73.97689,40.63568],[-73.97911,40.63544],[-73.97939,40.63693],[-73.98202,40.63439]]]},"properties":{"GEOID":"36047047800","NAME":"Census Tract 478","STATE":"36","COUNTY":"047"}},{"type":"Feature","geometry":{"type":"Polygon","coordinates":[[[-73.97716,40.63075],[-73.97658,40.62757],[-73.97181,40.62987],[-73.97242,40.63299],[-73.97716,40.63075]]]},"properties":{"GEOID":"36047048000","NAME":"Census Tract 480","STATE":"36","COUNTY":"047"}},{"type":"Feature","geometry":{"type":"Polygon","coordinates":[[[-73.94207,40.71473],[-73.94069,40.71196],[-73.9348,40.71337],[-73.93561,40.71519],[-73.93891,40.71533],[-73.94122,40.71471],[-73.94207,40.71473]]]},"properties":{"GEOID":"36047048100","NAME":"Census Tract 481","STATE":"36","COUNTY":"047"}},{"type":"Feature","geometry":{"type":"Polygon","coordinates":[[[-73.9424,40.65589],[-73.94189,40.65117],[-73.93808,40.65138],[-73.93859,40.65612],[-73.9424,40.65589]]]},"properties":{"GEOID":"36047081400","NAME":"Census Tract 814","STATE":"36","COUNTY":"047"}},{"type":"Feature","geometry":{"type":"Polygon","coordinates":[[[-73.95305,40.65608],[-73.95247,40.65067],[-73.94957,40.65081],[-73.95016,40.65626],[-73.95305,40.65608]]]},"properties":{"GEOID":"36047082000","NAME":"Census Tract 820","STATE":"36","COUNTY":"047"}},{"type":"Feature","geometry":{"type":"Polygon","coordinates":[[[-73.95639,40.65588],[-73.95583,40.65053],[-73.95247,40.65067],[-73.95305,40.65608],[-73.95639,40.65588]]]},"properties":{"GEOID":"36047082200","NAME":"Census Tract 822","STATE":"36","COUNTY":"047"}},{"type":"Feature","geometry":{"type":"Polygon","coordinates":[[[-73.95205,40.64677],[-73.95165,40.64307],[-73.94587,40.64342],[-73.94626,40.64701],[-73.95205,40.64677]]]},"properties":{"GEOID":"36047082600","NAME":"Census Tract 826","STATE":"36","COUNTY":"047"}},{"type":"Feature","geometry":{"type":"Polygon","coordinates":[[[-73.95165,40.64307],[-73.95116,40.63843],[-73.94826,40.63861],[-73.94841,40.63999],[-73.94744,40.64005],[-73.94779,40.6433],[-73.95165,40.64307]]]},"properties":{"GEOID":"36047082800","NAME":"Census Tract 828","STATE":"36","COUNTY":"047"}},{"type":"Feature","geometry":{"type":"Polygon","coordinates":[[[-73.94841,40.63999],[-73.94826,40.63861],[-73.9425,40.63896],[-73.94275,40.6413],[-73.94372,40.64124],[-73.94396,40.64354],[-73.94779,40.6433],[-73.94744,40.64005],[-73.94841,40.63999]]]},"properties":{"GEOID":"36047083000","NAME":"Census Tract 830","STATE":"36","COUNTY":"047"}},{"type":"Feature","geometry":{"type":"Polygon","coordinates":[[[-73.94396,40.64354],[-73.94372,40.64124],[-73.94275,40.6413],[-73.9425,40.63896],[-73.93966,40.63914],[-73.94016,40.64378],[-73.94396,40.64354]]]},"properties":{"GEOID":"36047083200","NAME":"Census Tract 832","STATE":"36","COUNTY":"047"}},{"type":"Feature","geometry":{"type":"Polygon","coordinates":[[[-73.94016,40.64378],[-73.93966,40.63914],[-73.93679,40.63932],[-73.93728,40.64396],[-73.94016,40.64378]]]},"properties":{"GEOID":"36047083400","NAME":"Census Tract 834","STATE":"36","COUNTY":"047"}},{"type":"Feature","geometry":{"type":"Polygon","coordinates":[[[-73.91289,40.7154],[-73.91016,40.71382],[-73.91078,40.71319],[-73.90538,40.71288],[-73.90639,40.71736],[-73.90943,40.71758],[-73.90966,40.71779],[-73.91014,40.71768],[-73.91289,40.7154]]]},"properties":{"GEOID":"36081059502","NAME":"Census Tract 595.02","STATE":"36","COUNTY":"081"}},{"type":"Feature","geometry":{"type":"Polygon","coordinates":[[[-73.91249,40.7133],[-73.91304,40.71333],[-73.91041,40.71178],[-73.90996,40.71106],[-73.907,40.70931],[-73.90564,40.71064],[-73.90405,40.711],[-73.90489,40.71286],[-73.91249,40.7133]]]},"properties":{"GEOID":"36081059501","NAME":"Census Tract 595.01","STATE":"36","COUNTY":"081"}},{"type":"Feature","geometry":{"type":"Polygon","coordinates":[[[-73.83792,40.75454],[-73.83767,40.75411],[-73.83701,40.75403],[-73.8356,40.75139],[-73.8323,40.75194],[-73.8326,40.75301],[-73.83014,40.75392],[-73.83055,40.75454],[-73.82996,40.75477],[-73.83075,40.75574],[-73.8331,40.75466],[-73.8338,40.75672],[-73.83792,40.75454]]]},"properties":{"GEOID":"36081084901","NAME":"Census Tract 849.01","STATE":"36","COUNTY":"081"}},{"type":"Feature","geometry":{"type":"Polygon","coordinates":[[[-73.89888,40.74074],[-73.89898,40.74065],[-73.89701,40.74028],[-73.89753,40.74076],[-73.89468,40.74023],[-73.89089,40.74069],[-73.89218,40.74287],[-73.89432,40.74253],[-73.89645,40.74286],[-73.89888,40.74074]]]},"properties":{"GEOID":"36081048302","NAME":"Census Tract 483.02","STATE":"36","COUNTY":"081"}},{"type":"Feature","geometry":{"type":"Polygon","coordinates":[[[-73.93587,40.73434],[-73.93742,40.73376],[-73.93539,40.73177],[-73.93164,40.72922],[-73.93101,40.72913],[-73.92999,40.72937],[-73.92855,40.72936],[-73.92751,40.72912],[-73.92468,40.73298],[-73.92257,40.73429],[-73.92404,40.7351],[-73.92541,40.73559],[-73.93161,40.73683],[-73.93478,40.73555],[-73.93442,40.73488],[-73.93587,40.73434]]]},"properties":{"GEOID":"36081019903","NAME":"Census Tract 199.03","STATE":"36","COUNTY":"081"}},{"type":"Feature","geometry":{"type":"Polygon","coordinates":[[[-73.85436,40.65861],[-73.85321,40.65381],[-73.8484,40.6545],[-73.84679,40.6478],[-73.83681,40.64925],[-73.83972,40.66095],[-73.8404,40.66083],[-73.84165,40.66597],[-73.84741,40.66348],[-73.85113,40.66151],[-73.85362,40.65973],[-73.85355,40.65932],[-73.85436,40.65861]]]},"properties":{"GEOID":"36081089201","NAME":"Census Tract 892.01","STATE":"36","COUNTY":"081"}},{"type":"Feature","geometry":{"type":"Polygon","coordinates":[[[-73.91675,40.7114],[-73.91229,40.70878],[-73.90996,40.71106],[-73.91041,40.71178],[-73.91304,40.71333],[-73.91467,40.71344],[-73.91675,40.7114]]]},"properties":{"GEOID":"36081053902","NAME":"Census Tract 539.02","STATE":"36","COUNTY":"081"}},{"type":"Feature","geometry":{"type":"Polygon","coordinates":[[[-73.93191,40.65654],[-73.93139,40.65169],[-73.92751,40.65232],[-73.928,40.6568],[-73.93191,40.65654]]]},"properties":{"GEOID":"36047086800","NAME":"Census Tract 868","STATE":"36","COUNTY":"047"}},{"type":"Feature","geometry":{"type":"Polygon","coordinates":[[[-73.91144,40.63386],[-73.90894,40.63162],[-73.90735,40.63083],[-73.90415,40.63295],[-73.90778,40.63622],[-73.91144,40.63386]]]},"properties":{"GEOID":"36047099600","NAME":"Census Tract 996","STATE":"36","COUNTY":"047"}},{"type":"Feature","geometry":{"type":"Polygon","coordinates":[[[-73.96767,40.6094],[-73.96726,40.60726],[-73.96389,40.60763],[-73.96372,40.60676],[-73.96189,40.60734],[-73.96286,40.61255],[-73.96478,40.61233],[-73.9643,40.60978],[-73.96767,40.6094]]]},"properties":{"GEOID":"36047042000","NAME":"Census Tract 420","STATE":"36","COUNTY":"047"}},{"type":"Feature","geometry":{"type":"Polygon","coordinates":[[[-74.01362,40.62124],[-74.0142,40.62068],[-74.012,40.61935],[-74.00784,40.62335],[-74.01004,40.62469],[-74.01362,40.62124]]]},"properties":{"GEOID":"36047020200","NAME":"Census Tract 202","STATE":"36","COUNTY":"047"}},{"type":"Feature","geometry":{"type":"Polygon","coordinates":[[[-73.93463,40.61605],[-73.93535,40.61558],[-73.93171,40.61232],[-73.93316,40.61138],[-73.93135,40.60975],[-73.92846,40.61161],[-73.93392,40.61651],[-73.93463,40.61605]]]},"properties":{"GEOID":"36047065400","NAME":"Census Tract 654","STATE":"36","COUNTY":"047"}},{"type":"Feature","geometry":{"type":"Polygon","coordinates":[[[-73.98702,40.60603],[-73.98913,40.60646],[-73.98685,40.6051],[-73.98549,40.59793],[-73.98357,40.59814],[-73.98501,40.60573],[-73.98702,40.60603]]]},"properties":{"GEOID":"36047040400","NAME":"Census Tract 404","STATE":"36","COUNTY":"047"}},{"type":"Feature","geometry":{"type":"Polygon","coordinates":[[[-73.98786,40.6865],[-73.98829,40.68587],[-73.98395,40.68418],[-73.98182,40.68733],[-73.98616,40.68902],[-73.98786,40.6865]]]},"properties":{"GEOID":"36047004100","NAME":"Census Tract 41","STATE":"36","COUNTY":"047"}},{"type":"Feature","geometry":{"type":"Polygon","coordinates":[[[-73.95385,40.66373],[-73.9537,40.66217],[-73.94283,40.66285],[-73.9427,40.66406],[-73.94546,40.66423],[-73.95385,40.66373]]]},"properties":{"GEOID":"36047032900","NAME":"Census Tract 329","STATE":"36","COUNTY":"047"}},{"type":"Feature","geometry":{"type":"Polygon","coordinates":[[[-73.99023,40.66854],[-73.99073,40.66794],[-73.98595,40.66563],[-73.98394,40.66803],[-73.98873,40.67034],[-73.99023,40.66854]]]},"properties":{"GEOID":"36047013900","NAME":"Census Tract 139","STATE":"36","COUNTY":"047"}},{"type":"Feature","geometry":{"type":"Polygon","coordinates":[[[-73.98695,40.69871],[-73.98697,40.6985],[-73.98305,40.69838],[-73.98312,40.69754],[-73.98051,40.69744],[-73.98046,40.70085],[-73.98073,40.70127],[-73.98476,40.70144],[-73.98483,40.70058],[-73.9868,40.70062],[-73.98695,40.69871]]]},"properties":{"GEOID":"36047002300","NAME":"Census Tract 23","STATE":"36","COUNTY":"047"}},{"type":"Feature","geometry":{"type":"Polygon","coordinates":[[[-74.03049,40.61652],[-74.0287,40.61563],[-74.0275,40.61696],[-74.02573,40.61605],[-74.02293,40.6195],[-74.02835,40.6228],[-74.02956,40.61983],[-74.0282,40.61917],[-74.03049,40.61652]]]},"properties":{"GEOID":"36047016000","NAME":"Census Tract 160","STATE":"36","COUNTY":"047"}},{"type":"Feature","geometry":{"type":"Polygon","coordinates":[[[-73.9223,40.6719],[-73.92238,40.67101],[-73.91487,40.67053],[-73.90925,40.67295],[-73.92213,40.67368],[-73.9223,40.6719]]]},"properties":{"GEOID":"36047036300","NAME":"Census Tract 363","STATE":"36","COUNTY":"047"}},{"type":"Feature","geometry":{"type":"Polygon","coordinates":[[[-73.91451,40.6535],[-73.91523,40.65304],[-73.91182,40.64998],[-73.90856,40.6521],[-73.90934,40.65281],[-73.90973,40.65431],[-73.91374,40.65417],[-73.91357,40.654],[-73.91451,40.6535]]]},"properties":{"GEOID":"36047092800","NAME":"Census Tract 928","STATE":"36","COUNTY":"047"}},{"type":"Feature","geometry":{"type":"Polygon","coordinates":[[[-74.01575,40.63176],[-74.01605,40.63103],[-74.01214,40.62868],[-74.01,40.63011],[-74.01514,40.63322],[-74.01575,40.63176]]]},"properties":{"GEOID":"36047012801","NAME":"Census Tract 128.01","STATE":"36","COUNTY":"047"}},{"type":"Feature","geometry":{"type":"Polygon","coordinates":[[[-73.98573,40.62355],[-73.9861,40.62318],[-73.9839,40.62185],[-73.98448,40.62129],[-73.98228,40.61996],[-73.9817,40.62052],[-73.97738,40.61788],[-73.97538,40.62079],[-73.97945,40.62268],[-73.98157,40.62409],[-73.98214,40.62353],[-73.9844,40.62489],[-73.98573,40.62355]]]},"properties":{"GEOID":"36047046800","NAME":"Census Tract 468","STATE":"36","COUNTY":"047"}},{"type":"Feature","geometry":{"type":"Polygon","coordinates":[[[-73.99017,40.62656],[-73.99076,40.626],[-73.9861,40.62318],[-73.9844,40.62489],[-73.98214,40.62353],[-73.98157,40.62409],[-73.98383,40.62546],[-73.98326,40.62604],[-73.98476,40.62602],[-73.98843,40.62823],[-73.99017,40.62656]]]},"properties":{"GEOID":"36047047000","NAME":"Census Tract 470","STATE":"36","COUNTY":"047"}},{"type":"Feature","geometry":{"type":"Polygon","coordinates":[[[-73.94578,40.86262],[-73.93699,40.85961],[-73.93561,40.85886],[-73.93489,40.85937],[-73.93422,40.85934],[-73.93302,40.85982],[-73.93131,40.85933],[-73.93,40.8621],[-73.92601,40.86358],[-73.92727,40.86553],[-73.93835,40.87475],[-73.94578,40.86262]]]},"properties":{"GEOID":"36061028700","NAME":"Census Tract 287","STATE":"36","COUNTY":"061"}},{"type":"Feature","geometry":{"type":"Polygon","coordinates":[[[-73.97303,40.74445],[-73.97351,40.74378],[-73.96262,40.73903],[-73.9618,40.74113],[-73.96138,40.7428],[-73.96021,40.74451],[-73.96999,40.74887],[-73.97045,40.74821],[-73.97037,40.74809],[-73.97303,40.74445]]]},"properties":{"GEOID":"36061008601","NAME":"Census Tract 86.01","STATE":"36","COUNTY":"061"}},{"type":"Feature","geometry":{"type":"Polygon","coordinates":[[[-73.92727,40.86553],[-73.92474,40.86159],[-73.92061,40.86311],[-73.92311,40.86702],[-73.92727,40.86553]]]},"properties":{"GEOID":"36061029100","NAME":"Census Tract 291","STATE":"36","COUNTY":"061"}},{"type":"Feature","geometry":{"type":"Polygon","coordinates":[[[-73.92311,40.86702],[-73.92028,40.86261],[-73.91704,40.86703],[-73.91975,40.86811],[-73.92311,40.86702]]]},"properties":{"GEOID":"36061029300","NAME":"Census Tract 293","STATE":"36","COUNTY":"061"}},{"type":"Feature","geometry":{"type":"Polygon","coordinates":[[[-73.92872,40.86674],[-73.92727,40.86553],[-73.92121,40.86769],[-73.92234,40.86946],[-73.92623,40.86851],[-73.92872,40.86674]]]},"properties":{"GEOID":"36061029500","NAME":"Census Tract 295","STATE":"36","COUNTY":"061"}},{"type":"Feature","geometry":{"type":"Polygon","coordinates":[[[-73.92197,40.86922],[-73.92214,40.86915],[-73.92121,40.86769],[-73.91975,40.86811],[-73.91704,40.86703],[-73.91518,40.86955],[-73.91588,40.86985],[-73.91627,40.86958],[-73.91946,40.87225],[-73.9197,40.87206],[-73.91925,40.87101],[-73.92197,40.86922]]]},"properties":{"GEOID":"36061030300","NAME":"Census Tract 303","STATE":"36","COUNTY":"061"}},{"type":"Feature","geometry":{"type":"Polygon","coordinates":[[[-73.94069,40.71196],[-73.94048,40.71156],[-73.93996,40.70839],[-73.93886,40.70849],[-73.93853,40.70778],[-73.93904,40.70626],[-73.9396,40.70621],[-73.93931,40.70482],[-73.93763,40.70337],[-73.93698,40.70191],[-73.93395,40.70267],[-73.9327,40.70317],[-73.93392,40.70749],[-73.93207,40.70779],[-73.93252,40.70824],[-73.9348,40.71337],[-73.94069,40.71196]]]},"properties":{"GEOID":"36047048500","NAME":"Census Tract 485","STATE":"36","COUNTY":"047"}},{"type":"Feature","geometry":{"type":"Polygon","coordinates":[[[-73.99484,40.78382],[-73.99048,40.78238],[-73.98568,40.78031],[-73.98507,40.78178],[-73.98067,40.77993],[-73.97882,40.78246],[-73.9833,40.78435],[-73.98264,40.78498],[-73.99137,40.78858],[-73.99484,40.78382]]]},"properties":{"GEOID":"36061016300","NAME":"Census Tract 163","STATE":"36","COUNTY":"061"}},{"type":"Feature","geometry":{"type":"Polygon","coordinates":[[[-73.92441,40.86171],[-73.92474,40.86159],[-73.92289,40.85886],[-73.92287,40.85587],[-73.92096,40.85511],[-73.92,40.85668],[-73.91434,40.86252],[-73.91085,40.86653],[-73.9098,40.86828],[-73.9092,40.86978],[-73.90911,40.87168],[-73.9086,40.87168],[-73.91049,40.87401],[-73.91401,40.87116],[-73.92028,40.86261],[-73.92061,40.86311],[-73.92441,40.86171]]]},"properties":{"GEOID":"36061029900","NAME":"Census Tract 299","STATE":"36","COUNTY":"061"}},{"type":"Feature","geometry":{"type":"Polygon","coordinates":[[[-73.82463,40.78286],[-73.825,40.7817],[-73.82224,40.78169],[-73.82331,40.77958],[-73.81453,40.77889],[-73.81337,40.78716],[-73.81609,40.78781],[-73.82004,40.78943],[-73.82165,40.7897],[-73.82254,40.78957],[-73.82259,40.78911],[-73.82383,40.78676],[-73.82463,40.78286]]]},"properties":{"GEOID":"36081103900","NAME":"Census Tract 1039","STATE":"36","COUNTY":"081"}},{"type":"Feature","geometry":{"type":"Polygon","coordinates":[[[-73.82657,40.77235],[-73.82656,40.77014],[-73.81729,40.77148],[-73.81323,40.77157],[-73.81317,40.77276],[-73.81549,40.77295],[-73.81453,40.77889],[-73.82331,40.77958],[-73.82433,40.77674],[-73.82583,40.77592],[-73.82625,40.77452],[-73.82657,40.77235]]]},"properties":{"GEOID":"36081104700","NAME":"Census Tract 1047","STATE":"36","COUNTY":"081"}},{"type":"Feature","geometry":{"type":"Polygon","coordinates":[[[-73.81531,40.77365],[-73.81549,40.77295],[-73.81317,40.77276],[-73.81323,40.77157],[-73.80906,40.7716],[-73.80442,40.77109],[-73.80282,40.77124],[-73.79996,40.77244],[-73.79724,40.77389],[-73.79854,40.77519],[-73.81486,40.77649],[-73.81531,40.77365]]]},"properties":{"GEOID":"36081105900","NAME":"Census Tract 1059","STATE":"36","COUNTY":"081"}},{"type":"Feature","geometry":{"type":"Polygon","coordinates":[[[-73.85687,40.67645],[-73.85647,40.67472],[-73.85649,40.67338],[-73.84321,40.66932],[-73.84257,40.66928],[-73.84331,40.67226],[-73.84336,40.67505],[-73.84384,40.67674],[-73.85247,40.67558],[-73.85248,40.67529],[-73.85687,40.67645]]]},"properties":{"GEOID":"36081005800","NAME":"Census Tract 58","STATE":"36","COUNTY":"081"}},{"type":"Feature","geometry":{"type":"Polygon","coordinates":[[[-73.92619,40.76235],[-73.9198,40.75935],[-73.91789,40.7617],[-73.92425,40.76472],[-73.92619,40.76235]]]},"properties":{"GEOID":"36081006100","NAME":"Census Tract 61","STATE":"36","COUNTY":"081"}},{"type":"Feature","geometry":{"type":"Polygon","coordinates":[[[-73.89732,40.76202],[-73.89324,40.76235],[-73.8929,40.76053],[-73.8864,40.76122],[-73.88709,40.76501],[-73.88773,40.76692],[-73.88919,40.7663],[-73.8909,40.76586],[-73.89109,40.76634],[-73.89401,40.76638],[-73.89457,40.76581],[-73.8951,40.76436],[-73.89632,40.76335],[-73.89732,40.76202]]]},"properties":{"GEOID":"36081030904","NAME":"Census Tract 309.04","STATE":"36","COUNTY":"081"}},{"type":"Feature","geometry":{"type":"Polygon","coordinates":[[[-73.86007,40.73837],[-73.85877,40.73578],[-73.85418,40.73695],[-73.85373,40.73733],[-73.85421,40.73723],[-73.85313,40.73937],[-73.85638,40.74042],[-73.85824,40.73892],[-73.86007,40.73837]]]},"properties":{"GEOID":"36081043702","NAME":"Census Tract 437.02","STATE":"36","COUNTY":"081"}},{"type":"Feature","geometry":{"type":"Polygon","coordinates":[[[-73.86267,40.74341],[-73.86007,40.73837],[-73.85824,40.73892],[-73.85645,40.74036],[-73.85945,40.74304],[-73.86119,40.74198],[-73.86267,40.74341]]]},"properties":{"GEOID":"36081044301","NAME":"Census Tract 443.01","STATE":"36","COUNTY":"081"}},{"type":"Feature","geometry":{"type":"Polygon","coordinates":[[[-73.88189,40.75208],[-73.88114,40.74793],[-73.87841,40.74822],[-73.87979,40.75615],[-73.88165,40.75595],[-73.88096,40.75218],[-73.88189,40.75208]]]},"properties":{"GEOID":"36081027900","NAME":"Census Tract 279","STATE":"36","COUNTY":"081"}},{"type":"Feature","geometry":{"type":"Polygon","coordinates":[[[-73.88431,40.75567],[-73.88444,40.75566],[-73.883,40.74773],[-73.88114,40.74793],[-73.88189,40.75208],[-73.88096,40.75218],[-73.88165,40.75595],[-73.88431,40.75567]]]},"properties":{"GEOID":"36081028100","NAME":"Census Tract 281","STATE":"36","COUNTY":"081"}},{"type":"Feature","geometry":{"type":"Polygon","coordinates":[[[-73.84076,40.7925],[-73.84082,40.79151],[-73.83896,40.79144],[-73.83901,40.79062],[-73.83992,40.79065],[-73.84008,40.78785],[-73.83824,40.78779],[-73.8387,40.78168],[-73.825,40.7817],[-73.82383,40.78676],[-73.82259,40.78911],[-73.8226,40.79067],[-73.82299,40.79168],[-73.83068,40.80311],[-73.83541,40.8022],[-73.83235,40.79637],[-73.83904,40.79705],[-73.83843,40.79679],[-73.83663,40.79252],[-73.83926,40.79306],[-73.84068,40.79391],[-73.84076,40.7925]]]},"properties":{"GEOID":"36081094500","NAME":"Census Tract 945","STATE":"36","COUNTY":"081"}},{"type":"Feature","geometry":{"type":"Polygon","coordinates":[[[-73.80646,40.71206],[-73.80627,40.71125],[-73.80501,40.70947],[-73.80367,40.70874],[-73.80302,40.70814],[-73.80193,40.70891],[-73.80141,40.70969],[-73.7987,40.71066],[-73.80123,40.71422],[-73.80211,40.71393],[-73.80138,40.71267],[-73.80646,40.71206]]]},"properties":{"GEOID":"36081044800","NAME":"Census Tract 448","STATE":"36","COUNTY":"081"}},{"type":"Feature","geometry":{"type":"Polygon","coordinates":[[[-73.87468,40.74335],[-73.87348,40.7425],[-73.87059,40.74238],[-73.86749,40.7433],[-73.86809,40.7456],[-73.87013,40.74499],[-73.87136,40.74427],[-73.87195,40.74691],[-73.87468,40.74335]]]},"properties":{"GEOID":"36081046300","NAME":"Census Tract 463","STATE":"36","COUNTY":"081"}},{"type":"Feature","geometry":{"type":"Polygon","coordinates":[[[-73.87237,40.74885],[-73.87136,40.74427],[-73.87013,40.74499],[-73.86809,40.7456],[-73.86853,40.74759],[-73.86943,40.74916],[-73.87237,40.74885]]]},"properties":{"GEOID":"36081046500","NAME":"Census Tract 465","STATE":"36","COUNTY":"081"}},{"type":"Feature","geometry":{"type":"Polygon","coordinates":[[[-73.87824,40.7424],[-73.87848,40.74215],[-73.87466,40.74327],[-73.87195,40.74691],[-73.87237,40.74885],[-73.8733,40.74876],[-73.87824,40.7424]]]},"properties":{"GEOID":"36081046700","NAME":"Census Tract 467","STATE":"36","COUNTY":"081"}},{"type":"Feature","geometry":{"type":"Polygon","coordinates":[[[-73.88028,40.7413],[-73.87849,40.73993],[-73.87743,40.7386],[-73.8741,40.73949],[-73.87502,40.74149],[-73.87348,40.7425],[-73.8745,40.74331],[-73.87848,40.74215],[-73.87886,40.74175],[-73.88028,40.7413]]]},"properties":{"GEOID":"36081047100","NAME":"Census Tract 471","STATE":"36","COUNTY":"081"}},{"type":"Feature","geometry":{"type":"Polygon","coordinates":[[[-73.88287,40.73761],[-73.87784,40.73659],[-73.87477,40.73463],[-73.87266,40.73574],[-73.8741,40.73949],[-73.87743,40.7386],[-73.88287,40.73761]]]},"properties":{"GEOID":"36081047300","NAME":"Census Tract 473","STATE":"36","COUNTY":"081"}},{"type":"Feature","geometry":{"type":"Polygon","coordinates":[[[-73.88051,40.73575],[-73.88066,40.73572],[-73.87708,40.73291],[-73.87832,40.73205],[-73.87524,40.73072],[-73.86904,40.73285],[-73.87477,40.73463],[-73.87784,40.73659],[-73.87843,40.73676],[-73.88035,40.73714],[-73.88051,40.73575]]]},"properties":{"GEOID":"36081047500","NAME":"Census Tract 475","STATE":"36","COUNTY":"081"}},{"type":"Feature","geometry":{"type":"Polygon","coordinates":[[[-73.93859,40.76682],[-73.93601,40.76589],[-73.93701,40.76424],[-73.93055,40.76122],[-73.92945,40.76237],[-73.93135,40.76327],[-73.93037,40.76449],[-73.93595,40.76758],[-73.93618,40.76769],[-73.93859,40.76682]]]},"properties":{"GEOID":"36081004500","NAME":"Census Tract 45","STATE":"36","COUNTY":"081"}},{"type":"Feature","geometry":{"type":"Polygon","coordinates":[[[-73.93679,40.75988],[-73.93215,40.75771],[-73.92965,40.7608],[-73.93398,40.76283],[-73.93679,40.75988]]]},"properties":{"GEOID":"36081004700","NAME":"Census Tract 47","STATE":"36","COUNTY":"081"}},{"type":"Feature","geometry":{"type":"Polygon","coordinates":[[[-73.85757,40.67877],[-73.85687,40.67645],[-73.85248,40.67529],[-73.85326,40.67973],[-73.8568,40.67951],[-73.85717,40.67897],[-73.85757,40.67877]]]},"properties":{"GEOID":"36081005000","NAME":"Census Tract 50","STATE":"36","COUNTY":"081"}},{"type":"Feature","geometry":{"type":"Polygon","coordinates":[[[-73.93215,40.75771],[-73.92896,40.75621],[-73.9277,40.75775],[-73.9293,40.7585],[-73.92619,40.76235],[-73.93037,40.76449],[-73.93135,40.76327],[-73.92945,40.76237],[-73.93055,40.76122],[-73.92965,40.7608],[-73.93215,40.75771]]]},"properties":{"GEOID":"36081005300","NAME":"Census Tract 53","STATE":"36","COUNTY":"081"}},{"type":"Feature","geometry":{"type":"Polygon","coordinates":[[[-73.85392,40.67969],[-73.85326,40.67973],[-73.85247,40.67558],[-73.84364,40.67674],[-73.84417,40.6788],[-73.84438,40.67877],[-73.84463,40.67984],[-73.84493,40.68027],[-73.84472,40.68028],[-73.84472,40.68071],[-73.85198,40.68256],[-73.85099,40.68057],[-73.85392,40.67969]]]},"properties":{"GEOID":"36081005400","NAME":"Census Tract 54","STATE":"36","COUNTY":"081"}},{"type":"Feature","geometry":{"type":"Polygon","coordinates":[[[-73.84607,40.78805],[-73.84568,40.7873],[-73.84576,40.7854],[-73.84117,40.78525],[-73.84141,40.78169],[-73.8387,40.78168],[-73.83824,40.78779],[-73.84607,40.78805]]]},"properties":{"GEOID":"36081094700","NAME":"Census Tract 947","STATE":"36","COUNTY":"081"}},{"type":"Feature","geometry":{"type":"Polygon","coordinates":[[[-73.83055,40.80315],[-73.83068,40.80311],[-73.82901,40.80053],[-73.82299,40.79168],[-73.8226,40.79067],[-73.82254,40.78957],[-73.82165,40.7897],[-73.82004,40.78943],[-73.81609,40.78781],[-73.81682,40.79103],[-73.81815,40.79432],[-73.82121,40.79904],[-73.82354,40.79713],[-73.82758,40.80394],[-73.83055,40.80315]]]},"properties":{"GEOID":"36081097300","NAME":"Census Tract 973","STATE":"36","COUNTY":"081"}},{"type":"Feature","geometry":{"type":"Polygon","coordinates":[[[-73.92337,40.74354],[-73.92374,40.74169],[-73.92188,40.74148],[-73.9208,40.74689],[-73.92265,40.74711],[-73.92337,40.74354]]]},"properties":{"GEOID":"36081018102","NAME":"Census Tract 181.02","STATE":"36","COUNTY":"081"}},{"type":"Feature","geometry":{"type":"Polygon","coordinates":[[[-73.86826,40.76181],[-73.86746,40.75744],[-73.86281,40.75776],[-73.86339,40.76098],[-73.86826,40.76181]]]},"properties":{"GEOID":"36081036500","NAME":"Census Tract 365","STATE":"36","COUNTY":"081"}},{"type":"Feature","geometry":{"type":"Polygon","coordinates":[[[-73.87177,40.76463],[-73.87135,40.76233],[-73.86434,40.76114],[-73.8635,40.76156],[-73.86749,40.76569],[-73.86898,40.76491],[-73.87177,40.76463]]]},"properties":{"GEOID":"36081036700","NAME":"Census Tract 367","STATE":"36","COUNTY":"081"}},{"type":"Feature","geometry":{"type":"Polygon","coordinates":[[[-73.98266,40.61269],[-73.98162,40.60787],[-73.9787,40.60819],[-73.97947,40.61267],[-73.98144,40.61384],[-73.98266,40.61269]]]},"properties":{"GEOID":"36047043200","NAME":"Census Tract 432","STATE":"36","COUNTY":"047"}},{"type":"Feature","geometry":{"type":"Polygon","coordinates":[[[-73.91932,40.69706],[-73.91556,40.69492],[-73.91256,40.69798],[-73.91632,40.70012],[-73.91932,40.69706]]]},"properties":{"GEOID":"36047043300","NAME":"Census Tract 433","STATE":"36","COUNTY":"047"}},{"type":"Feature","geometry":{"type":"Polygon","coordinates":[[[-73.97921,40.6125],[-73.97947,40.61267],[-73.9787,40.60819],[-73.97403,40.6087],[-73.97439,40.61058],[-73.97637,40.61177],[-73.97701,40.61117],[-73.97921,40.6125]]]},"properties":{"GEOID":"36047043400","NAME":"Census Tract 434","STATE":"36","COUNTY":"047"}},{"type":"Feature","geometry":{"type":"Polygon","coordinates":[[[-73.91556,40.69492],[-73.9118,40.69278],[-73.9088,40.69585],[-73.91256,40.69798],[-73.91556,40.69492]]]},"properties":{"GEOID":"36047043500","NAME":"Census Tract 435","STATE":"36","COUNTY":"047"}},{"type":"Feature","geometry":{"type":"Polygon","coordinates":[[[-73.91361,40.6993],[-73.91406,40.69884],[-73.9058,40.69413],[-73.90426,40.6957],[-73.91181,40.69994],[-73.91068,40.70105],[-73.91142,40.70149],[-73.91361,40.6993]]]},"properties":{"GEOID":"36047043900","NAME":"Census Tract 439","STATE":"36","COUNTY":"047"}},{"type":"Feature","geometry":{"type":"Polygon","coordinates":[[[-73.97517,40.61472],[-73.97452,40.61126],[-73.96678,40.61211],[-73.96729,40.61477],[-73.97399,40.61403],[-73.97517,40.61472]]]},"properties":{"GEOID":"36047044000","NAME":"Census Tract 440","STATE":"36","COUNTY":"047"}},{"type":"Feature","geometry":{"type":"Polygon","coordinates":[[[-73.91707,40.70055],[-73.91406,40.69884],[-73.91142,40.70149],[-73.9129,40.70236],[-73.91181,40.70343],[-73.91329,40.70431],[-73.91707,40.70055]]]},"properties":{"GEOID":"36047044100","NAME":"Census Tract 441","STATE":"36","COUNTY":"047"}},{"type":"Feature","geometry":{"type":"Polygon","coordinates":[[[-73.96788,40.61199],[-73.96815,40.61196],[-73.96767,40.6094],[-73.9643,40.60978],[-73.96478,40.61233],[-73.96286,40.61255],[-73.96336,40.6152],[-73.96729,40.61477],[-73.96678,40.61211],[-73.96788,40.61199]]]},"properties":{"GEOID":"36047044200","NAME":"Census Tract 442","STATE":"36","COUNTY":"047"}},{"type":"Feature","geometry":{"type":"Polygon","coordinates":[[[-73.92007,40.70226],[-73.91707,40.70055],[-73.91329,40.70431],[-73.91625,40.70607],[-73.92007,40.70226]]]},"properties":{"GEOID":"36047044300","NAME":"Census Tract 443","STATE":"36","COUNTY":"047"}},{"type":"Feature","geometry":{"type":"Polygon","coordinates":[[[-73.97336,40.61654],[-73.9729,40.61415],[-73.96529,40.61499],[-73.96574,40.61738],[-73.97336,40.61654]]]},"properties":{"GEOID":"36047044400","NAME":"Census Tract 444","STATE":"36","COUNTY":"047"}},{"type":"Feature","geometry":{"type":"Polygon","coordinates":[[[-73.92308,40.70397],[-73.92007,40.70226],[-73.91625,40.70607],[-73.91922,40.70781],[-73.92308,40.70397]]]},"properties":{"GEOID":"36047044500","NAME":"Census Tract 445","STATE":"36","COUNTY":"047"}},{"type":"Feature","geometry":{"type":"Polygon","coordinates":[[[-73.97906,40.61613],[-73.97964,40.61556],[-73.97478,40.61264],[-73.97517,40.61472],[-73.97399,40.61403],[-73.9729,40.61415],[-73.97336,40.61654],[-73.97548,40.61631],[-73.97563,40.61595],[-73.97785,40.61729],[-73.97906,40.61613]]]},"properties":{"GEOID":"36047044600","NAME":"Census Tract 446","STATE":"36","COUNTY":"047"}},{"type":"Feature","geometry":{"type":"Polygon","coordinates":[[[-73.9758,40.62359],[-73.97481,40.61837],[-73.97349,40.61918],[-73.96978,40.62056],[-73.97047,40.62418],[-73.9758,40.62359]]]},"properties":{"GEOID":"36047045000","NAME":"Census Tract 450","STATE":"36","COUNTY":"047"}},{"type":"Feature","geometry":{"type":"Polygon","coordinates":[[[-73.97019,40.62421],[-73.97047,40.62418],[-73.96911,40.61701],[-73.96574,40.61738],[-73.96665,40.62216],[-73.96865,40.62194],[-73.9691,40.62433],[-73.97019,40.62421]]]},"properties":{"GEOID":"36047045200","NAME":"Census Tract 452","STATE":"36","COUNTY":"047"}},{"type":"Feature","geometry":{"type":"Polygon","coordinates":[[[-73.93392,40.70749],[-73.9327,40.70317],[-73.92609,40.70568],[-73.92189,40.7094],[-73.93392,40.70749]]]},"properties":{"GEOID":"36047045300","NAME":"Census Tract 453","STATE":"36","COUNTY":"047"}},{"type":"Feature","geometry":{"type":"Polygon","coordinates":[[[-73.82501,40.68795],[-73.82417,40.68623],[-73.82245,40.6869],[-73.82147,40.68489],[-73.81497,40.68669],[-73.81693,40.69025],[-73.82501,40.68795]]]},"properties":{"GEOID":"36081015802","NAME":"Census Tract 158.02","STATE":"36","COUNTY":"081"}},{"type":"Feature","geometry":{"type":"Polygon","coordinates":[[[-73.81274,40.75294],[-73.81151,40.75045],[-73.80914,40.75027],[-73.80891,40.75193],[-73.80798,40.75186],[-73.80732,40.75662],[-73.81012,40.75684],[-73.81067,40.75277],[-73.81274,40.75294]]]},"properties":{"GEOID":"36081119900","NAME":"Census Tract 1199","STATE":"36","COUNTY":"081"}},{"type":"Feature","geometry":{"type":"Polygon","coordinates":[[[-73.82085,40.75224],[-73.81654,40.74826],[-73.81333,40.75037],[-73.81772,40.75428],[-73.82085,40.75224]]]},"properties":{"GEOID":"36081120500","NAME":"Census Tract 1205","STATE":"36","COUNTY":"081"}},{"type":"Feature","geometry":{"type":"Polygon","coordinates":[[[-73.81513,40.73992],[-73.81506,40.73899],[-73.81322,40.73876],[-73.80132,40.73833],[-73.7963,40.73833],[-73.79726,40.74021],[-73.79723,40.7417],[-73.79695,40.74193],[-73.79938,40.74222],[-73.80824,40.74201],[-73.81431,40.74297],[-73.81513,40.73992]]]},"properties":{"GEOID":"36081121500","NAME":"Census Tract 1215","STATE":"36","COUNTY":"081"}},{"type":"Feature","geometry":{"type":"Polygon","coordinates":[[[-73.80467,40.73845],[-73.80466,40.73811],[-73.80273,40.73808],[-73.80294,40.73486],[-73.80385,40.7349],[-73.80406,40.73164],[-73.79866,40.73143],[-73.79856,40.73286],[-73.79428,40.7327],[-73.79463,40.7336],[-73.79459,40.73505],[-73.79512,40.73641],[-73.7963,40.73833],[-73.80467,40.73845]]]},"properties":{"GEOID":"36081122300","NAME":"Census Tract 1223","STATE":"36","COUNTY":"081"}},{"type":"Feature","geometry":{"type":"Polygon","coordinates":[[[-73.81523,40.72879],[-73.81475,40.72823],[-73.81074,40.72627],[-73.81112,40.72783],[-73.81039,40.73833],[-73.80942,40.7383],[-73.80941,40.7386],[-73.81506,40.73899],[-73.81469,40.73715],[-73.81523,40.72879]]]},"properties":{"GEOID":"36081122702","NAME":"Census Tract 1227.02","STATE":"36","COUNTY":"081"}},{"type":"Feature","geometry":{"type":"Polygon","coordinates":[[[-73.80717,40.72827],[-73.80652,40.72487],[-73.80488,40.72506],[-73.80453,40.72147],[-73.79933,40.72324],[-73.80026,40.72755],[-73.79842,40.72745],[-73.79878,40.72941],[-73.79866,40.73143],[-73.80316,40.7316],[-73.80322,40.72871],[-73.80717,40.72827]]]},"properties":{"GEOID":"36081124100","NAME":"Census Tract 1241","STATE":"36","COUNTY":"081"}},{"type":"Feature","geometry":{"type":"Polygon","coordinates":[[[-73.81112,40.72783],[-73.81069,40.72649],[-73.81063,40.72442],[-73.80904,40.71991],[-73.80453,40.72147],[-73.80488,40.72506],[-73.80652,40.72487],[-73.80717,40.72827],[-73.81112,40.72783]]]},"properties":{"GEOID":"36081125700","NAME":"Census Tract 1257","STATE":"36","COUNTY":"081"}},{"type":"Feature","geometry":{"type":"Polygon","coordinates":[[[-73.80904,40.71991],[-73.80861,40.71842],[-73.799,40.72014],[-73.80019,40.72294],[-73.80904,40.71991]]]},"properties":{"GEOID":"36081126500","NAME":"Census Tract 1265","STATE":"36","COUNTY":"081"}},{"type":"Feature","geometry":{"type":"Polygon","coordinates":[[[-73.95992,40.78221],[-73.96042,40.78153],[-73.9572,40.78018],[-73.95488,40.78336],[-73.9581,40.78472],[-73.95992,40.78221]]]},"properties":{"GEOID":"36061015002","NAME":"Census Tract 150.02","STATE":"36","COUNTY":"061"}},{"type":"Feature","geometry":{"type":"Polygon","coordinates":[[[-73.94751,40.77944],[-73.94797,40.77881],[-73.94338,40.77687],[-73.94291,40.77749],[-73.94223,40.77757],[-73.94194,40.77603],[-73.94236,40.77581],[-73.94276,40.77487],[-73.94434,40.77311],[-73.94004,40.77295],[-73.93747,40.7725],[-73.93786,40.77409],[-73.93765,40.77509],[-73.93638,40.77692],[-73.93508,40.77794],[-73.93441,40.77809],[-73.93729,40.78096],[-73.93761,40.78175],[-73.9436,40.78265],[-73.94472,40.78325],[-73.94751,40.77944]]]},"properties":{"GEOID":"36061015200","NAME":"Census Tract 152","STATE":"36","COUNTY":"061"}},{"type":"Feature","geometry":{"type":"Polygon","coordinates":[[[-73.97909,40.80539],[-73.98063,40.80328],[-73.96757,40.79787],[-73.96571,40.80044],[-73.97886,40.80571],[-73.97909,40.80539]]]},"properties":{"GEOID":"36061019100","NAME":"Census Tract 191","STATE":"36","COUNTY":"061"}},{"type":"Feature","geometry":{"type":"Polygon","coordinates":[[[-73.96665,40.62216],[-73.96529,40.61499],[-73.96336,40.6152],[-73.96472,40.62237],[-73.96665,40.62216]]]},"properties":{"GEOID":"36047045400","NAME":"Census Tract 454","STATE":"36","COUNTY":"047"}},{"type":"Feature","geometry":{"type":"Polygon","coordinates":[[[-73.95871,40.65039],[-73.95826,40.64853],[-73.95811,40.64652],[-73.95205,40.64677],[-73.95247,40.65067],[-73.95871,40.65039]]]},"properties":{"GEOID":"36047079400","NAME":"Census Tract 794","STATE":"36","COUNTY":"047"}},{"type":"Feature","geometry":{"type":"Polygon","coordinates":[[[-73.95081,40.66235],[-73.95007,40.65542],[-73.94716,40.65559],[-73.94791,40.66253],[-73.95081,40.66235]]]},"properties":{"GEOID":"36047080400","NAME":"Census Tract 804","STATE":"36","COUNTY":"047"}},{"type":"Feature","geometry":{"type":"Polygon","coordinates":[[[-73.94791,40.66253],[-73.94768,40.6603],[-73.93981,40.66079],[-73.94003,40.66302],[-73.94791,40.66253]]]},"properties":{"GEOID":"36047080600","NAME":"Census Tract 806","STATE":"36","COUNTY":"047"}},{"type":"Feature","geometry":{"type":"Polygon","coordinates":[[[-73.96502,40.82467],[-73.96514,40.8245],[-73.95508,40.8201],[-73.95545,40.81938],[-73.95272,40.81824],[-73.95083,40.82083],[-73.95573,40.82289],[-73.95741,40.82327],[-73.95919,40.82434],[-73.96379,40.82635],[-73.96502,40.82467]]]},"properties":{"GEOID":"36061022301","NAME":"Census Tract 223.01","STATE":"36","COUNTY":"061"}},{"type":"Feature","geometry":{"type":"Polygon","coordinates":[[[-74.02568,40.70476],[-74.02615,40.70165],[-74.01903,40.70072],[-74.01337,40.69914],[-74.01372,40.70113],[-74.01398,40.70153],[-74.01383,40.70241],[-74.01443,40.70315],[-74.01429,40.70455],[-74.01663,40.7048],[-74.01664,40.70463],[-74.01755,40.70428],[-74.01951,40.70385],[-74.01968,40.70415],[-74.02568,40.70476]]]},"properties":{"GEOID":"36061031900","NAME":"Census Tract 319","STATE":"36","COUNTY":"061"}},{"type":"Feature","geometry":{"type":"Polygon","coordinates":[[[-74.11766,40.63806],[-74.11738,40.6354],[-74.11619,40.62894],[-74.10577,40.63057],[-74.10734,40.63854],[-74.11081,40.63775],[-74.11499,40.63729],[-74.11519,40.63835],[-74.11766,40.63806]]]},"properties":{"GEOID":"36085010500","NAME":"Census Tract 105","STATE":"36","COUNTY":"085"}},{"type":"Feature","geometry":{"type":"Polygon","coordinates":[[[-74.09062,40.64957],[-74.09113,40.6493],[-74.0896,40.64757],[-74.08955,40.64722],[-74.0892,40.64703],[-74.08652,40.6439],[-74.08652,40.64256],[-74.08207,40.64421],[-74.08237,40.64464],[-74.08028,40.64479],[-74.07921,40.64343],[-74.07682,40.64445],[-74.07512,40.64438],[-74.07371,40.64513],[-74.07166,40.6515],[-74.08699,40.65151],[-74.09062,40.64957]]]},"properties":{"GEOID":"36085000700","NAME":"Census Tract 7","STATE":"36","COUNTY":"085"}},{"type":"Feature","geometry":{"type":"Polygon","coordinates":[[[-74.07781,40.6063],[-74.07787,40.60607],[-74.07659,40.606],[-74.07272,40.60527],[-74.06627,40.60284],[-74.06377,40.60213],[-74.06476,40.60366],[-74.06513,40.60386],[-74.06593,40.60559],[-74.07119,40.61152],[-74.07497,40.60951],[-74.07673,40.60796],[-74.0776,40.60689],[-74.07781,40.6063]]]},"properties":{"GEOID":"36085002001","NAME":"Census Tract 20.01","STATE":"36","COUNTY":"085"}},{"type":"Feature","geometry":{"type":"Polygon","coordinates":[[[-73.96101,40.77496],[-73.96147,40.77432],[-73.95826,40.77297],[-73.95494,40.7775],[-73.95816,40.77886],[-73.96101,40.77496]]]},"properties":{"GEOID":"36061014000","NAME":"Census Tract 140","STATE":"36","COUNTY":"061"}},{"type":"Feature","geometry":{"type":"Polygon","coordinates":[[[-73.98169,40.7684],[-73.98138,40.76811],[-73.98143,40.76787],[-73.97301,40.76428],[-73.94922,40.79691],[-73.9582,40.80055],[-73.98169,40.7684]]]},"properties":{"GEOID":"36061014300","NAME":"Census Tract 143","STATE":"36","COUNTY":"061"}},{"type":"Feature","geometry":{"type":"Polygon","coordinates":[[[-73.94987,40.7762],[-73.95034,40.77556],[-73.94573,40.77362],[-73.94476,40.77494],[-73.94937,40.77688],[-73.94987,40.7762]]]},"properties":{"GEOID":"36061014401","NAME":"Census Tract 144.01","STATE":"36","COUNTY":"061"}},{"type":"Feature","geometry":{"type":"Polygon","coordinates":[[[-73.98761,40.77042],[-73.98806,40.76979],[-73.98238,40.7674],[-73.98215,40.76773],[-73.98143,40.76787],[-73.98138,40.76811],[-73.98169,40.7684],[-73.98056,40.76991],[-73.98624,40.7723],[-73.98761,40.77042]]]},"properties":{"GEOID":"36061014500","NAME":"Census Tract 145","STATE":"36","COUNTY":"061"}},{"type":"Feature","geometry":{"type":"Polygon","coordinates":[[[-73.95448,40.77814],[-73.95494,40.7775],[-73.95034,40.77556],[-73.94937,40.77688],[-73.95398,40.77882],[-73.95448,40.77814]]]},"properties":{"GEOID":"36061014601","NAME":"Census Tract 146.01","STATE":"36","COUNTY":"061"}},{"type":"Feature","geometry":{"type":"Polygon","coordinates":[[[-73.9577,40.7795],[-73.95816,40.77886],[-73.95494,40.7775],[-73.95398,40.77882],[-73.9572,40.78018],[-73.9577,40.7795]]]},"properties":{"GEOID":"36061014801","NAME":"Census Tract 148.01","STATE":"36","COUNTY":"061"}},{"type":"Feature","geometry":{"type":"Polygon","coordinates":[[[-73.99316,40.76281],[-73.99361,40.76218],[-73.98793,40.75979],[-73.9861,40.76229],[-73.99179,40.76468],[-73.99316,40.76281]]]},"properties":{"GEOID":"36061012700","NAME":"Census Tract 127","STATE":"36","COUNTY":"061"}},{"type":"Feature","geometry":{"type":"Polygon","coordinates":[[[-73.96432,40.77042],[-73.96478,40.7698],[-73.96156,40.76844],[-73.95826,40.77297],[-73.96147,40.77432],[-73.96432,40.77042]]]},"properties":{"GEOID":"36061012800","NAME":"Census Tract 128","STATE":"36","COUNTY":"061"}},{"type":"Feature","geometry":{"type":"Polygon","coordinates":[[[-73.96753,40.77178],[-73.96799,40.77115],[-73.96478,40.7698],[-73.96147,40.77432],[-73.96469,40.77568],[-73.96753,40.77178]]]},"properties":{"GEOID":"36061013000","NAME":"Census Tract 130","STATE":"36","COUNTY":"061"}},{"type":"Feature","geometry":{"type":"Polygon","coordinates":[[[-73.99133,40.76531],[-73.99179,40.76468],[-73.9861,40.76229],[-73.98428,40.76479],[-73.98996,40.76719],[-73.99133,40.76531]]]},"properties":{"GEOID":"36061013300","NAME":"Census Tract 133","STATE":"36","COUNTY":"061"}},{"type":"Feature","geometry":{"type":"Polygon","coordinates":[[[-73.95918,40.7717],[-73.95965,40.77106],[-73.95504,40.76912],[-73.95269,40.77234],[-73.95729,40.77428],[-73.95918,40.7717]]]},"properties":{"GEOID":"36061013400","NAME":"Census Tract 134","STATE":"36","COUNTY":"061"}},{"type":"Feature","geometry":{"type":"Polygon","coordinates":[[[-73.98382,40.76542],[-73.98428,40.76479],[-73.9786,40.7624],[-73.97623,40.76568],[-73.98143,40.76787],[-73.98215,40.76773],[-73.98382,40.76542]]]},"properties":{"GEOID":"36061013700","NAME":"Census Tract 137","STATE":"36","COUNTY":"061"}},{"type":"Feature","geometry":{"type":"Polygon","coordinates":[[[-73.95671,40.78086],[-73.9572,40.78018],[-73.95398,40.77882],[-73.95166,40.78201],[-73.95488,40.78336],[-73.95671,40.78086]]]},"properties":{"GEOID":"36061014802","NAME":"Census Tract 148.02","STATE":"36","COUNTY":"061"}},{"type":"Feature","geometry":{"type":"Polygon","coordinates":[[[-73.98579,40.7729],[-73.98624,40.7723],[-73.98056,40.76991],[-73.97873,40.77242],[-73.98441,40.77481],[-73.98579,40.7729]]]},"properties":{"GEOID":"36061014900","NAME":"Census Tract 149","STATE":"36","COUNTY":"061"}},{"type":"Feature","geometry":{"type":"Polygon","coordinates":[[[-73.98212,40.77792],[-73.98258,40.7773],[-73.97691,40.77491],[-73.975,40.77753],[-73.98067,40.77993],[-73.98212,40.77792]]]},"properties":{"GEOID":"36061015700","NAME":"Census Tract 157","STATE":"36","COUNTY":"061"}},{"type":"Feature","geometry":{"type":"Polygon","coordinates":[[[-73.95442,40.78399],[-73.95488,40.78336],[-73.95166,40.78201],[-73.94933,40.78519],[-73.95255,40.78655],[-73.95442,40.78399]]]},"properties":{"GEOID":"36061015801","NAME":"Census Tract 158.01","STATE":"36","COUNTY":"061"}},{"type":"Feature","geometry":{"type":"Polygon","coordinates":[[[-73.99577,40.78256],[-73.98258,40.7773],[-73.98067,40.77993],[-73.98507,40.78178],[-73.98568,40.78031],[-73.99048,40.78238],[-73.99484,40.78382],[-73.99577,40.78256]]]},"properties":{"GEOID":"36061015900","NAME":"Census Tract 159","STATE":"36","COUNTY":"061"}},{"type":"Feature","geometry":{"type":"Polygon","coordinates":[[[-73.95764,40.78534],[-73.9581,40.78472],[-73.95488,40.78336],[-73.95255,40.78655],[-73.95578,40.78791],[-73.95764,40.78534]]]},"properties":{"GEOID":"36061016001","NAME":"Census Tract 160.01","STATE":"36","COUNTY":"061"}},{"type":"Feature","geometry":{"type":"Polygon","coordinates":[[[-73.98021,40.78056],[-73.98067,40.77993],[-73.975,40.77753],[-73.97357,40.77948],[-73.97643,40.78065],[-73.97598,40.78127],[-73.97882,40.78246],[-73.98021,40.78056]]]},"properties":{"GEOID":"36061016100","NAME":"Census Tract 161","STATE":"36","COUNTY":"061"}},{"type":"Feature","geometry":{"type":"Polygon","coordinates":[[[-73.81693,40.69025],[-73.81497,40.68669],[-73.81249,40.68744],[-73.81164,40.68566],[-73.80802,40.68706],[-73.81075,40.69192],[-73.81693,40.69025]]]},"properties":{"GEOID":"36081015801","NAME":"Census Tract 158.01","STATE":"36","COUNTY":"081"}},{"type":"Feature","geometry":{"type":"Polygon","coordinates":[[[-73.95776,40.60099],[-73.95693,40.59661],[-73.95315,40.59703],[-73.95398,40.6014],[-73.95776,40.60099]]]},"properties":{"GEOID":"36047058000","NAME":"Census Tract 580","STATE":"36","COUNTY":"047"}},{"type":"Feature","geometry":{"type":"Polygon","coordinates":[[[-73.93776,40.63926],[-73.93727,40.63465],[-73.9325,40.63495],[-73.93298,40.63956],[-73.93776,40.63926]]]},"properties":{"GEOID":"36047083600","NAME":"Census Tract 836","STATE":"36","COUNTY":"047"}},{"type":"Feature","geometry":{"type":"Polygon","coordinates":[[[-73.93348,40.64419],[-73.93298,40.63956],[-73.92911,40.63979],[-73.9296,40.64443],[-73.93348,40.64419]]]},"properties":{"GEOID":"36047084000","NAME":"Census Tract 840","STATE":"36","COUNTY":"047"}},{"type":"Feature","geometry":{"type":"Polygon","coordinates":[[[-73.93738,40.6449],[-73.93728,40.64396],[-73.9296,40.64443],[-73.93,40.64818],[-73.93292,40.648],[-73.93261,40.64525],[-73.93738,40.6449]]]},"properties":{"GEOID":"36047085000","NAME":"Census Tract 850","STATE":"36","COUNTY":"047"}},{"type":"Feature","geometry":{"type":"Polygon","coordinates":[[[-73.94353,40.64854],[-73.94331,40.64653],[-73.9428,40.64654],[-73.94261,40.64466],[-73.93261,40.64525],[-73.933,40.64874],[-73.93859,40.64855],[-73.93889,40.64957],[-73.94305,40.64931],[-73.94292,40.64857],[-73.94353,40.64854]]]},"properties":{"GEOID":"36047085200","NAME":"Census Tract 852","STATE":"36","COUNTY":"047"}},{"type":"Feature","geometry":{"type":"Polygon","coordinates":[[[-73.94607,40.64531],[-73.94587,40.64342],[-73.93728,40.64396],[-73.93738,40.6449],[-73.94261,40.64466],[-73.9428,40.64654],[-73.94331,40.64653],[-73.94337,40.64711],[-73.94434,40.64708],[-73.94417,40.64543],[-73.94607,40.64531]]]},"properties":{"GEOID":"36047085400","NAME":"Census Tract 854","STATE":"36","COUNTY":"047"}},{"type":"Feature","geometry":{"type":"Polygon","coordinates":[[[-73.9021,40.84832],[-73.90166,40.84775],[-73.89967,40.84744],[-73.89561,40.85457],[-73.8971,40.85517],[-73.89863,40.85391],[-73.89817,40.85515],[-73.89878,40.85536],[-73.9,40.85252],[-73.90069,40.85025],[-73.90095,40.84842],[-73.90149,40.84811],[-73.9021,40.84832]]]},"properties":{"GEOID":"36005037900","NAME":"Census Tract 379","STATE":"36","COUNTY":"005"}},{"type":"Feature","geometry":{"type":"Polygon","coordinates":[[[-73.90303,40.8494],[-73.90328,40.84869],[-73.9024,40.84851],[-73.90167,40.84811],[-73.90095,40.84842],[-73.90069,40.85025],[-73.9,40.85252],[-73.89878,40.85536],[-73.90078,40.85605],[-73.9017,40.85314],[-73.90286,40.85172],[-73.9028,40.85007],[-73.90303,40.8494]]]},"properties":{"GEOID":"36005038100","NAME":"Census Tract 381","STATE":"36","COUNTY":"005"}},{"type":"Feature","geometry":{"type":"Polygon","coordinates":[[[-73.89561,40.85457],[-73.89515,40.85463],[-73.89398,40.85425],[-73.89421,40.85386],[-73.89217,40.85277],[-73.89039,40.85469],[-73.89109,40.8566],[-73.89117,40.86011],[-73.89044,40.86112],[-73.89089,40.86135],[-73.89105,40.86115],[-73.89561,40.85457]]]},"properties":{"GEOID":"36005038500","NAME":"Census Tract 385","STATE":"36","COUNTY":"005"}},{"type":"Feature","geometry":{"type":"Polygon","coordinates":[[[-73.89117,40.86011],[-73.89109,40.8566],[-73.89039,40.85469],[-73.89003,40.85422],[-73.88599,40.85881],[-73.89044,40.86112],[-73.89117,40.86011]]]},"properties":{"GEOID":"36005038700","NAME":"Census Tract 387","STATE":"36","COUNTY":"005"}},{"type":"Feature","geometry":{"type":"Polygon","coordinates":[[[-73.8877,40.85688],[-73.88845,40.85602],[-73.88542,40.8545],[-73.88363,40.85391],[-73.88183,40.85746],[-73.88441,40.85812],[-73.88599,40.85881],[-73.8877,40.85688]]]},"properties":{"GEOID":"36005038900","NAME":"Census Tract 389","STATE":"36","COUNTY":"005"}},{"type":"Feature","geometry":{"type":"Polygon","coordinates":[[[-73.89003,40.85422],[-73.88962,40.85359],[-73.88961,40.85324],[-73.88994,40.85259],[-73.88988,40.85207],[-73.88878,40.85134],[-73.88752,40.85095],[-73.88644,40.85031],[-73.88471,40.85176],[-73.88363,40.85391],[-73.88542,40.8545],[-73.88845,40.85602],[-73.89003,40.85422]]]},"properties":{"GEOID":"36005039100","NAME":"Census Tract 391","STATE":"36","COUNTY":"005"}},{"type":"Feature","geometry":{"type":"Polygon","coordinates":[[[-73.88644,40.85031],[-73.88311,40.84827],[-73.88076,40.85699],[-73.88183,40.85746],[-73.88471,40.85176],[-73.88644,40.85031]]]},"properties":{"GEOID":"36005039300","NAME":"Census Tract 393","STATE":"36","COUNTY":"005"}},{"type":"Feature","geometry":{"type":"Polygon","coordinates":[[[-73.89685,40.85999],[-73.89736,40.85876],[-73.89574,40.85814],[-73.89469,40.85943],[-73.89381,40.85894],[-73.89322,40.85987],[-73.89145,40.86163],[-73.89182,40.86182],[-73.89588,40.86226],[-73.89685,40.85999]]]},"properties":{"GEOID":"36005039902","NAME":"Census Tract 399.02","STATE":"36","COUNTY":"005"}},{"type":"Feature","geometry":{"type":"Polygon","coordinates":[[[-73.96152,40.73169],[-73.96184,40.73163],[-73.96145,40.73099],[-73.96099,40.72876],[-73.96122,40.72815],[-73.95366,40.72882],[-73.95424,40.7302],[-73.95461,40.73232],[-73.96152,40.73169]]]},"properties":{"GEOID":"36047056500","NAME":"Census Tract 565","STATE":"36","COUNTY":"047"}},{"type":"Feature","geometry":{"type":"Polygon","coordinates":[[[-73.95519,40.73587],[-73.95424,40.7302],[-73.95327,40.72813],[-73.95073,40.72897],[-73.95187,40.73114],[-73.95234,40.73398],[-73.95297,40.73608],[-73.95519,40.73587]]]},"properties":{"GEOID":"36047057500","NAME":"Census Tract 575","STATE":"36","COUNTY":"047"}},{"type":"Feature","geometry":{"type":"Polygon","coordinates":[[[-73.94987,40.60185],[-73.94905,40.59748],[-73.94527,40.59789],[-73.9461,40.60227],[-73.94987,40.60185]]]},"properties":{"GEOID":"36047057600","NAME":"Census Tract 576","STATE":"36","COUNTY":"047"}},{"type":"Feature","geometry":{"type":"Polygon","coordinates":[[[-73.94377,40.60496],[-73.94289,40.60032],[-73.93904,40.60074],[-73.93992,40.60539],[-73.94377,40.60496]]]},"properties":{"GEOID":"36047056600","NAME":"Census Tract 566","STATE":"36","COUNTY":"047"}},{"type":"Feature","geometry":{"type":"Polygon","coordinates":[[[-73.93992,40.60539],[-73.93904,40.60074],[-73.93447,40.60123],[-73.93921,40.60548],[-73.93992,40.60539]]]},"properties":{"GEOID":"36047056800","NAME":"Census Tract 568","STATE":"36","COUNTY":"047"}},{"type":"Feature","geometry":{"type":"Polygon","coordinates":[[[-73.95568,40.72394],[-73.95627,40.72339],[-73.95478,40.72246],[-73.95165,40.72349],[-73.95065,40.7217],[-73.94908,40.72254],[-73.95087,40.72572],[-73.95514,40.72433],[-73.95568,40.72394]]]},"properties":{"GEOID":"36047056900","NAME":"Census Tract 569","STATE":"36","COUNTY":"047"}},{"type":"Feature","geometry":{"type":"Polygon","coordinates":[[[-73.94289,40.60032],[-73.94248,40.5982],[-73.9358,40.59892],[-73.93537,40.59654],[-73.93341,40.59676],[-73.93348,40.59714],[-73.9314,40.59848],[-73.93447,40.60123],[-73.94289,40.60032]]]},"properties":{"GEOID":"36047057000","NAME":"Census Tract 570","STATE":"36","COUNTY":"047"}},{"type":"Feature","geometry":{"type":"Polygon","coordinates":[[[-73.95241,40.72842],[-73.95087,40.72572],[-73.94574,40.72738],[-73.94625,40.73049],[-73.95241,40.72842]]]},"properties":{"GEOID":"36047057300","NAME":"Census Tract 573","STATE":"36","COUNTY":"047"}},{"type":"Feature","geometry":{"type":"Polygon","coordinates":[[[-73.95398,40.6014],[-73.95315,40.59703],[-73.94905,40.59748],[-73.94987,40.60185],[-73.95398,40.6014]]]},"properties":{"GEOID":"36047057800","NAME":"Census Tract 578","STATE":"36","COUNTY":"047"}},{"type":"Feature","geometry":{"type":"Polygon","coordinates":[[[-73.86806,40.69118],[-73.86702,40.68683],[-73.86559,40.68743],[-73.86291,40.6878],[-73.86306,40.68847],[-73.86135,40.68869],[-73.86215,40.69215],[-73.86806,40.69118]]]},"properties":{"GEOID":"36081000400","NAME":"Census Tract 4","STATE":"36","COUNTY":"081"}},{"type":"Feature","geometry":{"type":"Polygon","coordinates":[[[-73.92273,40.66737],[-73.92275,40.6671],[-73.91487,40.67053],[-73.92238,40.67101],[-73.92273,40.66737]]]},"properties":{"GEOID":"36047036100","NAME":"Census Tract 361","STATE":"36","COUNTY":"047"}},{"type":"Feature","geometry":{"type":"Polygon","coordinates":[[[-73.92959,40.68564],[-73.92901,40.6827],[-73.92281,40.68342],[-73.9234,40.68635],[-73.92959,40.68564]]]},"properties":{"GEOID":"36047038300","NAME":"Census Tract 383","STATE":"36","COUNTY":"047"}},{"type":"Feature","geometry":{"type":"Polygon","coordinates":[[[-73.9682,40.59984],[-73.96738,40.59546],[-73.96508,40.59572],[-73.96548,40.59783],[-73.96119,40.59831],[-73.96136,40.60059],[-73.9682,40.59984]]]},"properties":{"GEOID":"36047039400","NAME":"Census Tract 394","STATE":"36","COUNTY":"047"}},{"type":"Feature","geometry":{"type":"Polygon","coordinates":[[[-73.9787,40.60819],[-73.97783,40.60359],[-73.97597,40.6038],[-73.97644,40.60625],[-73.97259,40.60667],[-73.97299,40.60881],[-73.9787,40.60819]]]},"properties":{"GEOID":"36047042400","NAME":"Census Tract 424","STATE":"36","COUNTY":"047"}},{"type":"Feature","geometry":{"type":"Polygon","coordinates":[[[-73.97452,40.61126],[-73.97403,40.6087],[-73.96767,40.6094],[-73.96815,40.61196],[-73.97452,40.61126]]]},"properties":{"GEOID":"36047043800","NAME":"Census Tract 438","STATE":"36","COUNTY":"047"}},{"type":"Feature","geometry":{"type":"Polygon","coordinates":[[[-73.9259,40.70588],[-73.92609,40.70568],[-73.92308,40.70397],[-73.91922,40.70781],[-73.92189,40.7094],[-73.9259,40.70588]]]},"properties":{"GEOID":"36047044700","NAME":"Census Tract 447","STATE":"36","COUNTY":"047"}},{"type":"Feature","geometry":{"type":"Polygon","coordinates":[[[-73.98834,40.62832],[-73.98843,40.62823],[-73.98476,40.62602],[-73.98326,40.62604],[-73.98383,40.62546],[-73.98157,40.62409],[-73.97982,40.62577],[-73.98668,40.62992],[-73.98834,40.62832]]]},"properties":{"GEOID":"36047047200","NAME":"Census Tract 472","STATE":"36","COUNTY":"047"}},{"type":"Feature","geometry":{"type":"Polygon","coordinates":[[[-73.94984,40.70523],[-73.94193,40.70072],[-73.94042,40.70108],[-73.94103,40.70464],[-73.94273,40.70447],[-73.94285,40.70518],[-73.94457,40.70502],[-73.94469,40.70574],[-73.94984,40.70523]]]},"properties":{"GEOID":"36047049100","NAME":"Census Tract 491","STATE":"36","COUNTY":"047"}},{"type":"Feature","geometry":{"type":"Polygon","coordinates":[[[-73.94937,40.71407],[-73.94865,40.70973],[-73.94697,40.70989],[-73.9471,40.71059],[-73.94548,40.71074],[-73.94607,40.71437],[-73.94937,40.71407]]]},"properties":{"GEOID":"36047050300","NAME":"Census Tract 503","STATE":"36","COUNTY":"047"}},{"type":"Feature","geometry":{"type":"Polygon","coordinates":[[[-73.95859,40.6104],[-73.95772,40.6058],[-73.95392,40.60622],[-73.9548,40.61082],[-73.95859,40.6104]]]},"properties":{"GEOID":"36047055200","NAME":"Census Tract 552","STATE":"36","COUNTY":"047"}},{"type":"Feature","geometry":{"type":"Polygon","coordinates":[[[-73.8669,40.75436],[-73.86627,40.75278],[-73.8621,40.75389],[-73.86121,40.75393],[-73.86191,40.7578],[-73.86657,40.75754],[-73.86603,40.75455],[-73.8669,40.75436]]]},"properties":{"GEOID":"36081037900","NAME":"Census Tract 379","STATE":"36","COUNTY":"081"}},{"type":"Feature","geometry":{"type":"Polygon","coordinates":[[[-73.98265,40.80052],[-73.98436,40.79818],[-73.97132,40.79275],[-73.96942,40.79536],[-73.98252,40.80071],[-73.98265,40.80052]]]},"properties":{"GEOID":"36061018300","NAME":"Census Tract 183","STATE":"36","COUNTY":"061"}},{"type":"Feature","geometry":{"type":"Polygon","coordinates":[[[-73.94782,40.79881],[-73.94831,40.79813],[-73.9451,40.79676],[-73.94182,40.80124],[-73.94505,40.8026],[-73.94782,40.79881]]]},"properties":{"GEOID":"36061018400","NAME":"Census Tract 184","STATE":"36","COUNTY":"061"}},{"type":"Feature","geometry":{"type":"Polygon","coordinates":[[[-73.96987,40.79474],[-73.96418,40.79236],[-73.96283,40.7942],[-73.96848,40.79664],[-73.96987,40.79474]]]},"properties":{"GEOID":"36061018500","NAME":"Census Tract 185","STATE":"36","COUNTY":"061"}},{"type":"Feature","geometry":{"type":"Polygon","coordinates":[[[-73.95201,40.79883],[-73.95248,40.79825],[-73.94922,40.79691],[-73.94697,40.79996],[-73.95019,40.80133],[-73.95201,40.79883]]]},"properties":{"GEOID":"36061018600","NAME":"Census Tract 186","STATE":"36","COUNTY":"061"}},{"type":"Feature","geometry":{"type":"Polygon","coordinates":[[[-73.94002,40.79795],[-73.94052,40.79726],[-73.93591,40.79531],[-73.93399,40.79793],[-73.9386,40.79988],[-73.94002,40.79795]]]},"properties":{"GEOID":"36061018800","NAME":"Census Tract 188","STATE":"36","COUNTY":"061"}},{"type":"Feature","geometry":{"type":"Polygon","coordinates":[[[-73.93352,40.79859],[-73.93399,40.79793],[-73.92978,40.79616],[-73.92726,40.79488],[-73.92696,40.79524],[-73.92694,40.796],[-73.92712,40.79707],[-73.9276,40.79803],[-73.92685,40.79999],[-73.9256,40.802],[-73.92529,40.802],[-73.92508,40.80252],[-73.92725,40.80256],[-73.92823,40.80385],[-73.93073,40.80243],[-73.93352,40.79859]]]},"properties":{"GEOID":"36061019200","NAME":"Census Tract 192","STATE":"36","COUNTY":"061"}},{"type":"Feature","geometry":{"type":"Polygon","coordinates":[[[-73.96521,40.80111],[-73.96571,40.80044],[-73.96004,40.79804],[-73.9582,40.80055],[-73.96386,40.80297],[-73.96521,40.80111]]]},"properties":{"GEOID":"36061019300","NAME":"Census Tract 193","STATE":"36","COUNTY":"061"}},{"type":"Feature","geometry":{"type":"Polygon","coordinates":[[[-73.93814,40.80051],[-73.9386,40.79988],[-73.93399,40.79793],[-73.93177,40.80098],[-73.93631,40.80302],[-73.93814,40.80051]]]},"properties":{"GEOID":"36061019400","NAME":"Census Tract 194","STATE":"36","COUNTY":"061"}},{"type":"Feature","geometry":{"type":"Polygon","coordinates":[[[-73.97717,40.80803],[-73.97886,40.80571],[-73.96571,40.80044],[-73.96386,40.80297],[-73.97717,40.80803]]]},"properties":{"GEOID":"36061019500","NAME":"Census Tract 195","STATE":"36","COUNTY":"061"}},{"type":"Feature","geometry":{"type":"Polygon","coordinates":[[[-73.94136,40.80187],[-73.94182,40.80124],[-73.9386,40.79988],[-73.93533,40.80437],[-73.93854,40.80573],[-73.94136,40.80187]]]},"properties":{"GEOID":"36061019600","NAME":"Census Tract 196","STATE":"36","COUNTY":"061"}},{"type":"Feature","geometry":{"type":"Polygon","coordinates":[[[-73.96369,40.80321],[-73.96386,40.80297],[-73.95965,40.80116],[-73.95825,40.80311],[-73.95818,40.8056],[-73.95497,40.81006],[-73.95781,40.81126],[-73.95827,40.81063],[-73.95709,40.81008],[-73.95725,40.8094],[-73.95795,40.80805],[-73.95983,40.80543],[-73.96007,40.80471],[-73.96201,40.80551],[-73.96369,40.80321]]]},"properties":{"GEOID":"36061019701","NAME":"Census Tract 197.01","STATE":"36","COUNTY":"061"}},{"type":"Feature","geometry":{"type":"Polygon","coordinates":[[[-73.95915,40.80184],[-73.95965,40.80116],[-73.9582,40.80055],[-73.95632,40.80311],[-73.9582,40.80389],[-73.95825,40.80311],[-73.95915,40.80184]]]},"properties":{"GEOID":"36061019702","NAME":"Census Tract 197.02","STATE":"36","COUNTY":"061"}},{"type":"Feature","geometry":{"type":"Polygon","coordinates":[[[-74.01056,40.65122],[-74.01091,40.65094],[-74.00682,40.64846],[-74.00449,40.65071],[-74.00855,40.6532],[-74.01056,40.65122]]]},"properties":{"GEOID":"36047008200","NAME":"Census Tract 82","STATE":"36","COUNTY":"047"}},{"type":"Feature","geometry":{"type":"Polygon","coordinates":[[[-73.9372,40.69375],[-73.93676,40.69156],[-73.92751,40.6926],[-73.93146,40.69486],[-73.93135,40.69442],[-73.9372,40.69375]]]},"properties":{"GEOID":"36047028900","NAME":"Census Tract 289","STATE":"36","COUNTY":"047"}},{"type":"Feature","geometry":{"type":"Polygon","coordinates":[[[-73.9943,40.61186],[-73.9946,40.61157],[-73.98796,40.60757],[-73.98613,40.60933],[-73.99276,40.61333],[-73.9943,40.61186]]]},"properties":{"GEOID":"36047026800","NAME":"Census Tract 268","STATE":"36","COUNTY":"047"}},{"type":"Feature","geometry":{"type":"Polygon","coordinates":[[[-73.94512,40.63645],[-73.94463,40.63184],[-73.94079,40.63208],[-73.94128,40.63669],[-73.94512,40.63645]]]},"properties":{"GEOID":"36047078400","NAME":"Census Tract 784","STATE":"36","COUNTY":"047"}},{"type":"Feature","geometry":{"type":"Polygon","coordinates":[[[-73.95003,40.726],[-73.95087,40.72572],[-73.94908,40.72254],[-73.94501,40.723],[-73.94568,40.72702],[-73.94588,40.72735],[-73.95003,40.726]]]},"properties":{"GEOID":"36047057100","NAME":"Census Tract 571","STATE":"36","COUNTY":"047"}},{"type":"Feature","geometry":{"type":"Polygon","coordinates":[[[-73.93038,40.65173],[-73.93,40.64818],[-73.92612,40.64842],[-73.92655,40.65239],[-73.93038,40.65173]]]},"properties":{"GEOID":"36047086200","NAME":"Census Tract 862","STATE":"36","COUNTY":"047"}},{"type":"Feature","geometry":{"type":"Polygon","coordinates":[[[-73.88413,40.66143],[-73.88183,40.65831],[-73.87859,40.6597],[-73.88089,40.66283],[-73.88413,40.66143]]]},"properties":{"GEOID":"36047111000","NAME":"Census Tract 1110","STATE":"36","COUNTY":"047"}},{"type":"Feature","geometry":{"type":"Polygon","coordinates":[[[-73.99301,40.68836],[-73.99327,40.68782],[-73.98829,40.68587],[-73.98616,40.68902],[-73.98966,40.69033],[-73.99069,40.68914],[-73.99236,40.68969],[-73.99301,40.68836]]]},"properties":{"GEOID":"36047004300","NAME":"Census Tract 43","STATE":"36","COUNTY":"047"}},{"type":"Feature","geometry":{"type":"Polygon","coordinates":[[[-73.92205,40.67457],[-73.92213,40.67368],[-73.914,40.67324],[-73.9137,40.6765],[-73.92182,40.67702],[-73.92205,40.67457]]]},"properties":{"GEOID":"36047030300","NAME":"Census Tract 303","STATE":"36","COUNTY":"047"}},{"type":"Feature","geometry":{"type":"Polygon","coordinates":[[[-73.95325,40.67023],[-73.95327,40.67001],[-73.94773,40.6697],[-73.94748,40.67238],[-73.95302,40.67268],[-73.95325,40.67023]]]},"properties":{"GEOID":"36047031702","NAME":"Census Tract 317.02","STATE":"36","COUNTY":"047"}},{"type":"Feature","geometry":{"type":"Polygon","coordinates":[[[-73.86702,40.68683],[-73.8663,40.68319],[-73.86048,40.68484],[-73.86135,40.68869],[-73.86306,40.68847],[-73.86291,40.6878],[-73.86559,40.68743],[-73.86702,40.68683]]]},"properties":{"GEOID":"36081000600","NAME":"Census Tract 6","STATE":"36","COUNTY":"081"}},{"type":"Feature","geometry":{"type":"Polygon","coordinates":[[[-73.86135,40.68869],[-73.86048,40.68484],[-73.85484,40.68645],[-73.85619,40.68976],[-73.85874,40.68904],[-73.86135,40.68869]]]},"properties":{"GEOID":"36081000800","NAME":"Census Tract 8","STATE":"36","COUNTY":"081"}},{"type":"Feature","geometry":{"type":"Polygon","coordinates":[[[-73.86215,40.69215],[-73.86135,40.68869],[-73.85874,40.68904],[-73.85619,40.68976],[-73.85732,40.69262],[-73.86215,40.69215]]]},"properties":{"GEOID":"36081001000","NAME":"Census Tract 10","STATE":"36","COUNTY":"081"}},{"type":"Feature","geometry":{"type":"Polygon","coordinates":[[[-73.86456,40.69552],[-73.86331,40.69196],[-73.85732,40.69262],[-73.85833,40.69674],[-73.86456,40.69552]]]},"properties":{"GEOID":"36081001200","NAME":"Census Tract 12","STATE":"36","COUNTY":"081"}},{"type":"Feature","geometry":{"type":"Polygon","coordinates":[[[-73.97242,40.63299],[-73.97181,40.62987],[-73.96678,40.6323],[-73.96804,40.63665],[-73.97029,40.63641],[-73.96987,40.63419],[-73.97242,40.63299]]]},"properties":{"GEOID":"36047048200","NAME":"Census Tract 482","STATE":"36","COUNTY":"047"}},{"type":"Feature","geometry":{"type":"Polygon","coordinates":[[[-74.01493,40.64698],[-74.01553,40.64642],[-74.01148,40.64399],[-74.00915,40.64623],[-74.01317,40.64865],[-74.01493,40.64698]]]},"properties":{"GEOID":"36047007800","NAME":"Census Tract 78","STATE":"36","COUNTY":"047"}},{"type":"Feature","geometry":{"type":"Polygon","coordinates":[[[-73.94439,40.70042],[-73.94395,40.69822],[-73.93857,40.69885],[-73.94193,40.70072],[-73.94439,40.70042]]]},"properties":{"GEOID":"36047028501","NAME":"Census Tract 285.01","STATE":"36","COUNTY":"047"}},{"type":"Feature","geometry":{"type":"Polygon","coordinates":[[[-73.94891,40.69391],[-73.94819,40.69024],[-73.94252,40.69089],[-73.94324,40.69456],[-73.94891,40.69391]]]},"properties":{"GEOID":"36047026100","NAME":"Census Tract 261","STATE":"36","COUNTY":"047"}},{"type":"Feature","geometry":{"type":"Polygon","coordinates":[[[-73.92492,40.62798],[-73.92447,40.62374],[-73.92062,40.62398],[-73.92112,40.62859],[-73.9243,40.62839],[-73.92492,40.62798]]]},"properties":{"GEOID":"36047067800","NAME":"Census Tract 678","STATE":"36","COUNTY":"047"}},{"type":"Feature","geometry":{"type":"Polygon","coordinates":[[[-73.85468,40.69283],[-73.85321,40.68895],[-73.85231,40.68717],[-73.84898,40.68804],[-73.8494,40.68852],[-73.84929,40.68869],[-73.85217,40.69366],[-73.85468,40.69283]]]},"properties":{"GEOID":"36081001800","NAME":"Census Tract 18","STATE":"36","COUNTY":"081"}},{"type":"Feature","geometry":{"type":"Polygon","coordinates":[[[-73.85281,40.69685],[-73.85257,40.69478],[-73.85217,40.69366],[-73.85048,40.69423],[-73.84773,40.69477],[-73.84894,40.69756],[-73.84948,40.6982],[-73.85266,40.69757],[-73.85281,40.69685]]]},"properties":{"GEOID":"36081002200","NAME":"Census Tract 22","STATE":"36","COUNTY":"081"}},{"type":"Feature","geometry":{"type":"Polygon","coordinates":[[[-73.84908,40.69835],[-73.84948,40.6982],[-73.84894,40.69756],[-73.84773,40.69477],[-73.8454,40.69516],[-73.84586,40.6962],[-73.84372,40.69675],[-73.84502,40.69936],[-73.84908,40.69835]]]},"properties":{"GEOID":"36081002400","NAME":"Census Tract 24","STATE":"36","COUNTY":"081"}},{"type":"Feature","geometry":{"type":"Polygon","coordinates":[[[-73.94908,40.75456],[-73.94409,40.75228],[-73.94124,40.75523],[-73.94581,40.7578],[-73.94908,40.75456]]]},"properties":{"GEOID":"36081002500","NAME":"Census Tract 25","STATE":"36","COUNTY":"081"}},{"type":"Feature","geometry":{"type":"Polygon","coordinates":[[[-73.84586,40.6962],[-73.8454,40.69516],[-73.84035,40.69538],[-73.84294,40.70055],[-73.84502,40.69936],[-73.84372,40.69675],[-73.84586,40.6962]]]},"properties":{"GEOID":"36081002600","NAME":"Census Tract 26","STATE":"36","COUNTY":"081"}},{"type":"Feature","geometry":{"type":"Polygon","coordinates":[[[-73.84682,40.69496],[-73.84773,40.69477],[-73.84499,40.68916],[-73.84105,40.69028],[-73.84344,40.69519],[-73.84682,40.69496]]]},"properties":{"GEOID":"36081002800","NAME":"Census Tract 28","STATE":"36","COUNTY":"081"}},{"type":"Feature","geometry":{"type":"Polygon","coordinates":[[[-73.84913,40.69451],[-73.84956,40.69442],[-73.84765,40.69051],[-73.84795,40.69044],[-73.84705,40.68859],[-73.84499,40.68916],[-73.84773,40.69477],[-73.84913,40.69451]]]},"properties":{"GEOID":"36081003000","NAME":"Census Tract 30","STATE":"36","COUNTY":"081"}},{"type":"Feature","geometry":{"type":"Polygon","coordinates":[[[-73.93717,40.75308],[-73.93561,40.75228],[-73.93613,40.75172],[-73.93474,40.75098],[-73.93383,40.7516],[-73.93228,40.75195],[-73.92874,40.75204],[-73.9358,40.7558],[-73.93678,40.75475],[-73.93601,40.75434],[-73.93717,40.75308]]]},"properties":{"GEOID":"36081003100","NAME":"Census Tract 31","STATE":"36","COUNTY":"081"}},{"type":"Feature","geometry":{"type":"Polygon","coordinates":[[[-73.85057,40.68766],[-73.84937,40.68523],[-73.843,40.68704],[-73.84416,40.6894],[-73.85057,40.68766]]]},"properties":{"GEOID":"36081003200","NAME":"Census Tract 32","STATE":"36","COUNTY":"081"}},{"type":"Feature","geometry":{"type":"Polygon","coordinates":[[[-73.95305,40.62366],[-73.95215,40.61888],[-73.94837,40.61929],[-73.94927,40.62407],[-73.95305,40.62366]]]},"properties":{"GEOID":"36047075400","NAME":"Census Tract 754","STATE":"36","COUNTY":"047"}},{"type":"Feature","geometry":{"type":"Polygon","coordinates":[[[-73.97511,40.6897],[-73.97428,40.68551],[-73.9724,40.68595],[-73.96949,40.68629],[-73.97013,40.68951],[-73.97511,40.6897]]]},"properties":{"GEOID":"36047018100","NAME":"Census Tract 181","STATE":"36","COUNTY":"047"}},{"type":"Feature","geometry":{"type":"Polygon","coordinates":[[[-73.95672,40.65902],[-73.95639,40.65588],[-73.95016,40.65626],[-73.95049,40.65941],[-73.95672,40.65902]]]},"properties":{"GEOID":"36047080200","NAME":"Census Tract 802","STATE":"36","COUNTY":"047"}},{"type":"Feature","geometry":{"type":"Polygon","coordinates":[[[-73.93728,40.64396],[-73.93679,40.63932],[-73.93298,40.63956],[-73.93348,40.64419],[-73.93728,40.64396]]]},"properties":{"GEOID":"36047083800","NAME":"Census Tract 838","STATE":"36","COUNTY":"047"}},{"type":"Feature","geometry":{"type":"Polygon","coordinates":[[[-73.96837,40.71413],[-73.96847,40.713],[-73.96832,40.7128],[-73.96773,40.71259],[-73.96742,40.7133],[-73.96142,40.71135],[-73.9598,40.71389],[-73.96447,40.71573],[-73.96758,40.7165],[-73.96837,40.71413]]]},"properties":{"GEOID":"36047055100","NAME":"Census Tract 551","STATE":"36","COUNTY":"047"}},{"type":"Feature","geometry":{"type":"Polygon","coordinates":[[[-73.96591,40.69343],[-73.96481,40.68833],[-73.96001,40.68888],[-73.96029,40.69035],[-73.95943,40.69045],[-73.96016,40.69412],[-73.96591,40.69343]]]},"properties":{"GEOID":"36047019300","NAME":"Census Tract 193","STATE":"36","COUNTY":"047"}},{"type":"Feature","geometry":{"type":"Polygon","coordinates":[[[-73.89137,40.73606],[-73.89138,40.73592],[-73.88936,40.73584],[-73.88857,40.73459],[-73.88751,40.73422],[-73.88506,40.73398],[-73.88381,40.73356],[-73.88353,40.73385],[-73.8774,40.73169],[-73.87832,40.73205],[-73.87708,40.73291],[-73.88066,40.73572],[-73.88051,40.73575],[-73.88035,40.73714],[-73.88287,40.73761],[-73.88179,40.73781],[-73.88725,40.73884],[-73.88754,40.73676],[-73.89137,40.73606]]]},"properties":{"GEOID":"36081047900","NAME":"Census Tract 479","STATE":"36","COUNTY":"081"}},{"type":"Feature","geometry":{"type":"Polygon","coordinates":[[[-73.89468,40.74023],[-73.88179,40.73781],[-73.87743,40.7386],[-73.87849,40.73993],[-73.881,40.74184],[-73.88294,40.74161],[-73.88283,40.74099],[-73.88551,40.74017],[-73.88573,40.74129],[-73.89468,40.74023]]]},"properties":{"GEOID":"36081048500","NAME":"Census Tract 485","STATE":"36","COUNTY":"081"}},{"type":"Feature","geometry":{"type":"Polygon","coordinates":[[[-73.89602,40.73524],[-73.89603,40.73502],[-73.89477,40.73499],[-73.89233,40.73447],[-73.88857,40.73459],[-73.88936,40.73584],[-73.89138,40.73592],[-73.89137,40.73606],[-73.88754,40.73676],[-73.88725,40.73884],[-73.89584,40.74045],[-73.89602,40.73524]]]},"properties":{"GEOID":"36081048900","NAME":"Census Tract 489","STATE":"36","COUNTY":"081"}},{"type":"Feature","geometry":{"type":"Polygon","coordinates":[[[-73.92439,40.66639],[-73.92166,40.66384],[-73.91627,40.66465],[-73.91748,40.66939],[-73.92439,40.66639]]]},"properties":{"GEOID":"36047090000","NAME":"Census Tract 900","STATE":"36","COUNTY":"047"}},{"type":"Feature","geometry":{"type":"Polygon","coordinates":[[[-73.90719,40.65962],[-73.90637,40.65641],[-73.89881,40.65741],[-73.89965,40.66073],[-73.90719,40.65962]]]},"properties":{"GEOID":"36047092000","NAME":"Census Tract 920","STATE":"36","COUNTY":"047"}},{"type":"Feature","geometry":{"type":"Polygon","coordinates":[[[-73.91748,40.66939],[-73.91627,40.66465],[-73.91252,40.66521],[-73.91404,40.6709],[-73.91748,40.66939]]]},"properties":{"GEOID":"36047090200","NAME":"Census Tract 902","STATE":"36","COUNTY":"047"}},{"type":"Feature","geometry":{"type":"Polygon","coordinates":[[[-73.9111,40.67218],[-73.91134,40.67208],[-73.91009,40.66715],[-73.90636,40.66771],[-73.90788,40.67357],[-73.9111,40.67218]]]},"properties":{"GEOID":"36047090600","NAME":"Census Tract 906","STATE":"36","COUNTY":"047"}},{"type":"Feature","geometry":{"type":"Polygon","coordinates":[[[-73.90788,40.67357],[-73.90636,40.66771],[-73.90167,40.66841],[-73.90348,40.67551],[-73.90788,40.67357]]]},"properties":{"GEOID":"36047090800","NAME":"Census Tract 908","STATE":"36","COUNTY":"047"}},{"type":"Feature","geometry":{"type":"Polygon","coordinates":[[[-73.90636,40.66771],[-73.90517,40.66311],[-73.90042,40.66381],[-73.90167,40.66841],[-73.90636,40.66771]]]},"properties":{"GEOID":"36047091000","NAME":"Census Tract 910","STATE":"36","COUNTY":"047"}},{"type":"Feature","geometry":{"type":"Polygon","coordinates":[[[-73.90892,40.66255],[-73.90852,40.66101],[-73.90759,40.66116],[-73.90719,40.65962],[-73.90066,40.66059],[-73.90145,40.66366],[-73.90892,40.66255]]]},"properties":{"GEOID":"36047091800","NAME":"Census Tract 918","STATE":"36","COUNTY":"047"}},{"type":"Feature","geometry":{"type":"Polygon","coordinates":[[[-73.91012,40.65585],[-73.90934,40.65281],[-73.90856,40.6521],[-73.9074,40.65284],[-73.90786,40.65459],[-73.90317,40.6553],[-73.90126,40.65645],[-73.9003,40.65726],[-73.91012,40.65585]]]},"properties":{"GEOID":"36047092200","NAME":"Census Tract 922","STATE":"36","COUNTY":"047"}},{"type":"Feature","geometry":{"type":"Polygon","coordinates":[[[-73.9178,40.64857],[-73.91852,40.64811],[-73.91694,40.64668],[-73.91182,40.64998],[-73.91523,40.65304],[-73.91814,40.65116],[-73.91632,40.64953],[-73.9178,40.64857]]]},"properties":{"GEOID":"36047093000","NAME":"Census Tract 930","STATE":"36","COUNTY":"047"}},{"type":"Feature","geometry":{"type":"Polygon","coordinates":[[[-73.92077,40.65255],[-73.91995,40.64471],[-73.91694,40.64668],[-73.91852,40.64811],[-73.91632,40.64953],[-73.91996,40.65279],[-73.92077,40.65255]]]},"properties":{"GEOID":"36047093400","NAME":"Census Tract 934","STATE":"36","COUNTY":"047"}},{"type":"Feature","geometry":{"type":"Polygon","coordinates":[[[-73.92347,40.65083],[-73.92358,40.65052],[-73.92252,40.65059],[-73.92231,40.64866],[-73.92325,40.6486],[-73.92305,40.64674],[-73.92212,40.6468],[-73.92192,40.64491],[-73.91998,40.64503],[-73.92077,40.65255],[-73.92285,40.65246],[-73.92347,40.65083]]]},"properties":{"GEOID":"36047093600","NAME":"Census Tract 936","STATE":"36","COUNTY":"047"}},{"type":"Feature","geometry":{"type":"Polygon","coordinates":[[[-73.99118,40.75533],[-73.99163,40.75471],[-73.98595,40.75232],[-73.98412,40.75484],[-73.98979,40.75723],[-73.99118,40.75533]]]},"properties":{"GEOID":"36061011300","NAME":"Census Tract 113","STATE":"36","COUNTY":"061"}},{"type":"Feature","geometry":{"type":"Polygon","coordinates":[[[-73.94968,40.80202],[-73.95019,40.80133],[-73.94697,40.79996],[-73.94505,40.8026],[-73.94827,40.80396],[-73.94968,40.80202]]]},"properties":{"GEOID":"36061019000","NAME":"Census Tract 190","STATE":"36","COUNTY":"061"}},{"type":"Feature","geometry":{"type":"Polygon","coordinates":[[[-73.99665,40.74782],[-73.9971,40.7472],[-73.99142,40.7448],[-73.98962,40.74728],[-73.9953,40.74967],[-73.99665,40.74782]]]},"properties":{"GEOID":"36061009500","NAME":"Census Tract 95","STATE":"36","COUNTY":"061"}},{"type":"Feature","geometry":{"type":"Polygon","coordinates":[[[-73.94015,40.8514],[-73.94028,40.85132],[-73.93957,40.85128],[-73.93666,40.85045],[-73.93572,40.85234],[-73.93654,40.85261],[-73.93604,40.85492],[-73.93688,40.85514],[-73.9367,40.85562],[-73.93409,40.85938],[-73.93489,40.85937],[-73.93561,40.85886],[-73.93954,40.85349],[-73.94015,40.8514]]]},"properties":{"GEOID":"36061027300","NAME":"Census Tract 273","STATE":"36","COUNTY":"061"}},{"type":"Feature","geometry":{"type":"Polygon","coordinates":[[[-73.96411,40.75668],[-73.96433,40.75638],[-73.95861,40.75385],[-73.95553,40.75724],[-73.95872,40.75864],[-73.95893,40.75834],[-73.96197,40.75962],[-73.96411,40.75668]]]},"properties":{"GEOID":"36061010601","NAME":"Census Tract 106.01","STATE":"36","COUNTY":"061"}},{"type":"Feature","geometry":{"type":"Polygon","coordinates":[[[-73.99664,40.73186],[-73.99697,40.73141],[-73.99556,40.73071],[-73.99657,40.72955],[-73.99506,40.72881],[-73.99325,40.73095],[-73.99241,40.73059],[-73.99146,40.73174],[-73.99549,40.73344],[-73.99664,40.73186]]]},"properties":{"GEOID":"36061005900","NAME":"Census Tract 59","STATE":"36","COUNTY":"061"}},{"type":"Feature","geometry":{"type":"Polygon","coordinates":[[[-73.95376,40.77913],[-73.95398,40.77882],[-73.94937,40.77688],[-73.94797,40.77881],[-73.95258,40.78075],[-73.95376,40.77913]]]},"properties":{"GEOID":"36061014602","NAME":"Census Tract 146.02","STATE":"36","COUNTY":"061"}},{"type":"Feature","geometry":{"type":"Polygon","coordinates":[[[-73.99955,40.73361],[-74.00007,40.73293],[-73.99697,40.73141],[-73.99362,40.736],[-73.99684,40.73736],[-73.99955,40.73361]]]},"properties":{"GEOID":"36061006300","NAME":"Census Tract 63","STATE":"36","COUNTY":"061"}},{"type":"Feature","geometry":{"type":"Polygon","coordinates":[[[-73.9425,40.84159],[-73.94307,40.84019],[-73.93834,40.83791],[-73.93646,40.84048],[-73.94201,40.84281],[-73.9425,40.84159]]]},"properties":{"GEOID":"36061025100","NAME":"Census Tract 251","STATE":"36","COUNTY":"061"}},{"type":"Feature","geometry":{"type":"Polygon","coordinates":[[[-73.9849,40.79744],[-73.98626,40.79559],[-73.97315,40.79024],[-73.97132,40.79275],[-73.98436,40.79818],[-73.9849,40.79744]]]},"properties":{"GEOID":"36061017900","NAME":"Census Tract 179","STATE":"36","COUNTY":"061"}},{"type":"Feature","geometry":{"type":"Polygon","coordinates":[[[-73.96384,40.76531],[-73.9643,40.76468],[-73.95969,40.76274],[-73.95741,40.76587],[-73.96201,40.76781],[-73.96384,40.76531]]]},"properties":{"GEOID":"36061011800","NAME":"Census Tract 118","STATE":"36","COUNTY":"061"}},{"type":"Feature","geometry":{"type":"Polygon","coordinates":[[[-73.98445,40.72878],[-73.98487,40.72819],[-73.98266,40.72726],[-73.98223,40.72785],[-73.97991,40.72687],[-73.978,40.72943],[-73.98256,40.73136],[-73.98445,40.72878]]]},"properties":{"GEOID":"36061003400","NAME":"Census Tract 34","STATE":"36","COUNTY":"061"}},{"type":"Feature","geometry":{"type":"Polygon","coordinates":[[[-73.97349,40.81307],[-73.97509,40.81088],[-73.96485,40.80671],[-73.96111,40.81183],[-73.96302,40.81262],[-73.96538,40.81396],[-73.97115,40.81627],[-73.97349,40.81307]]]},"properties":{"GEOID":"36061020500","NAME":"Census Tract 205","STATE":"36","COUNTY":"061"}},{"type":"Feature","geometry":{"type":"Polygon","coordinates":[[[-73.96804,40.79725],[-73.96848,40.79664],[-73.96283,40.7942],[-73.96004,40.79804],[-73.96571,40.80044],[-73.96804,40.79725]]]},"properties":{"GEOID":"36061018900","NAME":"Census Tract 189","STATE":"36","COUNTY":"061"}},{"type":"Feature","geometry":{"type":"Polygon","coordinates":[[[-73.98845,40.72328],[-73.98864,40.72293],[-73.98382,40.72147],[-73.98296,40.72267],[-73.9875,40.72458],[-73.98845,40.72328]]]},"properties":{"GEOID":"36061003002","NAME":"Census Tract 30.02","STATE":"36","COUNTY":"061"}},{"type":"Feature","geometry":{"type":"Polygon","coordinates":[[[-73.98565,40.76291],[-73.9861,40.76229],[-73.98043,40.7599],[-73.9786,40.7624],[-73.98428,40.76479],[-73.98565,40.76291]]]},"properties":{"GEOID":"36061013100","NAME":"Census Tract 131","STATE":"36","COUNTY":"061"}},{"type":"Feature","geometry":{"type":"Polygon","coordinates":[[[-73.93503,40.60173],[-73.92957,40.59682],[-73.92813,40.59778],[-73.93355,40.60269],[-73.93503,40.60173]]]},"properties":{"GEOID":"36047063200","NAME":"Census Tract 632","STATE":"36","COUNTY":"047"}},{"type":"Feature","geometry":{"type":"Polygon","coordinates":[[[-73.93754,40.61417],[-73.93825,40.6137],[-73.93462,40.61044],[-73.93171,40.61232],[-73.93535,40.61558],[-73.93754,40.61417]]]},"properties":{"GEOID":"36047065600","NAME":"Census Tract 656","STATE":"36","COUNTY":"047"}},{"type":"Feature","geometry":{"type":"Polygon","coordinates":[[[-73.94543,40.72552],[-73.94469,40.72046],[-73.94453,40.72029],[-73.94196,40.72165],[-73.94022,40.72289],[-73.94074,40.72597],[-73.94543,40.72552]]]},"properties":{"GEOID":"36047059100","NAME":"Census Tract 591","STATE":"36","COUNTY":"047"}},{"type":"Feature","geometry":{"type":"Polygon","coordinates":[[[-73.92326,40.6216],[-73.92275,40.61685],[-73.92085,40.61697],[-73.9211,40.61931],[-73.91726,40.61955],[-73.91751,40.62194],[-73.92326,40.6216]]]},"properties":{"GEOID":"36047069000","NAME":"Census Tract 690","STATE":"36","COUNTY":"047"}},{"type":"Feature","geometry":{"type":"Polygon","coordinates":[[[-73.93345,40.6257],[-73.9331,40.62269],[-73.9243,40.62839],[-73.93174,40.62793],[-73.93149,40.62559],[-73.9329,40.6255],[-73.93345,40.6257]]]},"properties":{"GEOID":"36047073000","NAME":"Census Tract 730","STATE":"36","COUNTY":"047"}},{"type":"Feature","geometry":{"type":"Polygon","coordinates":[[[-73.94733,40.62917],[-73.94642,40.62439],[-73.94264,40.6248],[-73.94341,40.62956],[-73.94733,40.62917]]]},"properties":{"GEOID":"36047074200","NAME":"Census Tract 742","STATE":"36","COUNTY":"047"}},{"type":"Feature","geometry":{"type":"Polygon","coordinates":[[[-73.94128,40.63669],[-73.94079,40.63208],[-73.93701,40.6323],[-73.93751,40.63692],[-73.94128,40.63669]]]},"properties":{"GEOID":"36047078000","NAME":"Census Tract 780","STATE":"36","COUNTY":"047"}},{"type":"Feature","geometry":{"type":"Polygon","coordinates":[[[-73.95704,40.66197],[-73.95672,40.65902],[-73.95049,40.65941],[-73.95081,40.66235],[-73.95704,40.66197]]]},"properties":{"GEOID":"36047080000","NAME":"Census Tract 800","STATE":"36","COUNTY":"047"}},{"type":"Feature","geometry":{"type":"Polygon","coordinates":[[[-73.9296,40.64443],[-73.92911,40.63979],[-73.92574,40.64001],[-73.92538,40.64238],[-73.92572,40.64467],[-73.9296,40.64443]]]},"properties":{"GEOID":"36047084600","NAME":"Census Tract 846","STATE":"36","COUNTY":"047"}},{"type":"Feature","geometry":{"type":"Polygon","coordinates":[[[-73.93859,40.65612],[-73.93808,40.65138],[-73.93427,40.65156],[-73.93448,40.65356],[-73.93542,40.6535],[-73.93572,40.6563],[-73.93859,40.65612]]]},"properties":{"GEOID":"36047087200","NAME":"Census Tract 872","STATE":"36","COUNTY":"047"}},{"type":"Feature","geometry":{"type":"Polygon","coordinates":[[[-73.91009,40.66715],[-73.90892,40.66255],[-73.90517,40.66311],[-73.90636,40.66771],[-73.91009,40.66715]]]},"properties":{"GEOID":"36047091200","NAME":"Census Tract 912","STATE":"36","COUNTY":"047"}},{"type":"Feature","geometry":{"type":"Polygon","coordinates":[[[-73.89734,40.65091],[-73.89794,40.65052],[-73.89635,40.64903],[-73.89783,40.64807],[-73.89616,40.64657],[-73.89255,40.64891],[-73.88999,40.65114],[-73.89137,40.65236],[-73.89355,40.6552],[-73.89761,40.65345],[-73.89586,40.65188],[-73.89734,40.65091]]]},"properties":{"GEOID":"36047098200","NAME":"Census Tract 982","STATE":"36","COUNTY":"047"}},{"type":"Feature","geometry":{"type":"Polygon","coordinates":[[[-73.90413,40.63858],[-73.90218,40.63682],[-73.90291,40.63629],[-73.90126,40.63482],[-73.8983,40.63674],[-73.90193,40.64],[-73.90413,40.63858]]]},"properties":{"GEOID":"36047099200","NAME":"Census Tract 992","STATE":"36","COUNTY":"047"}},{"type":"Feature","geometry":{"type":"Polygon","coordinates":[[[-73.88915,40.6755],[-73.88819,40.67171],[-73.88389,40.67236],[-73.88485,40.67613],[-73.88915,40.6755]]]},"properties":{"GEOID":"36047115000","NAME":"Census Tract 1150","STATE":"36","COUNTY":"047"}},{"type":"Feature","geometry":{"type":"Polygon","coordinates":[[[-73.88729,40.67185],[-73.88618,40.66752],[-73.88278,40.66803],[-73.88389,40.67236],[-73.88729,40.67185]]]},"properties":{"GEOID":"36047116200","NAME":"Census Tract 1162","STATE":"36","COUNTY":"047"}},{"type":"Feature","geometry":{"type":"Polygon","coordinates":[[[-73.87691,40.68024],[-73.87734,40.68005],[-73.87599,40.68021],[-73.87483,40.67996],[-73.87409,40.6795],[-73.87321,40.67836],[-73.87259,40.67787],[-73.86978,40.67703],[-73.86855,40.67721],[-73.86941,40.68047],[-73.87328,40.67992],[-73.8736,40.68112],[-73.87691,40.68024]]]},"properties":{"GEOID":"36047119000","NAME":"Census Tract 1190","STATE":"36","COUNTY":"047"}},{"type":"Feature","geometry":{"type":"Polygon","coordinates":[[[-73.9975,40.69965],[-73.99695,40.69962],[-73.99663,40.69919],[-73.99271,40.6981],[-73.99302,40.69746],[-73.99137,40.69701],[-73.99141,40.69863],[-73.99079,40.70039],[-73.99093,40.70077],[-73.99261,40.70206],[-73.99507,40.7031],[-73.9975,40.69965]]]},"properties":{"GEOID":"36047000100","NAME":"Census Tract 1","STATE":"36","COUNTY":"047"}},{"type":"Feature","geometry":{"type":"Polygon","coordinates":[[[-73.91988,40.77223],[-73.92008,40.77207],[-73.9177,40.77039],[-73.91812,40.77003],[-73.91094,40.76885],[-73.91024,40.76943],[-73.91167,40.76964],[-73.91708,40.77347],[-73.9189,40.77198],[-73.91959,40.77247],[-73.91988,40.77223]]]},"properties":{"GEOID":"36081012500","NAME":"Census Tract 125","STATE":"36","COUNTY":"081"}},{"type":"Feature","geometry":{"type":"Polygon","coordinates":[[[-73.8793,40.71548],[-73.88021,40.71524],[-73.87829,40.71283],[-73.87162,40.71329],[-73.87239,40.71783],[-73.87722,40.71723],[-73.87719,40.71562],[-73.8793,40.71548]]]},"properties":{"GEOID":"36081065703","NAME":"Census Tract 657.03","STATE":"36","COUNTY":"081"}},{"type":"Feature","geometry":{"type":"Polygon","coordinates":[[[-73.94581,40.7578],[-73.94124,40.75523],[-73.9391,40.75749],[-73.94086,40.75811],[-73.93601,40.76589],[-73.93764,40.76647],[-73.94246,40.75868],[-73.94417,40.75931],[-73.94581,40.7578]]]},"properties":{"GEOID":"36081008500","NAME":"Census Tract 85","STATE":"36","COUNTY":"081"}},{"type":"Feature","geometry":{"type":"Polygon","coordinates":[[[-73.88579,40.74744],[-73.88549,40.74579],[-73.8838,40.74593],[-73.88384,40.7458],[-73.8834,40.74642],[-73.88075,40.74523],[-73.87841,40.74822],[-73.88579,40.74744]]]},"properties":{"GEOID":"36081026901","NAME":"Census Tract 269.01","STATE":"36","COUNTY":"081"}},{"type":"Feature","geometry":{"type":"Polygon","coordinates":[[[-73.84436,40.71235],[-73.84476,40.71171],[-73.84069,40.71015],[-73.83771,40.71104],[-73.83612,40.71182],[-73.83598,40.71171],[-73.83501,40.71222],[-73.83493,40.71247],[-73.83872,40.7158],[-73.84117,40.71741],[-73.84436,40.71235]]]},"properties":{"GEOID":"36081074900","NAME":"Census Tract 749","STATE":"36","COUNTY":"081"}},{"type":"Feature","geometry":{"type":"Polygon","coordinates":[[[-73.87639,40.769],[-73.87554,40.76423],[-73.86898,40.76491],[-73.86527,40.76694],[-73.86408,40.76575],[-73.86312,40.7663],[-73.86484,40.76794],[-73.868,40.77026],[-73.86957,40.77109],[-73.87129,40.77164],[-73.87383,40.77187],[-73.87612,40.77163],[-73.87601,40.76982],[-73.87639,40.769]]]},"properties":{"GEOID":"36081035700","NAME":"Census Tract 357","STATE":"36","COUNTY":"081"}},{"type":"Feature","geometry":{"type":"Polygon","coordinates":[[[-73.91819,40.76539],[-73.91499,40.76389],[-73.9137,40.76548],[-73.9145,40.76586],[-73.91194,40.76901],[-73.91487,40.76947],[-73.91819,40.76539]]]},"properties":{"GEOID":"36081006502","NAME":"Census Tract 65.02","STATE":"36","COUNTY":"081"}},{"type":"Feature","geometry":{"type":"Polygon","coordinates":[[[-73.9006,40.7127],[-73.89936,40.71032],[-73.89756,40.70776],[-73.89633,40.70527],[-73.89181,40.7064],[-73.89133,40.70509],[-73.89344,40.70219],[-73.89297,40.70214],[-73.89274,40.70185],[-73.89127,40.7036],[-73.88912,40.7056],[-73.88653,40.70622],[-73.88555,40.70615],[-73.88553,40.70645],[-73.8887,40.70767],[-73.88899,40.70911],[-73.88756,40.70958],[-73.88782,40.71004],[-73.88725,40.71026],[-73.88855,40.71228],[-73.9006,40.7127]]]},"properties":{"GEOID":"36081061301","NAME":"Census Tract 613.01","STATE":"36","COUNTY":"081"}},{"type":"Feature","geometry":{"type":"Polygon","coordinates":[[[-73.85263,40.71616],[-73.85303,40.71552],[-73.84871,40.71394],[-73.84912,40.7133],[-73.84476,40.71171],[-73.84232,40.71559],[-73.84308,40.7161],[-73.8439,40.71597],[-73.84669,40.71716],[-73.84525,40.71944],[-73.84943,40.72096],[-73.85004,40.72076],[-73.85061,40.71938],[-73.85263,40.71616]]]},"properties":{"GEOID":"36081072300","NAME":"Census Tract 723","STATE":"36","COUNTY":"081"}},{"type":"Feature","geometry":{"type":"Polygon","coordinates":[[[-73.83942,40.76543],[-73.83826,40.76493],[-73.83738,40.76384],[-73.83692,40.76277],[-73.83559,40.76285],[-73.83492,40.76025],[-73.83112,40.76155],[-73.82752,40.76242],[-73.8282,40.7638],[-73.82786,40.76536],[-73.83069,40.76471],[-73.83343,40.77143],[-73.83627,40.76961],[-73.83729,40.76869],[-73.83932,40.76605],[-73.83912,40.76598],[-73.83942,40.76543]]]},"properties":{"GEOID":"36081086900","NAME":"Census Tract 869","STATE":"36","COUNTY":"081"}},{"type":"Feature","geometry":{"type":"Polygon","coordinates":[[[-73.89125,40.65003],[-73.89255,40.64891],[-73.88525,40.64236],[-73.88739,40.64098],[-73.88372,40.63768],[-73.88074,40.63961],[-73.88656,40.64509],[-73.89125,40.65003]]]},"properties":{"GEOID":"36047101800","NAME":"Census Tract 1018","STATE":"36","COUNTY":"047"}},{"type":"Feature","geometry":{"type":"Polygon","coordinates":[[[-73.88961,40.63954],[-73.89033,40.63908],[-73.88665,40.63578],[-73.88372,40.63768],[-73.88739,40.64098],[-73.88961,40.63954]]]},"properties":{"GEOID":"36047102000","NAME":"Census Tract 1020","STATE":"36","COUNTY":"047"}},{"type":"Feature","geometry":{"type":"Polygon","coordinates":[[[-73.90239,40.6286],[-73.89968,40.62737],[-73.895,40.63039],[-73.89686,40.63205],[-73.90239,40.6286]]]},"properties":{"GEOID":"36047102600","NAME":"Census Tract 1026","STATE":"36","COUNTY":"047"}},{"type":"Feature","geometry":{"type":"Polygon","coordinates":[[[-73.92511,40.73953],[-73.9254,40.73811],[-73.91984,40.73746],[-73.91947,40.73931],[-73.92503,40.73996],[-73.92511,40.73953]]]},"properties":{"GEOID":"36081018501","NAME":"Census Tract 185.01","STATE":"36","COUNTY":"081"}},{"type":"Feature","geometry":{"type":"Polygon","coordinates":[[[-73.88568,40.65485],[-73.88465,40.65345],[-73.86916,40.66012],[-73.86718,40.66045],[-73.86949,40.66355],[-73.88183,40.65831],[-73.88081,40.65694],[-73.88568,40.65485]]]},"properties":{"GEOID":"36047107800","NAME":"Census Tract 1078","STATE":"36","COUNTY":"047"}},{"type":"Feature","geometry":{"type":"Polygon","coordinates":[[[-73.97084,40.64638],[-73.96879,40.63926],[-73.96356,40.64161],[-73.96409,40.64441],[-73.96501,40.6443],[-73.96547,40.64672],[-73.96454,40.64682],[-73.9649,40.64872],[-73.97084,40.64638]]]},"properties":{"GEOID":"36047152200","NAME":"Census Tract 1522","STATE":"36","COUNTY":"047"}},{"type":"Feature","geometry":{"type":"Polygon","coordinates":[[[-73.90945,40.65152],[-73.90398,40.64663],[-73.89586,40.65188],[-73.89761,40.65345],[-73.89355,40.6552],[-73.89538,40.65772],[-73.9003,40.65726],[-73.90126,40.65645],[-73.90317,40.6553],[-73.90786,40.65459],[-73.9074,40.65284],[-73.90945,40.65152]]]},"properties":{"GEOID":"36047109800","NAME":"Census Tract 1098","STATE":"36","COUNTY":"047"}},{"type":"Feature","geometry":{"type":"Polygon","coordinates":[[[-73.88991,40.66378],[-73.88978,40.6633],[-73.88838,40.66134],[-73.88186,40.66415],[-73.88331,40.66611],[-73.88811,40.66405],[-73.88991,40.66378]]]},"properties":{"GEOID":"36047112200","NAME":"Census Tract 1122","STATE":"36","COUNTY":"047"}},{"type":"Feature","geometry":{"type":"Polygon","coordinates":[[[-73.89069,40.66685],[-73.88991,40.66378],[-73.88811,40.66405],[-73.88315,40.66618],[-73.8836,40.66791],[-73.89069,40.66685]]]},"properties":{"GEOID":"36047112400","NAME":"Census Tract 1124","STATE":"36","COUNTY":"047"}},{"type":"Feature","geometry":{"type":"Polygon","coordinates":[[[-73.89632,40.66602],[-73.89553,40.66295],[-73.88991,40.66378],[-73.89069,40.66685],[-73.89632,40.66602]]]},"properties":{"GEOID":"36047112600","NAME":"Census Tract 1126","STATE":"36","COUNTY":"047"}},{"type":"Feature","geometry":{"type":"Polygon","coordinates":[[[-73.89553,40.66295],[-73.89515,40.66131],[-73.89495,40.66102],[-73.89469,40.66113],[-73.89328,40.65923],[-73.88838,40.66134],[-73.88978,40.6633],[-73.88991,40.66378],[-73.89553,40.66295]]]},"properties":{"GEOID":"36047112800","NAME":"Census Tract 1128","STATE":"36","COUNTY":"047"}},{"type":"Feature","geometry":{"type":"Polygon","coordinates":[[[-73.89908,40.66561],[-73.8979,40.661],[-73.89698,40.66113],[-73.89617,40.65797],[-73.89328,40.65923],[-73.89469,40.66113],[-73.89495,40.66102],[-73.89515,40.66131],[-73.89632,40.66602],[-73.89908,40.66561]]]},"properties":{"GEOID":"36047113000","NAME":"Census Tract 1130","STATE":"36","COUNTY":"047"}},{"type":"Feature","geometry":{"type":"Polygon","coordinates":[[[-73.90145,40.66366],[-73.90066,40.66059],[-73.89965,40.66073],[-73.89881,40.65741],[-73.89611,40.65775],[-73.89698,40.66113],[-73.8979,40.661],[-73.89908,40.66561],[-73.90085,40.66535],[-73.90042,40.66381],[-73.90145,40.66366]]]},"properties":{"GEOID":"36047113200","NAME":"Census Tract 1132","STATE":"36","COUNTY":"047"}},{"type":"Feature","geometry":{"type":"Polygon","coordinates":[[[-73.85575,40.71123],[-73.85092,40.71047],[-73.84871,40.71394],[-73.85303,40.71552],[-73.85575,40.71123]]]},"properties":{"GEOID":"36081072900","NAME":"Census Tract 729","STATE":"36","COUNTY":"081"}},{"type":"Feature","geometry":{"type":"Polygon","coordinates":[[[-73.84808,40.72573],[-73.84687,40.72456],[-73.84654,40.72389],[-73.84681,40.72312],[-73.84733,40.72293],[-73.84085,40.72006],[-73.84053,40.72032],[-73.84393,40.72697],[-73.84808,40.72573]]]},"properties":{"GEOID":"36081073900","NAME":"Census Tract 739","STATE":"36","COUNTY":"081"}},{"type":"Feature","geometry":{"type":"Polygon","coordinates":[[[-73.85252,40.73362],[-73.85079,40.73029],[-73.85025,40.72966],[-73.84599,40.73095],[-73.84805,40.73497],[-73.85252,40.73362]]]},"properties":{"GEOID":"36081074300","NAME":"Census Tract 743","STATE":"36","COUNTY":"081"}},{"type":"Feature","geometry":{"type":"Polygon","coordinates":[[[-73.85418,40.73695],[-73.85252,40.73362],[-73.84805,40.73497],[-73.84876,40.73636],[-73.84837,40.73646],[-73.84861,40.73811],[-73.84721,40.73864],[-73.84756,40.73906],[-73.85135,40.73759],[-73.85418,40.73695]]]},"properties":{"GEOID":"36081074500","NAME":"Census Tract 745","STATE":"36","COUNTY":"081"}},{"type":"Feature","geometry":{"type":"Polygon","coordinates":[[[-73.83673,40.71574],[-73.83363,40.71299],[-73.83098,40.71431],[-73.83496,40.71717],[-73.83673,40.71574]]]},"properties":{"GEOID":"36081076902","NAME":"Census Tract 769.02","STATE":"36","COUNTY":"081"}},{"type":"Feature","geometry":{"type":"Polygon","coordinates":[[[-73.85074,40.71073],[-73.85092,40.71047],[-73.84302,40.70918],[-73.84069,40.71015],[-73.84912,40.7133],[-73.85074,40.71073]]]},"properties":{"GEOID":"36081073100","NAME":"Census Tract 731","STATE":"36","COUNTY":"081"}},{"type":"Feature","geometry":{"type":"Polygon","coordinates":[[[-73.84623,40.71787],[-73.84669,40.71716],[-73.8439,40.71597],[-73.84308,40.7161],[-73.84232,40.71559],[-73.83981,40.7196],[-73.84398,40.72146],[-73.84623,40.71787]]]},"properties":{"GEOID":"36081073700","NAME":"Census Tract 737","STATE":"36","COUNTY":"081"}},{"type":"Feature","geometry":{"type":"Polygon","coordinates":[[[-73.84302,40.70918],[-73.83901,40.70855],[-73.83715,40.70796],[-73.83631,40.70884],[-73.83347,40.71031],[-73.83263,40.71033],[-73.82931,40.71242],[-73.83038,40.71362],[-73.83008,40.71391],[-73.83098,40.71431],[-73.83598,40.71171],[-73.83612,40.71182],[-73.83771,40.71104],[-73.84069,40.71015],[-73.84302,40.70918]]]},"properties":{"GEOID":"36081077300","NAME":"Census Tract 773","STATE":"36","COUNTY":"081"}},{"type":"Feature","geometry":{"type":"Polygon","coordinates":[[[-73.83702,40.70817],[-73.83715,40.70796],[-73.83498,40.7071],[-73.83176,40.70614],[-73.83173,40.70689],[-73.83098,40.70781],[-73.83063,40.70874],[-73.82772,40.7106],[-73.82873,40.71151],[-73.82931,40.71242],[-73.83263,40.71033],[-73.83347,40.71031],[-73.83631,40.70884],[-73.83702,40.70817]]]},"properties":{"GEOID":"36081077500","NAME":"Census Tract 775","STATE":"36","COUNTY":"081"}},{"type":"Feature","geometry":{"type":"Polygon","coordinates":[[[-73.83148,40.728],[-73.8317,40.72803],[-73.83038,40.72623],[-73.82821,40.72541],[-73.82743,40.72481],[-73.82586,40.72046],[-73.82016,40.72149],[-73.82021,40.72176],[-73.81943,40.722],[-73.82354,40.73],[-73.83035,40.72797],[-73.83148,40.728]]]},"properties":{"GEOID":"36081077902","NAME":"Census Tract 779.02","STATE":"36","COUNTY":"081"}},{"type":"Feature","geometry":{"type":"Polygon","coordinates":[[[-73.82586,40.72046],[-73.82551,40.71947],[-73.82532,40.71734],[-73.82294,40.7175],[-73.81952,40.71734],[-73.8193,40.71714],[-73.81719,40.71766],[-73.81943,40.722],[-73.82021,40.72176],[-73.82016,40.72149],[-73.82586,40.72046]]]},"properties":{"GEOID":"36081077903","NAME":"Census Tract 779.03","STATE":"36","COUNTY":"081"}},{"type":"Feature","geometry":{"type":"Polygon","coordinates":[[[-73.82005,40.71681],[-73.82032,40.71666],[-73.81741,40.7158],[-73.80782,40.71591],[-73.80904,40.71991],[-73.82005,40.71681]]]},"properties":{"GEOID":"36081077905","NAME":"Census Tract 779.05","STATE":"36","COUNTY":"081"}},{"type":"Feature","geometry":{"type":"Polygon","coordinates":[[[-73.83711,40.74151],[-73.83672,40.74095],[-73.83679,40.7399],[-73.83663,40.73925],[-73.83647,40.73909],[-73.83604,40.73917],[-73.8358,40.7389],[-73.83561,40.73748],[-73.83575,40.73699],[-73.83618,40.73688],[-73.83608,40.73433],[-73.83536,40.7329],[-73.83515,40.73292],[-73.83466,40.73198],[-73.83415,40.73184],[-73.83386,40.73055],[-73.82567,40.73228],[-73.82481,40.73963],[-73.82499,40.73938],[-73.82558,40.7394],[-73.82656,40.73865],[-73.82805,40.73856],[-73.82809,40.73708],[-73.82947,40.73702],[-73.83054,40.73752],[-73.8313,40.73956],[-73.83113,40.74234],[-73.83586,40.74323],[-73.83614,40.74243],[-73.83643,40.7425],[-73.83699,40.74209],[-73.83711,40.74151]]]},"properties":{"GEOID":"36081079300","NAME":"Census Tract 793","STATE":"36","COUNTY":"081"}},{"type":"Feature","geometry":{"type":"Polygon","coordinates":[[[-73.8313,40.74583],[-73.83142,40.74513],[-73.82942,40.74493],[-73.8293,40.74563],[-73.82729,40.74544],[-73.82741,40.74474],[-73.82426,40.74442],[-73.82341,40.74584],[-73.82326,40.74753],[-73.82599,40.74831],[-73.82584,40.74935],[-73.82766,40.74986],[-73.82923,40.74926],[-73.83061,40.74903],[-73.8313,40.74583]]]},"properties":{"GEOID":"36081079900","NAME":"Census Tract 799","STATE":"36","COUNTY":"081"}},{"type":"Feature","geometry":{"type":"Polygon","coordinates":[[[-73.89431,40.68157],[-73.89319,40.68016],[-73.88819,40.68256],[-73.88892,40.68313],[-73.89014,40.68501],[-73.89252,40.68342],[-73.89197,40.68274],[-73.89431,40.68157]]]},"properties":{"GEOID":"36047114202","NAME":"Census Tract 1142.02","STATE":"36","COUNTY":"047"}},{"type":"Feature","geometry":{"type":"Polygon","coordinates":[[[-74.0481,40.61326],[-74.04645,40.61074],[-74.03707,40.61382],[-74.0347,40.61466],[-74.03454,40.61494],[-74.03264,40.61401],[-74.03152,40.61533],[-74.03387,40.61659],[-74.03592,40.61705],[-74.03568,40.61667],[-74.03798,40.61586],[-74.03836,40.61651],[-74.04051,40.61558],[-74.0481,40.61326]]]},"properties":{"GEOID":"36047005601","NAME":"Census Tract 56.01","STATE":"36","COUNTY":"047"}},{"type":"Feature","geometry":{"type":"Polygon","coordinates":[[[-74.03287,40.63343],[-74.03315,40.63274],[-74.03047,40.6321],[-74.02866,40.63655],[-74.03127,40.63736],[-74.03287,40.63343]]]},"properties":{"GEOID":"36047003600","NAME":"Census Tract 36","STATE":"36","COUNTY":"047"}},{"type":"Feature","geometry":{"type":"Polygon","coordinates":[[[-74.01263,40.64924],[-74.01317,40.64865],[-74.00915,40.64623],[-74.00682,40.64846],[-74.01091,40.65094],[-74.01263,40.64924]]]},"properties":{"GEOID":"36047008000","NAME":"Census Tract 80","STATE":"36","COUNTY":"047"}},{"type":"Feature","geometry":{"type":"Polygon","coordinates":[[[-73.92655,40.65239],[-73.92612,40.64842],[-73.92231,40.64866],[-73.92252,40.65059],[-73.92358,40.65052],[-73.92285,40.65246],[-73.92655,40.65239]]]},"properties":{"GEOID":"36047093800","NAME":"Census Tract 938","STATE":"36","COUNTY":"047"}},{"type":"Feature","geometry":{"type":"Polygon","coordinates":[[[-73.93949,40.61855],[-73.93972,40.61841],[-73.93606,40.61512],[-73.9332,40.61697],[-73.93687,40.62025],[-73.93949,40.61855]]]},"properties":{"GEOID":"36047064800","NAME":"Census Tract 648","STATE":"36","COUNTY":"047"}},{"type":"Feature","geometry":{"type":"Polygon","coordinates":[[[-73.9468,40.6979],[-73.94637,40.6957],[-73.94353,40.69603],[-73.94395,40.69822],[-73.9468,40.6979]]]},"properties":{"GEOID":"36047025902","NAME":"Census Tract 259.02","STATE":"36","COUNTY":"047"}},{"type":"Feature","geometry":{"type":"Polygon","coordinates":[[[-73.92819,40.66018],[-73.92834,40.66006],[-73.92751,40.65232],[-73.92561,40.65245],[-73.92609,40.65692],[-73.92465,40.65701],[-73.92541,40.65768],[-73.92464,40.65818],[-73.92646,40.65981],[-73.92725,40.65934],[-73.92819,40.66018]]]},"properties":{"GEOID":"36047086600","NAME":"Census Tract 866","STATE":"36","COUNTY":"047"}},{"type":"Feature","geometry":{"type":"Polygon","coordinates":[[[-73.88779,40.65768],[-73.88568,40.65485],[-73.88081,40.65694],[-73.88291,40.65978],[-73.88779,40.65768]]]},"properties":{"GEOID":"36047110600","NAME":"Census Tract 1106","STATE":"36","COUNTY":"047"}},{"type":"Feature","geometry":{"type":"Polygon","coordinates":[[[-73.87908,40.68688],[-73.87787,40.68204],[-73.8741,40.6831],[-73.87457,40.68495],[-73.87583,40.68464],[-73.87668,40.68809],[-73.87908,40.68688]]]},"properties":{"GEOID":"36047117601","NAME":"Census Tract 1176.01","STATE":"36","COUNTY":"047"}},{"type":"Feature","geometry":{"type":"Polygon","coordinates":[[[-73.98081,40.61445],[-73.98144,40.61384],[-73.97701,40.61117],[-73.97637,40.61177],[-73.97439,40.61058],[-73.97478,40.61264],[-73.97964,40.61556],[-73.98081,40.61445]]]},"properties":{"GEOID":"36047043600","NAME":"Census Tract 436","STATE":"36","COUNTY":"047"}},{"type":"Feature","geometry":{"type":"Polygon","coordinates":[[[-73.93008,40.85431],[-73.93054,40.85368],[-73.92769,40.85249],[-73.92469,40.85664],[-73.92493,40.85776],[-73.92571,40.85819],[-73.92641,40.85807],[-73.92675,40.8577],[-73.92727,40.85793],[-73.92823,40.85717],[-73.92827,40.85681],[-73.93008,40.85431]]]},"properties":{"GEOID":"36061027700","NAME":"Census Tract 277","STATE":"36","COUNTY":"061"}},{"type":"Feature","geometry":{"type":"Polygon","coordinates":[[[-73.93427,40.85558],[-73.93463,40.8545],[-73.931,40.85306],[-73.92827,40.85681],[-73.92823,40.85717],[-73.92893,40.85745],[-73.9305,40.8573],[-73.93212,40.85658],[-73.93263,40.85672],[-73.93131,40.85933],[-73.93215,40.85953],[-73.93427,40.85558]]]},"properties":{"GEOID":"36061027900","NAME":"Census Tract 279","STATE":"36","COUNTY":"061"}},{"type":"Feature","geometry":{"type":"Polygon","coordinates":[[[-73.93121,40.85967],[-73.93131,40.85933],[-73.93083,40.85936],[-73.92474,40.86159],[-73.92601,40.86358],[-73.93,40.8621],[-73.93121,40.85967]]]},"properties":{"GEOID":"36061028500","NAME":"Census Tract 285","STATE":"36","COUNTY":"061"}},{"type":"Feature","geometry":{"type":"Polygon","coordinates":[[[-73.89633,40.70527],[-73.89439,40.70078],[-73.89384,40.70086],[-73.89274,40.70185],[-73.89297,40.70214],[-73.89344,40.70219],[-73.89133,40.70509],[-73.89181,40.7064],[-73.89633,40.70527]]]},"properties":{"GEOID":"36081058100","NAME":"Census Tract 581","STATE":"36","COUNTY":"081"}},{"type":"Feature","geometry":{"type":"Polygon","coordinates":[[[-73.90801,40.70715],[-73.90858,40.7066],[-73.90338,40.70354],[-73.902,40.70487],[-73.90365,40.70785],[-73.90403,40.70755],[-73.90626,40.70887],[-73.90801,40.70715]]]},"properties":{"GEOID":"36081058900","NAME":"Census Tract 589","STATE":"36","COUNTY":"081"}},{"type":"Feature","geometry":{"type":"Polygon","coordinates":[[[-73.89304,40.84697],[-73.89337,40.8464],[-73.89112,40.84541],[-73.88816,40.84893],[-73.88644,40.85031],[-73.88752,40.85095],[-73.88878,40.85134],[-73.88997,40.8521],[-73.8905,40.85122],[-73.88933,40.85083],[-73.8899,40.84987],[-73.89094,40.85048],[-73.89304,40.84697]]]},"properties":{"GEOID":"36005037300","NAME":"Census Tract 373","STATE":"36","COUNTY":"005"}},{"type":"Feature","geometry":{"type":"Polygon","coordinates":[[[-73.94097,40.82413],[-73.94143,40.82351],[-73.93574,40.82111],[-73.93533,40.82175],[-73.93813,40.82293],[-73.93679,40.82481],[-73.93935,40.8259],[-73.9396,40.826],[-73.94097,40.82413]]]},"properties":{"GEOID":"36061023400","NAME":"Census Tract 234","STATE":"36","COUNTY":"061"}},{"type":"Feature","geometry":{"type":"Polygon","coordinates":[[[-73.94484,40.82902],[-73.94529,40.8284],[-73.9406,40.82641],[-73.93925,40.8283],[-73.93859,40.82972],[-73.94298,40.83157],[-73.94484,40.82902]]]},"properties":{"GEOID":"36061023501","NAME":"Census Tract 235.01","STATE":"36","COUNTY":"061"}},{"type":"Feature","geometry":{"type":"Polygon","coordinates":[[[-73.94014,40.82704],[-73.9406,40.82641],[-73.9396,40.826],[-73.93727,40.82915],[-73.93859,40.82972],[-73.93925,40.8283],[-73.94014,40.82704]]]},"properties":{"GEOID":"36061023502","NAME":"Census Tract 235.02","STATE":"36","COUNTY":"061"}},{"type":"Feature","geometry":{"type":"Polygon","coordinates":[[[-73.9396,40.826],[-73.93679,40.82481],[-73.93813,40.82293],[-73.93533,40.82175],[-73.93623,40.82044],[-73.93412,40.81955],[-73.93233,40.8195],[-73.93306,40.82816],[-73.93484,40.82803],[-73.93727,40.82915],[-73.9396,40.826]]]},"properties":{"GEOID":"36061023600","NAME":"Census Tract 236","STATE":"36","COUNTY":"061"}},{"type":"Feature","geometry":{"type":"Polygon","coordinates":[[[-73.96009,40.83459],[-73.96014,40.83447],[-73.94529,40.8284],[-73.94298,40.83157],[-73.94829,40.83386],[-73.9489,40.83407],[-73.94934,40.83398],[-73.95882,40.83746],[-73.96009,40.83459]]]},"properties":{"GEOID":"36061023700","NAME":"Census Tract 237","STATE":"36","COUNTY":"061"}},{"type":"Feature","geometry":{"type":"Polygon","coordinates":[[[-73.9425,40.83224],[-73.94298,40.83157],[-73.94035,40.83046],[-73.94031,40.83171],[-73.93916,40.83328],[-73.94112,40.83411],[-73.9425,40.83224]]]},"properties":{"GEOID":"36061023900","NAME":"Census Tract 239","STATE":"36","COUNTY":"061"}},{"type":"Feature","geometry":{"type":"Polygon","coordinates":[[[-73.93624,40.78569],[-73.93566,40.78468],[-73.93593,40.78381],[-73.93543,40.78325],[-73.93149,40.78253],[-73.93062,40.78225],[-73.9286,40.78103],[-73.92771,40.78096],[-73.92574,40.7784],[-73.92423,40.7791],[-73.92296,40.78044],[-73.9221,40.78085],[-73.91909,40.78337],[-73.91819,40.78393],[-73.91717,40.78419],[-73.91718,40.78455],[-73.91683,40.78519],[-73.91575,40.78611],[-73.91526,40.78619],[-73.91559,40.78643],[-73.91424,40.78786],[-73.9126,40.78938],[-73.91223,40.78918],[-73.91195,40.7894],[-73.91208,40.78952],[-73.91125,40.78974],[-73.91113,40.79011],[-73.9103,40.79066],[-73.91067,40.79312],[-73.91246,40.7961],[-73.91362,40.79679],[-73.91986,40.79935],[-73.92073,40.8001],[-73.92174,40.80169],[-73.92302,40.80242],[-73.92508,40.80252],[-73.92529,40.802],[-73.9256,40.802],[-73.92685,40.79999],[-73.9276,40.79803],[-73.92712,40.79707],[-73.92696,40.79524],[-73.92837,40.79285],[-73.92827,40.7923],[-73.92748,40.79194],[-73.92666,40.79193],[-73.92612,40.79158],[-73.92613,40.79135],[-73.92651,40.79087],[-73.92876,40.79104],[-73.92961,40.7914],[-73.93087,40.79109],[-73.93271,40.78929],[-73.93306,40.78862],[-73.93551,40.7859],[-73.93624,40.78569]]]},"properties":{"GEOID":"36061024000","NAME":"Census Tract 240","STATE":"36","COUNTY":"061"}},{"type":"Feature","geometry":{"type":"Polygon","coordinates":[[[-73.94005,40.83449],[-73.94036,40.83379],[-73.93916,40.83328],[-73.93798,40.83437],[-73.93669,40.83719],[-73.93983,40.8385],[-73.9401,40.83695],[-73.93978,40.83518],[-73.94005,40.83449]]]},"properties":{"GEOID":"36061024301","NAME":"Census Tract 243.01","STATE":"36","COUNTY":"061"}},{"type":"Feature","geometry":{"type":"Polygon","coordinates":[[[-73.94008,40.83046],[-73.93484,40.82803],[-73.93306,40.82816],[-73.93346,40.83318],[-73.93301,40.83568],[-73.93471,40.83563],[-73.9344,40.83605],[-73.93506,40.83568],[-73.93839,40.83311],[-73.94008,40.83046]]]},"properties":{"GEOID":"36061024302","NAME":"Census Tract 243.02","STATE":"36","COUNTY":"061"}},{"type":"Feature","geometry":{"type":"Polygon","coordinates":[[[-73.94469,40.83607],[-73.94452,40.83562],[-73.94397,40.83531],[-73.94443,40.83468],[-73.94158,40.83349],[-73.94112,40.83411],[-73.94036,40.83379],[-73.93978,40.83518],[-73.9401,40.83695],[-73.93983,40.8385],[-73.94307,40.84019],[-73.94469,40.83607]]]},"properties":{"GEOID":"36061024500","NAME":"Census Tract 245","STATE":"36","COUNTY":"061"}},{"type":"Feature","geometry":{"type":"Polygon","coordinates":[[[-73.93792,40.83849],[-73.93834,40.83791],[-73.93669,40.83719],[-73.93623,40.83808],[-73.93524,40.83899],[-73.935,40.83983],[-73.93563,40.84128],[-73.93557,40.84171],[-73.93792,40.83849]]]},"properties":{"GEOID":"36061024900","NAME":"Census Tract 249","STATE":"36","COUNTY":"061"}},{"type":"Feature","geometry":{"type":"Polygon","coordinates":[[[-73.95566,40.84466],[-73.95573,40.84451],[-73.94772,40.84145],[-73.94468,40.84105],[-73.94307,40.84019],[-73.94195,40.84298],[-73.94085,40.84452],[-73.93952,40.84784],[-73.94248,40.84832],[-73.94334,40.84826],[-73.94358,40.84789],[-73.94407,40.84785],[-73.94319,40.84976],[-73.95257,40.85154],[-73.95566,40.84466]]]},"properties":{"GEOID":"36061025500","NAME":"Census Tract 255","STATE":"36","COUNTY":"061"}},{"type":"Feature","geometry":{"type":"Polygon","coordinates":[[[-73.94038,40.84571],[-73.94052,40.84537],[-73.93752,40.84414],[-73.93424,40.84863],[-73.9364,40.84954],[-73.93767,40.84839],[-73.93804,40.84756],[-73.93952,40.84784],[-73.94038,40.84571]]]},"properties":{"GEOID":"36061026300","NAME":"Census Tract 263","STATE":"36","COUNTY":"061"}},{"type":"Feature","geometry":{"type":"Polygon","coordinates":[[[-73.94407,40.84785],[-73.94358,40.84789],[-73.94334,40.84826],[-73.94205,40.84832],[-73.93804,40.84756],[-73.93767,40.84839],[-73.93575,40.85017],[-73.93957,40.85128],[-73.94126,40.85139],[-73.94204,40.85193],[-73.9429,40.851],[-73.94322,40.84965],[-73.94407,40.84785]]]},"properties":{"GEOID":"36061026500","NAME":"Census Tract 265","STATE":"36","COUNTY":"061"}},{"type":"Feature","geometry":{"type":"Polygon","coordinates":[[[-73.93047,40.8487],[-73.93062,40.84848],[-73.92978,40.84815],[-73.92869,40.84955],[-73.92748,40.85069],[-73.92708,40.85143],[-73.92714,40.85215],[-73.92769,40.85249],[-73.93047,40.8487]]]},"properties":{"GEOID":"36061026700","NAME":"Census Tract 267","STATE":"36","COUNTY":"061"}},{"type":"Feature","geometry":{"type":"Polygon","coordinates":[[[-73.93373,40.84932],[-73.93424,40.84863],[-73.93139,40.84743],[-73.92769,40.85249],[-73.93054,40.85368],[-73.93373,40.84932]]]},"properties":{"GEOID":"36061026900","NAME":"Census Tract 269","STATE":"36","COUNTY":"061"}},{"type":"Feature","geometry":{"type":"Polygon","coordinates":[[[-73.95249,40.85167],[-73.95257,40.85154],[-73.94319,40.84976],[-73.9429,40.851],[-73.94204,40.85193],[-73.94126,40.85139],[-73.94015,40.8514],[-73.93954,40.85349],[-73.93561,40.85886],[-73.93699,40.85961],[-73.94584,40.86252],[-73.95249,40.85167]]]},"properties":{"GEOID":"36061027500","NAME":"Census Tract 275","STATE":"36","COUNTY":"061"}},{"type":"Feature","geometry":{"type":"Polygon","coordinates":[[[-73.92383,40.81282],[-73.92468,40.81238],[-73.91618,40.80879],[-73.91485,40.81099],[-73.92209,40.81373],[-73.92383,40.81282]]]},"properties":{"GEOID":"36005004100","NAME":"Census Tract 41","STATE":"36","COUNTY":"005"}},{"type":"Feature","geometry":{"type":"Polygon","coordinates":[[[-73.89201,40.82472],[-73.89162,40.82099],[-73.89082,40.82031],[-73.88736,40.82277],[-73.8869,40.82372],[-73.88661,40.82533],[-73.89085,40.82507],[-73.89201,40.82472]]]},"properties":{"GEOID":"36005011900","NAME":"Census Tract 119","STATE":"36","COUNTY":"005"}},{"type":"Feature","geometry":{"type":"Polygon","coordinates":[[[-73.89194,40.70289],[-73.89274,40.70185],[-73.88804,40.70297],[-73.88912,40.7056],[-73.89194,40.70289]]]},"properties":{"GEOID":"36081057900","NAME":"Census Tract 579","STATE":"36","COUNTY":"081"}},{"type":"Feature","geometry":{"type":"Polygon","coordinates":[[[-74.02291,40.63611],[-74.02324,40.63532],[-74.01824,40.63303],[-74.01853,40.63233],[-74.01605,40.63103],[-74.01514,40.63322],[-74.01564,40.63353],[-74.01593,40.63338],[-74.01627,40.63487],[-74.01717,40.63575],[-74.01955,40.63709],[-74.02109,40.63826],[-74.02263,40.6368],[-74.02291,40.63611]]]},"properties":{"GEOID":"36047012600","NAME":"Census Tract 126","STATE":"36","COUNTY":"047"}},{"type":"Feature","geometry":{"type":"Polygon","coordinates":[[[-73.94405,40.67934],[-73.94414,40.67824],[-73.93032,40.67748],[-73.93003,40.6783],[-73.92906,40.67928],[-73.94397,40.68009],[-73.94405,40.67934]]]},"properties":{"GEOID":"36047027100","NAME":"Census Tract 271","STATE":"36","COUNTY":"047"}},{"type":"Feature","geometry":{"type":"Polygon","coordinates":[[[-73.90969,40.61838],[-73.91026,40.61778],[-73.90493,40.61324],[-73.90346,40.61404],[-73.90204,40.61284],[-73.89856,40.61517],[-73.89835,40.61731],[-73.90199,40.62056],[-73.90707,40.61727],[-73.90893,40.61888],[-73.90969,40.61838]]]},"properties":{"GEOID":"36047070601","NAME":"Census Tract 706.01","STATE":"36","COUNTY":"047"}},{"type":"Feature","geometry":{"type":"Polygon","coordinates":[[[-73.93161,40.66356],[-73.93133,40.66059],[-73.92939,40.66072],[-73.92914,40.65842],[-73.92817,40.65848],[-73.92834,40.66006],[-73.92819,40.66018],[-73.92725,40.65934],[-73.92646,40.65981],[-73.93069,40.66362],[-73.93161,40.66356]]]},"properties":{"GEOID":"36047088002","NAME":"Census Tract 880.02","STATE":"36","COUNTY":"047"}},{"type":"Feature","geometry":{"type":"Polygon","coordinates":[[[-73.90467,40.61338],[-73.90493,40.61324],[-73.90337,40.61189],[-73.9017,40.60822],[-73.90145,40.60435],[-73.89195,40.60552],[-73.88446,40.60944],[-73.88705,40.61632],[-73.89231,40.62056],[-73.89826,40.62299],[-73.90199,40.62056],[-73.89835,40.61731],[-73.89856,40.61517],[-73.90204,40.61284],[-73.90346,40.61404],[-73.90467,40.61338]]]},"properties":{"GEOID":"36047070602","NAME":"Census Tract 706.02","STATE":"36","COUNTY":"047"}},{"type":"Feature","geometry":{"type":"Polygon","coordinates":[[[-73.99379,40.68676],[-73.99393,40.68645],[-73.98913,40.68459],[-73.98829,40.68587],[-73.99327,40.68782],[-73.99379,40.68676]]]},"properties":{"GEOID":"36047006901","NAME":"Census Tract 69.01","STATE":"36","COUNTY":"047"}},{"type":"Feature","geometry":{"type":"Polygon","coordinates":[[[-73.99458,40.6851],[-73.9949,40.68443],[-73.99042,40.68269],[-73.98913,40.68459],[-73.99393,40.68645],[-73.99458,40.6851]]]},"properties":{"GEOID":"36047006902","NAME":"Census Tract 69.02","STATE":"36","COUNTY":"047"}},{"type":"Feature","geometry":{"type":"Polygon","coordinates":[[[-73.94771,40.66992],[-73.94773,40.6697],[-73.93666,40.6691],[-73.93657,40.67004],[-73.94764,40.67066],[-73.94771,40.66992]]]},"properties":{"GEOID":"36047033701","NAME":"Census Tract 337.01","STATE":"36","COUNTY":"047"}},{"type":"Feature","geometry":{"type":"Polygon","coordinates":[[[-73.94775,40.6695],[-73.94782,40.66878],[-73.93675,40.66813],[-73.93666,40.6691],[-73.94773,40.6697],[-73.94775,40.6695]]]},"properties":{"GEOID":"36047033702","NAME":"Census Tract 337.02","STATE":"36","COUNTY":"047"}},{"type":"Feature","geometry":{"type":"Polygon","coordinates":[[[-73.93455,40.66336],[-73.93423,40.66041],[-73.93133,40.66059],[-73.93161,40.66356],[-73.93455,40.66336]]]},"properties":{"GEOID":"36047088001","NAME":"Census Tract 880.01","STATE":"36","COUNTY":"047"}},{"type":"Feature","geometry":{"type":"Polygon","coordinates":[[[-73.93144,40.7369],[-73.93161,40.73683],[-73.92534,40.73557],[-73.92404,40.7351],[-73.92257,40.73429],[-73.92025,40.73496],[-73.91984,40.73746],[-73.92763,40.7384],[-73.93144,40.7369]]]},"properties":{"GEOID":"36081018700","NAME":"Census Tract 187","STATE":"36","COUNTY":"081"}},{"type":"Feature","geometry":{"type":"Polygon","coordinates":[[[-73.98362,40.74972],[-73.98408,40.7491],[-73.98085,40.74775],[-73.97768,40.75212],[-73.98089,40.75348],[-73.98362,40.74972]]]},"properties":{"GEOID":"36061008200","NAME":"Census Tract 82","STATE":"36","COUNTY":"061"}},{"type":"Feature","geometry":{"type":"Polygon","coordinates":[[[-73.95994,40.80835],[-73.96011,40.80812],[-73.95841,40.80742],[-73.95725,40.8094],[-73.95709,40.81008],[-73.95827,40.81063],[-73.95994,40.80835]]]},"properties":{"GEOID":"36061020701","NAME":"Census Tract 207.01","STATE":"36","COUNTY":"061"}},{"type":"Feature","geometry":{"type":"Polygon","coordinates":[[[-74.00596,40.74523],[-74.00639,40.74465],[-74.0007,40.74225],[-73.99897,40.74463],[-74.00465,40.74702],[-74.00596,40.74523]]]},"properties":{"GEOID":"36061008900","NAME":"Census Tract 89","STATE":"36","COUNTY":"061"}},{"type":"Feature","geometry":{"type":"Polygon","coordinates":[[[-74.00128,40.70999],[-74.00142,40.70981],[-73.9945,40.70432],[-73.99369,40.70448],[-73.99622,40.70918],[-73.99695,40.71207],[-73.9997,40.71178],[-74.00128,40.70999]]]},"properties":{"GEOID":"36061002500","NAME":"Census Tract 25","STATE":"36","COUNTY":"061"}},{"type":"Feature","geometry":{"type":"Polygon","coordinates":[[[-73.99866,40.75525],[-73.99914,40.75458],[-73.99346,40.75219],[-73.99163,40.75471],[-73.99731,40.75711],[-73.99866,40.75525]]]},"properties":{"GEOID":"36061011100","NAME":"Census Tract 111","STATE":"36","COUNTY":"061"}},{"type":"Feature","geometry":{"type":"Polygon","coordinates":[[[-73.98996,40.73505],[-73.9899,40.73444],[-73.98718,40.73329],[-73.98408,40.73755],[-73.9873,40.7389],[-73.98992,40.73535],[-73.98996,40.73505]]]},"properties":{"GEOID":"36061005000","NAME":"Census Tract 50","STATE":"36","COUNTY":"061"}},{"type":"Feature","geometry":{"type":"Polygon","coordinates":[[[-73.99744,40.71407],[-73.99622,40.70918],[-73.99369,40.70448],[-73.99385,40.70483],[-73.99272,40.70554],[-73.99148,40.70563],[-73.99088,40.70512],[-73.98938,40.70514],[-73.99207,40.70977],[-73.99178,40.70982],[-73.99256,40.71439],[-73.99744,40.71407]]]},"properties":{"GEOID":"36061000800","NAME":"Census Tract 8","STATE":"36","COUNTY":"061"}},{"type":"Feature","geometry":{"type":"Polygon","coordinates":[[[-73.95228,40.78691],[-73.95255,40.78655],[-73.94933,40.78519],[-73.94838,40.7865],[-73.95161,40.78786],[-73.95228,40.78691]]]},"properties":{"GEOID":"36061015802","NAME":"Census Tract 158.02","STATE":"36","COUNTY":"061"}},{"type":"Feature","geometry":{"type":"Polygon","coordinates":[[[-73.96423,40.77631],[-73.96469,40.77568],[-73.96147,40.77432],[-73.95816,40.77886],[-73.96136,40.78024],[-73.96423,40.77631]]]},"properties":{"GEOID":"36061014200","NAME":"Census Tract 142","STATE":"36","COUNTY":"061"}},{"type":"Feature","geometry":{"type":"Polygon","coordinates":[[[-73.98363,40.74395],[-73.98408,40.74333],[-73.98086,40.74197],[-73.97764,40.74639],[-73.98085,40.74775],[-73.98363,40.74395]]]},"properties":{"GEOID":"36061007200","NAME":"Census Tract 72","STATE":"36","COUNTY":"061"}},{"type":"Feature","geometry":{"type":"Polygon","coordinates":[[[-73.97157,40.62999],[-73.97137,40.62897],[-73.96607,40.62955],[-73.96668,40.63192],[-73.9599,40.63267],[-73.96041,40.63536],[-73.97157,40.62999]]]},"properties":{"GEOID":"36047046000","NAME":"Census Tract 460","STATE":"36","COUNTY":"047"}},{"type":"Feature","geometry":{"type":"Polygon","coordinates":[[[-73.88999,40.65114],[-73.89125,40.65003],[-73.88656,40.64509],[-73.88074,40.63961],[-73.87954,40.63886],[-73.87881,40.63794],[-73.87608,40.64329],[-73.87729,40.64384],[-73.88411,40.64996],[-73.88628,40.65276],[-73.88999,40.65114]]]},"properties":{"GEOID":"36047105804","NAME":"Census Tract 1058.04","STATE":"36","COUNTY":"047"}},{"type":"Feature","geometry":{"type":"Polygon","coordinates":[[[-73.85208,40.82285],[-73.8506,40.8165],[-73.84754,40.81691],[-73.84902,40.82326],[-73.85208,40.82285]]]},"properties":{"GEOID":"36005008600","NAME":"Census Tract 86","STATE":"36","COUNTY":"005"}},{"type":"Feature","geometry":{"type":"Polygon","coordinates":[[[-73.9016,40.8197],[-73.90167,40.81953],[-73.89704,40.8168],[-73.89284,40.82097],[-73.89588,40.82099],[-73.89586,40.82263],[-73.9016,40.8197]]]},"properties":{"GEOID":"36005008700","NAME":"Census Tract 87","STATE":"36","COUNTY":"005"}},{"type":"Feature","geometry":{"type":"Polygon","coordinates":[[[-73.84007,40.8136],[-73.84043,40.81187],[-73.83902,40.80822],[-73.83798,40.80623],[-73.83648,40.80592],[-73.8345,40.80502],[-73.83288,40.80482],[-73.83183,40.80494],[-73.83068,40.80311],[-73.82344,40.80481],[-73.82666,40.81196],[-73.8283,40.81481],[-73.82319,40.81667],[-73.82537,40.82021],[-73.82672,40.82182],[-73.82833,40.82104],[-73.82946,40.82238],[-73.82464,40.82477],[-73.83111,40.82682],[-73.83128,40.82673],[-73.83534,40.82819],[-73.83684,40.82846],[-73.83602,40.82376],[-73.83603,40.81786],[-73.83673,40.81782],[-73.83696,40.81634],[-73.83998,40.81639],[-73.83986,40.81598],[-73.84007,40.8136]]]},"properties":{"GEOID":"36005011000","NAME":"Census Tract 110","STATE":"36","COUNTY":"005"}},{"type":"Feature","geometry":{"type":"Polygon","coordinates":[[[-73.89082,40.82031],[-73.88971,40.81943],[-73.888,40.81666],[-73.88235,40.81742],[-73.88098,40.81824],[-73.88245,40.81927],[-73.88441,40.82297],[-73.88741,40.82254],[-73.89082,40.82031]]]},"properties":{"GEOID":"36005011502","NAME":"Census Tract 115.02","STATE":"36","COUNTY":"005"}},{"type":"Feature","geometry":{"type":"Polygon","coordinates":[[[-73.88104,40.6645],[-73.88186,40.66415],[-73.87859,40.6597],[-73.86949,40.66355],[-73.87284,40.66803],[-73.88104,40.6645]]]},"properties":{"GEOID":"36047111600","NAME":"Census Tract 1116","STATE":"36","COUNTY":"047"}},{"type":"Feature","geometry":{"type":"Polygon","coordinates":[[[-74.05626,40.63741],[-74.05647,40.63172],[-74.03792,40.62828],[-74.03762,40.62901],[-74.03226,40.62774],[-74.03047,40.6321],[-74.03693,40.63364],[-74.03934,40.6338],[-74.05626,40.63741]]]},"properties":{"GEOID":"36047004400","NAME":"Census Tract 44","STATE":"36","COUNTY":"047"}},{"type":"Feature","geometry":{"type":"Polygon","coordinates":[[[-73.96286,40.67641],[-73.96318,40.67553],[-73.9567,40.67417],[-73.95519,40.67834],[-73.95531,40.67927],[-73.96131,40.68046],[-73.96286,40.67641]]]},"properties":{"GEOID":"36047030500","NAME":"Census Tract 305","STATE":"36","COUNTY":"047"}},{"type":"Feature","geometry":{"type":"Polygon","coordinates":[[[-73.96994,40.74891],[-73.96021,40.74451],[-73.95773,40.74777],[-73.96163,40.74945],[-73.96472,40.75172],[-73.96486,40.75201],[-73.96506,40.75181],[-73.96723,40.75269],[-73.9677,40.75204],[-73.96778,40.75163],[-73.96954,40.7492],[-73.96994,40.74891]]]},"properties":{"GEOID":"36061008602","NAME":"Census Tract 86.02","STATE":"36","COUNTY":"061"}},{"type":"Feature","geometry":{"type":"Polygon","coordinates":[[[-73.92046,40.83092],[-73.91811,40.83001],[-73.91586,40.83384],[-73.91771,40.83451],[-73.91903,40.83309],[-73.92046,40.83092]]]},"properties":{"GEOID":"36005018102","NAME":"Census Tract 181.02","STATE":"36","COUNTY":"005"}},{"type":"Feature","geometry":{"type":"Polygon","coordinates":[[[-73.92214,40.85045],[-73.92229,40.85028],[-73.92163,40.85006],[-73.91937,40.84962],[-73.91895,40.85018],[-73.91645,40.85191],[-73.91741,40.85215],[-73.91817,40.85298],[-73.91861,40.85284],[-73.91959,40.85334],[-73.92214,40.85045]]]},"properties":{"GEOID":"36005020502","NAME":"Census Tract 205.02","STATE":"36","COUNTY":"005"}},{"type":"Feature","geometry":{"type":"Polygon","coordinates":[[[-73.92013,40.83759],[-73.92048,40.83714],[-73.91841,40.83644],[-73.91594,40.83955],[-73.91768,40.84022],[-73.91902,40.83838],[-73.92013,40.83759]]]},"properties":{"GEOID":"36005022101","NAME":"Census Tract 221.01","STATE":"36","COUNTY":"005"}},{"type":"Feature","geometry":{"type":"Polygon","coordinates":[[[-73.91817,40.85298],[-73.91741,40.85215],[-73.91611,40.85179],[-73.91594,40.85105],[-73.91545,40.85049],[-73.91323,40.85258],[-73.91227,40.85376],[-73.91468,40.85394],[-73.91654,40.85472],[-73.91694,40.85461],[-73.91817,40.85298]]]},"properties":{"GEOID":"36005024501","NAME":"Census Tract 245.01","STATE":"36","COUNTY":"005"}},{"type":"Feature","geometry":{"type":"Polygon","coordinates":[[[-73.90078,40.85605],[-73.89817,40.85515],[-73.89636,40.85838],[-73.89883,40.8593],[-73.90078,40.85605]]]},"properties":{"GEOID":"36005038301","NAME":"Census Tract 383.01","STATE":"36","COUNTY":"005"}},{"type":"Feature","geometry":{"type":"Polygon","coordinates":[[[-73.88105,40.82843],[-73.88043,40.82578],[-73.8758,40.8264],[-73.8764,40.82898],[-73.8773,40.82874],[-73.88105,40.82843]]]},"properties":{"GEOID":"36005005002","NAME":"Census Tract 50.02","STATE":"36","COUNTY":"005"}},{"type":"Feature","geometry":{"type":"Polygon","coordinates":[[[-73.90188,40.82271],[-73.90199,40.82244],[-73.90061,40.82211],[-73.9016,40.8197],[-73.8932,40.82401],[-73.89887,40.82385],[-73.90118,40.82439],[-73.90188,40.82271]]]},"properties":{"GEOID":"36005012901","NAME":"Census Tract 129.01","STATE":"36","COUNTY":"005"}},{"type":"Feature","geometry":{"type":"Polygon","coordinates":[[[-73.90694,40.83697],[-73.9074,40.83623],[-73.90352,40.83501],[-73.90186,40.83462],[-73.90121,40.8355],[-73.90291,40.83593],[-73.90197,40.83717],[-73.90598,40.8385],[-73.90694,40.83697]]]},"properties":{"GEOID":"36005014702","NAME":"Census Tract 147.02","STATE":"36","COUNTY":"005"}},{"type":"Feature","geometry":{"type":"Polygon","coordinates":[[[-73.91384,40.83369],[-73.91129,40.83283],[-73.91239,40.83094],[-73.91138,40.83099],[-73.91049,40.83074],[-73.90869,40.83394],[-73.9129,40.8353],[-73.91384,40.83369]]]},"properties":{"GEOID":"36005017701","NAME":"Census Tract 177.01","STATE":"36","COUNTY":"005"}},{"type":"Feature","geometry":{"type":"Polygon","coordinates":[[[-73.9129,40.8353],[-73.90869,40.83394],[-73.90538,40.83977],[-73.90561,40.83984],[-73.90679,40.83825],[-73.90798,40.83718],[-73.90916,40.83698],[-73.91139,40.83787],[-73.9129,40.8353]]]},"properties":{"GEOID":"36005017702","NAME":"Census Tract 177.02","STATE":"36","COUNTY":"005"}},{"type":"Feature","geometry":{"type":"Polygon","coordinates":[[[-73.91587,40.83639],[-73.9129,40.8353],[-73.91139,40.83787],[-73.91375,40.83874],[-73.91587,40.83639]]]},"properties":{"GEOID":"36005017902","NAME":"Census Tract 179.02","STATE":"36","COUNTY":"005"}},{"type":"Feature","geometry":{"type":"Polygon","coordinates":[[[-73.91745,40.83113],[-73.91811,40.83001],[-73.91641,40.82929],[-73.91408,40.83329],[-73.91586,40.83384],[-73.91745,40.83113]]]},"properties":{"GEOID":"36005018101","NAME":"Census Tract 181.01","STATE":"36","COUNTY":"005"}},{"type":"Feature","geometry":{"type":"Polygon","coordinates":[[[-73.92069,40.82721],[-73.92115,40.8264],[-73.91846,40.82557],[-73.91641,40.82929],[-73.91894,40.83033],[-73.92069,40.82721]]]},"properties":{"GEOID":"36005018302","NAME":"Census Tract 183.02","STATE":"36","COUNTY":"005"}},{"type":"Feature","geometry":{"type":"Polygon","coordinates":[[[-73.92815,40.84551],[-73.92397,40.84479],[-73.92354,40.84446],[-73.92282,40.84426],[-73.92231,40.84549],[-73.92054,40.84689],[-73.92135,40.84718],[-73.91937,40.84962],[-73.9239,40.85049],[-73.92815,40.84551]]]},"properties":{"GEOID":"36005020501","NAME":"Census Tract 205.01","STATE":"36","COUNTY":"005"}},{"type":"Feature","geometry":{"type":"Polygon","coordinates":[[[-73.97804,40.65475],[-73.9776,40.65408],[-73.97796,40.65394],[-73.97635,40.65122],[-73.97268,40.65264],[-73.97356,40.65564],[-73.97642,40.65453],[-73.97657,40.65531],[-73.97804,40.65475]]]},"properties":{"GEOID":"36047050202","NAME":"Census Tract 502.02","STATE":"36","COUNTY":"047"}},{"type":"Feature","geometry":{"type":"Polygon","coordinates":[[[-73.9471,40.71059],[-73.94627,40.7056],[-73.94469,40.70574],[-73.94457,40.70502],[-73.94285,40.70518],[-73.94379,40.7109],[-73.9471,40.71059]]]},"properties":{"GEOID":"36047050500","NAME":"Census Tract 505","STATE":"36","COUNTY":"047"}},{"type":"Feature","geometry":{"type":"Polygon","coordinates":[[[-73.9714,40.64826],[-73.97084,40.64638],[-73.96219,40.64979],[-73.96302,40.65153],[-73.9714,40.64826]]]},"properties":{"GEOID":"36047050600","NAME":"Census Tract 506","STATE":"36","COUNTY":"047"}},{"type":"Feature","geometry":{"type":"Polygon","coordinates":[[[-73.95129,40.70092],[-73.95009,40.69979],[-73.94193,40.70072],[-73.94705,40.70366],[-73.95129,40.70092]]]},"properties":{"GEOID":"36047050700","NAME":"Census Tract 507","STATE":"36","COUNTY":"047"}},{"type":"Feature","geometry":{"type":"Polygon","coordinates":[[[-73.95087,40.70951],[-73.95024,40.70547],[-73.94984,40.70523],[-73.94627,40.7056],[-73.94697,40.70989],[-73.95087,40.70951]]]},"properties":{"GEOID":"36047051100","NAME":"Census Tract 511","STATE":"36","COUNTY":"047"}},{"type":"Feature","geometry":{"type":"Polygon","coordinates":[[[-73.96547,40.64672],[-73.96501,40.6443],[-73.96121,40.64472],[-73.96194,40.64851],[-73.96288,40.6484],[-73.96307,40.64944],[-73.9649,40.64872],[-73.96454,40.64682],[-73.96547,40.64672]]]},"properties":{"GEOID":"36047051200","NAME":"Census Tract 512","STATE":"36","COUNTY":"047"}},{"type":"Feature","geometry":{"type":"Polygon","coordinates":[[[-74.00143,40.71994],[-74.00188,40.7194],[-73.99996,40.71802],[-73.99766,40.72084],[-73.99712,40.7223],[-73.99881,40.72302],[-74.00143,40.71994]]]},"properties":{"GEOID":"36061004500","NAME":"Census Tract 45","STATE":"36","COUNTY":"061"}},{"type":"Feature","geometry":{"type":"Polygon","coordinates":[[[-74.00539,40.72211],[-74.00523,40.72174],[-74.00188,40.7194],[-73.99985,40.72179],[-74.00217,40.72293],[-74.00113,40.72417],[-74.00403,40.72551],[-74.00539,40.72211]]]},"properties":{"GEOID":"36061004700","NAME":"Census Tract 47","STATE":"36","COUNTY":"061"}},{"type":"Feature","geometry":{"type":"Polygon","coordinates":[[[-74.00403,40.72551],[-74.00113,40.72417],[-74.00217,40.72293],[-73.99985,40.72179],[-73.99677,40.72543],[-74.00215,40.72804],[-74.00373,40.72625],[-74.00403,40.72551]]]},"properties":{"GEOID":"36061004900","NAME":"Census Tract 49","STATE":"36","COUNTY":"061"}},{"type":"Feature","geometry":{"type":"Polygon","coordinates":[[[-73.99634,40.73804],[-73.99684,40.73736],[-73.99362,40.736],[-73.99052,40.74026],[-73.99374,40.74162],[-73.99634,40.73804]]]},"properties":{"GEOID":"36061005400","NAME":"Census Tract 54","STATE":"36","COUNTY":"061"}},{"type":"Feature","geometry":{"type":"Polygon","coordinates":[[[-73.99992,40.72693],[-73.99677,40.72543],[-73.99425,40.72841],[-73.99736,40.72994],[-73.99992,40.72693]]]},"properties":{"GEOID":"36061005501","NAME":"Census Tract 55.01","STATE":"36","COUNTY":"061"}},{"type":"Feature","geometry":{"type":"Polygon","coordinates":[[[-73.99007,40.74088],[-73.99052,40.74026],[-73.9873,40.7389],[-73.98408,40.74333],[-73.9873,40.74468],[-73.99007,40.74088]]]},"properties":{"GEOID":"36061005600","NAME":"Census Tract 56","STATE":"36","COUNTY":"061"}},{"type":"Feature","geometry":{"type":"Polygon","coordinates":[[[-73.99488,40.72902],[-73.99506,40.72881],[-73.99155,40.72709],[-73.99039,40.73129],[-73.99146,40.73174],[-73.99241,40.73059],[-73.99325,40.73095],[-73.99488,40.72902]]]},"properties":{"GEOID":"36061005700","NAME":"Census Tract 57","STATE":"36","COUNTY":"061"}},{"type":"Feature","geometry":{"type":"Polygon","coordinates":[[[-73.99329,40.74223],[-73.99374,40.74162],[-73.99052,40.74026],[-73.9873,40.74468],[-73.99052,40.74604],[-73.99329,40.74223]]]},"properties":{"GEOID":"36061005800","NAME":"Census Tract 58","STATE":"36","COUNTY":"061"}},{"type":"Feature","geometry":{"type":"Polygon","coordinates":[[[-73.97956,40.73542],[-73.97986,40.73498],[-73.97898,40.73456],[-73.96144,40.7273],[-73.96099,40.72866],[-73.96121,40.72951],[-73.97443,40.73531],[-73.97522,40.7354],[-73.9785,40.73679],[-73.97956,40.73542]]]},"properties":{"GEOID":"36061006000","NAME":"Census Tract 60","STATE":"36","COUNTY":"061"}},{"type":"Feature","geometry":{"type":"Polygon","coordinates":[[[-73.99505,40.73403],[-73.99549,40.73344],[-73.99039,40.73129],[-73.98987,40.73353],[-73.9899,40.73444],[-73.99362,40.736],[-73.99505,40.73403]]]},"properties":{"GEOID":"36061006100","NAME":"Census Tract 61","STATE":"36","COUNTY":"061"}},{"type":"Feature","geometry":{"type":"Polygon","coordinates":[[[-73.9785,40.73679],[-73.97522,40.7354],[-73.97443,40.73531],[-73.96121,40.72951],[-73.96145,40.73099],[-73.96215,40.73245],[-73.9619,40.73249],[-73.96193,40.73268],[-73.96226,40.73274],[-73.9626,40.7349],[-73.96267,40.73645],[-73.96248,40.7368],[-73.96262,40.73903],[-73.97157,40.74299],[-73.97351,40.74378],[-73.9785,40.73679]]]},"properties":{"GEOID":"36061006200","NAME":"Census Tract 62","STATE":"36","COUNTY":"061"}},{"type":"Feature","geometry":{"type":"Polygon","coordinates":[[[-73.98451,40.73696],[-73.98493,40.73638],[-73.98027,40.73441],[-73.97805,40.73755],[-73.98266,40.7395],[-73.98451,40.73696]]]},"properties":{"GEOID":"36061006400","NAME":"Census Tract 64","STATE":"36","COUNTY":"061"}},{"type":"Feature","geometry":{"type":"Polygon","coordinates":[[[-74.00277,40.72845],[-73.99992,40.72693],[-73.99736,40.72994],[-73.99657,40.72955],[-73.99556,40.73071],[-74.00007,40.73293],[-74.00141,40.73106],[-74.00277,40.72845]]]},"properties":{"GEOID":"36061006500","NAME":"Census Tract 65","STATE":"36","COUNTY":"061"}},{"type":"Feature","geometry":{"type":"Polygon","coordinates":[[[-74.00697,40.72949],[-74.00709,40.72877],[-74.00281,40.72837],[-74.00095,40.73171],[-74.00212,40.73284],[-74.00578,40.73159],[-74.00662,40.73167],[-74.00697,40.72949]]]},"properties":{"GEOID":"36061006700","NAME":"Census Tract 67","STATE":"36","COUNTY":"061"}},{"type":"Feature","geometry":{"type":"Polygon","coordinates":[[[-73.9873,40.7389],[-73.98408,40.73755],[-73.98086,40.74197],[-73.98408,40.74333],[-73.9873,40.7389]]]},"properties":{"GEOID":"36061006800","NAME":"Census Tract 68","STATE":"36","COUNTY":"061"}},{"type":"Feature","geometry":{"type":"Polygon","coordinates":[[[-74.02064,40.73039],[-74.02097,40.72904],[-74.01064,40.72817],[-74.01054,40.7291],[-74.00709,40.72877],[-74.00641,40.73305],[-74.011,40.73232],[-74.02006,40.73276],[-74.02064,40.73039]]]},"properties":{"GEOID":"36061006900","NAME":"Census Tract 69","STATE":"36","COUNTY":"061"}},{"type":"Feature","geometry":{"type":"Polygon","coordinates":[[[-74.00279,40.73362],[-74.00095,40.73171],[-73.99684,40.73736],[-73.99968,40.73855],[-74.00109,40.73656],[-74.00195,40.73641],[-74.00121,40.73384],[-74.00279,40.73362]]]},"properties":{"GEOID":"36061007100","NAME":"Census Tract 71","STATE":"36","COUNTY":"061"}},{"type":"Feature","geometry":{"type":"Polygon","coordinates":[[[-74.00657,40.73199],[-74.00662,40.73167],[-74.00578,40.73159],[-74.00212,40.73284],[-74.00279,40.73362],[-74.00121,40.73384],[-74.00195,40.73641],[-74.00596,40.73585],[-74.00657,40.73199]]]},"properties":{"GEOID":"36061007300","NAME":"Census Tract 73","STATE":"36","COUNTY":"061"}},{"type":"Feature","geometry":{"type":"Polygon","coordinates":[[[-73.93423,40.76786],[-73.93493,40.76701],[-73.93037,40.76449],[-73.92856,40.76671],[-73.93345,40.76882],[-73.93423,40.76786]]]},"properties":{"GEOID":"36081007700","NAME":"Census Tract 77","STATE":"36","COUNTY":"081"}},{"type":"Feature","geometry":{"type":"Polygon","coordinates":[[[-73.84472,40.68028],[-73.84493,40.68027],[-73.84463,40.67984],[-73.84438,40.67877],[-73.84417,40.6788],[-73.84364,40.67674],[-73.84384,40.67674],[-73.84336,40.67505],[-73.84333,40.67374],[-73.83987,40.67398],[-73.83698,40.67468],[-73.83952,40.67996],[-73.84472,40.68071],[-73.84472,40.68028]]]},"properties":{"GEOID":"36081008600","NAME":"Census Tract 86","STATE":"36","COUNTY":"081"}},{"type":"Feature","geometry":{"type":"Polygon","coordinates":[[[-73.93786,40.77409],[-73.93747,40.7725],[-73.93489,40.77171],[-73.93502,40.7713],[-73.93425,40.77103],[-73.93392,40.77184],[-73.93296,40.77215],[-73.93182,40.77421],[-73.93105,40.77398],[-73.93026,40.77547],[-73.93609,40.77718],[-73.93765,40.77509],[-73.93786,40.77409]]]},"properties":{"GEOID":"36081008700","NAME":"Census Tract 87","STATE":"36","COUNTY":"081"}},{"type":"Feature","geometry":{"type":"Polygon","coordinates":[[[-73.8434,40.6731],[-73.84243,40.66878],[-73.8411,40.6685],[-73.84076,40.66872],[-73.83826,40.66797],[-73.83836,40.66764],[-73.83791,40.66751],[-73.83488,40.66721],[-73.83331,40.66676],[-73.83546,40.67102],[-73.83698,40.67468],[-73.83987,40.67398],[-73.84333,40.67374],[-73.8434,40.6731]]]},"properties":{"GEOID":"36081008800","NAME":"Census Tract 88","STATE":"36","COUNTY":"081"}},{"type":"Feature","geometry":{"type":"Polygon","coordinates":[[[-73.93337,40.76891],[-73.93345,40.76882],[-73.92856,40.76671],[-73.92647,40.76927],[-73.93128,40.77152],[-73.93337,40.76891]]]},"properties":{"GEOID":"36081007900","NAME":"Census Tract 79","STATE":"36","COUNTY":"081"}},{"type":"Feature","geometry":{"type":"Polygon","coordinates":[[[-73.93618,40.76769],[-73.93493,40.76701],[-73.93128,40.77152],[-73.93021,40.77191],[-73.93013,40.77211],[-73.93077,40.77211],[-73.93269,40.7727],[-73.93296,40.77215],[-73.93384,40.77191],[-73.9346,40.77019],[-73.93577,40.76905],[-73.93593,40.76778],[-73.93618,40.76769]]]},"properties":{"GEOID":"36081008100","NAME":"Census Tract 81","STATE":"36","COUNTY":"081"}},{"type":"Feature","geometry":{"type":"Polygon","coordinates":[[[-73.93244,40.77311],[-73.93269,40.7727],[-73.93077,40.77211],[-73.93013,40.77211],[-73.93021,40.77191],[-73.93128,40.77152],[-73.92781,40.76989],[-73.92493,40.77349],[-73.92834,40.77464],[-73.9282,40.77491],[-73.92904,40.77517],[-73.92988,40.77361],[-73.93182,40.77421],[-73.93244,40.77311]]]},"properties":{"GEOID":"36081008300","NAME":"Census Tract 83","STATE":"36","COUNTY":"081"}},{"type":"Feature","geometry":{"type":"Polygon","coordinates":[[[-73.92135,40.84718],[-73.92054,40.84689],[-73.91545,40.85049],[-73.91594,40.85105],[-73.91611,40.85179],[-73.91645,40.85191],[-73.91895,40.85018],[-73.92135,40.84718]]]},"properties":{"GEOID":"36005021501","NAME":"Census Tract 215.01","STATE":"36","COUNTY":"005"}},{"type":"Feature","geometry":{"type":"Polygon","coordinates":[[[-73.92104,40.84652],[-73.9206,40.84629],[-73.91918,40.8461],[-73.91527,40.84681],[-73.91288,40.85012],[-73.91416,40.84997],[-73.91545,40.85049],[-73.92104,40.84652]]]},"properties":{"GEOID":"36005021502","NAME":"Census Tract 215.02","STATE":"36","COUNTY":"005"}},{"type":"Feature","geometry":{"type":"Polygon","coordinates":[[[-73.86446,40.84109],[-73.86394,40.84005],[-73.86272,40.83302],[-73.86085,40.83361],[-73.86111,40.83552],[-73.86094,40.83647],[-73.86052,40.83742],[-73.85997,40.83778],[-73.86053,40.83813],[-73.86094,40.83893],[-73.86358,40.84128],[-73.86446,40.84109]]]},"properties":{"GEOID":"36005021602","NAME":"Census Tract 216.02","STATE":"36","COUNTY":"005"}},{"type":"Feature","geometry":{"type":"Polygon","coordinates":[[[-73.87384,40.83633],[-73.87394,40.83598],[-73.86999,40.83565],[-73.86681,40.83484],[-73.86598,40.8352],[-73.86507,40.83534],[-73.86547,40.83768],[-73.86638,40.83759],[-73.86668,40.83924],[-73.86725,40.84034],[-73.86943,40.83952],[-73.87284,40.83976],[-73.87384,40.83633]]]},"properties":{"GEOID":"36005021800","NAME":"Census Tract 218","STATE":"36","COUNTY":"005"}},{"type":"Feature","geometry":{"type":"Polygon","coordinates":[[[-73.92233,40.83661],[-73.92237,40.83611],[-73.91902,40.83838],[-73.91618,40.84234],[-73.91795,40.84223],[-73.91796,40.8431],[-73.91978,40.84088],[-73.92136,40.84019],[-73.92143,40.83924],[-73.92228,40.83784],[-73.92233,40.83661]]]},"properties":{"GEOID":"36005021900","NAME":"Census Tract 219","STATE":"36","COUNTY":"005"}},{"type":"Feature","geometry":{"type":"Polygon","coordinates":[[[-73.87836,40.84],[-73.87356,40.83979],[-73.871,40.84311],[-73.86802,40.84484],[-73.86864,40.84531],[-73.86868,40.84635],[-73.86893,40.84688],[-73.86835,40.84708],[-73.86786,40.84889],[-73.86933,40.84927],[-73.86955,40.84807],[-73.86893,40.84815],[-73.86989,40.84659],[-73.8703,40.8466],[-73.87095,40.84599],[-73.87118,40.84476],[-73.87185,40.84452],[-73.87208,40.84372],[-73.87306,40.84329],[-73.87386,40.84266],[-73.87459,40.84152],[-73.87686,40.84223],[-73.87836,40.84]]]},"properties":{"GEOID":"36005022000","NAME":"Census Tract 220","STATE":"36","COUNTY":"005"}},{"type":"Feature","geometry":{"type":"Polygon","coordinates":[[[-73.96153,40.72591],[-73.96161,40.72495],[-73.95892,40.72435],[-73.95772,40.7243],[-73.95627,40.72339],[-73.95527,40.72428],[-73.95087,40.72572],[-73.95241,40.72842],[-73.95327,40.72813],[-73.95366,40.72882],[-73.96122,40.72815],[-73.9615,40.72699],[-73.96153,40.72591]]]},"properties":{"GEOID":"36047056100","NAME":"Census Tract 561","STATE":"36","COUNTY":"047"}},{"type":"Feature","geometry":{"type":"Polygon","coordinates":[[[-73.9173,40.84077],[-73.91768,40.84022],[-73.91375,40.83874],[-73.9127,40.84093],[-73.91618,40.84234],[-73.9173,40.84077]]]},"properties":{"GEOID":"36005022300","NAME":"Census Tract 223","STATE":"36","COUNTY":"005"}},{"type":"Feature","geometry":{"type":"Polygon","coordinates":[[[-74.09409,40.63927],[-74.09339,40.6366],[-74.09245,40.63562],[-74.09028,40.6355],[-74.0897,40.63568],[-74.08871,40.63685],[-74.08688,40.63588],[-74.08588,40.63669],[-74.08728,40.63781],[-74.08754,40.63845],[-74.08709,40.64033],[-74.08795,40.64047],[-74.08798,40.64026],[-74.09409,40.63927]]]},"properties":{"GEOID":"36085007700","NAME":"Census Tract 77","STATE":"36","COUNTY":"085"}},{"type":"Feature","geometry":{"type":"Polygon","coordinates":[[[-74.07997,40.62448],[-74.0796,40.6246],[-74.07786,40.6212],[-74.07695,40.62016],[-74.07254,40.62246],[-74.0744,40.62446],[-74.07565,40.62666],[-74.07817,40.62647],[-74.07997,40.62448]]]},"properties":{"GEOID":"36085002700","NAME":"Census Tract 27","STATE":"36","COUNTY":"085"}},{"type":"Feature","geometry":{"type":"Polygon","coordinates":[[[-74.0815,40.60637],[-74.08164,40.60618],[-74.07787,40.60607],[-74.0776,40.60689],[-74.07673,40.60796],[-74.07497,40.60951],[-74.07068,40.61178],[-74.07455,40.61694],[-74.07943,40.6091],[-74.0815,40.60637]]]},"properties":{"GEOID":"36085003600","NAME":"Census Tract 36","STATE":"36","COUNTY":"085"}},{"type":"Feature","geometry":{"type":"Polygon","coordinates":[[[-74.08709,40.64033],[-74.08721,40.6399],[-74.08228,40.6406],[-74.08193,40.63987],[-74.0811,40.63992],[-74.08147,40.64151],[-74.0782,40.64212],[-74.08028,40.64479],[-74.08237,40.64464],[-74.08207,40.64421],[-74.08652,40.64256],[-74.08709,40.64033]]]},"properties":{"GEOID":"36085000900","NAME":"Census Tract 9","STATE":"36","COUNTY":"085"}},{"type":"Feature","geometry":{"type":"Polygon","coordinates":[[[-73.86675,40.76609],[-73.86749,40.76569],[-73.8635,40.76156],[-73.86156,40.76265],[-73.86052,40.76143],[-73.85976,40.76184],[-73.85982,40.76226],[-73.86312,40.7663],[-73.86408,40.76575],[-73.86527,40.76694],[-73.86675,40.76609]]]},"properties":{"GEOID":"36081037100","NAME":"Census Tract 371","STATE":"36","COUNTY":"081"}},{"type":"Feature","geometry":{"type":"Polygon","coordinates":[[[-73.86419,40.76118],[-73.86434,40.76114],[-73.86339,40.76098],[-73.86281,40.75776],[-73.85856,40.75791],[-73.85464,40.75847],[-73.85604,40.75973],[-73.85829,40.76073],[-73.85976,40.76184],[-73.86052,40.76143],[-73.86156,40.76265],[-73.86419,40.76118]]]},"properties":{"GEOID":"36081037300","NAME":"Census Tract 373","STATE":"36","COUNTY":"081"}},{"type":"Feature","geometry":{"type":"Polygon","coordinates":[[[-73.86191,40.7578],[-73.86121,40.75393],[-73.85781,40.75401],[-73.85313,40.75511],[-73.85372,40.75697],[-73.85464,40.75847],[-73.85856,40.75791],[-73.86191,40.7578]]]},"properties":{"GEOID":"36081038100","NAME":"Census Tract 381","STATE":"36","COUNTY":"081"}},{"type":"Feature","geometry":{"type":"Polygon","coordinates":[[[-73.93551,40.77754],[-73.93586,40.77721],[-73.93026,40.77547],[-73.93105,40.77398],[-73.92988,40.77361],[-73.92904,40.77517],[-73.9282,40.77491],[-73.92834,40.77464],[-73.92493,40.77349],[-73.92398,40.77462],[-73.92828,40.7769],[-73.92861,40.77659],[-73.92988,40.77622],[-73.93063,40.77659],[-73.93105,40.77744],[-73.93185,40.77789],[-73.93474,40.77808],[-73.93551,40.77754]]]},"properties":{"GEOID":"36081009100","NAME":"Census Tract 91","STATE":"36","COUNTY":"081"}},{"type":"Feature","geometry":{"type":"Polygon","coordinates":[[[-73.83953,40.68126],[-73.83992,40.68119],[-73.83952,40.67996],[-73.83678,40.67957],[-73.83333,40.67866],[-73.83537,40.68284],[-73.83506,40.68302],[-73.83595,40.68484],[-73.83808,40.68424],[-73.83697,40.68199],[-73.83953,40.68126]]]},"properties":{"GEOID":"36081009400","NAME":"Census Tract 94","STATE":"36","COUNTY":"081"}},{"type":"Feature","geometry":{"type":"Polygon","coordinates":[[[-73.92339,40.77509],[-73.92398,40.77462],[-73.92008,40.77207],[-73.91959,40.77247],[-73.9189,40.77198],[-73.91708,40.77347],[-73.92265,40.77742],[-73.92376,40.77655],[-73.92303,40.77538],[-73.92339,40.77509]]]},"properties":{"GEOID":"36081009500","NAME":"Census Tract 95","STATE":"36","COUNTY":"081"}},{"type":"Feature","geometry":{"type":"Polygon","coordinates":[[[-73.83506,40.68302],[-73.83537,40.68284],[-73.83333,40.67866],[-73.82884,40.67769],[-73.83211,40.68436],[-73.83506,40.68302]]]},"properties":{"GEOID":"36081009600","NAME":"Census Tract 96","STATE":"36","COUNTY":"081"}},{"type":"Feature","geometry":{"type":"Polygon","coordinates":[[[-73.83511,40.68509],[-73.83595,40.68484],[-73.83506,40.68302],[-73.83379,40.68369],[-73.82946,40.6854],[-73.82863,40.68566],[-73.82594,40.68594],[-73.8267,40.68747],[-73.83511,40.68509]]]},"properties":{"GEOID":"36081009800","NAME":"Census Tract 98","STATE":"36","COUNTY":"081"}},{"type":"Feature","geometry":{"type":"Polygon","coordinates":[[[-73.91372,40.83881],[-73.90946,40.83706],[-73.90891,40.83838],[-73.90906,40.83995],[-73.90958,40.84203],[-73.90955,40.84305],[-73.91193,40.84327],[-73.91314,40.83981],[-73.91372,40.83881]]]},"properties":{"GEOID":"36005022500","NAME":"Census Tract 225","STATE":"36","COUNTY":"005"}},{"type":"Feature","geometry":{"type":"Polygon","coordinates":[[[-73.91633,40.84505],[-73.91673,40.84505],[-73.91193,40.84327],[-73.91114,40.84506],[-73.91633,40.84505]]]},"properties":{"GEOID":"36005022702","NAME":"Census Tract 227.02","STATE":"36","COUNTY":"005"}},{"type":"Feature","geometry":{"type":"Polygon","coordinates":[[[-73.91404,40.6709],[-73.91173,40.66214],[-73.90892,40.66255],[-73.91134,40.67208],[-73.91404,40.6709]]]},"properties":{"GEOID":"36047092400","NAME":"Census Tract 924","STATE":"36","COUNTY":"047"}},{"type":"Feature","geometry":{"type":"Polygon","coordinates":[[[-73.97509,40.81088],[-73.97717,40.80803],[-73.96386,40.80297],[-73.96201,40.80551],[-73.97509,40.81088]]]},"properties":{"GEOID":"36061019900","NAME":"Census Tract 199","STATE":"36","COUNTY":"061"}},{"type":"Feature","geometry":{"type":"Polygon","coordinates":[[[-73.92828,40.7769],[-73.92398,40.77462],[-73.92303,40.77538],[-73.92376,40.77655],[-73.91797,40.78126],[-73.91997,40.78264],[-73.9221,40.78085],[-73.92296,40.78044],[-73.92423,40.7791],[-73.92632,40.77824],[-73.92828,40.7769]]]},"properties":{"GEOID":"36081009900","NAME":"Census Tract 99","STATE":"36","COUNTY":"081"}},{"type":"Feature","geometry":{"type":"Polygon","coordinates":[[[-73.8663,40.68319],[-73.86603,40.68192],[-73.84995,40.6864],[-73.85057,40.68766],[-73.8663,40.68319]]]},"properties":{"GEOID":"36081003400","NAME":"Census Tract 34","STATE":"36","COUNTY":"081"}},{"type":"Feature","geometry":{"type":"Polygon","coordinates":[[[-73.9433,40.76066],[-73.94417,40.75931],[-73.94246,40.75868],[-73.93764,40.76647],[-73.93859,40.76682],[-73.9397,40.76641],[-73.9433,40.76066]]]},"properties":{"GEOID":"36081003900","NAME":"Census Tract 39","STATE":"36","COUNTY":"081"}},{"type":"Feature","geometry":{"type":"Polygon","coordinates":[[[-73.85359,40.72713],[-73.85179,40.72639],[-73.8498,40.7244],[-73.84895,40.72377],[-73.84809,40.72343],[-73.84811,40.72329],[-73.84733,40.72293],[-73.8467,40.72328],[-73.84654,40.72389],[-73.84687,40.72456],[-73.84853,40.72636],[-73.84913,40.72772],[-73.84925,40.72845],[-73.85359,40.72713]]]},"properties":{"GEOID":"36081071303","NAME":"Census Tract 713.03","STATE":"36","COUNTY":"081"}},{"type":"Feature","geometry":{"type":"Polygon","coordinates":[[[-73.85851,40.73029],[-73.85762,40.7286],[-73.85359,40.72713],[-73.84925,40.72845],[-73.84945,40.72915],[-73.85025,40.72966],[-73.85133,40.72961],[-73.85213,40.72913],[-73.85251,40.72978],[-73.85523,40.72897],[-73.85626,40.73096],[-73.85851,40.73029]]]},"properties":{"GEOID":"36081071304","NAME":"Census Tract 713.04","STATE":"36","COUNTY":"081"}},{"type":"Feature","geometry":{"type":"Polygon","coordinates":[[[-73.85351,40.72536],[-73.85454,40.72373],[-73.85135,40.72257],[-73.84913,40.72262],[-73.84733,40.72293],[-73.84915,40.72388],[-73.85179,40.72639],[-73.85245,40.7267],[-73.85288,40.72638],[-73.85351,40.72536]]]},"properties":{"GEOID":"36081071305","NAME":"Census Tract 713.05","STATE":"36","COUNTY":"081"}},{"type":"Feature","geometry":{"type":"Polygon","coordinates":[[[-73.86387,40.73181],[-73.86448,40.73109],[-73.85762,40.7286],[-73.85851,40.73029],[-73.85626,40.73096],[-73.85765,40.73367],[-73.86387,40.73181]]]},"properties":{"GEOID":"36081071701","NAME":"Census Tract 717.01","STATE":"36","COUNTY":"081"}},{"type":"Feature","geometry":{"type":"Polygon","coordinates":[[[-73.86904,40.73285],[-73.86678,40.73166],[-73.86658,40.73198],[-73.86448,40.73109],[-73.86387,40.73181],[-73.85765,40.73367],[-73.85887,40.73594],[-73.86904,40.73285]]]},"properties":{"GEOID":"36081071702","NAME":"Census Tract 717.02","STATE":"36","COUNTY":"081"}},{"type":"Feature","geometry":{"type":"Polygon","coordinates":[[[-73.83981,40.7196],[-73.83585,40.71773],[-73.83139,40.71453],[-73.83014,40.71507],[-73.8298,40.71557],[-73.83479,40.7192],[-73.83596,40.72168],[-73.8383,40.72098],[-73.83796,40.72031],[-73.83953,40.71984],[-73.83981,40.7196]]]},"properties":{"GEOID":"36081075701","NAME":"Census Tract 757.01","STATE":"36","COUNTY":"081"}},{"type":"Feature","geometry":{"type":"Polygon","coordinates":[[[-73.84705,40.76383],[-73.84851,40.76382],[-73.84671,40.76134],[-73.84635,40.76122],[-73.84686,40.76042],[-73.84602,40.7608],[-73.84324,40.75534],[-73.83862,40.75704],[-73.8378,40.75909],[-73.83716,40.76],[-73.83682,40.76125],[-73.83692,40.76277],[-73.83738,40.76384],[-73.83826,40.76493],[-73.84075,40.76582],[-73.84172,40.76573],[-73.84705,40.76383]]]},"properties":{"GEOID":"36081038301","NAME":"Census Tract 383.01","STATE":"36","COUNTY":"081"}},{"type":"Feature","geometry":{"type":"Polygon","coordinates":[[[-73.84428,40.72763],[-73.84053,40.72032],[-73.84085,40.72006],[-73.83981,40.7196],[-73.83953,40.71984],[-73.83796,40.72031],[-73.8383,40.72098],[-73.83596,40.72168],[-73.84033,40.72881],[-73.84428,40.72763]]]},"properties":{"GEOID":"36081075702","NAME":"Census Tract 757.02","STATE":"36","COUNTY":"081"}},{"type":"Feature","geometry":{"type":"Polygon","coordinates":[[[-73.82714,40.75451],[-73.82551,40.753],[-73.82689,40.75249],[-73.8257,40.751],[-73.82193,40.75317],[-73.82472,40.75549],[-73.82714,40.75451]]]},"properties":{"GEOID":"36081079701","NAME":"Census Tract 797.01","STATE":"36","COUNTY":"081"}},{"type":"Feature","geometry":{"type":"Polygon","coordinates":[[[-73.86756,40.74168],[-73.86756,40.74094],[-73.86583,40.73664],[-73.86007,40.73837],[-73.86241,40.74289],[-73.86756,40.74168]]]},"properties":{"GEOID":"36081044302","NAME":"Census Tract 443.02","STATE":"36","COUNTY":"081"}},{"type":"Feature","geometry":{"type":"Polygon","coordinates":[[[-73.92237,40.83611],[-73.92318,40.83452],[-73.91903,40.83309],[-73.91647,40.83578],[-73.92048,40.83714],[-73.92013,40.83759],[-73.92237,40.83611]]]},"properties":{"GEOID":"36005019700","NAME":"Census Tract 197","STATE":"36","COUNTY":"005"}},{"type":"Feature","geometry":{"type":"Polygon","coordinates":[[[-73.90348,40.67551],[-73.90198,40.66967],[-73.89271,40.67105],[-73.89367,40.67482],[-73.89931,40.67398],[-73.89999,40.6769],[-73.90348,40.67551]]]},"properties":{"GEOID":"36047114400","NAME":"Census Tract 1144","STATE":"36","COUNTY":"047"}},{"type":"Feature","geometry":{"type":"Polygon","coordinates":[[[-73.92926,40.83609],[-73.92439,40.83448],[-73.92397,40.83508],[-73.92237,40.83611],[-73.92222,40.83799],[-73.92814,40.83877],[-73.92762,40.83772],[-73.92926,40.83609]]]},"properties":{"GEOID":"36005019900","NAME":"Census Tract 199","STATE":"36","COUNTY":"005"}},{"type":"Feature","geometry":{"type":"Polygon","coordinates":[[[-73.93037,40.84065],[-73.93041,40.84028],[-73.92866,40.8398],[-73.92814,40.83877],[-73.92619,40.83851],[-73.92527,40.84018],[-73.92501,40.84124],[-73.92382,40.84289],[-73.92354,40.84446],[-73.92397,40.84479],[-73.92816,40.84549],[-73.92901,40.84408],[-73.92969,40.84219],[-73.92958,40.84205],[-73.93037,40.84065]]]},"properties":{"GEOID":"36005020100","NAME":"Census Tract 201","STATE":"36","COUNTY":"005"}},{"type":"Feature","geometry":{"type":"Polygon","coordinates":[[[-74.02737,40.61324],[-74.02755,40.61293],[-74.02639,40.61241],[-74.02711,40.61024],[-74.02478,40.60968],[-74.02122,40.61847],[-74.02293,40.6195],[-74.02573,40.61605],[-74.02737,40.61324]]]},"properties":{"GEOID":"36047015200","NAME":"Census Tract 152","STATE":"36","COUNTY":"047"}},{"type":"Feature","geometry":{"type":"Polygon","coordinates":[[[-73.86111,40.83552],[-73.86101,40.8346],[-73.85813,40.835],[-73.85565,40.83572],[-73.85887,40.83773],[-73.85997,40.83778],[-73.86052,40.83742],[-73.86111,40.83552]]]},"properties":{"GEOID":"36005021200","NAME":"Census Tract 212","STATE":"36","COUNTY":"005"}},{"type":"Feature","geometry":{"type":"Polygon","coordinates":[[[-73.92259,40.84486],[-73.92263,40.84473],[-73.9174,40.84504],[-73.91716,40.84542],[-73.91719,40.84608],[-73.91742,40.84634],[-73.91971,40.84611],[-73.92104,40.84652],[-73.92231,40.84549],[-73.92259,40.84486]]]},"properties":{"GEOID":"36005021301","NAME":"Census Tract 213.01","STATE":"36","COUNTY":"005"}},{"type":"Feature","geometry":{"type":"Polygon","coordinates":[[[-73.9229,40.84401],[-73.9228,40.84278],[-73.92242,40.84184],[-73.92136,40.84019],[-73.91978,40.84088],[-73.91796,40.8431],[-73.91746,40.84379],[-73.9174,40.84504],[-73.92263,40.84473],[-73.9229,40.84401]]]},"properties":{"GEOID":"36005021302","NAME":"Census Tract 213.02","STATE":"36","COUNTY":"005"}},{"type":"Feature","geometry":{"type":"Polygon","coordinates":[[[-74.0086,40.71139],[-74.00906,40.71089],[-74.00526,40.70892],[-74.00284,40.70589],[-74.00178,40.70496],[-73.99514,40.70298],[-73.99466,40.70343],[-73.99499,40.70365],[-73.9945,40.70432],[-74.00423,40.71203],[-74.0045,40.7124],[-74.00429,40.71291],[-74.00528,40.71225],[-74.00751,40.71167],[-74.00808,40.71172],[-74.00823,40.71155],[-74.00797,40.71145],[-74.0086,40.71139]]]},"properties":{"GEOID":"36061001501","NAME":"Census Tract 15.01","STATE":"36","COUNTY":"061"}},{"type":"Feature","geometry":{"type":"Polygon","coordinates":[[[-73.9975,40.71407],[-73.99075,40.71455],[-73.99022,40.71441],[-73.98915,40.71671],[-73.99481,40.71846],[-73.9975,40.71407]]]},"properties":{"GEOID":"36061001600","NAME":"Census Tract 16","STATE":"36","COUNTY":"061"}},{"type":"Feature","geometry":{"type":"Polygon","coordinates":[[[-73.99442,40.71939],[-73.99481,40.71846],[-73.98837,40.71645],[-73.98675,40.71959],[-73.99352,40.72163],[-73.99442,40.71939]]]},"properties":{"GEOID":"36061001800","NAME":"Census Tract 18","STATE":"36","COUNTY":"061"}},{"type":"Feature","geometry":{"type":"Polygon","coordinates":[[[-73.97872,40.71998],[-73.97722,40.71931],[-73.97512,40.71875],[-73.97474,40.71884],[-73.97363,40.71861],[-73.96772,40.71604],[-73.96758,40.7165],[-73.96651,40.71792],[-73.97689,40.7225],[-73.97872,40.71998]]]},"properties":{"GEOID":"36061002000","NAME":"Census Tract 20","STATE":"36","COUNTY":"061"}},{"type":"Feature","geometry":{"type":"Polygon","coordinates":[[[-73.98448,40.72024],[-73.98507,40.71908],[-73.98248,40.71829],[-73.9831,40.71718],[-73.98058,40.71645],[-73.97875,40.71993],[-73.98382,40.72147],[-73.98448,40.72024]]]},"properties":{"GEOID":"36061002201","NAME":"Census Tract 22.01","STATE":"36","COUNTY":"061"}},{"type":"Feature","geometry":{"type":"Polygon","coordinates":[[[-73.98373,40.72161],[-73.98382,40.72147],[-73.97875,40.71993],[-73.97823,40.72067],[-73.98296,40.72267],[-73.98373,40.72161]]]},"properties":{"GEOID":"36061002202","NAME":"Census Tract 22.02","STATE":"36","COUNTY":"061"}},{"type":"Feature","geometry":{"type":"Polygon","coordinates":[[[-73.97648,40.72308],[-73.97689,40.7225],[-73.96651,40.71792],[-73.96264,40.72275],[-73.96929,40.72581],[-73.9733,40.72743],[-73.97648,40.72308]]]},"properties":{"GEOID":"36061002400","NAME":"Census Tract 24","STATE":"36","COUNTY":"061"}},{"type":"Feature","geometry":{"type":"Polygon","coordinates":[[[-73.98252,40.72328],[-73.98296,40.72267],[-73.97823,40.72067],[-73.97689,40.7225],[-73.98164,40.72449],[-73.98252,40.72328]]]},"properties":{"GEOID":"36061002601","NAME":"Census Tract 26.01","STATE":"36","COUNTY":"061"}},{"type":"Feature","geometry":{"type":"Polygon","coordinates":[[[-73.98121,40.72507],[-73.98164,40.72449],[-73.97689,40.7225],[-73.9756,40.72428],[-73.98033,40.72628],[-73.98121,40.72507]]]},"properties":{"GEOID":"36061002602","NAME":"Census Tract 26.02","STATE":"36","COUNTY":"061"}},{"type":"Feature","geometry":{"type":"Polygon","coordinates":[[[-74.00233,40.75021],[-74.00279,40.74959],[-73.9971,40.7472],[-73.9953,40.74967],[-74.00097,40.75206],[-74.00233,40.75021]]]},"properties":{"GEOID":"36061009700","NAME":"Census Tract 97","STATE":"36","COUNTY":"061"}},{"type":"Feature","geometry":{"type":"Polygon","coordinates":[[[-74.01054,40.70915],[-74.00937,40.70861],[-74.00434,40.70496],[-74.00455,40.70484],[-74.00363,40.7033],[-73.99814,40.70153],[-73.9967,40.70088],[-73.99514,40.70298],[-74.00178,40.70496],[-74.00284,40.70589],[-74.00526,40.70892],[-74.00906,40.71089],[-74.01054,40.70915]]]},"properties":{"GEOID":"36061001502","NAME":"Census Tract 15.02","STATE":"36","COUNTY":"061"}},{"type":"Feature","geometry":{"type":"Polygon","coordinates":[[[-73.90126,40.84457],[-73.89481,40.84376],[-73.89357,40.84514],[-73.8929,40.84627],[-73.89618,40.84666],[-73.89407,40.85071],[-73.89479,40.85108],[-73.89432,40.85189],[-73.89307,40.85325],[-73.89421,40.85386],[-73.89398,40.85425],[-73.89515,40.85463],[-73.89561,40.85457],[-73.90126,40.84457]]]},"properties":{"GEOID":"36005039500","NAME":"Census Tract 395","STATE":"36","COUNTY":"005"}},{"type":"Feature","geometry":{"type":"Polygon","coordinates":[[[-73.9895,40.76782],[-73.98996,40.76719],[-73.98428,40.76479],[-73.98238,40.7674],[-73.98806,40.76979],[-73.9895,40.76782]]]},"properties":{"GEOID":"36061013900","NAME":"Census Tract 139","STATE":"36","COUNTY":"061"}},{"type":"Feature","geometry":{"type":"Polygon","coordinates":[[[-74.00789,40.74257],[-74.0082,40.74215],[-74.00252,40.73975],[-74.0007,40.74225],[-74.00639,40.74465],[-74.00789,40.74257]]]},"properties":{"GEOID":"36061008300","NAME":"Census Tract 83","STATE":"36","COUNTY":"061"}},{"type":"Feature","geometry":{"type":"Polygon","coordinates":[[[-73.9578,40.8398],[-73.94959,40.83683],[-73.94443,40.83468],[-73.94397,40.83531],[-73.94452,40.83562],[-73.94467,40.83618],[-73.94307,40.84019],[-73.94468,40.84105],[-73.94772,40.84145],[-73.95573,40.84451],[-73.9578,40.8398]]]},"properties":{"GEOID":"36061024700","NAME":"Census Tract 247","STATE":"36","COUNTY":"061"}},{"type":"Feature","geometry":{"type":"Polygon","coordinates":[[[-73.99233,40.72491],[-73.9926,40.72414],[-73.98864,40.72293],[-73.9875,40.72458],[-73.99179,40.72639],[-73.99233,40.72491]]]},"properties":{"GEOID":"36061003602","NAME":"Census Tract 36.02","STATE":"36","COUNTY":"061"}},{"type":"Feature","geometry":{"type":"Polygon","coordinates":[[[-74.02006,40.73276],[-74.011,40.73232],[-74.00641,40.73305],[-74.00583,40.73653],[-74.00993,40.736],[-74.01918,40.73637],[-74.02006,40.73276]]]},"properties":{"GEOID":"36061007500","NAME":"Census Tract 75","STATE":"36","COUNTY":"061"}},{"type":"Feature","geometry":{"type":"Polygon","coordinates":[[[-73.99007,40.74666],[-73.99052,40.74604],[-73.9873,40.74468],[-73.98408,40.7491],[-73.98729,40.75045],[-73.99007,40.74666]]]},"properties":{"GEOID":"36061007600","NAME":"Census Tract 76","STATE":"36","COUNTY":"061"}},{"type":"Feature","geometry":{"type":"Polygon","coordinates":[[[-73.97764,40.74639],[-73.97812,40.74573],[-73.97351,40.74378],[-73.97123,40.74692],[-73.97583,40.74886],[-73.97764,40.74639]]]},"properties":{"GEOID":"36061007800","NAME":"Census Tract 78","STATE":"36","COUNTY":"061"}},{"type":"Feature","geometry":{"type":"Polygon","coordinates":[[[-74.0184,40.73959],[-74.01918,40.73637],[-74.00993,40.736],[-74.00583,40.73653],[-74.00516,40.74086],[-74.00933,40.74257],[-74.01728,40.74418],[-74.0184,40.73959]]]},"properties":{"GEOID":"36061007900","NAME":"Census Tract 79","STATE":"36","COUNTY":"061"}},{"type":"Feature","geometry":{"type":"Polygon","coordinates":[[[-74.00202,40.74044],[-74.00252,40.73975],[-73.99684,40.73736],[-73.99502,40.73986],[-74.0007,40.74225],[-74.00202,40.74044]]]},"properties":{"GEOID":"36061008100","NAME":"Census Tract 81","STATE":"36","COUNTY":"061"}},{"type":"Feature","geometry":{"type":"Polygon","coordinates":[[[-73.98685,40.75108],[-73.98729,40.75045],[-73.98408,40.7491],[-73.98089,40.75348],[-73.98412,40.75484],[-73.98685,40.75108]]]},"properties":{"GEOID":"36061008400","NAME":"Census Tract 84","STATE":"36","COUNTY":"061"}},{"type":"Feature","geometry":{"type":"Polygon","coordinates":[[[-74.00028,40.74284],[-74.0007,40.74225],[-73.99502,40.73986],[-73.99329,40.74223],[-73.99897,40.74463],[-74.00028,40.74284]]]},"properties":{"GEOID":"36061008700","NAME":"Census Tract 87","STATE":"36","COUNTY":"061"}},{"type":"Feature","geometry":{"type":"Polygon","coordinates":[[[-73.99645,40.72581],[-73.99677,40.72543],[-73.9926,40.72414],[-73.99155,40.72709],[-73.99425,40.72841],[-73.99645,40.72581]]]},"properties":{"GEOID":"36061005502","NAME":"Census Tract 55.02","STATE":"36","COUNTY":"061"}},{"type":"Feature","geometry":{"type":"Polygon","coordinates":[[[-73.94569,40.80452],[-73.94613,40.80388],[-73.9446,40.80323],[-73.94505,40.8026],[-73.94182,40.80124],[-73.93854,40.80573],[-73.94177,40.80709],[-73.94275,40.80574],[-73.9443,40.80639],[-73.94569,40.80452]]]},"properties":{"GEOID":"36061019800","NAME":"Census Tract 198","STATE":"36","COUNTY":"061"}},{"type":"Feature","geometry":{"type":"Polygon","coordinates":[[[-73.98063,40.80328],[-73.98252,40.80071],[-73.96942,40.79536],[-73.96757,40.79787],[-73.98063,40.80328]]]},"properties":{"GEOID":"36061018700","NAME":"Census Tract 187","STATE":"36","COUNTY":"061"}},{"type":"Feature","geometry":{"type":"Polygon","coordinates":[[[-73.97859,40.78278],[-73.97882,40.78246],[-73.97598,40.78127],[-73.97643,40.78065],[-73.97357,40.77948],[-73.97122,40.78271],[-73.9769,40.7851],[-73.97859,40.78278]]]},"properties":{"GEOID":"36061016500","NAME":"Census Tract 165","STATE":"36","COUNTY":"061"}},{"type":"Feature","geometry":{"type":"Polygon","coordinates":[[[-73.98748,40.7604],[-73.98793,40.75979],[-73.98226,40.75739],[-73.98043,40.7599],[-73.9861,40.76229],[-73.98748,40.7604]]]},"properties":{"GEOID":"36061012500","NAME":"Census Tract 125","STATE":"36","COUNTY":"061"}},{"type":"Feature","geometry":{"type":"Polygon","coordinates":[[[-73.96165,40.83104],[-73.95443,40.82807],[-73.95371,40.82728],[-73.95259,40.8273],[-73.95197,40.82704],[-73.95127,40.82766],[-73.94712,40.8259],[-73.94529,40.8284],[-73.96014,40.83447],[-73.96165,40.83104]]]},"properties":{"GEOID":"36061023300","NAME":"Census Tract 233","STATE":"36","COUNTY":"061"}},{"type":"Feature","geometry":{"type":"Polygon","coordinates":[[[-73.94454,40.80907],[-73.94499,40.80845],[-73.94177,40.80709],[-73.93902,40.81086],[-73.94225,40.8122],[-73.94454,40.80907]]]},"properties":{"GEOID":"36061020800","NAME":"Census Tract 208","STATE":"36","COUNTY":"061"}},{"type":"Feature","geometry":{"type":"Polygon","coordinates":[[[-73.86984,40.82492],[-73.86575,40.82101],[-73.85826,40.82201],[-73.85845,40.82277],[-73.85531,40.82319],[-73.85597,40.82606],[-73.85616,40.82604],[-73.8563,40.82676],[-73.86984,40.82492]]]},"properties":{"GEOID":"36005004200","NAME":"Census Tract 42","STATE":"36","COUNTY":"005"}},{"type":"Feature","geometry":{"type":"Polygon","coordinates":[[[-73.93263,40.81061],[-73.93248,40.80886],[-73.9318,40.80788],[-73.93094,40.80825],[-73.92881,40.8099],[-73.92814,40.80962],[-73.92712,40.81095],[-73.92644,40.81151],[-73.92048,40.81456],[-73.92158,40.81555],[-73.92124,40.81622],[-73.92309,40.8167],[-73.924,40.81544],[-73.92663,40.81612],[-73.92519,40.81801],[-73.92731,40.81856],[-73.92886,40.81488],[-73.93028,40.81326],[-73.9324,40.81415],[-73.93263,40.81061]]]},"properties":{"GEOID":"36005005100","NAME":"Census Tract 51","STATE":"36","COUNTY":"005"}},{"type":"Feature","geometry":{"type":"Polygon","coordinates":[[[-73.97538,40.74948],[-73.97583,40.74886],[-73.97123,40.74692],[-73.96999,40.74887],[-73.96891,40.75011],[-73.9735,40.75207],[-73.97538,40.74948]]]},"properties":{"GEOID":"36061008800","NAME":"Census Tract 88","STATE":"36","COUNTY":"061"}},{"type":"Feature","geometry":{"type":"Polygon","coordinates":[[[-73.91796,40.8431],[-73.91795,40.84223],[-73.91618,40.84234],[-73.9127,40.84093],[-73.91193,40.84327],[-73.91587,40.84479],[-73.9174,40.84504],[-73.91746,40.84379],[-73.91796,40.8431]]]},"properties":{"GEOID":"36005020900","NAME":"Census Tract 209","STATE":"36","COUNTY":"005"}},{"type":"Feature","geometry":{"type":"Polygon","coordinates":[[[-73.86101,40.8346],[-73.86085,40.83361],[-73.86034,40.83329],[-73.85168,40.8342],[-73.85303,40.84074],[-73.85415,40.84062],[-73.85349,40.83768],[-73.85545,40.83746],[-73.85513,40.83605],[-73.85586,40.8359],[-73.85565,40.83572],[-73.85813,40.835],[-73.86101,40.8346]]]},"properties":{"GEOID":"36005022200","NAME":"Census Tract 222","STATE":"36","COUNTY":"005"}},{"type":"Feature","geometry":{"type":"Polygon","coordinates":[[[-73.89612,40.84678],[-73.89618,40.84666],[-73.89536,40.84652],[-73.89337,40.8464],[-73.89094,40.85048],[-73.8899,40.84987],[-73.88933,40.85083],[-73.8905,40.85122],[-73.88988,40.85207],[-73.88994,40.85259],[-73.88961,40.85324],[-73.88962,40.85359],[-73.89039,40.85469],[-73.89217,40.85277],[-73.89307,40.85325],[-73.89432,40.85189],[-73.89479,40.85108],[-73.89407,40.85071],[-73.89612,40.84678]]]},"properties":{"GEOID":"36005037504","NAME":"Census Tract 375.04","STATE":"36","COUNTY":"005"}},{"type":"Feature","geometry":{"type":"Polygon","coordinates":[[[-73.97304,40.75269],[-73.9735,40.75207],[-73.96891,40.75011],[-73.96723,40.75269],[-73.96662,40.75324],[-73.97122,40.75519],[-73.97304,40.75269]]]},"properties":{"GEOID":"36061009000","NAME":"Census Tract 90","STATE":"36","COUNTY":"061"}},{"type":"Feature","geometry":{"type":"Polygon","coordinates":[[[-73.97788,40.7531],[-73.97837,40.75242],[-73.97445,40.75077],[-73.97122,40.75519],[-73.97444,40.75656],[-73.97581,40.75468],[-73.97652,40.75497],[-73.97788,40.7531]]]},"properties":{"GEOID":"36061009200","NAME":"Census Tract 92","STATE":"36","COUNTY":"061"}},{"type":"Feature","geometry":{"type":"Polygon","coordinates":[[[-74.00417,40.74769],[-74.00465,40.74702],[-73.99897,40.74463],[-73.9971,40.7472],[-74.00279,40.74959],[-74.00417,40.74769]]]},"properties":{"GEOID":"36061009300","NAME":"Census Tract 93","STATE":"36","COUNTY":"061"}},{"type":"Feature","geometry":{"type":"Polygon","coordinates":[[[-73.9804,40.75415],[-73.98089,40.75348],[-73.97837,40.75242],[-73.97652,40.75497],[-73.97581,40.75468],[-73.97444,40.75656],[-73.97766,40.75791],[-73.9804,40.75415]]]},"properties":{"GEOID":"36061009400","NAME":"Census Tract 94","STATE":"36","COUNTY":"061"}},{"type":"Feature","geometry":{"type":"Polygon","coordinates":[[[-73.98362,40.75552],[-73.98412,40.75484],[-73.98089,40.75348],[-73.97766,40.75791],[-73.98089,40.75927],[-73.98362,40.75552]]]},"properties":{"GEOID":"36061009600","NAME":"Census Tract 96","STATE":"36","COUNTY":"061"}},{"type":"Feature","geometry":{"type":"Polygon","coordinates":[[[-73.97122,40.75519],[-73.96662,40.75324],[-73.96433,40.75638],[-73.96894,40.75833],[-73.97122,40.75519]]]},"properties":{"GEOID":"36061009800","NAME":"Census Tract 98","STATE":"36","COUNTY":"061"}},{"type":"Feature","geometry":{"type":"Polygon","coordinates":[[[-73.97398,40.75718],[-73.97444,40.75656],[-73.97122,40.75519],[-73.96802,40.75958],[-73.97124,40.76094],[-73.97398,40.75718]]]},"properties":{"GEOID":"36061010000","NAME":"Census Tract 100","STATE":"36","COUNTY":"061"}},{"type":"Feature","geometry":{"type":"Polygon","coordinates":[[[-73.9772,40.75854],[-73.97766,40.75791],[-73.97444,40.75656],[-73.97124,40.76094],[-73.97446,40.76229],[-73.9772,40.75854]]]},"properties":{"GEOID":"36061010200","NAME":"Census Tract 102","STATE":"36","COUNTY":"061"}},{"type":"Feature","geometry":{"type":"Polygon","coordinates":[[[-74.00086,40.75221],[-74.00097,40.75206],[-73.9953,40.74967],[-73.99346,40.75219],[-73.99914,40.75458],[-74.00086,40.75221]]]},"properties":{"GEOID":"36061010300","NAME":"Census Tract 103","STATE":"36","COUNTY":"061"}},{"type":"Feature","geometry":{"type":"Polygon","coordinates":[[[-73.98043,40.7599],[-73.98089,40.75927],[-73.97766,40.75791],[-73.97446,40.76229],[-73.97769,40.76364],[-73.98043,40.7599]]]},"properties":{"GEOID":"36061010400","NAME":"Census Tract 104","STATE":"36","COUNTY":"061"}},{"type":"Feature","geometry":{"type":"Polygon","coordinates":[[[-73.86358,40.84128],[-73.86094,40.83893],[-73.86069,40.83851],[-73.8603,40.83883],[-73.85983,40.83882],[-73.85896,40.83915],[-73.85669,40.84023],[-73.85303,40.84074],[-73.85334,40.84247],[-73.86358,40.84128]]]},"properties":{"GEOID":"36005021001","NAME":"Census Tract 210.01","STATE":"36","COUNTY":"005"}},{"type":"Feature","geometry":{"type":"Polygon","coordinates":[[[-73.86069,40.83851],[-73.86053,40.83813],[-73.86012,40.83785],[-73.85887,40.83773],[-73.85586,40.8359],[-73.85513,40.83605],[-73.85545,40.83746],[-73.85349,40.83768],[-73.85415,40.84062],[-73.85699,40.84014],[-73.85896,40.83915],[-73.85983,40.83882],[-73.8603,40.83883],[-73.86069,40.83851]]]},"properties":{"GEOID":"36005021002","NAME":"Census Tract 210.02","STATE":"36","COUNTY":"005"}},{"type":"Feature","geometry":{"type":"Polygon","coordinates":[[[-73.91571,40.85586],[-73.91619,40.85458],[-73.91468,40.85394],[-73.91227,40.85376],[-73.91041,40.85573],[-73.91545,40.8565],[-73.91571,40.85586]]]},"properties":{"GEOID":"36005024502","NAME":"Census Tract 245.02","STATE":"36","COUNTY":"005"}},{"type":"Feature","geometry":{"type":"Polygon","coordinates":[[[-73.92365,40.8509],[-73.9239,40.85049],[-73.92242,40.85012],[-73.91959,40.85334],[-73.9214,40.85436],[-73.92365,40.8509]]]},"properties":{"GEOID":"36005005300","NAME":"Census Tract 53","STATE":"36","COUNTY":"005"}},{"type":"Feature","geometry":{"type":"Polygon","coordinates":[[[-73.98202,40.73201],[-73.98256,40.73136],[-73.96929,40.72581],[-73.96264,40.72275],[-73.96154,40.72388],[-73.96144,40.7273],[-73.97986,40.73498],[-73.98202,40.73201]]]},"properties":{"GEOID":"36061004400","NAME":"Census Tract 44","STATE":"36","COUNTY":"061"}},{"type":"Feature","geometry":{"type":"Polygon","coordinates":[[[-73.99214,40.7591],[-73.99263,40.75843],[-73.98979,40.75723],[-73.98793,40.75979],[-73.99076,40.76099],[-73.99214,40.7591]]]},"properties":{"GEOID":"36061012101","NAME":"Census Tract 121.01","STATE":"36","COUNTY":"061"}},{"type":"Feature","geometry":{"type":"Polygon","coordinates":[[[-73.96753,40.76025],[-73.96802,40.75958],[-73.96578,40.75863],[-73.96431,40.7606],[-73.96658,40.76155],[-73.96753,40.76025]]]},"properties":{"GEOID":"36061010803","NAME":"Census Tract 108.03","STATE":"36","COUNTY":"061"}},{"type":"Feature","geometry":{"type":"Polygon","coordinates":[[[-73.96529,40.75931],[-73.96578,40.75863],[-73.96341,40.75764],[-73.96197,40.75962],[-73.96431,40.7606],[-73.96529,40.75931]]]},"properties":{"GEOID":"36061010802","NAME":"Census Tract 108.02","STATE":"36","COUNTY":"061"}},{"type":"Feature","geometry":{"type":"Polygon","coordinates":[[[-73.9512,40.78263],[-73.95166,40.78201],[-73.94942,40.78106],[-73.94804,40.78294],[-73.95028,40.78389],[-73.9512,40.78263]]]},"properties":{"GEOID":"36061015403","NAME":"Census Tract 154.03","STATE":"36","COUNTY":"061"}},{"type":"Feature","geometry":{"type":"Polygon","coordinates":[[[-73.94896,40.78169],[-73.94942,40.78106],[-73.94705,40.78006],[-73.94567,40.78195],[-73.94804,40.78294],[-73.94896,40.78169]]]},"properties":{"GEOID":"36061015402","NAME":"Census Tract 154.02","STATE":"36","COUNTY":"061"}},{"type":"Feature","geometry":{"type":"Polygon","coordinates":[[[-73.98681,40.72978],[-73.98724,40.72919],[-73.98487,40.72819],[-73.98256,40.73136],[-73.98494,40.73235],[-73.98681,40.72978]]]},"properties":{"GEOID":"36061004001","NAME":"Census Tract 40.01","STATE":"36","COUNTY":"061"}},{"type":"Feature","geometry":{"type":"Polygon","coordinates":[[[-73.9508,40.77493],[-73.95126,40.77429],[-73.94666,40.77235],[-73.94573,40.77362],[-73.95034,40.77556],[-73.9508,40.77493]]]},"properties":{"GEOID":"36061013604","NAME":"Census Tract 136.04","STATE":"36","COUNTY":"061"}},{"type":"Feature","geometry":{"type":"Polygon","coordinates":[[[-73.95397,40.77059],[-73.95411,40.77039],[-73.95186,40.76944],[-73.95043,40.77139],[-73.95269,40.77234],[-73.95397,40.77059]]]},"properties":{"GEOID":"36061013203","NAME":"Census Tract 132.03","STATE":"36","COUNTY":"061"}},{"type":"Feature","geometry":{"type":"Polygon","coordinates":[[[-73.95043,40.77139],[-73.94807,40.77039],[-73.94666,40.77235],[-73.94901,40.77334],[-73.95043,40.77139]]]},"properties":{"GEOID":"36061013602","NAME":"Census Tract 136.02","STATE":"36","COUNTY":"061"}},{"type":"Feature","geometry":{"type":"Polygon","coordinates":[[[-73.88886,40.70128],[-73.88882,40.69951],[-73.88819,40.69886],[-73.88771,40.69968],[-73.88492,40.7001],[-73.8827,40.70072],[-73.88177,40.69953],[-73.87623,40.70173],[-73.8764,40.70229],[-73.88886,40.70128]]]},"properties":{"GEOID":"36081062900","NAME":"Census Tract 629","STATE":"36","COUNTY":"081"}},{"type":"Feature","geometry":{"type":"Polygon","coordinates":[[[-73.82584,40.74935],[-73.82599,40.74831],[-73.82326,40.74753],[-73.82341,40.74584],[-73.82538,40.74229],[-73.81506,40.73899],[-73.81499,40.74079],[-73.81374,40.7448],[-73.81367,40.74556],[-73.81382,40.74583],[-73.81537,40.74722],[-73.81576,40.74697],[-73.81782,40.74738],[-73.82108,40.74856],[-73.82423,40.75186],[-73.8257,40.751],[-73.82584,40.74935]]]},"properties":{"GEOID":"36081083700","NAME":"Census Tract 837","STATE":"36","COUNTY":"081"}},{"type":"Feature","geometry":{"type":"Polygon","coordinates":[[[-73.82638,40.67153],[-73.82695,40.66972],[-73.8132,40.66725],[-73.81207,40.67087],[-73.82582,40.67335],[-73.82638,40.67153]]]},"properties":{"GEOID":"36081083800","NAME":"Census Tract 838","STATE":"36","COUNTY":"081"}},{"type":"Feature","geometry":{"type":"Polygon","coordinates":[[[-73.82423,40.75186],[-73.82108,40.74856],[-73.81782,40.74738],[-73.81576,40.74697],[-73.81537,40.74722],[-73.82193,40.75317],[-73.82423,40.75186]]]},"properties":{"GEOID":"36081084500","NAME":"Census Tract 845","STATE":"36","COUNTY":"081"}},{"type":"Feature","geometry":{"type":"Polygon","coordinates":[[[-73.81047,40.76856],[-73.81082,40.76603],[-73.80516,40.76558],[-73.80442,40.77109],[-73.81006,40.77159],[-73.81047,40.76856]]]},"properties":{"GEOID":"36081115100","NAME":"Census Tract 1151","STATE":"36","COUNTY":"081"}},{"type":"Feature","geometry":{"type":"Polygon","coordinates":[[[-73.81654,40.74826],[-73.81416,40.74614],[-73.80751,40.75014],[-73.81151,40.75045],[-73.81192,40.75129],[-73.81654,40.74826]]]},"properties":{"GEOID":"36081120300","NAME":"Census Tract 1203","STATE":"36","COUNTY":"081"}},{"type":"Feature","geometry":{"type":"Polygon","coordinates":[[[-73.88666,40.7164],[-73.88635,40.71602],[-73.88164,40.71618],[-73.87794,40.7179],[-73.87917,40.71943],[-73.88103,40.71901],[-73.88666,40.7164]]]},"properties":{"GEOID":"36081066100","NAME":"Census Tract 661","STATE":"36","COUNTY":"081"}},{"type":"Feature","geometry":{"type":"Polygon","coordinates":[[[-73.81479,40.777],[-73.81486,40.77649],[-73.80379,40.77561],[-73.80323,40.7797],[-73.80601,40.77993],[-73.8067,40.78069],[-73.8088,40.78086],[-73.80854,40.783],[-73.81172,40.78325],[-73.81168,40.78396],[-73.81381,40.78413],[-73.81479,40.777]]]},"properties":{"GEOID":"36081103300","NAME":"Census Tract 1033","STATE":"36","COUNTY":"081"}},{"type":"Feature","geometry":{"type":"Polygon","coordinates":[[[-73.95924,40.76337],[-73.95969,40.76274],[-73.95744,40.76179],[-73.95789,40.76117],[-73.95384,40.75936],[-73.9524,40.76063],[-73.95152,40.76197],[-73.94997,40.76365],[-73.9547,40.76555],[-73.95516,40.76492],[-73.95741,40.76587],[-73.95924,40.76337]]]},"properties":{"GEOID":"36061011600","NAME":"Census Tract 116","STATE":"36","COUNTY":"061"}},{"type":"Feature","geometry":{"type":"Polygon","coordinates":[[[-73.95553,40.78825],[-73.95578,40.78791],[-73.95255,40.78655],[-73.95161,40.78786],[-73.95482,40.78921],[-73.95553,40.78825]]]},"properties":{"GEOID":"36061016002","NAME":"Census Tract 160.02","STATE":"36","COUNTY":"061"}},{"type":"Feature","geometry":{"type":"Polygon","coordinates":[[[-73.98695,40.7336],[-73.98718,40.73329],[-73.98256,40.73136],[-73.98027,40.73441],[-73.98493,40.73638],[-73.98695,40.7336]]]},"properties":{"GEOID":"36061004800","NAME":"Census Tract 48","STATE":"36","COUNTY":"061"}},{"type":"Feature","geometry":{"type":"Polygon","coordinates":[[[-73.95687,40.74188],[-73.94993,40.74044],[-73.9497,40.74112],[-73.94983,40.74117],[-73.94954,40.74153],[-73.94876,40.7439],[-73.95574,40.74525],[-73.95687,40.74188]]]},"properties":{"GEOID":"36081000701","NAME":"Census Tract 7.01","STATE":"36","COUNTY":"081"}},{"type":"Feature","geometry":{"type":"Polygon","coordinates":[[[-73.86656,40.74946],[-73.8649,40.74655],[-73.8637,40.74691],[-73.86407,40.74607],[-73.86253,40.74653],[-73.86419,40.74972],[-73.86656,40.74946]]]},"properties":{"GEOID":"36081040701","NAME":"Census Tract 407.01","STATE":"36","COUNTY":"081"}},{"type":"Feature","geometry":{"type":"Polygon","coordinates":[[[-73.94883,40.7437],[-73.94923,40.74252],[-73.94642,40.74198],[-73.9442,40.74288],[-73.94301,40.7446],[-73.93997,40.74574],[-73.94174,40.74614],[-73.94238,40.74712],[-73.94506,40.74766],[-73.94565,40.74582],[-73.94852,40.74466],[-73.94883,40.7437]]]},"properties":{"GEOID":"36081001901","NAME":"Census Tract 19.01","STATE":"36","COUNTY":"081"}},{"type":"Feature","geometry":{"type":"Polygon","coordinates":[[[-73.9377,40.74524],[-73.93726,40.74518],[-73.93765,40.7433],[-73.92744,40.74212],[-73.92635,40.74755],[-73.93127,40.7467],[-73.9377,40.74524]]]},"properties":{"GEOID":"36081017902","NAME":"Census Tract 179.02","STATE":"36","COUNTY":"081"}},{"type":"Feature","geometry":{"type":"Polygon","coordinates":[[[-73.9191,40.74115],[-73.91947,40.73931],[-73.91761,40.7391],[-73.91724,40.74094],[-73.91444,40.74056],[-73.91383,40.74241],[-73.91873,40.74299],[-73.9191,40.74115]]]},"properties":{"GEOID":"36081023502","NAME":"Census Tract 235.02","STATE":"36","COUNTY":"081"}},{"type":"Feature","geometry":{"type":"Polygon","coordinates":[[[-73.8641,40.68237],[-73.86379,40.68111],[-73.84937,40.68523],[-73.84995,40.6864],[-73.8641,40.68237]]]},"properties":{"GEOID":"36081003600","NAME":"Census Tract 36","STATE":"36","COUNTY":"081"}},{"type":"Feature","geometry":{"type":"Polygon","coordinates":[[[-73.95077,40.75531],[-73.94914,40.75448],[-73.94727,40.75647],[-73.94417,40.75931],[-73.9397,40.76641],[-73.93593,40.76778],[-73.93577,40.76905],[-73.93469,40.77007],[-73.93425,40.77103],[-73.93502,40.7713],[-73.93489,40.77171],[-73.93532,40.77049],[-73.9364,40.76947],[-73.93984,40.76799],[-73.94131,40.76692],[-73.9435,40.7645],[-73.9457,40.76149],[-73.95077,40.75531]]]},"properties":{"GEOID":"36081003700","NAME":"Census Tract 37","STATE":"36","COUNTY":"081"}},{"type":"Feature","geometry":{"type":"Polygon","coordinates":[[[-73.8528,40.68425],[-73.85198,40.68256],[-73.84218,40.68535],[-73.843,40.68704],[-73.8528,40.68425]]]},"properties":{"GEOID":"36081003800","NAME":"Census Tract 38","STATE":"36","COUNTY":"081"}},{"type":"Feature","geometry":{"type":"Polygon","coordinates":[[[-73.85113,40.68281],[-73.85198,40.68256],[-73.84787,40.68149],[-73.8412,40.68335],[-73.84218,40.68535],[-73.85113,40.68281]]]},"properties":{"GEOID":"36081004001","NAME":"Census Tract 40.01","STATE":"36","COUNTY":"081"}},{"type":"Feature","geometry":{"type":"Polygon","coordinates":[[[-73.86379,40.68111],[-73.86335,40.67935],[-73.85198,40.68256],[-73.8528,40.68425],[-73.86379,40.68111]]]},"properties":{"GEOID":"36081004200","NAME":"Census Tract 42","STATE":"36","COUNTY":"081"}},{"type":"Feature","geometry":{"type":"Polygon","coordinates":[[[-73.94086,40.75811],[-73.9391,40.75749],[-73.93398,40.76283],[-73.93701,40.76424],[-73.94086,40.75811]]]},"properties":{"GEOID":"36081004300","NAME":"Census Tract 43","STATE":"36","COUNTY":"081"}},{"type":"Feature","geometry":{"type":"Polygon","coordinates":[[[-73.82172,40.72671],[-73.82185,40.72667],[-73.81943,40.722],[-73.81512,40.72328],[-73.81749,40.72788],[-73.82172,40.72671]]]},"properties":{"GEOID":"36081077907","NAME":"Census Tract 779.07","STATE":"36","COUNTY":"081"}},{"type":"Feature","geometry":{"type":"Polygon","coordinates":[[[-73.81163,40.70305],[-73.81153,40.70227],[-73.80793,40.70177],[-73.80633,40.70178],[-73.80444,40.70213],[-73.80413,40.70146],[-73.79992,40.70247],[-73.8002,40.70334],[-73.80166,40.70576],[-73.81163,40.70305]]]},"properties":{"GEOID":"36081024000","NAME":"Census Tract 240","STATE":"36","COUNTY":"081"}},{"type":"Feature","geometry":{"type":"Polygon","coordinates":[[[-73.91024,40.73434],[-73.91069,40.73347],[-73.90663,40.7328],[-73.90517,40.73586],[-73.90108,40.73391],[-73.90037,40.73468],[-73.89902,40.73515],[-73.89603,40.73502],[-73.89584,40.74045],[-73.89753,40.74076],[-73.89701,40.74028],[-73.89915,40.74067],[-73.9008,40.73945],[-73.90294,40.7384],[-73.90671,40.73685],[-73.90929,40.73633],[-73.91024,40.73434]]]},"properties":{"GEOID":"36081024300","NAME":"Census Tract 243","STATE":"36","COUNTY":"081"}},{"type":"Feature","geometry":{"type":"Polygon","coordinates":[[[-73.81717,40.72727],[-73.81512,40.72328],[-73.81287,40.72395],[-73.81253,40.72328],[-73.8104,40.72372],[-73.81063,40.72442],[-73.81074,40.72627],[-73.81444,40.72809],[-73.81717,40.72727]]]},"properties":{"GEOID":"36081077908","NAME":"Census Tract 779.08","STATE":"36","COUNTY":"081"}},{"type":"Feature","geometry":{"type":"Polygon","coordinates":[[[-73.90926,40.7364],[-73.90671,40.73685],[-73.90294,40.7384],[-73.9008,40.73945],[-73.89915,40.74067],[-73.90756,40.74166],[-73.90832,40.73863],[-73.90926,40.7364]]]},"properties":{"GEOID":"36081024500","NAME":"Census Tract 245","STATE":"36","COUNTY":"081"}},{"type":"Feature","geometry":{"type":"Polygon","coordinates":[[[-73.90745,40.74204],[-73.90756,40.74166],[-73.90168,40.74097],[-73.9009,40.74345],[-73.9015,40.74401],[-73.90141,40.74425],[-73.90642,40.74564],[-73.90745,40.74204]]]},"properties":{"GEOID":"36081024900","NAME":"Census Tract 249","STATE":"36","COUNTY":"081"}},{"type":"Feature","geometry":{"type":"Polygon","coordinates":[[[-73.91235,40.74632],[-73.91245,40.74592],[-73.91125,40.74578],[-73.91199,40.74219],[-73.90756,40.74166],[-73.90642,40.74564],[-73.90812,40.74619],[-73.90992,40.74776],[-73.91016,40.7485],[-73.91164,40.74869],[-73.91235,40.74632]]]},"properties":{"GEOID":"36081025100","NAME":"Census Tract 251","STATE":"36","COUNTY":"081"}},{"type":"Feature","geometry":{"type":"Polygon","coordinates":[[[-73.91023,40.75298],[-73.91045,40.75296],[-73.90944,40.75076],[-73.91017,40.74823],[-73.90955,40.74739],[-73.90812,40.74619],[-73.90713,40.74836],[-73.90624,40.74813],[-73.90591,40.74886],[-73.9067,40.74934],[-73.90492,40.7535],[-73.91023,40.75298]]]},"properties":{"GEOID":"36081025500","NAME":"Census Tract 255","STATE":"36","COUNTY":"081"}},{"type":"Feature","geometry":{"type":"Polygon","coordinates":[[[-73.90812,40.74619],[-73.90642,40.74564],[-73.90357,40.75184],[-73.90216,40.75193],[-73.90247,40.75376],[-73.90492,40.7535],[-73.9067,40.74934],[-73.90591,40.74886],[-73.90624,40.74813],[-73.90713,40.74836],[-73.90812,40.74619]]]},"properties":{"GEOID":"36081025700","NAME":"Census Tract 257","STATE":"36","COUNTY":"081"}},{"type":"Feature","geometry":{"type":"Polygon","coordinates":[[[-73.90003,40.74376],[-73.89645,40.74286],[-73.89526,40.74388],[-73.89468,40.7451],[-73.89474,40.74582],[-73.89503,40.74647],[-73.89445,40.74653],[-73.89566,40.74847],[-73.89758,40.7493],[-73.90003,40.74376]]]},"properties":{"GEOID":"36081026300","NAME":"Census Tract 263","STATE":"36","COUNTY":"081"}},{"type":"Feature","geometry":{"type":"Polygon","coordinates":[[[-73.92688,40.81948],[-73.92731,40.81856],[-73.92519,40.81801],[-73.92265,40.82049],[-73.92066,40.82184],[-73.91846,40.82557],[-73.92115,40.8264],[-73.92227,40.82497],[-73.92464,40.82102],[-73.92575,40.82118],[-73.9263,40.82063],[-73.92688,40.81948]]]},"properties":{"GEOID":"36005006100","NAME":"Census Tract 61","STATE":"36","COUNTY":"005"}},{"type":"Feature","geometry":{"type":"Polygon","coordinates":[[[-73.87396,40.83451],[-73.87384,40.83255],[-73.87319,40.82991],[-73.87001,40.83082],[-73.8711,40.83576],[-73.8738,40.83597],[-73.87396,40.83451]]]},"properties":{"GEOID":"36005006400","NAME":"Census Tract 64","STATE":"36","COUNTY":"005"}},{"type":"Feature","geometry":{"type":"Polygon","coordinates":[[[-73.92178,40.81953],[-73.92212,40.8188],[-73.91599,40.81721],[-73.91352,40.81954],[-73.91771,40.82065],[-73.91742,40.82128],[-73.92034,40.8221],[-73.92089,40.82149],[-73.92178,40.81953]]]},"properties":{"GEOID":"36005006700","NAME":"Census Tract 67","STATE":"36","COUNTY":"005"}},{"type":"Feature","geometry":{"type":"Polygon","coordinates":[[[-73.87319,40.82991],[-73.87272,40.82682],[-73.86822,40.82743],[-73.86872,40.82956],[-73.86776,40.82969],[-73.86815,40.83136],[-73.87319,40.82991]]]},"properties":{"GEOID":"36005006800","NAME":"Census Tract 68","STATE":"36","COUNTY":"005"}},{"type":"Feature","geometry":{"type":"Polygon","coordinates":[[[-73.86872,40.82956],[-73.86822,40.82743],[-73.86264,40.82817],[-73.86366,40.83265],[-73.86815,40.83136],[-73.86776,40.82969],[-73.86872,40.82956]]]},"properties":{"GEOID":"36005007000","NAME":"Census Tract 70","STATE":"36","COUNTY":"005"}},{"type":"Feature","geometry":{"type":"Polygon","coordinates":[[[-73.91762,40.81606],[-73.91295,40.81427],[-73.91194,40.81605],[-73.90991,40.82124],[-73.90893,40.82096],[-73.90842,40.82218],[-73.90985,40.82255],[-73.91174,40.82211],[-73.91403,40.81896],[-73.91676,40.81656],[-73.91762,40.81606]]]},"properties":{"GEOID":"36005007100","NAME":"Census Tract 71","STATE":"36","COUNTY":"005"}},{"type":"Feature","geometry":{"type":"Polygon","coordinates":[[[-73.91258,40.81493],[-73.91295,40.81427],[-73.91095,40.81362],[-73.90724,40.81285],[-73.90624,40.81566],[-73.90808,40.81603],[-73.90822,40.8162],[-73.90913,40.81594],[-73.91194,40.81605],[-73.91258,40.81493]]]},"properties":{"GEOID":"36005007300","NAME":"Census Tract 73","STATE":"36","COUNTY":"005"}},{"type":"Feature","geometry":{"type":"Polygon","coordinates":[[[-73.91138,40.81737],[-73.91194,40.81605],[-73.90913,40.81594],[-73.90822,40.8162],[-73.90531,40.81793],[-73.907,40.81834],[-73.90566,40.82156],[-73.90842,40.82218],[-73.90893,40.82096],[-73.90991,40.82124],[-73.91138,40.81737]]]},"properties":{"GEOID":"36005007500","NAME":"Census Tract 75","STATE":"36","COUNTY":"005"}},{"type":"Feature","geometry":{"type":"Polygon","coordinates":[[[-73.90692,40.81853],[-73.907,40.81834],[-73.90531,40.81793],[-73.9016,40.8197],[-73.90129,40.82048],[-73.90566,40.82156],[-73.90692,40.81853]]]},"properties":{"GEOID":"36005007700","NAME":"Census Tract 77","STATE":"36","COUNTY":"005"}},{"type":"Feature","geometry":{"type":"Polygon","coordinates":[[[-73.85738,40.83214],[-73.85615,40.82677],[-73.847,40.828],[-73.84526,40.82846],[-73.84504,40.8288],[-73.84875,40.82965],[-73.85738,40.83214]]]},"properties":{"GEOID":"36005007800","NAME":"Census Tract 78","STATE":"36","COUNTY":"005"}},{"type":"Feature","geometry":{"type":"Polygon","coordinates":[[[-73.90822,40.8162],[-73.90808,40.81603],[-73.90624,40.81566],[-73.90724,40.81285],[-73.90447,40.81228],[-73.9016,40.8197],[-73.90531,40.81793],[-73.90822,40.8162]]]},"properties":{"GEOID":"36005007900","NAME":"Census Tract 79","STATE":"36","COUNTY":"005"}},{"type":"Feature","geometry":{"type":"Polygon","coordinates":[[[-73.85163,40.81635],[-73.85114,40.8144],[-73.84705,40.81483],[-73.84663,40.81301],[-73.8461,40.81308],[-73.84507,40.81542],[-73.84388,40.81739],[-73.85163,40.81635]]]},"properties":{"GEOID":"36005008400","NAME":"Census Tract 84","STATE":"36","COUNTY":"005"}},{"type":"Feature","geometry":{"type":"Polygon","coordinates":[[[-73.98054,40.69825],[-73.98039,40.69651],[-73.96516,40.69597],[-73.96411,40.6963],[-73.96352,40.69673],[-73.96284,40.69804],[-73.96577,40.69764],[-73.98054,40.69825]]]},"properties":{"GEOID":"36047021100","NAME":"Census Tract 211","STATE":"36","COUNTY":"047"}},{"type":"Feature","geometry":{"type":"Polygon","coordinates":[[[-73.97949,40.71489],[-73.97996,40.71397],[-73.97593,40.71291],[-73.97279,40.70938],[-73.97032,40.70733],[-73.96961,40.70763],[-73.96985,40.70799],[-73.96994,40.70931],[-73.96905,40.71248],[-73.96886,40.71265],[-73.97661,40.715],[-73.97646,40.7153],[-73.97891,40.71595],[-73.97949,40.71489]]]},"properties":{"GEOID":"36061001001","NAME":"Census Tract 10.01","STATE":"36","COUNTY":"061"}},{"type":"Feature","geometry":{"type":"Polygon","coordinates":[[[-74.00583,40.73653],[-74.00596,40.73585],[-74.00109,40.73656],[-73.99968,40.73855],[-74.00516,40.74086],[-74.00583,40.73653]]]},"properties":{"GEOID":"36061007700","NAME":"Census Tract 77","STATE":"36","COUNTY":"061"}},{"type":"Feature","geometry":{"type":"Polygon","coordinates":[[[-73.9772,40.76432],[-73.97769,40.76364],[-73.97446,40.76229],[-73.97301,40.76428],[-73.97623,40.76568],[-73.9772,40.76432]]]},"properties":{"GEOID":"36061011201","NAME":"Census Tract 112.01","STATE":"36","COUNTY":"061"}},{"type":"Feature","geometry":{"type":"Polygon","coordinates":[[[-73.95061,40.79497],[-73.95111,40.79429],[-73.9479,40.79293],[-73.94604,40.79547],[-73.94922,40.79691],[-73.95061,40.79497]]]},"properties":{"GEOID":"36061017401","NAME":"Census Tract 174.01","STATE":"36","COUNTY":"061"}},{"type":"Feature","geometry":{"type":"Polygon","coordinates":[[[-73.94911,40.78549],[-73.94933,40.78519],[-73.94472,40.78325],[-73.94332,40.78517],[-73.94792,40.78712],[-73.94911,40.78549]]]},"properties":{"GEOID":"36061015602","NAME":"Census Tract 156.02","STATE":"36","COUNTY":"061"}},{"type":"Feature","geometry":{"type":"Polygon","coordinates":[[[-73.9428,40.79413],[-73.94327,40.79349],[-73.93865,40.79156],[-73.93591,40.79531],[-73.94052,40.79726],[-73.9428,40.79413]]]},"properties":{"GEOID":"36061018000","NAME":"Census Tract 180","STATE":"36","COUNTY":"061"}},{"type":"Feature","geometry":{"type":"Polygon","coordinates":[[[-73.9804,40.74837],[-73.98085,40.74775],[-73.97764,40.74639],[-73.97445,40.75077],[-73.97768,40.75212],[-73.9804,40.74837]]]},"properties":{"GEOID":"36061008000","NAME":"Census Tract 80","STATE":"36","COUNTY":"061"}},{"type":"Feature","geometry":{"type":"Polygon","coordinates":[[[-73.96155,40.80614],[-73.96201,40.80551],[-73.96007,40.80471],[-73.95983,40.80543],[-73.95841,40.80742],[-73.96011,40.80812],[-73.96155,40.80614]]]},"properties":{"GEOID":"36061020101","NAME":"Census Tract 201.01","STATE":"36","COUNTY":"061"}},{"type":"Feature","geometry":{"type":"Polygon","coordinates":[[[-73.95213,40.80886],[-73.95258,40.80824],[-73.9469,40.80584],[-73.94499,40.80845],[-73.95068,40.81084],[-73.95213,40.80886]]]},"properties":{"GEOID":"36061022200","NAME":"Census Tract 222","STATE":"36","COUNTY":"061"}},{"type":"Feature","geometry":{"type":"Polygon","coordinates":[[[-73.9568,40.77497],[-73.95729,40.77428],[-73.95269,40.77234],[-73.95034,40.77556],[-73.95494,40.7775],[-73.9568,40.77497]]]},"properties":{"GEOID":"36061013800","NAME":"Census Tract 138","STATE":"36","COUNTY":"061"}},{"type":"Feature","geometry":{"type":"Polygon","coordinates":[[[-73.98685,40.7453],[-73.9873,40.74468],[-73.98408,40.74333],[-73.98085,40.74775],[-73.98408,40.7491],[-73.98685,40.7453]]]},"properties":{"GEOID":"36061007400","NAME":"Census Tract 74","STATE":"36","COUNTY":"061"}},{"type":"Feature","geometry":{"type":"Polygon","coordinates":[[[-73.98705,40.7252],[-73.9875,40.72458],[-73.98296,40.72267],[-73.97991,40.72687],[-73.98223,40.72785],[-73.98266,40.72726],[-73.98487,40.72819],[-73.98705,40.7252]]]},"properties":{"GEOID":"36061003200","NAME":"Census Tract 32","STATE":"36","COUNTY":"061"}},{"type":"Feature","geometry":{"type":"Polygon","coordinates":[[[-73.93727,40.84448],[-73.93752,40.84414],[-73.93467,40.84296],[-73.93139,40.84743],[-73.93424,40.84863],[-73.93727,40.84448]]]},"properties":{"GEOID":"36061026100","NAME":"Census Tract 261","STATE":"36","COUNTY":"061"}},{"type":"Feature","geometry":{"type":"Polygon","coordinates":[[[-73.96358,40.82664],[-73.96379,40.82635],[-73.95919,40.82434],[-73.95741,40.82327],[-73.95573,40.82289],[-73.95083,40.82083],[-73.94901,40.82331],[-73.96259,40.8289],[-73.96358,40.82664]]]},"properties":{"GEOID":"36061022500","NAME":"Census Tract 225","STATE":"36","COUNTY":"061"}},{"type":"Feature","geometry":{"type":"Polygon","coordinates":[[[-73.99942,40.71868],[-73.99996,40.71802],[-73.99859,40.7171],[-73.99606,40.71623],[-73.99481,40.71846],[-73.9938,40.72094],[-73.99712,40.7223],[-73.99766,40.72084],[-73.99942,40.71868]]]},"properties":{"GEOID":"36061004100","NAME":"Census Tract 41","STATE":"36","COUNTY":"061"}},{"type":"Feature","geometry":{"type":"Polygon","coordinates":[[[-74.01338,40.71441],[-74.0137,40.71367],[-74.0086,40.71139],[-74.00589,40.71468],[-74.01083,40.71693],[-74.01097,40.7163],[-74.01273,40.71711],[-74.01338,40.71441]]]},"properties":{"GEOID":"36061002100","NAME":"Census Tract 21","STATE":"36","COUNTY":"061"}},{"type":"Feature","geometry":{"type":"Polygon","coordinates":[[[-73.98788,40.71741],[-73.98837,40.71645],[-73.98501,40.71544],[-73.9834,40.71857],[-73.98675,40.71959],[-73.98788,40.71741]]]},"properties":{"GEOID":"36061001402","NAME":"Census Tract 14.02","STATE":"36","COUNTY":"061"}},{"type":"Feature","geometry":{"type":"Polygon","coordinates":[[[-73.9367,40.85562],[-73.93688,40.85514],[-73.93463,40.8545],[-73.93368,40.85678],[-73.93215,40.85953],[-73.93302,40.85982],[-73.93409,40.85938],[-73.9367,40.85562]]]},"properties":{"GEOID":"36061028100","NAME":"Census Tract 281","STATE":"36","COUNTY":"061"}},{"type":"Feature","geometry":{"type":"Polygon","coordinates":[[[-74.00089,40.71302],[-74.00086,40.71149],[-74.00051,40.71098],[-73.9997,40.71178],[-73.99695,40.71207],[-73.9975,40.71407],[-73.99876,40.71339],[-74.00089,40.71302]]]},"properties":{"GEOID":"36061002700","NAME":"Census Tract 27","STATE":"36","COUNTY":"061"}},{"type":"Feature","geometry":{"type":"Polygon","coordinates":[[[-73.97991,40.72687],[-73.98033,40.72628],[-73.9756,40.72428],[-73.9733,40.72743],[-73.978,40.72943],[-73.97991,40.72687]]]},"properties":{"GEOID":"36061002800","NAME":"Census Tract 28","STATE":"36","COUNTY":"061"}},{"type":"Feature","geometry":{"type":"Polygon","coordinates":[[[-73.98986,40.72053],[-73.98507,40.71908],[-73.98382,40.72147],[-73.98864,40.72293],[-73.98986,40.72053]]]},"properties":{"GEOID":"36061003001","NAME":"Census Tract 30.01","STATE":"36","COUNTY":"061"}},{"type":"Feature","geometry":{"type":"Polygon","coordinates":[[[-74.0086,40.71139],[-74.00797,40.71145],[-74.00823,40.71155],[-74.00808,40.71172],[-74.00751,40.71167],[-74.00486,40.71245],[-74.0036,40.71365],[-74.0026,40.71431],[-73.99996,40.71802],[-74.00188,40.7194],[-74.0086,40.71139]]]},"properties":{"GEOID":"36061003100","NAME":"Census Tract 31","STATE":"36","COUNTY":"061"}},{"type":"Feature","geometry":{"type":"Polygon","coordinates":[[[-74.00912,40.71692],[-74.0092,40.71619],[-74.00589,40.71468],[-74.00188,40.7194],[-74.00791,40.7237],[-74.00912,40.71692]]]},"properties":{"GEOID":"36061003300","NAME":"Census Tract 33","STATE":"36","COUNTY":"061"}},{"type":"Feature","geometry":{"type":"Polygon","coordinates":[[[-73.99326,40.72235],[-73.99352,40.72163],[-73.98986,40.72053],[-73.98864,40.72293],[-73.9926,40.72414],[-73.99326,40.72235]]]},"properties":{"GEOID":"36061003601","NAME":"Census Tract 36.01","STATE":"36","COUNTY":"061"}},{"type":"Feature","geometry":{"type":"Polygon","coordinates":[[[-73.99164,40.72683],[-73.99179,40.72639],[-73.9875,40.72458],[-73.98487,40.72819],[-73.98948,40.73013],[-73.99128,40.72776],[-73.99164,40.72683]]]},"properties":{"GEOID":"36061003800","NAME":"Census Tract 38","STATE":"36","COUNTY":"061"}},{"type":"Feature","geometry":{"type":"Polygon","coordinates":[[[-74.02302,40.72061],[-74.02307,40.72041],[-74.01229,40.71904],[-74.01273,40.71711],[-74.01097,40.7163],[-74.01083,40.71693],[-74.0092,40.71619],[-74.00791,40.7237],[-74.01092,40.72583],[-74.01124,40.72427],[-74.02183,40.72549],[-74.02302,40.72061]]]},"properties":{"GEOID":"36061003900","NAME":"Census Tract 39","STATE":"36","COUNTY":"061"}},{"type":"Feature","geometry":{"type":"Polygon","coordinates":[[[-73.99121,40.72805],[-73.99128,40.72776],[-73.98718,40.73329],[-73.9899,40.73444],[-73.98987,40.73353],[-73.99121,40.72805]]]},"properties":{"GEOID":"36061004200","NAME":"Census Tract 42","STATE":"36","COUNTY":"061"}},{"type":"Feature","geometry":{"type":"Polygon","coordinates":[[[-73.99881,40.72302],[-73.9938,40.72094],[-73.9926,40.72414],[-73.99677,40.72543],[-73.99881,40.72302]]]},"properties":{"GEOID":"36061004300","NAME":"Census Tract 43","STATE":"36","COUNTY":"061"}},{"type":"Feature","geometry":{"type":"Polygon","coordinates":[[[-73.94287,40.82154],[-73.94332,40.82092],[-73.93764,40.81852],[-73.93574,40.82111],[-73.94143,40.82351],[-73.94287,40.82154]]]},"properties":{"GEOID":"36061023200","NAME":"Census Tract 232","STATE":"36","COUNTY":"061"}},{"type":"Feature","geometry":{"type":"Polygon","coordinates":[[[-73.99849,40.74529],[-73.99897,40.74463],[-73.99329,40.74223],[-73.99142,40.7448],[-73.9971,40.7472],[-73.99849,40.74529]]]},"properties":{"GEOID":"36061009100","NAME":"Census Tract 91","STATE":"36","COUNTY":"061"}},{"type":"Feature","geometry":{"type":"Polygon","coordinates":[[[-73.98221,40.74012],[-73.98266,40.7395],[-73.97805,40.73755],[-73.9758,40.74064],[-73.98041,40.74259],[-73.98221,40.74012]]]},"properties":{"GEOID":"36061006600","NAME":"Census Tract 66","STATE":"36","COUNTY":"061"}},{"type":"Feature","geometry":{"type":"Polygon","coordinates":[[[-73.81943,40.76514],[-73.8191,40.7637],[-73.81729,40.75978],[-73.81509,40.76037],[-73.81732,40.76535],[-73.81943,40.76514]]]},"properties":{"GEOID":"36081116302","NAME":"Census Tract 1163.02","STATE":"36","COUNTY":"081"}},{"type":"Feature","geometry":{"type":"Polygon","coordinates":[[[-73.94243,40.754],[-73.93833,40.75182],[-73.93601,40.75434],[-73.93678,40.75475],[-73.93463,40.75694],[-73.93334,40.75624],[-73.93215,40.75771],[-73.93679,40.75988],[-73.94243,40.754]]]},"properties":{"GEOID":"36081003302","NAME":"Census Tract 33.02","STATE":"36","COUNTY":"081"}},{"type":"Feature","geometry":{"type":"Polygon","coordinates":[[[-74.00895,40.63608],[-74.00956,40.63549],[-74.00736,40.63416],[-74.005,40.63642],[-74.00721,40.63776],[-74.00895,40.63608]]]},"properties":{"GEOID":"36047010402","NAME":"Census Tract 104.02","STATE":"36","COUNTY":"047"}},{"type":"Feature","geometry":{"type":"Polygon","coordinates":[[[-74.0065,40.64188],[-74.00708,40.64133],[-74.00488,40.64],[-74.00254,40.64224],[-74.00475,40.64357],[-74.0065,40.64188]]]},"properties":{"GEOID":"36047010801","NAME":"Census Tract 108.01","STATE":"36","COUNTY":"047"}},{"type":"Feature","geometry":{"type":"Polygon","coordinates":[[[-74.00662,40.63831],[-74.00721,40.63776],[-74.005,40.63642],[-74.00267,40.63867],[-74.00488,40.64],[-74.00662,40.63831]]]},"properties":{"GEOID":"36047010602","NAME":"Census Tract 106.02","STATE":"36","COUNTY":"047"}},{"type":"Feature","geometry":{"type":"Polygon","coordinates":[[[-74.00429,40.64056],[-74.00488,40.64],[-74.00267,40.63867],[-74.00034,40.64091],[-74.00254,40.64224],[-74.00429,40.64056]]]},"properties":{"GEOID":"36047010802","NAME":"Census Tract 108.02","STATE":"36","COUNTY":"047"}},{"type":"Feature","geometry":{"type":"Polygon","coordinates":[[[-73.94605,40.72926],[-73.94574,40.72738],[-73.94588,40.72735],[-73.94543,40.72552],[-73.94074,40.72597],[-73.94104,40.72784],[-73.94199,40.72775],[-73.94279,40.73266],[-73.94461,40.73207],[-73.94419,40.72944],[-73.94605,40.72926]]]},"properties":{"GEOID":"36047058901","NAME":"Census Tract 589.01","STATE":"36","COUNTY":"047"}},{"type":"Feature","geometry":{"type":"Polygon","coordinates":[[[-73.8713,40.67286],[-73.87011,40.66801],[-73.86915,40.66861],[-73.86555,40.66912],[-73.86667,40.67354],[-73.8713,40.67286]]]},"properties":{"GEOID":"36047120801","NAME":"Census Tract 1208.01","STATE":"36","COUNTY":"047"}},{"type":"Feature","geometry":{"type":"Polygon","coordinates":[[[-73.8785,40.63857],[-73.87881,40.63794],[-73.8763,40.63519],[-73.87396,40.63377],[-73.85502,40.6431],[-73.85615,40.6492],[-73.85696,40.65058],[-73.85898,40.65268],[-73.85975,40.6541],[-73.86048,40.65466],[-73.87032,40.64918],[-73.87338,40.64682],[-73.87569,40.64395],[-73.8785,40.63857]]]},"properties":{"GEOID":"36047107002","NAME":"Census Tract 1070.02","STATE":"36","COUNTY":"047"}},{"type":"Feature","geometry":{"type":"Polygon","coordinates":[[[-73.95746,40.70082],[-73.95717,40.69971],[-73.95382,40.70011],[-73.95446,40.70082],[-73.95255,40.70205],[-73.95381,40.70318],[-73.95746,40.70082]]]},"properties":{"GEOID":"36047053101","NAME":"Census Tract 531.01","STATE":"36","COUNTY":"047"}},{"type":"Feature","geometry":{"type":"Polygon","coordinates":[[[-73.95617,40.74966],[-73.95684,40.74883],[-73.9548,40.74805],[-73.95505,40.74733],[-73.95271,40.74688],[-73.95223,40.74826],[-73.95226,40.7508],[-73.94914,40.75448],[-73.95084,40.75522],[-73.95432,40.75126],[-73.95617,40.74966]]]},"properties":{"GEOID":"36081000103","NAME":"Census Tract 1.03","STATE":"36","COUNTY":"081"}},{"type":"Feature","geometry":{"type":"Polygon","coordinates":[[[-73.82373,40.76583],[-73.82348,40.76465],[-73.8226,40.76276],[-73.8191,40.7637],[-73.81943,40.76514],[-73.81732,40.76535],[-73.81739,40.76657],[-73.82373,40.76583]]]},"properties":{"GEOID":"36081116301","NAME":"Census Tract 1163.01","STATE":"36","COUNTY":"081"}},{"type":"Feature","geometry":{"type":"Polygon","coordinates":[[[-73.82779,40.71066],[-73.82722,40.71],[-73.82653,40.70815],[-73.8261,40.70773],[-73.82405,40.70693],[-73.82226,40.70546],[-73.82095,40.70606],[-73.82059,40.70596],[-73.82031,40.70556],[-73.81931,40.70587],[-73.81915,40.70611],[-73.81926,40.70662],[-73.81912,40.70667],[-73.81871,40.70603],[-73.81831,40.70616],[-73.81946,40.7084],[-73.81954,40.70828],[-73.82089,40.70998],[-73.82493,40.71178],[-73.82779,40.71066]]]},"properties":{"GEOID":"36081021603","NAME":"Census Tract 216.03","STATE":"36","COUNTY":"081"}},{"type":"Feature","geometry":{"type":"Polygon","coordinates":[[[-73.95551,40.74595],[-73.95574,40.74525],[-73.94876,40.7439],[-73.94852,40.74466],[-73.94565,40.74582],[-73.94506,40.74766],[-73.95221,40.74906],[-73.95223,40.74826],[-73.95271,40.74688],[-73.95505,40.74733],[-73.95551,40.74595]]]},"properties":{"GEOID":"36081000702","NAME":"Census Tract 7.02","STATE":"36","COUNTY":"081"}},{"type":"Feature","geometry":{"type":"Polygon","coordinates":[[[-73.94706,40.73752],[-73.94216,40.73568],[-73.94032,40.7332],[-73.94037,40.73277],[-73.93966,40.73149],[-73.93752,40.72981],[-73.93443,40.72882],[-73.93182,40.72848],[-73.92906,40.72769],[-73.92751,40.72912],[-73.92855,40.72936],[-73.93164,40.72922],[-73.93539,40.73177],[-73.93802,40.73432],[-73.93879,40.73534],[-73.93732,40.73581],[-73.93676,40.73572],[-73.93508,40.73749],[-73.93431,40.74103],[-73.93524,40.74113],[-73.93487,40.74298],[-73.93765,40.7433],[-73.93868,40.73821],[-73.94146,40.73925],[-73.9426,40.7391],[-73.94706,40.73752]]]},"properties":{"GEOID":"36081019902","NAME":"Census Tract 199.02","STATE":"36","COUNTY":"081"}},{"type":"Feature","geometry":{"type":"Polygon","coordinates":[[[-73.94319,40.7477],[-73.94384,40.74743],[-73.94238,40.74712],[-73.94174,40.74614],[-73.93997,40.74574],[-73.93684,40.7484],[-73.93803,40.74949],[-73.93787,40.7498],[-73.94051,40.75086],[-73.94059,40.75052],[-73.94319,40.7477]]]},"properties":{"GEOID":"36081001902","NAME":"Census Tract 19.02","STATE":"36","COUNTY":"081"}},{"type":"Feature","geometry":{"type":"Polygon","coordinates":[[[-73.93879,40.73534],[-73.93742,40.73376],[-73.93442,40.73488],[-73.93478,40.73555],[-73.92995,40.73754],[-73.9311,40.73807],[-73.93023,40.74245],[-73.93487,40.74298],[-73.93524,40.74113],[-73.93431,40.74103],[-73.93508,40.73749],[-73.93676,40.73572],[-73.93732,40.73581],[-73.93879,40.73534]]]},"properties":{"GEOID":"36081019901","NAME":"Census Tract 199.01","STATE":"36","COUNTY":"081"}},{"type":"Feature","geometry":{"type":"Polygon","coordinates":[[[-73.92433,40.71557],[-73.92404,40.71401],[-73.91566,40.71347],[-73.91326,40.71507],[-73.91517,40.71856],[-73.92271,40.71648],[-73.92274,40.71616],[-73.92433,40.71557]]]},"properties":{"GEOID":"36081053502","NAME":"Census Tract 535.02","STATE":"36","COUNTY":"081"}},{"type":"Feature","geometry":{"type":"Polygon","coordinates":[[[-73.92708,40.74396],[-73.92744,40.74212],[-73.92559,40.74191],[-73.92451,40.74732],[-73.92635,40.74755],[-73.92708,40.74396]]]},"properties":{"GEOID":"36081017901","NAME":"Census Tract 179.01","STATE":"36","COUNTY":"081"}},{"type":"Feature","geometry":{"type":"Polygon","coordinates":[[[-73.92026,40.73532],[-73.92026,40.73519],[-73.91932,40.73525],[-73.91935,40.73512],[-73.9169,40.73544],[-73.91651,40.73676],[-73.91718,40.7369],[-73.91567,40.74078],[-73.91724,40.74094],[-73.91761,40.7391],[-73.91947,40.73931],[-73.92026,40.73532]]]},"properties":{"GEOID":"36081023501","NAME":"Census Tract 235.01","STATE":"36","COUNTY":"081"}},{"type":"Feature","geometry":{"type":"Polygon","coordinates":[[[-73.89974,40.75742],[-73.89959,40.75656],[-73.89861,40.75428],[-73.89874,40.75415],[-73.8928,40.75478],[-73.89347,40.75845],[-73.8997,40.75778],[-73.89974,40.75742]]]},"properties":{"GEOID":"36081030906","NAME":"Census Tract 309.06","STATE":"36","COUNTY":"081"}},{"type":"Feature","geometry":{"type":"Polygon","coordinates":[[[-73.8997,40.758],[-73.8997,40.75778],[-73.89347,40.75845],[-73.89383,40.76043],[-73.8929,40.76053],[-73.89324,40.76235],[-73.89735,40.76198],[-73.89877,40.75992],[-73.89855,40.75993],[-73.89948,40.75864],[-73.8997,40.758]]]},"properties":{"GEOID":"36081030905","NAME":"Census Tract 309.05","STATE":"36","COUNTY":"081"}},{"type":"Feature","geometry":{"type":"Polygon","coordinates":[[[-73.87979,40.75615],[-73.8791,40.75237],[-73.87632,40.75267],[-73.877,40.75644],[-73.87979,40.75615]]]},"properties":{"GEOID":"36081027702","NAME":"Census Tract 277.02","STATE":"36","COUNTY":"081"}},{"type":"Feature","geometry":{"type":"Polygon","coordinates":[[[-73.83331,40.69911],[-73.83407,40.6987],[-73.8313,40.69306],[-73.82797,40.69399],[-73.83089,40.70001],[-73.83205,40.69971],[-73.83331,40.69911]]]},"properties":{"GEOID":"36081012200","NAME":"Census Tract 122","STATE":"36","COUNTY":"081"}},{"type":"Feature","geometry":{"type":"Polygon","coordinates":[[[-73.90596,40.77619],[-73.89881,40.77115],[-73.89665,40.77291],[-73.89522,40.7719],[-73.89289,40.77381],[-73.89657,40.77625],[-73.89423,40.77815],[-73.89779,40.78073],[-73.90017,40.77878],[-73.90087,40.77928],[-73.90309,40.77746],[-73.90379,40.77796],[-73.90596,40.77619]]]},"properties":{"GEOID":"36081012301","NAME":"Census Tract 123.01","STATE":"36","COUNTY":"081"}},{"type":"Feature","geometry":{"type":"Polygon","coordinates":[[[-73.8364,40.69741],[-73.83717,40.69687],[-73.83481,40.69207],[-73.8313,40.69306],[-73.83407,40.6987],[-73.8364,40.69741]]]},"properties":{"GEOID":"36081012400","NAME":"Census Tract 124","STATE":"36","COUNTY":"081"}},{"type":"Feature","geometry":{"type":"Polygon","coordinates":[[[-73.84344,40.69519],[-73.84105,40.69028],[-73.83868,40.69096],[-73.83942,40.69275],[-73.83839,40.69305],[-73.83963,40.69553],[-73.84344,40.69519]]]},"properties":{"GEOID":"36081012602","NAME":"Census Tract 126.02","STATE":"36","COUNTY":"081"}},{"type":"Feature","geometry":{"type":"Polygon","coordinates":[[[-73.83785,40.70289],[-73.83807,40.70272],[-73.83742,40.70145],[-73.83655,40.70171],[-73.83484,40.69827],[-73.83245,40.69955],[-73.83089,40.70001],[-73.83213,40.70279],[-73.83392,40.70235],[-73.8346,40.70393],[-73.83605,40.70341],[-73.83741,40.70322],[-73.83785,40.70289]]]},"properties":{"GEOID":"36081013200","NAME":"Census Tract 132","STATE":"36","COUNTY":"081"}},{"type":"Feature","geometry":{"type":"Polygon","coordinates":[[[-73.8381,40.70631],[-73.83662,40.70342],[-73.83605,40.70341],[-73.8346,40.70393],[-73.83392,40.70235],[-73.83213,40.70279],[-73.83283,40.70466],[-73.83185,40.70546],[-73.83176,40.70614],[-73.83498,40.7071],[-73.83715,40.70796],[-73.8381,40.70631]]]},"properties":{"GEOID":"36081013400","NAME":"Census Tract 134","STATE":"36","COUNTY":"081"}},{"type":"Feature","geometry":{"type":"Polygon","coordinates":[[[-73.90248,40.77032],[-73.89962,40.7683],[-73.89522,40.7719],[-73.89665,40.77291],[-73.89881,40.77115],[-73.90024,40.77215],[-73.90248,40.77032]]]},"properties":{"GEOID":"36081013500","NAME":"Census Tract 135","STATE":"36","COUNTY":"081"}},{"type":"Feature","geometry":{"type":"Polygon","coordinates":[[[-73.83181,40.70659],[-73.83176,40.70614],[-73.82444,40.70406],[-73.82451,40.70433],[-73.82566,40.70543],[-73.82575,40.70582],[-73.82969,40.70935],[-73.83063,40.70874],[-73.83091,40.70794],[-73.83167,40.70704],[-73.83181,40.70659]]]},"properties":{"GEOID":"36081013600","NAME":"Census Tract 136","STATE":"36","COUNTY":"081"}},{"type":"Feature","geometry":{"type":"Polygon","coordinates":[[[-73.93809,40.80635],[-73.93854,40.80573],[-73.93533,40.80437],[-73.93631,40.80302],[-73.93177,40.80098],[-73.93037,40.80274],[-73.92823,40.80385],[-73.93235,40.80859],[-73.93257,40.80926],[-73.9326,40.81152],[-73.93414,40.81089],[-73.93517,40.81025],[-73.93809,40.80635]]]},"properties":{"GEOID":"36061024200","NAME":"Census Tract 242","STATE":"36","COUNTY":"061"}},{"type":"Feature","geometry":{"type":"Polygon","coordinates":[[[-73.91075,40.76901],[-73.91094,40.76885],[-73.90577,40.76803],[-73.90414,40.76752],[-73.90066,40.76721],[-73.90051,40.76757],[-73.89962,40.7683],[-73.90319,40.77082],[-73.90533,40.76904],[-73.90822,40.77109],[-73.91075,40.76901]]]},"properties":{"GEOID":"36081013700","NAME":"Census Tract 137","STATE":"36","COUNTY":"081"}},{"type":"Feature","geometry":{"type":"Polygon","coordinates":[[[-73.82896,40.70981],[-73.82969,40.70935],[-73.82575,40.70582],[-73.82566,40.70543],[-73.82451,40.70433],[-73.82444,40.70406],[-73.82246,40.70366],[-73.81938,40.70387],[-73.82074,40.70419],[-73.82405,40.70693],[-73.8261,40.70773],[-73.82653,40.70815],[-73.82722,40.71],[-73.82772,40.7106],[-73.82896,40.70981]]]},"properties":{"GEOID":"36081013800","NAME":"Census Tract 138","STATE":"36","COUNTY":"081"}},{"type":"Feature","geometry":{"type":"Polygon","coordinates":[[[-73.83283,40.70466],[-73.83152,40.70139],[-73.82246,40.70366],[-73.83176,40.70614],[-73.83185,40.70546],[-73.83283,40.70466]]]},"properties":{"GEOID":"36081014000","NAME":"Census Tract 140","STATE":"36","COUNTY":"081"}},{"type":"Feature","geometry":{"type":"Polygon","coordinates":[[[-73.82684,40.69811],[-73.82753,40.69792],[-73.82583,40.69445],[-73.82107,40.69578],[-73.82085,40.69535],[-73.81372,40.69715],[-73.81648,40.70245],[-73.81686,40.70244],[-73.81736,40.70286],[-73.81754,40.70266],[-73.82246,40.70366],[-73.82211,40.70185],[-73.82251,40.70176],[-73.82125,40.6997],[-73.82684,40.69811]]]},"properties":{"GEOID":"36081014202","NAME":"Census Tract 142.02","STATE":"36","COUNTY":"081"}},{"type":"Feature","geometry":{"type":"Polygon","coordinates":[[[-73.96715,40.75277],[-73.96547,40.75194],[-73.96506,40.75181],[-73.96486,40.75201],[-73.96472,40.75172],[-73.96163,40.74945],[-73.96159,40.74982],[-73.96021,40.75203],[-73.95902,40.7536],[-73.95861,40.75385],[-73.96433,40.75638],[-73.96662,40.75324],[-73.96715,40.75277]]]},"properties":{"GEOID":"36061008603","NAME":"Census Tract 86.03","STATE":"36","COUNTY":"061"}},{"type":"Feature","geometry":{"type":"Polygon","coordinates":[[[-73.85988,40.74341],[-73.85645,40.74036],[-73.85313,40.73937],[-73.85236,40.74137],[-73.8534,40.74185],[-73.85495,40.74333],[-73.8568,40.74386],[-73.85868,40.74403],[-73.85878,40.74333],[-73.85988,40.74341]]]},"properties":{"GEOID":"36081043900","NAME":"Census Tract 439","STATE":"36","COUNTY":"081"}},{"type":"Feature","geometry":{"type":"Polygon","coordinates":[[[-73.95681,40.80755],[-73.95727,40.80692],[-73.95442,40.80572],[-73.95068,40.81084],[-73.9521,40.81144],[-73.95358,40.80948],[-73.95497,40.81006],[-73.95681,40.80755]]]},"properties":{"GEOID":"36061025700","NAME":"Census Tract 257","STATE":"36","COUNTY":"061"}},{"type":"Feature","geometry":{"type":"Polygon","coordinates":[[[-73.92965,40.76537],[-73.93037,40.76449],[-73.92619,40.76235],[-73.92425,40.76472],[-73.92856,40.76671],[-73.92965,40.76537]]]},"properties":{"GEOID":"36081007500","NAME":"Census Tract 75","STATE":"36","COUNTY":"081"}},{"type":"Feature","geometry":{"type":"Polygon","coordinates":[[[-73.92409,40.76492],[-73.92425,40.76472],[-73.91789,40.7617],[-73.91579,40.76427],[-73.92219,40.76727],[-73.92409,40.76492]]]},"properties":{"GEOID":"36081006300","NAME":"Census Tract 63","STATE":"36","COUNTY":"081"}},{"type":"Feature","geometry":{"type":"Polygon","coordinates":[[[-73.9273,40.77053],[-73.92781,40.76989],[-73.91978,40.76615],[-73.91849,40.76773],[-73.91996,40.76844],[-73.91812,40.77003],[-73.919,40.77031],[-73.92124,40.76838],[-73.9259,40.77226],[-73.9273,40.77053]]]},"properties":{"GEOID":"36081007100","NAME":"Census Tract 71","STATE":"36","COUNTY":"081"}},{"type":"Feature","geometry":{"type":"Polygon","coordinates":[[[-73.83191,40.68444],[-73.83211,40.68436],[-73.82884,40.67769],[-73.82541,40.67715],[-73.82946,40.6854],[-73.83191,40.68444]]]},"properties":{"GEOID":"36081010000","NAME":"Census Tract 100","STATE":"36","COUNTY":"081"}},{"type":"Feature","geometry":{"type":"Polygon","coordinates":[[[-73.91997,40.78264],[-73.91238,40.77731],[-73.91015,40.77915],[-73.91711,40.78406],[-73.91524,40.78604],[-73.91534,40.78612],[-73.91575,40.78611],[-73.91683,40.78519],[-73.91718,40.78455],[-73.91717,40.78419],[-73.91819,40.78393],[-73.91997,40.78264]]]},"properties":{"GEOID":"36081010300","NAME":"Census Tract 103","STATE":"36","COUNTY":"081"}},{"type":"Feature","geometry":{"type":"Polygon","coordinates":[[[-73.91695,40.78415],[-73.91711,40.78406],[-73.91083,40.77964],[-73.90867,40.7814],[-73.91524,40.78604],[-73.91695,40.78415]]]},"properties":{"GEOID":"36081010500","NAME":"Census Tract 105","STATE":"36","COUNTY":"081"}},{"type":"Feature","geometry":{"type":"Polygon","coordinates":[[[-73.82768,40.68947],[-73.82851,40.68924],[-73.82753,40.68724],[-73.8267,40.68747],[-73.8239,40.68176],[-73.82307,40.682],[-73.82222,40.68025],[-73.82136,40.6805],[-73.82599,40.68995],[-73.82768,40.68947]]]},"properties":{"GEOID":"36081010600","NAME":"Census Tract 106","STATE":"36","COUNTY":"081"}},{"type":"Feature","geometry":{"type":"Polygon","coordinates":[[[-73.91559,40.78643],[-73.90309,40.77746],[-73.90087,40.77928],[-73.90017,40.77878],[-73.89779,40.78073],[-73.89286,40.77716],[-73.89252,40.7774],[-73.8919,40.77676],[-73.8853,40.78668],[-73.8877,40.78687],[-73.88905,40.78737],[-73.88961,40.7882],[-73.89013,40.78964],[-73.8908,40.79021],[-73.89197,40.79024],[-73.91246,40.7961],[-73.91067,40.79312],[-73.9103,40.79066],[-73.91113,40.79011],[-73.91125,40.78974],[-73.91208,40.78952],[-73.91195,40.7894],[-73.91223,40.78918],[-73.9126,40.78938],[-73.91559,40.78643]]]},"properties":{"GEOID":"36081010701","NAME":"Census Tract 107.01","STATE":"36","COUNTY":"081"}},{"type":"Feature","geometry":{"type":"Polygon","coordinates":[[[-73.83811,40.68843],[-73.83728,40.68675],[-73.83694,40.68684],[-73.83595,40.68484],[-73.83172,40.68605],[-73.83274,40.68804],[-73.83373,40.68776],[-73.83515,40.6906],[-73.83604,40.69035],[-73.83546,40.68918],[-73.83811,40.68843]]]},"properties":{"GEOID":"36081011000","NAME":"Census Tract 110","STATE":"36","COUNTY":"081"}},{"type":"Feature","geometry":{"type":"Polygon","coordinates":[[[-73.84161,40.68551],[-73.84218,40.68535],[-73.84019,40.68114],[-73.83697,40.68199],[-73.83808,40.68424],[-73.83595,40.68484],[-73.83694,40.68684],[-73.84161,40.68551]]]},"properties":{"GEOID":"36081011200","NAME":"Census Tract 112","STATE":"36","COUNTY":"081"}},{"type":"Feature","geometry":{"type":"Polygon","coordinates":[[[-73.91238,40.77731],[-73.90679,40.77337],[-73.90455,40.7752],[-73.91015,40.77915],[-73.91238,40.77731]]]},"properties":{"GEOID":"36081011300","NAME":"Census Tract 113","STATE":"36","COUNTY":"081"}},{"type":"Feature","geometry":{"type":"Polygon","coordinates":[[[-73.82551,40.67932],[-73.82633,40.67908],[-73.82541,40.67715],[-73.81923,40.67613],[-73.82136,40.6805],[-73.82222,40.68025],[-73.82307,40.682],[-73.82555,40.68129],[-73.8247,40.67955],[-73.82551,40.67932]]]},"properties":{"GEOID":"36081010200","NAME":"Census Tract 102","STATE":"36","COUNTY":"081"}},{"type":"Feature","geometry":{"type":"Polygon","coordinates":[[[-73.91708,40.77347],[-73.91431,40.77152],[-73.90962,40.77537],[-73.91238,40.77731],[-73.91708,40.77347]]]},"properties":{"GEOID":"36081011500","NAME":"Census Tract 115","STATE":"36","COUNTY":"081"}},{"type":"Feature","geometry":{"type":"Polygon","coordinates":[[[-73.91431,40.77152],[-73.91167,40.76964],[-73.91024,40.76943],[-73.90822,40.77109],[-73.90895,40.7716],[-73.90679,40.77337],[-73.90962,40.77537],[-73.91431,40.77152]]]},"properties":{"GEOID":"36081011700","NAME":"Census Tract 117","STATE":"36","COUNTY":"081"}},{"type":"Feature","geometry":{"type":"Polygon","coordinates":[[[-73.83751,40.6913],[-73.83635,40.68893],[-73.83546,40.68918],[-73.83604,40.69035],[-73.83515,40.6906],[-73.83373,40.68776],[-73.83185,40.68829],[-73.8331,40.69083],[-73.83053,40.69143],[-73.8313,40.69306],[-73.83751,40.6913]]]},"properties":{"GEOID":"36081011800","NAME":"Census Tract 118","STATE":"36","COUNTY":"081"}},{"type":"Feature","geometry":{"type":"Polygon","coordinates":[[[-73.95101,40.59726],[-73.95015,40.59275],[-73.94537,40.59328],[-73.94623,40.59779],[-73.95101,40.59726]]]},"properties":{"GEOID":"36047059403","NAME":"Census Tract 594.03","STATE":"36","COUNTY":"047"}},{"type":"Feature","geometry":{"type":"Polygon","coordinates":[[[-73.89214,40.63222],[-73.89277,40.63181],[-73.89082,40.63085],[-73.89227,40.62911],[-73.89209,40.62866],[-73.89038,40.62893],[-73.88952,40.62936],[-73.8889,40.62992],[-73.88748,40.63012],[-73.88636,40.63082],[-73.8897,40.6338],[-73.89214,40.63222]]]},"properties":{"GEOID":"36047102801","NAME":"Census Tract 1028.01","STATE":"36","COUNTY":"047"}},{"type":"Feature","geometry":{"type":"Polygon","coordinates":[[[-73.94826,40.63861],[-73.94802,40.63627],[-73.94512,40.63645],[-73.94537,40.63879],[-73.94826,40.63861]]]},"properties":{"GEOID":"36047078802","NAME":"Census Tract 788.02","STATE":"36","COUNTY":"047"}},{"type":"Feature","geometry":{"type":"Polygon","coordinates":[[[-74.04277,40.673],[-74.01888,40.67159],[-74.01407,40.66968],[-74.01189,40.67044],[-74.01134,40.67134],[-74.00961,40.67512],[-74.01141,40.67632],[-74.00954,40.6779],[-74.01388,40.6808],[-74.01628,40.67865],[-74.01762,40.67952],[-74.01803,40.67923],[-74.01893,40.67984],[-74.01935,40.67955],[-74.03544,40.68512],[-74.04277,40.673]]]},"properties":{"GEOID":"36047005301","NAME":"Census Tract 53.01","STATE":"36","COUNTY":"047"}},{"type":"Feature","geometry":{"type":"Polygon","coordinates":[[[-74.04963,40.66163],[-74.0178,40.66254],[-74.00145,40.66763],[-74.00017,40.6686],[-73.99902,40.67143],[-73.99862,40.67183],[-74.00121,40.67587],[-74.00261,40.67318],[-74.00961,40.67512],[-74.01189,40.67044],[-74.01407,40.66968],[-74.01888,40.67159],[-74.04277,40.673],[-74.04963,40.66163]]]},"properties":{"GEOID":"36047005302","NAME":"Census Tract 53.02","STATE":"36","COUNTY":"047"}},{"type":"Feature","geometry":{"type":"Polygon","coordinates":[[[-74.00196,40.6428],[-74.00254,40.64224],[-74.00034,40.64091],[-73.99801,40.64315],[-74.00021,40.64448],[-74.00196,40.6428]]]},"properties":{"GEOID":"36047009402","NAME":"Census Tract 94.02","STATE":"36","COUNTY":"047"}},{"type":"Feature","geometry":{"type":"Polygon","coordinates":[[[-74.00021,40.64448],[-73.99801,40.64315],[-73.99627,40.64483],[-73.99847,40.64616],[-74.00021,40.64448]]]},"properties":{"GEOID":"36047009202","NAME":"Census Tract 92.02","STATE":"36","COUNTY":"047"}},{"type":"Feature","geometry":{"type":"Polygon","coordinates":[[[-74.0022,40.64602],[-74.00242,40.64581],[-74.00021,40.64448],[-73.99847,40.64616],[-74.00066,40.64749],[-74.0022,40.64602]]]},"properties":{"GEOID":"36047009201","NAME":"Census Tract 92.01","STATE":"36","COUNTY":"047"}},{"type":"Feature","geometry":{"type":"Polygon","coordinates":[[[-73.99788,40.64672],[-73.99847,40.64616],[-73.99627,40.64483],[-73.99399,40.6471],[-73.99609,40.64831],[-73.99788,40.64672]]]},"properties":{"GEOID":"36047009002","NAME":"Census Tract 90.02","STATE":"36","COUNTY":"047"}},{"type":"Feature","geometry":{"type":"Polygon","coordinates":[[[-73.93679,40.72479],[-73.93619,40.72435],[-73.93504,40.72167],[-73.9365,40.72125],[-73.9347,40.71721],[-73.93634,40.71678],[-73.93252,40.70824],[-73.93207,40.70779],[-73.92189,40.7094],[-73.92075,40.71053],[-73.92155,40.71104],[-73.92169,40.71189],[-73.92223,40.71285],[-73.92404,40.71401],[-73.92433,40.71557],[-73.92274,40.71616],[-73.92271,40.71648],[-73.92428,40.71854],[-73.92418,40.72002],[-73.92534,40.72164],[-73.9278,40.72649],[-73.92909,40.72771],[-73.93182,40.72848],[-73.93679,40.72479]]]},"properties":{"GEOID":"36047044902","NAME":"Census Tract 449.02","STATE":"36","COUNTY":"047"}},{"type":"Feature","geometry":{"type":"Polygon","coordinates":[[[-73.95811,40.64652],[-73.95764,40.64269],[-73.95453,40.64289],[-73.95473,40.64477],[-73.95565,40.64663],[-73.95811,40.64652]]]},"properties":{"GEOID":"36047079201","NAME":"Census Tract 792.01","STATE":"36","COUNTY":"047"}},{"type":"Feature","geometry":{"type":"Polygon","coordinates":[[[-73.98509,40.69583],[-73.98514,40.69489],[-73.98245,40.6948],[-73.98251,40.69361],[-73.97917,40.69349],[-73.97926,40.69382],[-73.98014,40.69468],[-73.98051,40.69744],[-73.98312,40.69754],[-73.98305,40.69838],[-73.98496,40.69844],[-73.985,40.69677],[-73.98461,40.69594],[-73.98508,40.69596],[-73.98509,40.69583]]]},"properties":{"GEOID":"36047001501","NAME":"Census Tract 15.01","STATE":"36","COUNTY":"047"}},{"type":"Feature","geometry":{"type":"Polygon","coordinates":[[[-73.94109,40.72231],[-73.94002,40.71581],[-73.93902,40.71606],[-73.9387,40.71532],[-73.93561,40.71519],[-73.93634,40.71678],[-73.9347,40.71721],[-73.9365,40.72125],[-73.93504,40.72167],[-73.93619,40.72435],[-73.93675,40.72464],[-73.93676,40.72484],[-73.94109,40.72231]]]},"properties":{"GEOID":"36047044901","NAME":"Census Tract 449.01","STATE":"36","COUNTY":"047"}},{"type":"Feature","geometry":{"type":"Polygon","coordinates":[[[-73.94379,40.7109],[-73.94344,40.70878],[-73.94008,40.7091],[-73.94042,40.71122],[-73.94379,40.7109]]]},"properties":{"GEOID":"36047049301","NAME":"Census Tract 493.01","STATE":"36","COUNTY":"047"}},{"type":"Feature","geometry":{"type":"Polygon","coordinates":[[[-73.94344,40.70878],[-73.94273,40.70447],[-73.93931,40.70482],[-73.9396,40.70621],[-73.93904,40.70626],[-73.9387,40.70702],[-73.93853,40.70778],[-73.93886,40.70849],[-73.93996,40.70839],[-73.94008,40.7091],[-73.94344,40.70878]]]},"properties":{"GEOID":"36047049302","NAME":"Census Tract 493.02","STATE":"36","COUNTY":"047"}},{"type":"Feature","geometry":{"type":"Polygon","coordinates":[[[-73.99483,40.69367],[-73.99508,40.69315],[-73.9931,40.69285],[-73.9921,40.69495],[-73.99066,40.69456],[-73.99137,40.69701],[-73.99302,40.69746],[-73.99483,40.69367]]]},"properties":{"GEOID":"36047000502","NAME":"Census Tract 5.02","STATE":"36","COUNTY":"047"}},{"type":"Feature","geometry":{"type":"Polygon","coordinates":[[[-73.93664,40.66932],[-73.93666,40.6691],[-73.93389,40.66895],[-73.93364,40.67163],[-73.93641,40.67177],[-73.93664,40.66932]]]},"properties":{"GEOID":"36047035301","NAME":"Census Tract 353.01","STATE":"36","COUNTY":"047"}},{"type":"Feature","geometry":{"type":"Polygon","coordinates":[[[-73.93691,40.66643],[-73.93698,40.66554],[-73.93422,40.66538],[-73.93389,40.66895],[-73.93666,40.6691],[-73.93691,40.66643]]]},"properties":{"GEOID":"36047035302","NAME":"Census Tract 353.02","STATE":"36","COUNTY":"047"}},{"type":"Feature","geometry":{"type":"Polygon","coordinates":[[[-73.93387,40.66918],[-73.93389,40.66895],[-73.93112,40.6688],[-73.93087,40.67147],[-73.93364,40.67163],[-73.93387,40.66918]]]},"properties":{"GEOID":"36047035101","NAME":"Census Tract 351.01","STATE":"36","COUNTY":"047"}},{"type":"Feature","geometry":{"type":"Polygon","coordinates":[[[-73.93414,40.66628],[-73.93422,40.66538],[-73.93145,40.66523],[-73.93112,40.6688],[-73.93389,40.66895],[-73.93414,40.66628]]]},"properties":{"GEOID":"36047035102","NAME":"Census Tract 351.02","STATE":"36","COUNTY":"047"}},{"type":"Feature","geometry":{"type":"Polygon","coordinates":[[[-73.9311,40.66902],[-73.93112,40.6688],[-73.92835,40.66865],[-73.9281,40.67132],[-73.93087,40.67147],[-73.9311,40.66902]]]},"properties":{"GEOID":"36047034901","NAME":"Census Tract 349.01","STATE":"36","COUNTY":"047"}},{"type":"Feature","geometry":{"type":"Polygon","coordinates":[[[-73.93138,40.66613],[-73.93145,40.66523],[-73.92868,40.66509],[-73.92835,40.66865],[-73.93112,40.6688],[-73.93138,40.66613]]]},"properties":{"GEOID":"36047034902","NAME":"Census Tract 349.02","STATE":"36","COUNTY":"047"}},{"type":"Feature","geometry":{"type":"Polygon","coordinates":[[[-73.96267,40.73645],[-73.96228,40.73283],[-73.96223,40.73265],[-73.96193,40.73268],[-73.9619,40.73249],[-73.96215,40.73245],[-73.96184,40.73163],[-73.95959,40.73185],[-73.96004,40.73467],[-73.95841,40.73484],[-73.95864,40.73621],[-73.95851,40.73628],[-73.95531,40.73658],[-73.95547,40.738],[-73.95509,40.7394],[-73.95706,40.73917],[-73.96248,40.7368],[-73.96267,40.73645]]]},"properties":{"GEOID":"36047056302","NAME":"Census Tract 563.02","STATE":"36","COUNTY":"047"}},{"type":"Feature","geometry":{"type":"Polygon","coordinates":[[[-73.96004,40.73467],[-73.95959,40.73185],[-73.95461,40.73232],[-73.95531,40.73658],[-73.95851,40.73628],[-73.95864,40.73621],[-73.95841,40.73484],[-73.96004,40.73467]]]},"properties":{"GEOID":"36047056301","NAME":"Census Tract 563.01","STATE":"36","COUNTY":"047"}},{"type":"Feature","geometry":{"type":"Polygon","coordinates":[[[-73.86667,40.67354],[-73.86555,40.66912],[-73.86284,40.66952],[-73.86392,40.67394],[-73.86667,40.67354]]]},"properties":{"GEOID":"36047120802","NAME":"Census Tract 1208.02","STATE":"36","COUNTY":"047"}},{"type":"Feature","geometry":{"type":"Polygon","coordinates":[[[-73.88636,40.63082],[-73.88239,40.62754],[-73.87396,40.63377],[-73.8763,40.63519],[-73.87954,40.63886],[-73.88074,40.63961],[-73.88594,40.63623],[-73.88289,40.63344],[-73.88434,40.63219],[-73.88636,40.63082]]]},"properties":{"GEOID":"36047103402","NAME":"Census Tract 1034.02","STATE":"36","COUNTY":"047"}},{"type":"Feature","geometry":{"type":"Polygon","coordinates":[[[-73.8897,40.6338],[-73.88636,40.63082],[-73.88434,40.63219],[-73.88289,40.63344],[-73.88594,40.63623],[-73.8897,40.6338]]]},"properties":{"GEOID":"36047103401","NAME":"Census Tract 1034.01","STATE":"36","COUNTY":"047"}},{"type":"Feature","geometry":{"type":"Polygon","coordinates":[[[-73.97783,40.69344],[-73.97763,40.69166],[-73.9771,40.68977],[-73.97313,40.68962],[-73.97385,40.69329],[-73.97783,40.69344]]]},"properties":{"GEOID":"36047003102","NAME":"Census Tract 31.02","STATE":"36","COUNTY":"047"}},{"type":"Feature","geometry":{"type":"Polygon","coordinates":[[[-73.98071,40.64952],[-73.98029,40.6473],[-73.97496,40.6478],[-73.97539,40.64944],[-73.97635,40.65122],[-73.98071,40.64952]]]},"properties":{"GEOID":"36047050001","NAME":"Census Tract 500.01","STATE":"36","COUNTY":"047"}},{"type":"Feature","geometry":{"type":"Polygon","coordinates":[[[-74.0178,40.66254],[-74.02405,40.66236],[-74.01423,40.65666],[-74.01433,40.65654],[-74.0142,40.65647],[-74.01466,40.65602],[-74.01168,40.65414],[-74.00879,40.65696],[-74.00623,40.6554],[-74.00273,40.65879],[-74.0053,40.66031],[-74.0041,40.66147],[-74.00437,40.66148],[-74.00426,40.66163],[-74.00991,40.66495],[-74.0178,40.66254]]]},"properties":{"GEOID":"36047001802","NAME":"Census Tract 18.02","STATE":"36","COUNTY":"047"}},{"type":"Feature","geometry":{"type":"Polygon","coordinates":[[[-74.00991,40.66495],[-74.00426,40.66163],[-74.00437,40.66148],[-74.0041,40.66147],[-74.0053,40.66031],[-74.00273,40.65879],[-73.99522,40.66608],[-73.99484,40.6668],[-73.99603,40.66806],[-73.99653,40.66889],[-73.99667,40.66874],[-73.99862,40.67183],[-73.99902,40.67143],[-74.00017,40.6686],[-74.00145,40.66763],[-74.00991,40.66495]]]},"properties":{"GEOID":"36047001801","NAME":"Census Tract 18.01","STATE":"36","COUNTY":"047"}},{"type":"Feature","geometry":{"type":"Polygon","coordinates":[[[-74.05305,40.65598],[-74.05323,40.65566],[-74.02906,40.64173],[-74.02892,40.64145],[-74.02908,40.64127],[-74.0269,40.64034],[-74.02626,40.64013],[-74.0216,40.6446],[-74.02485,40.64651],[-74.02505,40.64699],[-74.05074,40.65981],[-74.05305,40.65598]]]},"properties":{"GEOID":"36047001804","NAME":"Census Tract 18.04","STATE":"36","COUNTY":"047"}},{"type":"Feature","geometry":{"type":"Polygon","coordinates":[[[-73.94279,40.73266],[-73.94199,40.72775],[-73.93819,40.7281],[-73.93412,40.72686],[-73.93182,40.72848],[-73.93443,40.72882],[-73.93752,40.72981],[-73.93966,40.73149],[-73.94037,40.73277],[-73.94037,40.73327],[-73.94279,40.73266]]]},"properties":{"GEOID":"36047058902","NAME":"Census Tract 589.02","STATE":"36","COUNTY":"047"}},{"type":"Feature","geometry":{"type":"Polygon","coordinates":[[[-74.00882,40.63964],[-74.00941,40.63908],[-74.00721,40.63776],[-74.00488,40.64],[-74.00708,40.64133],[-74.00882,40.63964]]]},"properties":{"GEOID":"36047010601","NAME":"Census Tract 106.01","STATE":"36","COUNTY":"047"}},{"type":"Feature","geometry":{"type":"Polygon","coordinates":[[[-73.95717,40.69971],[-73.95702,40.69897],[-73.95009,40.69979],[-73.95255,40.70205],[-73.95446,40.70082],[-73.95382,40.70011],[-73.95717,40.69971]]]},"properties":{"GEOID":"36047053102","NAME":"Census Tract 531.02","STATE":"36","COUNTY":"047"}},{"type":"Feature","geometry":{"type":"Polygon","coordinates":[[[-73.97496,40.6478],[-73.97518,40.64782],[-73.97466,40.64481],[-73.97084,40.64638],[-73.9714,40.64826],[-73.97326,40.64758],[-73.97496,40.6478]]]},"properties":{"GEOID":"36047050402","NAME":"Census Tract 504.02","STATE":"36","COUNTY":"047"}},{"type":"Feature","geometry":{"type":"Polygon","coordinates":[[[-74.00008,40.64805],[-74.00066,40.64749],[-73.99847,40.64616],[-73.99609,40.64831],[-73.99828,40.64973],[-73.9987,40.64917],[-74.00008,40.64805]]]},"properties":{"GEOID":"36047009001","NAME":"Census Tract 90.01","STATE":"36","COUNTY":"047"}},{"type":"Feature","geometry":{"type":"Polygon","coordinates":[[[-74.01898,40.6799],[-74.01803,40.67923],[-74.01762,40.67952],[-74.01628,40.67865],[-74.01388,40.6808],[-74.0117,40.67937],[-74.00671,40.68362],[-74.00582,40.68366],[-74.00485,40.68567],[-74.0055,40.68585],[-74.00814,40.68561],[-74.00842,40.68602],[-74.01263,40.68347],[-74.01284,40.68361],[-74.01317,40.68341],[-74.01744,40.68064],[-74.01771,40.68066],[-74.01898,40.6799]]]},"properties":{"GEOID":"36047005303","NAME":"Census Tract 53.03","STATE":"36","COUNTY":"047"}},{"type":"Feature","geometry":{"type":"Polygon","coordinates":[[[-73.90115,40.62569],[-73.90178,40.62482],[-73.89826,40.62299],[-73.89231,40.62056],[-73.88239,40.62754],[-73.88636,40.63082],[-73.88748,40.63012],[-73.8889,40.62992],[-73.88952,40.62936],[-73.89038,40.62893],[-73.89209,40.62866],[-73.89227,40.62911],[-73.89082,40.63085],[-73.89277,40.63181],[-73.89968,40.62737],[-73.90115,40.62569]]]},"properties":{"GEOID":"36047102802","NAME":"Census Tract 1028.02","STATE":"36","COUNTY":"047"}},{"type":"Feature","geometry":{"type":"Polygon","coordinates":[[[-73.88221,40.6545],[-73.8761,40.64622],[-73.87489,40.6451],[-73.87338,40.64682],[-73.87973,40.65556],[-73.88221,40.6545]]]},"properties":{"GEOID":"36047107003","NAME":"Census Tract 1070.03","STATE":"36","COUNTY":"047"}},{"type":"Feature","geometry":{"type":"Polygon","coordinates":[[[-73.99859,40.67186],[-73.99667,40.66874],[-73.99098,40.67549],[-73.99054,40.67558],[-73.99014,40.67611],[-73.99043,40.67625],[-73.9908,40.67578],[-73.99398,40.67617],[-73.99527,40.67578],[-73.99558,40.67514],[-73.99601,40.67499],[-73.99859,40.67186]]]},"properties":{"GEOID":"36047011902","NAME":"Census Tract 119.02","STATE":"36","COUNTY":"047"}},{"type":"Feature","geometry":{"type":"Polygon","coordinates":[[[-73.98528,40.69216],[-73.98536,40.69067],[-73.98351,40.68992],[-73.98136,40.68993],[-73.98208,40.69129],[-73.98179,40.69164],[-73.98171,40.69297],[-73.9824,40.69297],[-73.98245,40.6948],[-73.98514,40.69489],[-73.98528,40.69216]]]},"properties":{"GEOID":"36047001502","NAME":"Census Tract 15.02","STATE":"36","COUNTY":"047"}},{"type":"Feature","geometry":{"type":"Polygon","coordinates":[[[-73.99211,40.67412],[-73.99237,40.67381],[-73.98772,40.67156],[-73.9839,40.67615],[-73.98176,40.67932],[-73.9861,40.68101],[-73.98653,40.68037],[-73.98767,40.68082],[-73.98939,40.67828],[-73.98944,40.67746],[-73.99043,40.67625],[-73.99014,40.67611],[-73.99054,40.67558],[-73.99098,40.67549],[-73.99211,40.67412]]]},"properties":{"GEOID":"36047011901","NAME":"Census Tract 119.01","STATE":"36","COUNTY":"047"}},{"type":"Feature","geometry":{"type":"Polygon","coordinates":[[[-74.05066,40.65992],[-74.05074,40.65981],[-74.02505,40.64699],[-74.02485,40.64651],[-74.02384,40.64592],[-74.02146,40.64818],[-74.01926,40.64685],[-74.01284,40.65302],[-74.01505,40.65436],[-74.01383,40.65552],[-74.01466,40.65602],[-74.0142,40.65647],[-74.01433,40.65654],[-74.01423,40.65666],[-74.02405,40.66236],[-74.04963,40.66163],[-74.05066,40.65992]]]},"properties":{"GEOID":"36047001803","NAME":"Census Tract 18.03","STATE":"36","COUNTY":"047"}},{"type":"Feature","geometry":{"type":"Polygon","coordinates":[[[-73.9286,40.66597],[-73.92854,40.66457],[-73.92439,40.66639],[-73.92477,40.66749],[-73.92554,40.66849],[-73.92835,40.66865],[-73.9286,40.66597]]]},"properties":{"GEOID":"36047035702","NAME":"Census Tract 357.02","STATE":"36","COUNTY":"047"}},{"type":"Feature","geometry":{"type":"Polygon","coordinates":[[[-73.87973,40.65556],[-73.87338,40.64682],[-73.87032,40.64918],[-73.86048,40.65466],[-73.86126,40.65513],[-73.86216,40.65523],[-73.86381,40.65603],[-73.86718,40.66045],[-73.86916,40.66012],[-73.87973,40.65556]]]},"properties":{"GEOID":"36047107001","NAME":"Census Tract 1070.01","STATE":"36","COUNTY":"047"}},{"type":"Feature","geometry":{"type":"Polygon","coordinates":[[[-73.97615,40.6513],[-73.97635,40.65122],[-73.97539,40.64944],[-73.97496,40.6478],[-73.97326,40.64758],[-73.9714,40.64826],[-73.97208,40.65063],[-73.97262,40.65083],[-73.97261,40.65121],[-73.97234,40.65138],[-73.97268,40.65264],[-73.97615,40.6513]]]},"properties":{"GEOID":"36047050401","NAME":"Census Tract 504.01","STATE":"36","COUNTY":"047"}},{"type":"Feature","geometry":{"type":"Polygon","coordinates":[[[-73.95306,40.73792],[-73.95303,40.7375],[-73.95021,40.73671],[-73.94922,40.73068],[-73.95065,40.73054],[-73.94991,40.72924],[-73.94625,40.73049],[-73.94605,40.72926],[-73.94419,40.72944],[-73.94461,40.73207],[-73.94037,40.73327],[-73.94216,40.73568],[-73.94683,40.73744],[-73.95267,40.73926],[-73.95306,40.73792]]]},"properties":{"GEOID":"36047057902","NAME":"Census Tract 579.02","STATE":"36","COUNTY":"047"}},{"type":"Feature","geometry":{"type":"Polygon","coordinates":[[[-74.01115,40.6374],[-74.01176,40.63682],[-74.00956,40.63549],[-74.00721,40.63776],[-74.00941,40.63908],[-74.01115,40.6374]]]},"properties":{"GEOID":"36047010401","NAME":"Census Tract 104.01","STATE":"36","COUNTY":"047"}},{"type":"Feature","geometry":{"type":"Polygon","coordinates":[[[-74.00417,40.64413],[-74.00475,40.64357],[-74.00254,40.64224],[-74.00021,40.64448],[-74.00242,40.64581],[-74.00417,40.64413]]]},"properties":{"GEOID":"36047009401","NAME":"Census Tract 94.01","STATE":"36","COUNTY":"047"}},{"type":"Feature","geometry":{"type":"Polygon","coordinates":[[[-73.86392,40.67394],[-73.86284,40.66952],[-73.85728,40.67031],[-73.85763,40.67166],[-73.86039,40.67127],[-73.86106,40.67434],[-73.86392,40.67394]]]},"properties":{"GEOID":"36047120803","NAME":"Census Tract 1208.03","STATE":"36","COUNTY":"047"}},{"type":"Feature","geometry":{"type":"Polygon","coordinates":[[[-73.95547,40.738],[-73.95519,40.73587],[-73.95297,40.73608],[-73.95159,40.73045],[-73.95073,40.72897],[-73.94991,40.72924],[-73.95065,40.73054],[-73.94922,40.73068],[-73.95021,40.73671],[-73.95303,40.7375],[-73.95304,40.73806],[-73.95267,40.73926],[-73.95509,40.7394],[-73.95547,40.738]]]},"properties":{"GEOID":"36047057901","NAME":"Census Tract 579.01","STATE":"36","COUNTY":"047"}},{"type":"Feature","geometry":{"type":"Polygon","coordinates":[[[-73.97819,40.64753],[-73.97777,40.64534],[-73.97483,40.64566],[-73.97518,40.64782],[-73.97819,40.64753]]]},"properties":{"GEOID":"36047050002","NAME":"Census Tract 500.02","STATE":"36","COUNTY":"047"}},{"type":"Feature","geometry":{"type":"Polygon","coordinates":[[[-73.92833,40.66886],[-73.92835,40.66865],[-73.9256,40.6685],[-73.92533,40.67117],[-73.9281,40.67132],[-73.92833,40.66886]]]},"properties":{"GEOID":"36047035701","NAME":"Census Tract 357.01","STATE":"36","COUNTY":"047"}},{"type":"Feature","geometry":{"type":"Polygon","coordinates":[[[-73.96519,40.59787],[-73.96548,40.59783],[-73.96464,40.59333],[-73.96084,40.59374],[-73.96119,40.59831],[-73.96519,40.59787]]]},"properties":{"GEOID":"36047039200","NAME":"Census Tract 392","STATE":"36","COUNTY":"047"}},{"type":"Feature","geometry":{"type":"Polygon","coordinates":[[[-73.97002,40.60444],[-73.96913,40.59973],[-73.9659,40.60009],[-73.96696,40.60566],[-73.96869,40.6046],[-73.97002,40.60444]]]},"properties":{"GEOID":"36047041402","NAME":"Census Tract 414.02","STATE":"36","COUNTY":"047"}},{"type":"Feature","geometry":{"type":"Polygon","coordinates":[[[-74.00922,40.63063],[-74.01,40.63011],[-74.00435,40.62671],[-74.00193,40.62903],[-74.00702,40.63211],[-74.00922,40.63063]]]},"properties":{"GEOID":"36047021200","NAME":"Census Tract 212","STATE":"36","COUNTY":"047"}},{"type":"Feature","geometry":{"type":"Polygon","coordinates":[[[-74.00435,40.62671],[-74.00493,40.62615],[-74.00053,40.62349],[-73.99932,40.62466],[-73.99771,40.62368],[-73.99724,40.62529],[-74.00251,40.62847],[-74.00435,40.62671]]]},"properties":{"GEOID":"36047019400","NAME":"Census Tract 194","STATE":"36","COUNTY":"047"}},{"type":"Feature","geometry":{"type":"Polygon","coordinates":[[[-73.87668,40.68809],[-73.87583,40.68464],[-73.87457,40.68495],[-73.8741,40.6831],[-73.87219,40.68365],[-73.87405,40.6893],[-73.87668,40.68809]]]},"properties":{"GEOID":"36047117602","NAME":"Census Tract 1176.02","STATE":"36","COUNTY":"047"}},{"type":"Feature","geometry":{"type":"Polygon","coordinates":[[[-73.92115,40.6928],[-73.91779,40.69146],[-73.91481,40.6945],[-73.91782,40.69621],[-73.92115,40.6928]]]},"properties":{"GEOID":"36047041700","NAME":"Census Tract 417","STATE":"36","COUNTY":"047"}},{"type":"Feature","geometry":{"type":"Polygon","coordinates":[[[-73.91627,40.66465],[-73.91548,40.66157],[-73.91453,40.66172],[-73.91413,40.66018],[-73.91134,40.6606],[-73.91252,40.66521],[-73.91627,40.66465]]]},"properties":{"GEOID":"36047089800","NAME":"Census Tract 898","STATE":"36","COUNTY":"047"}},{"type":"Feature","geometry":{"type":"Polygon","coordinates":[[[-73.93198,40.63027],[-73.93174,40.62793],[-73.9243,40.62839],[-73.92042,40.6309],[-73.93198,40.63027]]]},"properties":{"GEOID":"36047072800","NAME":"Census Tract 728","STATE":"36","COUNTY":"047"}},{"type":"Feature","geometry":{"type":"Polygon","coordinates":[[[-73.90067,40.64366],[-73.89701,40.64037],[-73.89396,40.64234],[-73.89762,40.64563],[-73.90067,40.64366]]]},"properties":{"GEOID":"36047098800","NAME":"Census Tract 988","STATE":"36","COUNTY":"047"}},{"type":"Feature","geometry":{"type":"Polygon","coordinates":[[[-73.96136,40.60059],[-73.96103,40.59616],[-73.95693,40.59661],[-73.95776,40.60099],[-73.96136,40.60059]]]},"properties":{"GEOID":"36047058200","NAME":"Census Tract 582","STATE":"36","COUNTY":"047"}},{"type":"Feature","geometry":{"type":"Polygon","coordinates":[[[-73.92053,40.61394],[-73.92082,40.61376],[-73.91901,40.61212],[-73.91388,40.61543],[-73.91714,40.61839],[-73.9169,40.61627],[-73.92053,40.61394]]]},"properties":{"GEOID":"36047068600","NAME":"Census Tract 686","STATE":"36","COUNTY":"047"}},{"type":"Feature","geometry":{"type":"Polygon","coordinates":[[[-73.98743,40.61846],[-73.98807,40.61785],[-73.98144,40.61384],[-73.97964,40.61556],[-73.98628,40.61957],[-73.98743,40.61846]]]},"properties":{"GEOID":"36047025400","NAME":"Census Tract 254","STATE":"36","COUNTY":"047"}},{"type":"Feature","geometry":{"type":"Polygon","coordinates":[[[-73.95379,40.66451],[-73.95385,40.66373],[-73.95097,40.66391],[-73.9505,40.66986],[-73.95327,40.67001],[-73.95379,40.66451]]]},"properties":{"GEOID":"36047032100","NAME":"Census Tract 321","STATE":"36","COUNTY":"047"}},{"type":"Feature","geometry":{"type":"Polygon","coordinates":[[[-73.94716,40.65559],[-73.94703,40.65434],[-73.94607,40.65441],[-73.94571,40.65101],[-73.94189,40.65117],[-73.9424,40.65589],[-73.94716,40.65559]]]},"properties":{"GEOID":"36047081600","NAME":"Census Tract 816","STATE":"36","COUNTY":"047"}},{"type":"Feature","geometry":{"type":"Polygon","coordinates":[[[-73.96983,40.69314],[-73.9691,40.68947],[-73.96519,40.68978],[-73.96591,40.69343],[-73.96983,40.69314]]]},"properties":{"GEOID":"36047019500","NAME":"Census Tract 195","STATE":"36","COUNTY":"047"}},{"type":"Feature","geometry":{"type":"Polygon","coordinates":[[[-73.97775,40.6174],[-73.97785,40.61729],[-73.97563,40.61595],[-73.97548,40.61631],[-73.96911,40.61701],[-73.96978,40.62056],[-73.97349,40.61918],[-73.97481,40.61837],[-73.9753,40.62091],[-73.97775,40.6174]]]},"properties":{"GEOID":"36047044800","NAME":"Census Tract 448","STATE":"36","COUNTY":"047"}},{"type":"Feature","geometry":{"type":"Polygon","coordinates":[[[-74.02021,40.64198],[-74.01617,40.63948],[-74.01381,40.64175],[-74.01793,40.64423],[-74.02021,40.64198]]]},"properties":{"GEOID":"36047007400","NAME":"Census Tract 74","STATE":"36","COUNTY":"047"}},{"type":"Feature","geometry":{"type":"Polygon","coordinates":[[[-74.05647,40.63172],[-74.05663,40.62729],[-74.04168,40.62602],[-74.03643,40.62473],[-74.03579,40.62628],[-74.03311,40.62565],[-74.03255,40.62701],[-74.02715,40.62573],[-74.02686,40.62646],[-74.03762,40.62901],[-74.03792,40.62828],[-74.05647,40.63172]]]},"properties":{"GEOID":"36047004600","NAME":"Census Tract 46","STATE":"36","COUNTY":"047"}},{"type":"Feature","geometry":{"type":"Polygon","coordinates":[[[-73.88773,40.76692],[-73.88755,40.76635],[-73.88369,40.76715],[-73.87907,40.76784],[-73.8787,40.76576],[-73.87894,40.76574],[-73.87898,40.76388],[-73.8788,40.7639],[-73.87886,40.76362],[-73.87829,40.76351],[-73.87797,40.76179],[-73.875,40.76126],[-73.87639,40.769],[-73.87601,40.76982],[-73.87612,40.77163],[-73.87862,40.77086],[-73.88432,40.76798],[-73.88773,40.76692]]]},"properties":{"GEOID":"36081034700","NAME":"Census Tract 347","STATE":"36","COUNTY":"081"}},{"type":"Feature","geometry":{"type":"Polygon","coordinates":[[[-73.87601,40.76144],[-73.87514,40.75663],[-73.87222,40.75694],[-73.87325,40.76266],[-73.87531,40.76301],[-73.875,40.76126],[-73.87601,40.76144]]]},"properties":{"GEOID":"36081035300","NAME":"Census Tract 353","STATE":"36","COUNTY":"081"}},{"type":"Feature","geometry":{"type":"Polygon","coordinates":[[[-73.9587,40.83773],[-73.95882,40.83746],[-73.94934,40.83398],[-73.9489,40.83407],[-73.94829,40.83386],[-73.94298,40.83157],[-73.94158,40.83349],[-73.94959,40.83683],[-73.95783,40.83972],[-73.9587,40.83773]]]},"properties":{"GEOID":"36061024100","NAME":"Census Tract 241","STATE":"36","COUNTY":"061"}},{"type":"Feature","geometry":{"type":"Polygon","coordinates":[[[-73.9479,40.79293],[-73.94839,40.79226],[-73.94517,40.79089],[-73.94188,40.79541],[-73.9451,40.79676],[-73.9479,40.79293]]]},"properties":{"GEOID":"36061017200","NAME":"Census Tract 172","STATE":"36","COUNTY":"061"}},{"type":"Feature","geometry":{"type":"Polygon","coordinates":[[[-73.94667,40.65095],[-73.94607,40.64531],[-73.94417,40.64543],[-73.94434,40.64708],[-73.94337,40.64711],[-73.94353,40.64854],[-73.94292,40.64857],[-73.94305,40.64931],[-73.94263,40.64934],[-73.94283,40.65111],[-73.94667,40.65095]]]},"properties":{"GEOID":"36047085600","NAME":"Census Tract 856","STATE":"36","COUNTY":"047"}},{"type":"Feature","geometry":{"type":"Polygon","coordinates":[[[-73.93617,40.65147],[-73.93586,40.64866],[-73.933,40.64874],[-73.93292,40.648],[-73.93,40.64818],[-73.93038,40.65173],[-73.93617,40.65147]]]},"properties":{"GEOID":"36047086000","NAME":"Census Tract 860","STATE":"36","COUNTY":"047"}},{"type":"Feature","geometry":{"type":"Polygon","coordinates":[[[-73.92609,40.65692],[-73.92561,40.65245],[-73.92077,40.65255],[-73.92088,40.65361],[-73.92465,40.65701],[-73.92609,40.65692]]]},"properties":{"GEOID":"36047086400","NAME":"Census Tract 864","STATE":"36","COUNTY":"047"}},{"type":"Feature","geometry":{"type":"Polygon","coordinates":[[[-73.93572,40.6563],[-73.93542,40.6535],[-73.93448,40.65356],[-73.93427,40.65156],[-73.93139,40.65169],[-73.93191,40.65654],[-73.93572,40.6563]]]},"properties":{"GEOID":"36047087000","NAME":"Census Tract 870","STATE":"36","COUNTY":"047"}},{"type":"Feature","geometry":{"type":"Polygon","coordinates":[[[-73.94003,40.66302],[-73.93962,40.65777],[-73.93686,40.65794],[-73.9374,40.66292],[-73.93726,40.66319],[-73.94003,40.66302]]]},"properties":{"GEOID":"36047087401","NAME":"Census Tract 874.01","STATE":"36","COUNTY":"047"}},{"type":"Feature","geometry":{"type":"Polygon","coordinates":[[[-73.9374,40.66292],[-73.93686,40.65794],[-73.934,40.65812],[-73.93455,40.66336],[-73.93726,40.66319],[-73.9374,40.66292]]]},"properties":{"GEOID":"36047087600","NAME":"Census Tract 876","STATE":"36","COUNTY":"047"}},{"type":"Feature","geometry":{"type":"Polygon","coordinates":[[[-73.93423,40.66041],[-73.934,40.65812],[-73.93108,40.6583],[-73.9309,40.65661],[-73.928,40.6568],[-73.92817,40.65848],[-73.92914,40.65842],[-73.92939,40.66072],[-73.93423,40.66041]]]},"properties":{"GEOID":"36047087800","NAME":"Census Tract 878","STATE":"36","COUNTY":"047"}},{"type":"Feature","geometry":{"type":"Polygon","coordinates":[[[-73.92987,40.66399],[-73.93069,40.66362],[-73.92464,40.65818],[-73.92541,40.65768],[-73.9236,40.65605],[-73.9214,40.65748],[-73.92685,40.66237],[-73.92614,40.66283],[-73.92823,40.66471],[-73.92987,40.66399]]]},"properties":{"GEOID":"36047088200","NAME":"Census Tract 882","STATE":"36","COUNTY":"047"}},{"type":"Feature","geometry":{"type":"Polygon","coordinates":[[[-73.90504,40.6937],[-73.90124,40.69144],[-73.90129,40.6923],[-73.90096,40.69281],[-73.90003,40.69344],[-73.89889,40.69539],[-73.90122,40.69717],[-73.90322,40.69512],[-73.9035,40.69527],[-73.90504,40.6937]]]},"properties":{"GEOID":"36081055900","NAME":"Census Tract 559","STATE":"36","COUNTY":"081"}},{"type":"Feature","geometry":{"type":"Polygon","coordinates":[[[-73.90124,40.69144],[-73.9018,40.69077],[-73.90042,40.68818],[-73.90116,40.68788],[-73.89652,40.6824],[-73.89612,40.68314],[-73.8942,40.68531],[-73.89252,40.68342],[-73.89014,40.68501],[-73.88961,40.68421],[-73.88808,40.68529],[-73.88452,40.68669],[-73.88378,40.68786],[-73.87946,40.69123],[-73.87402,40.69419],[-73.86892,40.69515],[-73.8708,40.69788],[-73.86931,40.69936],[-73.86952,40.70141],[-73.86912,40.7016],[-73.86916,40.70289],[-73.8764,40.70229],[-73.87623,40.70173],[-73.88177,40.69953],[-73.8827,40.70072],[-73.88492,40.7001],[-73.88771,40.69968],[-73.88819,40.69886],[-73.88785,40.69773],[-73.88729,40.69696],[-73.88649,40.69644],[-73.88865,40.69583],[-73.88829,40.69524],[-73.88919,40.69494],[-73.89196,40.69441],[-73.89245,40.69523],[-73.89508,40.69459],[-73.89543,40.69417],[-73.89398,40.69308],[-73.89326,40.6922],[-73.89474,40.69264],[-73.89696,40.69192],[-73.89743,40.69329],[-73.89691,40.69384],[-73.89737,40.69412],[-73.89919,40.69379],[-73.90096,40.69281],[-73.90129,40.6923],[-73.90124,40.69144]]]},"properties":{"GEOID":"36081056100","NAME":"Census Tract 561","STATE":"36","COUNTY":"081"}},{"type":"Feature","geometry":{"type":"Polygon","coordinates":[[[-73.89954,40.69429],[-73.90003,40.69344],[-73.89919,40.69379],[-73.89737,40.69412],[-73.89691,40.69384],[-73.89743,40.69329],[-73.89696,40.69192],[-73.89474,40.69264],[-73.89326,40.6922],[-73.89398,40.69308],[-73.89646,40.69448],[-73.89579,40.69474],[-73.8956,40.69513],[-73.89677,40.6968],[-73.89838,40.69614],[-73.89954,40.69429]]]},"properties":{"GEOID":"36081056500","NAME":"Census Tract 565","STATE":"36","COUNTY":"081"}},{"type":"Feature","geometry":{"type":"Polygon","coordinates":[[[-73.89677,40.6968],[-73.8956,40.69513],[-73.89579,40.69474],[-73.89646,40.69448],[-73.89398,40.69308],[-73.89543,40.69417],[-73.89508,40.69459],[-73.89245,40.69523],[-73.89196,40.69441],[-73.88919,40.69494],[-73.88829,40.69524],[-73.88865,40.69583],[-73.88649,40.69644],[-73.88757,40.69723],[-73.88819,40.69886],[-73.89289,40.69774],[-73.89335,40.70089],[-73.89384,40.70086],[-73.895,40.69971],[-73.89485,40.69859],[-73.89578,40.69851],[-73.89559,40.69713],[-73.89677,40.6968]]]},"properties":{"GEOID":"36081056700","NAME":"Census Tract 567","STATE":"36","COUNTY":"081"}},{"type":"Feature","geometry":{"type":"Polygon","coordinates":[[[-73.91104,40.69953],[-73.90612,40.69675],[-73.90249,40.70048],[-73.91104,40.69953]]]},"properties":{"GEOID":"36081055300","NAME":"Census Tract 553","STATE":"36","COUNTY":"081"}},{"type":"Feature","geometry":{"type":"Polygon","coordinates":[[[-73.90612,40.69675],[-73.90426,40.6957],[-73.9058,40.69413],[-73.90504,40.6937],[-73.9035,40.69527],[-73.90322,40.69512],[-73.9001,40.69832],[-73.90295,40.70001],[-73.90612,40.69675]]]},"properties":{"GEOID":"36081055500","NAME":"Census Tract 555","STATE":"36","COUNTY":"081"}},{"type":"Feature","geometry":{"type":"Polygon","coordinates":[[[-73.90249,40.70048],[-73.90295,40.70001],[-73.9001,40.69832],[-73.90122,40.69717],[-73.89889,40.69539],[-73.89838,40.69614],[-73.89559,40.69713],[-73.89578,40.69851],[-73.89485,40.69859],[-73.895,40.69971],[-73.89384,40.70086],[-73.89798,40.70052],[-73.90249,40.70048]]]},"properties":{"GEOID":"36081055700","NAME":"Census Tract 557","STATE":"36","COUNTY":"081"}},{"type":"Feature","geometry":{"type":"Polygon","coordinates":[[[-73.89384,40.70086],[-73.89335,40.70089],[-73.89289,40.69774],[-73.88819,40.69886],[-73.88882,40.69951],[-73.88886,40.70128],[-73.8874,40.7014],[-73.88804,40.70297],[-73.89274,40.70185],[-73.89384,40.70086]]]},"properties":{"GEOID":"36081057700","NAME":"Census Tract 577","STATE":"36","COUNTY":"081"}},{"type":"Feature","geometry":{"type":"Polygon","coordinates":[[[-73.89394,40.7181],[-73.89424,40.71792],[-73.89284,40.71601],[-73.89269,40.71667],[-73.89053,40.7187],[-73.88792,40.71581],[-73.88423,40.71752],[-73.8854,40.7191],[-73.88557,40.7191],[-73.88516,40.72048],[-73.88483,40.72082],[-73.88092,40.7216],[-73.88244,40.72351],[-73.89394,40.7181]]]},"properties":{"GEOID":"36081066501","NAME":"Census Tract 665.01","STATE":"36","COUNTY":"081"}},{"type":"Feature","geometry":{"type":"Polygon","coordinates":[[[-73.87794,40.7179],[-73.87738,40.71721],[-73.87239,40.71783],[-73.87053,40.71816],[-73.86797,40.71927],[-73.86987,40.72164],[-73.87794,40.7179]]]},"properties":{"GEOID":"36081067700","NAME":"Census Tract 677","STATE":"36","COUNTY":"081"}},{"type":"Feature","geometry":{"type":"Polygon","coordinates":[[[-73.875,40.73079],[-73.87524,40.73072],[-73.87143,40.72925],[-73.87063,40.72706],[-73.87007,40.72722],[-73.86963,40.72791],[-73.86924,40.72777],[-73.86848,40.72898],[-73.8663,40.72819],[-73.86448,40.73109],[-73.86658,40.73198],[-73.86678,40.73166],[-73.86904,40.73285],[-73.875,40.73079]]]},"properties":{"GEOID":"36081068700","NAME":"Census Tract 687","STATE":"36","COUNTY":"081"}},{"type":"Feature","geometry":{"type":"Polygon","coordinates":[[[-73.9918,40.65946],[-73.99238,40.6589],[-73.99019,40.6576],[-73.9873,40.66044],[-73.98877,40.66243],[-73.9918,40.65946]]]},"properties":{"GEOID":"36047014700","NAME":"Census Tract 147","STATE":"36","COUNTY":"047"}},{"type":"Feature","geometry":{"type":"Polygon","coordinates":[[[-74.01329,40.61467],[-74.01393,40.61406],[-74.01171,40.61273],[-74.0076,40.6167],[-74.0098,40.61802],[-74.01329,40.61467]]]},"properties":{"GEOID":"36047015000","NAME":"Census Tract 150","STATE":"36","COUNTY":"047"}},{"type":"Feature","geometry":{"type":"Polygon","coordinates":[[[-73.98343,40.66864],[-73.98394,40.66803],[-73.97922,40.66575],[-73.97721,40.66817],[-73.98193,40.67045],[-73.98343,40.66864]]]},"properties":{"GEOID":"36047015300","NAME":"Census Tract 153","STATE":"36","COUNTY":"047"}},{"type":"Feature","geometry":{"type":"Polygon","coordinates":[[[-74.02476,40.60978],[-74.0215,40.60783],[-74.0224,40.60698],[-74.02064,40.6059],[-74.0213,40.60436],[-74.01873,40.60357],[-74.0155,40.60684],[-74.01702,40.60766],[-74.01171,40.61273],[-74.02122,40.61847],[-74.02476,40.60978]]]},"properties":{"GEOID":"36047015400","NAME":"Census Tract 154","STATE":"36","COUNTY":"047"}},{"type":"Feature","geometry":{"type":"Polygon","coordinates":[[[-73.97787,40.67558],[-73.97796,40.67544],[-73.97102,40.67275],[-73.96935,40.67267],[-73.96892,40.67294],[-73.9688,40.67328],[-73.96884,40.67439],[-73.96917,40.67496],[-73.96969,40.67536],[-73.9695,40.67591],[-73.9719,40.67641],[-73.97618,40.67807],[-73.97787,40.67558]]]},"properties":{"GEOID":"36047015900","NAME":"Census Tract 159","STATE":"36","COUNTY":"047"}},{"type":"Feature","geometry":{"type":"Polygon","coordinates":[[[-73.97575,40.6787],[-73.97618,40.67807],[-73.9719,40.67641],[-73.97244,40.67716],[-73.97064,40.68241],[-73.97378,40.68306],[-73.97469,40.68027],[-73.97575,40.6787]]]},"properties":{"GEOID":"36047016100","NAME":"Census Tract 161","STATE":"36","COUNTY":"047"}},{"type":"Feature","geometry":{"type":"Polygon","coordinates":[[[-74.03609,40.60997],[-74.03573,40.60939],[-74.03505,40.60954],[-74.03322,40.61019],[-74.03145,40.61112],[-74.0263,40.61633],[-74.0275,40.61696],[-74.0287,40.61563],[-74.03049,40.61652],[-74.03487,40.61137],[-74.03591,40.61044],[-74.03609,40.60997]]]},"properties":{"GEOID":"36047016200","NAME":"Census Tract 162","STATE":"36","COUNTY":"047"}},{"type":"Feature","geometry":{"type":"Polygon","coordinates":[[[-73.97235,40.67745],[-73.97244,40.67716],[-73.9719,40.67641],[-73.9695,40.67591],[-73.96748,40.68175],[-73.97064,40.68241],[-73.97235,40.67745]]]},"properties":{"GEOID":"36047016300","NAME":"Census Tract 163","STATE":"36","COUNTY":"047"}},{"type":"Feature","geometry":{"type":"Polygon","coordinates":[[[-74.04149,40.60751],[-74.04348,40.60679],[-74.03138,40.60231],[-74.02185,40.6006],[-74.01873,40.60357],[-74.0213,40.60436],[-74.02064,40.6059],[-74.0224,40.60698],[-74.0215,40.60783],[-74.02478,40.60968],[-74.02711,40.61024],[-74.02639,40.61241],[-74.02755,40.61293],[-74.02573,40.61605],[-74.0263,40.61633],[-74.02897,40.61352],[-74.03011,40.6126],[-74.0306,40.61191],[-74.03192,40.61083],[-74.03481,40.60962],[-74.04149,40.60751]]]},"properties":{"GEOID":"36047016400","NAME":"Census Tract 164","STATE":"36","COUNTY":"047"}},{"type":"Feature","geometry":{"type":"Polygon","coordinates":[[[-73.97721,40.66817],[-73.97772,40.66757],[-73.97534,40.66642],[-73.97182,40.67063],[-73.97041,40.67262],[-73.97296,40.67349],[-73.97721,40.66817]]]},"properties":{"GEOID":"36047016500","NAME":"Census Tract 165","STATE":"36","COUNTY":"047"}},{"type":"Feature","geometry":{"type":"Polygon","coordinates":[[[-73.98173,40.66274],[-73.98223,40.66214],[-73.98017,40.66116],[-73.97965,40.66124],[-73.97534,40.66642],[-73.97772,40.66757],[-73.98173,40.66274]]]},"properties":{"GEOID":"36047016700","NAME":"Census Tract 167","STATE":"36","COUNTY":"047"}},{"type":"Feature","geometry":{"type":"Polygon","coordinates":[[[-74.01945,40.60283],[-74.02185,40.6006],[-74.01698,40.59972],[-74.01445,40.60234],[-74.01452,40.60281],[-74.01237,40.60521],[-74.0155,40.60684],[-74.01945,40.60283]]]},"properties":{"GEOID":"36047016800","NAME":"Census Tract 168","STATE":"36","COUNTY":"047"}},{"type":"Feature","geometry":{"type":"Polygon","coordinates":[[[-73.98507,40.65903],[-73.98065,40.65638],[-73.97751,40.65986],[-73.97958,40.66085],[-73.97999,40.66075],[-73.98021,40.66093],[-73.98017,40.66116],[-73.98223,40.66214],[-73.98507,40.65903]]]},"properties":{"GEOID":"36047016900","NAME":"Census Tract 169","STATE":"36","COUNTY":"047"}},{"type":"Feature","geometry":{"type":"Polygon","coordinates":[[[-74.0146,40.65133],[-74.01518,40.65077],[-74.01263,40.64924],[-74.00623,40.6554],[-74.00879,40.65696],[-74.01168,40.65414],[-74.01389,40.65547],[-74.01505,40.65436],[-74.01284,40.65302],[-74.0146,40.65133]]]},"properties":{"GEOID":"36047000200","NAME":"Census Tract 2","STATE":"36","COUNTY":"047"}},{"type":"Feature","geometry":{"type":"Polygon","coordinates":[[[-73.98007,40.65694],[-73.98065,40.65638],[-73.97804,40.65475],[-73.97657,40.65531],[-73.97642,40.65453],[-73.97356,40.65564],[-73.97448,40.65834],[-73.97751,40.65986],[-73.98007,40.65694]]]},"properties":{"GEOID":"36047017100","NAME":"Census Tract 171","STATE":"36","COUNTY":"047"}},{"type":"Feature","geometry":{"type":"Polygon","coordinates":[[[-74.01469,40.60642],[-74.01237,40.60521],[-74.00601,40.61133],[-74.0083,40.61257],[-74.01469,40.60642]]]},"properties":{"GEOID":"36047017200","NAME":"Census Tract 172","STATE":"36","COUNTY":"047"}},{"type":"Feature","geometry":{"type":"Polygon","coordinates":[[[-74.01698,40.59972],[-74.01602,40.59955],[-74.01409,40.59853],[-74.01002,40.60247],[-74.01075,40.60292],[-74.00837,40.60522],[-74.01082,40.6067],[-74.01398,40.60343],[-74.01452,40.60281],[-74.01445,40.60234],[-74.01698,40.59972]]]},"properties":{"GEOID":"36047017400","NAME":"Census Tract 174","STATE":"36","COUNTY":"047"}},{"type":"Feature","geometry":{"type":"Polygon","coordinates":[[[-74.001,40.65407],[-74.00214,40.65296],[-73.99782,40.65028],[-73.99828,40.64973],[-73.98906,40.64412],[-73.98835,40.64456],[-73.98181,40.64713],[-73.98029,40.6473],[-73.9818,40.65525],[-73.98843,40.65925],[-73.99019,40.6576],[-73.99238,40.6589],[-73.99296,40.65834],[-73.99517,40.65967],[-74.001,40.65407]]]},"properties":{"GEOID":"36047017500","NAME":"Census Tract 175","STATE":"36","COUNTY":"047"}},{"type":"Feature","geometry":{"type":"Polygon","coordinates":[[[-74.0007,40.69439],[-73.9992,40.69387],[-73.99672,40.69344],[-73.99429,40.69853],[-73.99671,40.69922],[-73.99695,40.69962],[-73.9975,40.69965],[-73.99886,40.69692],[-73.99947,40.6967],[-73.99946,40.69628],[-74.0007,40.69439]]]},"properties":{"GEOID":"36047000301","NAME":"Census Tract 3.01","STATE":"36","COUNTY":"047"}},{"type":"Feature","geometry":{"type":"Polygon","coordinates":[[[-73.91939,40.78009],[-73.92013,40.77949],[-73.91455,40.77555],[-73.91238,40.77731],[-73.91797,40.78126],[-73.91939,40.78009]]]},"properties":{"GEOID":"36081010100","NAME":"Census Tract 101","STATE":"36","COUNTY":"081"}},{"type":"Feature","geometry":{"type":"Polygon","coordinates":[[[-73.82147,40.68489],[-73.82042,40.68276],[-73.81359,40.68471],[-73.81164,40.68566],[-73.81249,40.68744],[-73.82147,40.68489]]]},"properties":{"GEOID":"36081016400","NAME":"Census Tract 164","STATE":"36","COUNTY":"081"}},{"type":"Feature","geometry":{"type":"Polygon","coordinates":[[[-73.81915,40.70903],[-73.81915,40.70843],[-73.8186,40.70893],[-73.81642,40.70987],[-73.81543,40.71079],[-73.8142,40.71104],[-73.81443,40.71157],[-73.81401,40.71219],[-73.81426,40.71267],[-73.81244,40.71288],[-73.81243,40.71264],[-73.81056,40.71263],[-73.80983,40.71281],[-73.81015,40.71347],[-73.81022,40.71571],[-73.80777,40.71572],[-73.80782,40.71591],[-73.81644,40.71589],[-73.81653,40.71423],[-73.81705,40.71306],[-73.81756,40.71242],[-73.81751,40.71221],[-73.81868,40.7107],[-73.81915,40.70903]]]},"properties":{"GEOID":"36081022002","NAME":"Census Tract 220.02","STATE":"36","COUNTY":"081"}},{"type":"Feature","geometry":{"type":"Polygon","coordinates":[[[-73.82654,40.76046],[-73.82518,40.75765],[-73.82076,40.75884],[-73.82207,40.76163],[-73.82654,40.76046]]]},"properties":{"GEOID":"36081085500","NAME":"Census Tract 855","STATE":"36","COUNTY":"081"}},{"type":"Feature","geometry":{"type":"Polygon","coordinates":[[[-73.91083,40.77964],[-73.90596,40.77619],[-73.90379,40.77796],[-73.90867,40.7814],[-73.91083,40.77964]]]},"properties":{"GEOID":"36081011100","NAME":"Census Tract 111","STATE":"36","COUNTY":"081"}},{"type":"Feature","geometry":{"type":"Polygon","coordinates":[[[-73.87442,40.72723],[-73.87471,40.72709],[-73.87337,40.726],[-73.86797,40.71927],[-73.86548,40.72028],[-73.86929,40.72444],[-73.87063,40.72706],[-73.87143,40.72925],[-73.87442,40.72723]]]},"properties":{"GEOID":"36081067900","NAME":"Census Tract 679","STATE":"36","COUNTY":"081"}},{"type":"Feature","geometry":{"type":"Polygon","coordinates":[[[-73.8313,40.69306],[-73.82934,40.689],[-73.82599,40.68995],[-73.82797,40.69399],[-73.8313,40.69306]]]},"properties":{"GEOID":"36081012000","NAME":"Census Tract 120","STATE":"36","COUNTY":"081"}},{"type":"Feature","geometry":{"type":"Polygon","coordinates":[[[-73.9293,40.7585],[-73.9277,40.75775],[-73.92896,40.75621],[-73.92416,40.75396],[-73.92166,40.75705],[-73.92805,40.76005],[-73.9293,40.7585]]]},"properties":{"GEOID":"36081005700","NAME":"Census Tract 57","STATE":"36","COUNTY":"081"}},{"type":"Feature","geometry":{"type":"Polygon","coordinates":[[[-73.88454,40.76141],[-73.88351,40.75575],[-73.88072,40.75605],[-73.88175,40.76171],[-73.88454,40.76141]]]},"properties":{"GEOID":"36081033700","NAME":"Census Tract 337","STATE":"36","COUNTY":"081"}},{"type":"Feature","geometry":{"type":"Polygon","coordinates":[[[-74.02566,40.62214],[-74.02621,40.62149],[-74.02293,40.6195],[-74.02025,40.62243],[-74.01971,40.62219],[-74.01888,40.6243],[-74.02006,40.62429],[-74.01963,40.62488],[-74.02119,40.62582],[-74.02239,40.6229],[-74.02475,40.62432],[-74.02566,40.62214]]]},"properties":{"GEOID":"36047014200","NAME":"Census Tract 142","STATE":"36","COUNTY":"047"}},{"type":"Feature","geometry":{"type":"Polygon","coordinates":[[[-73.99872,40.66272],[-73.9993,40.66216],[-73.99296,40.65834],[-73.99064,40.66058],[-73.99696,40.66439],[-73.99872,40.66272]]]},"properties":{"GEOID":"36047014500","NAME":"Census Tract 145","STATE":"36","COUNTY":"047"}},{"type":"Feature","geometry":{"type":"Polygon","coordinates":[[[-73.8822,40.68536],[-73.88061,40.67911],[-73.87743,40.68002],[-73.87908,40.68688],[-73.8822,40.68536]]]},"properties":{"GEOID":"36047117400","NAME":"Census Tract 1174","STATE":"36","COUNTY":"047"}},{"type":"Feature","geometry":{"type":"Polygon","coordinates":[[[-73.87767,40.68209],[-73.87787,40.68204],[-73.87743,40.68002],[-73.8736,40.68112],[-73.87328,40.67992],[-73.8712,40.68022],[-73.87219,40.68365],[-73.87767,40.68209]]]},"properties":{"GEOID":"36047117800","NAME":"Census Tract 1178","STATE":"36","COUNTY":"047"}},{"type":"Feature","geometry":{"type":"Polygon","coordinates":[[[-73.88909,40.68464],[-73.88961,40.68421],[-73.88892,40.68313],[-73.88819,40.68256],[-73.8726,40.68992],[-73.86806,40.69118],[-73.86892,40.69515],[-73.87402,40.69419],[-73.87946,40.69123],[-73.88378,40.68786],[-73.88452,40.68669],[-73.88808,40.68529],[-73.88909,40.68464]]]},"properties":{"GEOID":"36047118000","NAME":"Census Tract 1180","STATE":"36","COUNTY":"047"}},{"type":"Feature","geometry":{"type":"Polygon","coordinates":[[[-73.87405,40.6893],[-73.87274,40.68541],[-73.86991,40.68612],[-73.87095,40.6905],[-73.87405,40.6893]]]},"properties":{"GEOID":"36047118201","NAME":"Census Tract 1182.01","STATE":"36","COUNTY":"047"}},{"type":"Feature","geometry":{"type":"Polygon","coordinates":[[[-73.87048,40.69062],[-73.87095,40.6905],[-73.86991,40.68612],[-73.86702,40.68683],[-73.86806,40.69118],[-73.87048,40.69062]]]},"properties":{"GEOID":"36047118202","NAME":"Census Tract 1182.02","STATE":"36","COUNTY":"047"}},{"type":"Feature","geometry":{"type":"Polygon","coordinates":[[[-73.87274,40.68541],[-73.87157,40.68169],[-73.8663,40.68319],[-73.86702,40.68683],[-73.87274,40.68541]]]},"properties":{"GEOID":"36047118400","NAME":"Census Tract 1184","STATE":"36","COUNTY":"047"}},{"type":"Feature","geometry":{"type":"Polygon","coordinates":[[[-73.87157,40.68169],[-73.8712,40.68022],[-73.86941,40.68047],[-73.86934,40.68019],[-73.86566,40.68059],[-73.86379,40.68111],[-73.8641,40.68237],[-73.86603,40.68192],[-73.8663,40.68319],[-73.87157,40.68169]]]},"properties":{"GEOID":"36047118600","NAME":"Census Tract 1186","STATE":"36","COUNTY":"047"}},{"type":"Feature","geometry":{"type":"Polygon","coordinates":[[[-73.95586,40.80374],[-73.95632,40.80311],[-73.95064,40.80072],[-73.94873,40.80333],[-73.95442,40.80572],[-73.95586,40.80374]]]},"properties":{"GEOID":"36061021800","NAME":"Census Tract 218","STATE":"36","COUNTY":"061"}},{"type":"Feature","geometry":{"type":"Polygon","coordinates":[[[-73.9678,40.82085],[-73.95949,40.81701],[-73.95627,40.81337],[-73.95272,40.81824],[-73.95545,40.81938],[-73.95602,40.8188],[-73.96001,40.82042],[-73.96598,40.82335],[-73.9678,40.82085]]]},"properties":{"GEOID":"36061021900","NAME":"Census Tract 219","STATE":"36","COUNTY":"061"}},{"type":"Feature","geometry":{"type":"Polygon","coordinates":[[[-73.94801,40.81712],[-73.94836,40.81637],[-73.94703,40.81583],[-73.94378,40.82029],[-73.94608,40.82126],[-73.94801,40.81712]]]},"properties":{"GEOID":"36061022102","NAME":"Census Tract 221.02","STATE":"36","COUNTY":"061"}},{"type":"Feature","geometry":{"type":"Polygon","coordinates":[[[-73.9659,40.82346],[-73.96598,40.82335],[-73.96001,40.82042],[-73.95602,40.8188],[-73.95545,40.81938],[-73.95508,40.8201],[-73.96514,40.8245],[-73.9659,40.82346]]]},"properties":{"GEOID":"36061022302","NAME":"Census Tract 223.02","STATE":"36","COUNTY":"061"}},{"type":"Feature","geometry":{"type":"Polygon","coordinates":[[[-73.95022,40.81148],[-73.95068,40.81084],[-73.94499,40.80845],[-73.94317,40.81094],[-73.94603,40.81212],[-73.94557,40.81275],[-73.94842,40.81394],[-73.95022,40.81148]]]},"properties":{"GEOID":"36061022400","NAME":"Census Tract 224","STATE":"36","COUNTY":"061"}},{"type":"Feature","geometry":{"type":"Polygon","coordinates":[[[-73.94795,40.81458],[-73.94842,40.81394],[-73.94557,40.81275],[-73.94603,40.81212],[-73.94317,40.81094],[-73.94135,40.81344],[-73.94703,40.81583],[-73.94795,40.81458]]]},"properties":{"GEOID":"36061022600","NAME":"Census Tract 226","STATE":"36","COUNTY":"061"}},{"type":"Feature","geometry":{"type":"Polygon","coordinates":[[[-73.94655,40.8165],[-73.94703,40.81583],[-73.94135,40.81344],[-73.93946,40.81603],[-73.94514,40.81842],[-73.94655,40.8165]]]},"properties":{"GEOID":"36061022800","NAME":"Census Tract 228","STATE":"36","COUNTY":"061"}},{"type":"Feature","geometry":{"type":"Polygon","coordinates":[[[-73.96246,40.82918],[-73.96259,40.8289],[-73.94901,40.82331],[-73.94712,40.8259],[-73.95127,40.82766],[-73.95197,40.82704],[-73.95259,40.8273],[-73.95371,40.82728],[-73.95443,40.82807],[-73.96168,40.83096],[-73.96246,40.82918]]]},"properties":{"GEOID":"36061022900","NAME":"Census Tract 229","STATE":"36","COUNTY":"061"}},{"type":"Feature","geometry":{"type":"Polygon","coordinates":[[[-73.94469,40.81905],[-73.94514,40.81842],[-73.93946,40.81603],[-73.93764,40.81852],[-73.94332,40.82092],[-73.94469,40.81905]]]},"properties":{"GEOID":"36061023000","NAME":"Census Tract 230","STATE":"36","COUNTY":"061"}},{"type":"Feature","geometry":{"type":"Polygon","coordinates":[[[-73.86934,40.68019],[-73.86855,40.67721],[-73.86511,40.6777],[-73.86203,40.67789],[-73.86235,40.67916],[-73.86328,40.67907],[-73.86379,40.68111],[-73.86566,40.68059],[-73.86934,40.68019]]]},"properties":{"GEOID":"36047118800","NAME":"Census Tract 1188","STATE":"36","COUNTY":"047"}},{"type":"Feature","geometry":{"type":"Polygon","coordinates":[[[-73.88061,40.67911],[-73.88106,40.67898],[-73.87988,40.67425],[-73.87527,40.67492],[-73.87657,40.68018],[-73.88061,40.67911]]]},"properties":{"GEOID":"36047119200","NAME":"Census Tract 1192","STATE":"36","COUNTY":"047"}},{"type":"Feature","geometry":{"type":"Polygon","coordinates":[[[-73.87988,40.67425],[-73.87887,40.6702],[-73.87423,40.67086],[-73.87527,40.67492],[-73.87988,40.67425]]]},"properties":{"GEOID":"36047119400","NAME":"Census Tract 1194","STATE":"36","COUNTY":"047"}},{"type":"Feature","geometry":{"type":"Polygon","coordinates":[[[-73.87621,40.68021],[-73.87657,40.68018],[-73.87462,40.67239],[-73.86945,40.67314],[-73.87044,40.67722],[-73.87259,40.67787],[-73.87321,40.67836],[-73.87409,40.6795],[-73.87483,40.67996],[-73.87621,40.68021]]]},"properties":{"GEOID":"36047119600","NAME":"Census Tract 1196","STATE":"36","COUNTY":"047"}},{"type":"Feature","geometry":{"type":"Polygon","coordinates":[[[-73.87044,40.67722],[-73.86945,40.67314],[-73.86176,40.67423],[-73.87044,40.67722]]]},"properties":{"GEOID":"36047120000","NAME":"Census Tract 1200","STATE":"36","COUNTY":"047"}},{"type":"Feature","geometry":{"type":"Polygon","coordinates":[[[-73.86978,40.67703],[-73.86176,40.67423],[-73.86106,40.67434],[-73.86203,40.67789],[-73.86511,40.6777],[-73.86978,40.67703]]]},"properties":{"GEOID":"36047120200","NAME":"Census Tract 1202","STATE":"36","COUNTY":"047"}},{"type":"Feature","geometry":{"type":"Polygon","coordinates":[[[-73.87462,40.67239],[-73.8738,40.66934],[-73.87187,40.66676],[-73.87011,40.66801],[-73.8713,40.67286],[-73.87462,40.67239]]]},"properties":{"GEOID":"36047121000","NAME":"Census Tract 1210","STATE":"36","COUNTY":"047"}},{"type":"Feature","geometry":{"type":"Polygon","coordinates":[[[-73.88259,40.72508],[-73.88163,40.72388],[-73.88244,40.72351],[-73.88092,40.7216],[-73.8728,40.7253],[-73.87337,40.726],[-73.87471,40.72709],[-73.87756,40.72575],[-73.88259,40.72508]]]},"properties":{"GEOID":"36081067100","NAME":"Census Tract 671","STATE":"36","COUNTY":"081"}},{"type":"Feature","geometry":{"type":"Polygon","coordinates":[[[-73.91385,40.7229],[-73.91132,40.71962],[-73.9083,40.72046],[-73.90492,40.72052],[-73.9041,40.72103],[-73.90456,40.7226],[-73.90421,40.72576],[-73.90529,40.72596],[-73.90741,40.72721],[-73.91256,40.72324],[-73.91385,40.7229]]]},"properties":{"GEOID":"36081053100","NAME":"Census Tract 531","STATE":"36","COUNTY":"081"}},{"type":"Feature","geometry":{"type":"Polygon","coordinates":[[[-73.8511,40.66941],[-73.84985,40.66441],[-73.84881,40.6628],[-73.84165,40.66597],[-73.84227,40.66827],[-73.84793,40.67004],[-73.8481,40.66983],[-73.8511,40.66941]]]},"properties":{"GEOID":"36081006201","NAME":"Census Tract 62.01","STATE":"36","COUNTY":"081"}},{"type":"Feature","geometry":{"type":"Polygon","coordinates":[[[-73.91996,40.76844],[-73.91849,40.76773],[-73.91978,40.76615],[-73.91819,40.76539],[-73.91487,40.76947],[-73.91812,40.77003],[-73.91996,40.76844]]]},"properties":{"GEOID":"36081006501","NAME":"Census Tract 65.01","STATE":"36","COUNTY":"081"}},{"type":"Feature","geometry":{"type":"Polygon","coordinates":[[[-73.92522,40.74375],[-73.92559,40.74191],[-73.92374,40.74169],[-73.92265,40.74711],[-73.92451,40.74732],[-73.92522,40.74375]]]},"properties":{"GEOID":"36081018101","NAME":"Census Tract 181.01","STATE":"36","COUNTY":"081"}},{"type":"Feature","geometry":{"type":"Polygon","coordinates":[[[-73.86589,40.72883],[-73.8663,40.72819],[-73.86345,40.72714],[-73.86176,40.72692],[-73.86011,40.72952],[-73.86448,40.73109],[-73.86589,40.72883]]]},"properties":{"GEOID":"36081069300","NAME":"Census Tract 693","STATE":"36","COUNTY":"081"}},{"type":"Feature","geometry":{"type":"Polygon","coordinates":[[[-73.87054,40.72709],[-73.86929,40.72444],[-73.86729,40.72226],[-73.8641,40.72738],[-73.86848,40.72898],[-73.86924,40.72777],[-73.86963,40.72791],[-73.87007,40.72722],[-73.87054,40.72709]]]},"properties":{"GEOID":"36081069500","NAME":"Census Tract 695","STATE":"36","COUNTY":"081"}},{"type":"Feature","geometry":{"type":"Polygon","coordinates":[[[-73.8641,40.72738],[-73.86451,40.72676],[-73.85807,40.72447],[-73.85727,40.72568],[-73.85942,40.72647],[-73.85798,40.72874],[-73.86011,40.72952],[-73.86176,40.72692],[-73.8641,40.72738]]]},"properties":{"GEOID":"36081069701","NAME":"Census Tract 697.01","STATE":"36","COUNTY":"081"}},{"type":"Feature","geometry":{"type":"Polygon","coordinates":[[[-73.90405,40.67922],[-73.89999,40.6769],[-73.89319,40.68016],[-73.89431,40.68157],[-73.89197,40.68274],[-73.8942,40.68531],[-73.89633,40.68283],[-73.89693,40.68075],[-73.89749,40.68007],[-73.8989,40.67956],[-73.90028,40.67944],[-73.90262,40.68066],[-73.90405,40.67922]]]},"properties":{"GEOID":"36047114201","NAME":"Census Tract 1142.01","STATE":"36","COUNTY":"047"}},{"type":"Feature","geometry":{"type":"Polygon","coordinates":[[[-73.89654,40.67859],[-73.89622,40.67736],[-73.88901,40.67856],[-73.88977,40.6818],[-73.89654,40.67859]]]},"properties":{"GEOID":"36047114600","NAME":"Census Tract 1146","STATE":"36","COUNTY":"047"}},{"type":"Feature","geometry":{"type":"Polygon","coordinates":[[[-73.89367,40.67482],[-73.89271,40.67105],[-73.88819,40.67171],[-73.88915,40.6755],[-73.89367,40.67482]]]},"properties":{"GEOID":"36047115200","NAME":"Census Tract 1152","STATE":"36","COUNTY":"047"}},{"type":"Feature","geometry":{"type":"Polygon","coordinates":[[[-73.89834,40.67021],[-73.89723,40.66588],[-73.89345,40.66645],[-73.89456,40.67077],[-73.89834,40.67021]]]},"properties":{"GEOID":"36047115600","NAME":"Census Tract 1156","STATE":"36","COUNTY":"047"}},{"type":"Feature","geometry":{"type":"Polygon","coordinates":[[[-73.89088,40.67132],[-73.88977,40.66699],[-73.88618,40.66752],[-73.88729,40.67185],[-73.89088,40.67132]]]},"properties":{"GEOID":"36047116000","NAME":"Census Tract 1160","STATE":"36","COUNTY":"047"}},{"type":"Feature","geometry":{"type":"Polygon","coordinates":[[[-73.88389,40.67236],[-73.88278,40.66803],[-73.87849,40.66866],[-73.87957,40.67299],[-73.88389,40.67236]]]},"properties":{"GEOID":"36047116400","NAME":"Census Tract 1164","STATE":"36","COUNTY":"047"}},{"type":"Feature","geometry":{"type":"Polygon","coordinates":[[[-73.88901,40.67856],[-73.88826,40.67563],[-73.88323,40.67637],[-73.8837,40.67823],[-73.8842,40.67809],[-73.88467,40.67994],[-73.88901,40.67856]]]},"properties":{"GEOID":"36047117000","NAME":"Census Tract 1170","STATE":"36","COUNTY":"047"}},{"type":"Feature","geometry":{"type":"Polygon","coordinates":[[[-73.88977,40.6818],[-73.88901,40.67856],[-73.88467,40.67994],[-73.88489,40.68081],[-73.88581,40.68067],[-73.88651,40.68335],[-73.88977,40.6818]]]},"properties":{"GEOID":"36047117201","NAME":"Census Tract 1172.01","STATE":"36","COUNTY":"047"}},{"type":"Feature","geometry":{"type":"Polygon","coordinates":[[[-73.88651,40.68335],[-73.88581,40.68067],[-73.88117,40.68135],[-73.8822,40.68536],[-73.88651,40.68335]]]},"properties":{"GEOID":"36047117202","NAME":"Census Tract 1172.02","STATE":"36","COUNTY":"047"}},{"type":"Feature","geometry":{"type":"Polygon","coordinates":[[[-73.94827,40.80396],[-73.94505,40.8026],[-73.9446,40.80323],[-73.94613,40.80388],[-73.94478,40.80576],[-73.9443,40.80639],[-73.94275,40.80574],[-73.94177,40.80709],[-73.94499,40.80845],[-73.94827,40.80396]]]},"properties":{"GEOID":"36061020000","NAME":"Census Tract 200","STATE":"36","COUNTY":"061"}},{"type":"Feature","geometry":{"type":"Polygon","coordinates":[[[-73.95825,40.80471],[-73.9582,40.80389],[-73.95632,40.80311],[-73.95442,40.80572],[-73.95727,40.80692],[-73.95818,40.8056],[-73.95825,40.80471]]]},"properties":{"GEOID":"36061020102","NAME":"Census Tract 201.02","STATE":"36","COUNTY":"061"}},{"type":"Feature","geometry":{"type":"Polygon","coordinates":[[[-73.96439,40.80734],[-73.96485,40.80671],[-73.96201,40.80551],[-73.95827,40.81063],[-73.96111,40.81183],[-73.96439,40.80734]]]},"properties":{"GEOID":"36061020300","NAME":"Census Tract 203","STATE":"36","COUNTY":"061"}},{"type":"Feature","geometry":{"type":"Polygon","coordinates":[[[-73.94946,40.82269],[-73.94992,40.82207],[-73.94854,40.82149],[-73.94808,40.82211],[-73.94515,40.82088],[-73.94292,40.82326],[-73.9476,40.82523],[-73.94946,40.82269]]]},"properties":{"GEOID":"36061022700","NAME":"Census Tract 227","STATE":"36","COUNTY":"061"}},{"type":"Feature","geometry":{"type":"Polygon","coordinates":[[[-73.94132,40.80771],[-73.94177,40.80709],[-73.93854,40.80573],[-73.93582,40.8095],[-73.93902,40.81086],[-73.94132,40.80771]]]},"properties":{"GEOID":"36061020600","NAME":"Census Tract 206","STATE":"36","COUNTY":"061"}},{"type":"Feature","geometry":{"type":"Polygon","coordinates":[[[-73.95743,40.81178],[-73.95781,40.81126],[-73.95358,40.80948],[-73.9521,40.81144],[-73.95408,40.81228],[-73.95571,40.81414],[-73.95743,40.81178]]]},"properties":{"GEOID":"36061020901","NAME":"Census Tract 209.01","STATE":"36","COUNTY":"061"}},{"type":"Feature","geometry":{"type":"Polygon","coordinates":[[[-73.93859,40.81144],[-73.93902,40.81086],[-73.93582,40.8095],[-73.93473,40.8106],[-73.9326,40.81152],[-73.93233,40.81492],[-73.93233,40.8195],[-73.93382,40.81949],[-73.93448,40.8197],[-73.93398,40.8177],[-73.93413,40.81773],[-73.93429,40.81724],[-73.93859,40.81144]]]},"properties":{"GEOID":"36061021000","NAME":"Census Tract 210","STATE":"36","COUNTY":"061"}},{"type":"Feature","geometry":{"type":"Polygon","coordinates":[[[-73.97112,40.81631],[-73.96538,40.81396],[-73.96302,40.81262],[-73.95827,40.81063],[-73.95627,40.81337],[-73.95949,40.81701],[-73.96787,40.82077],[-73.97112,40.81631]]]},"properties":{"GEOID":"36061021100","NAME":"Census Tract 211","STATE":"36","COUNTY":"061"}},{"type":"Feature","geometry":{"type":"Polygon","coordinates":[[[-73.94215,40.81234],[-73.94225,40.8122],[-73.93902,40.81086],[-73.93576,40.81533],[-73.93899,40.81666],[-73.94215,40.81234]]]},"properties":{"GEOID":"36061021200","NAME":"Census Tract 212","STATE":"36","COUNTY":"061"}},{"type":"Feature","geometry":{"type":"Polygon","coordinates":[[[-73.93854,40.81728],[-73.93899,40.81666],[-73.93576,40.81533],[-73.93429,40.81724],[-73.93413,40.81773],[-73.93398,40.8177],[-73.93448,40.8197],[-73.93623,40.82044],[-73.93854,40.81728]]]},"properties":{"GEOID":"36061021400","NAME":"Census Tract 214","STATE":"36","COUNTY":"061"}},{"type":"Feature","geometry":{"type":"Polygon","coordinates":[[[-73.95287,40.81585],[-73.95297,40.81507],[-73.95086,40.81419],[-73.95177,40.81294],[-73.95093,40.81258],[-73.94902,40.81502],[-73.94608,40.82126],[-73.94808,40.82211],[-73.94854,40.82149],[-73.94992,40.82207],[-73.9522,40.81895],[-73.95088,40.8184],[-73.95177,40.81791],[-73.95276,40.81654],[-73.95287,40.81585]]]},"properties":{"GEOID":"36061021703","NAME":"Census Tract 217.03","STATE":"36","COUNTY":"061"}},{"type":"Feature","geometry":{"type":"Polygon","coordinates":[[[-74.01021,40.59648],[-74.00819,40.59542],[-74.00532,40.59776],[-74.00032,40.60262],[-74.00263,40.60385],[-74.01021,40.59648]]]},"properties":{"GEOID":"36047028200","NAME":"Census Tract 282","STATE":"36","COUNTY":"047"}},{"type":"Feature","geometry":{"type":"Polygon","coordinates":[[[-73.94715,40.67594],[-73.94723,40.67505],[-73.94169,40.67475],[-73.94137,40.67809],[-73.94691,40.67839],[-73.94715,40.67594]]]},"properties":{"GEOID":"36047031300","NAME":"Census Tract 313","STATE":"36","COUNTY":"047"}},{"type":"Feature","geometry":{"type":"Polygon","coordinates":[[[-73.94768,40.6603],[-73.94735,40.65728],[-73.94231,40.65761],[-73.94255,40.65989],[-73.93973,40.66007],[-73.93981,40.66079],[-73.94768,40.6603]]]},"properties":{"GEOID":"36047081000","NAME":"Census Tract 810","STATE":"36","COUNTY":"047"}},{"type":"Feature","geometry":{"type":"Polygon","coordinates":[[[-73.94283,40.65111],[-73.94263,40.64934],[-73.93889,40.64957],[-73.93859,40.64855],[-73.93586,40.64866],[-73.93617,40.65147],[-73.94283,40.65111]]]},"properties":{"GEOID":"36047085800","NAME":"Census Tract 858","STATE":"36","COUNTY":"047"}},{"type":"Feature","geometry":{"type":"Polygon","coordinates":[[[-73.98619,40.67338],[-73.98671,40.67277],[-73.98193,40.67045],[-73.97992,40.67286],[-73.9847,40.67517],[-73.98619,40.67338]]]},"properties":{"GEOID":"36047013500","NAME":"Census Tract 135","STATE":"36","COUNTY":"047"}},{"type":"Feature","geometry":{"type":"Polygon","coordinates":[[[-73.95956,40.66626],[-73.96034,40.66411],[-73.95729,40.6643],[-73.95527,40.67012],[-73.95797,40.67066],[-73.95956,40.66626]]]},"properties":{"GEOID":"36047032500","NAME":"Census Tract 325","STATE":"36","COUNTY":"047"}},{"type":"Feature","geometry":{"type":"Polygon","coordinates":[[[-73.95151,40.81201],[-73.9521,40.81144],[-73.95068,40.81084],[-73.94703,40.81583],[-73.94836,40.81637],[-73.94949,40.81428],[-73.95151,40.81201]]]},"properties":{"GEOID":"36061021500","NAME":"Census Tract 215","STATE":"36","COUNTY":"061"}},{"type":"Feature","geometry":{"type":"Polygon","coordinates":[[[-73.9446,40.82146],[-73.94515,40.82088],[-73.94378,40.82029],[-73.9396,40.826],[-73.9406,40.82641],[-73.94292,40.82326],[-73.9446,40.82146]]]},"properties":{"GEOID":"36061025900","NAME":"Census Tract 259","STATE":"36","COUNTY":"061"}},{"type":"Feature","geometry":{"type":"Polygon","coordinates":[[[-74.02427,40.71394],[-74.0244,40.71311],[-74.01859,40.7122],[-74.01789,40.71236],[-74.01663,40.71212],[-74.01579,40.71157],[-74.01436,40.71101],[-74.01229,40.71904],[-74.02307,40.72041],[-74.02364,40.71807],[-74.02427,40.71394]]]},"properties":{"GEOID":"36061031703","NAME":"Census Tract 317.03","STATE":"36","COUNTY":"061"}},{"type":"Feature","geometry":{"type":"Polygon","coordinates":[[[-74.12064,40.63657],[-74.12024,40.6343],[-74.1172,40.63457],[-74.11755,40.63695],[-74.12064,40.63657]]]},"properties":{"GEOID":"36085013301","NAME":"Census Tract 133.01","STATE":"36","COUNTY":"085"}},{"type":"Feature","geometry":{"type":"Polygon","coordinates":[[[-73.97299,40.60881],[-73.97218,40.6042],[-73.96869,40.6046],[-73.96696,40.60566],[-73.96767,40.6094],[-73.97299,40.60881]]]},"properties":{"GEOID":"36047042200","NAME":"Census Tract 422","STATE":"36","COUNTY":"047"}},{"type":"Feature","geometry":{"type":"Polygon","coordinates":[[[-73.94168,40.62491],[-73.9408,40.62013],[-73.93634,40.62061],[-73.93538,40.62122],[-73.93956,40.62516],[-73.94168,40.62491]]]},"properties":{"GEOID":"36047073800","NAME":"Census Tract 738","STATE":"36","COUNTY":"047"}},{"type":"Feature","geometry":{"type":"Polygon","coordinates":[[[-73.95579,40.61604],[-73.9548,40.61082],[-73.94978,40.61137],[-73.95026,40.61392],[-73.95305,40.61362],[-73.95355,40.61628],[-73.95579,40.61604]]]},"properties":{"GEOID":"36047054600","NAME":"Census Tract 546","STATE":"36","COUNTY":"047"}},{"type":"Feature","geometry":{"type":"Polygon","coordinates":[[[-74.01409,40.59853],[-74.01178,40.59731],[-74.00678,40.60229],[-74.00746,40.60264],[-74.00617,40.60389],[-74.00837,40.60522],[-74.01075,40.60292],[-74.01002,40.60247],[-74.01409,40.59853]]]},"properties":{"GEOID":"36047017600","NAME":"Census Tract 176","STATE":"36","COUNTY":"047"}},{"type":"Feature","geometry":{"type":"Polygon","coordinates":[[[-73.95486,40.64666],[-73.95565,40.64663],[-73.95473,40.64477],[-73.95453,40.64289],[-73.95165,40.64307],[-73.95205,40.64677],[-73.95486,40.64666]]]},"properties":{"GEOID":"36047079202","NAME":"Census Tract 792.02","STATE":"36","COUNTY":"047"}},{"type":"Feature","geometry":{"type":"Polygon","coordinates":[[[-73.95764,40.64269],[-73.95404,40.63888],[-73.95453,40.64289],[-73.95764,40.64269]]]},"properties":{"GEOID":"36047079001","NAME":"Census Tract 790.01","STATE":"36","COUNTY":"047"}},{"type":"Feature","geometry":{"type":"Polygon","coordinates":[[[-73.95453,40.64289],[-73.95404,40.63888],[-73.9536,40.63842],[-73.95116,40.63843],[-73.95165,40.64307],[-73.95453,40.64289]]]},"properties":{"GEOID":"36047079002","NAME":"Census Tract 790.02","STATE":"36","COUNTY":"047"}},{"type":"Feature","geometry":{"type":"Polygon","coordinates":[[[-73.98251,40.69361],[-73.9824,40.69297],[-73.98171,40.69297],[-73.98179,40.69164],[-73.98208,40.69129],[-73.98136,40.68993],[-73.9771,40.68977],[-73.97763,40.69166],[-73.97783,40.69344],[-73.98251,40.69361]]]},"properties":{"GEOID":"36047003101","NAME":"Census Tract 31.01","STATE":"36","COUNTY":"047"}},{"type":"Feature","geometry":{"type":"Polygon","coordinates":[[[-73.95307,40.63843],[-73.9536,40.63842],[-73.9511,40.63607],[-73.94802,40.63627],[-73.94826,40.63861],[-73.95307,40.63843]]]},"properties":{"GEOID":"36047078801","NAME":"Census Tract 788.01","STATE":"36","COUNTY":"047"}},{"type":"Feature","geometry":{"type":"Polygon","coordinates":[[[-73.9511,40.63607],[-73.94648,40.63171],[-73.94562,40.63178],[-73.94587,40.63412],[-73.94777,40.634],[-73.94802,40.63627],[-73.9511,40.63607]]]},"properties":{"GEOID":"36047078601","NAME":"Census Tract 786.01","STATE":"36","COUNTY":"047"}},{"type":"Feature","geometry":{"type":"Polygon","coordinates":[[[-73.94802,40.63627],[-73.94777,40.634],[-73.94587,40.63412],[-73.94562,40.63178],[-73.94463,40.63184],[-73.94512,40.63645],[-73.94802,40.63627]]]},"properties":{"GEOID":"36047078602","NAME":"Census Tract 786.02","STATE":"36","COUNTY":"047"}},{"type":"Feature","geometry":{"type":"Polygon","coordinates":[[[-73.99224,40.66613],[-73.99277,40.66551],[-73.98833,40.6628],[-73.98695,40.66442],[-73.99173,40.66674],[-73.99224,40.66613]]]},"properties":{"GEOID":"36047014102","NAME":"Census Tract 141.02","STATE":"36","COUNTY":"047"}},{"type":"Feature","geometry":{"type":"Polygon","coordinates":[[[-73.99123,40.66734],[-73.99173,40.66674],[-73.98695,40.66442],[-73.98595,40.66563],[-73.99073,40.66794],[-73.99123,40.66734]]]},"properties":{"GEOID":"36047014101","NAME":"Census Tract 141.01","STATE":"36","COUNTY":"047"}},{"type":"Feature","geometry":{"type":"Polygon","coordinates":[[[-73.98645,40.66503],[-73.98695,40.66442],[-73.98223,40.66214],[-73.98123,40.66335],[-73.98595,40.66563],[-73.98645,40.66503]]]},"properties":{"GEOID":"36047014901","NAME":"Census Tract 149.01","STATE":"36","COUNTY":"047"}},{"type":"Feature","geometry":{"type":"Polygon","coordinates":[[[-73.98833,40.6628],[-73.98877,40.66243],[-73.9873,40.66044],[-73.98695,40.66037],[-73.98507,40.65903],[-73.98223,40.66214],[-73.98695,40.66442],[-73.98833,40.6628]]]},"properties":{"GEOID":"36047014902","NAME":"Census Tract 149.02","STATE":"36","COUNTY":"047"}},{"type":"Feature","geometry":{"type":"Polygon","coordinates":[[[-73.9461,40.60227],[-73.94527,40.59789],[-73.94248,40.5982],[-73.94377,40.60496],[-73.94562,40.60476],[-73.94517,40.60237],[-73.9461,40.60227]]]},"properties":{"GEOID":"36047057400","NAME":"Census Tract 574","STATE":"36","COUNTY":"047"}},{"type":"Feature","geometry":{"type":"Polygon","coordinates":[[[-73.89609,40.63255],[-73.89686,40.63205],[-73.895,40.63039],[-73.8897,40.6338],[-73.89156,40.63547],[-73.89609,40.63255]]]},"properties":{"GEOID":"36047102400","NAME":"Census Tract 1024","STATE":"36","COUNTY":"047"}},{"type":"Feature","geometry":{"type":"Polygon","coordinates":[[[-73.97689,40.63568],[-73.97605,40.63128],[-73.96987,40.63419],[-73.97029,40.63641],[-73.97689,40.63568]]]},"properties":{"GEOID":"36047048400","NAME":"Census Tract 484","STATE":"36","COUNTY":"047"}},{"type":"Feature","geometry":{"type":"Polygon","coordinates":[[[-73.95614,40.69458],[-73.95512,40.68944],[-73.95146,40.68986],[-73.95249,40.695],[-73.95614,40.69458]]]},"properties":{"GEOID":"36047024100","NAME":"Census Tract 241","STATE":"36","COUNTY":"047"}},{"type":"Feature","geometry":{"type":"Polygon","coordinates":[[[-73.94775,40.68804],[-73.94716,40.68511],[-73.94149,40.68576],[-73.94208,40.6887],[-73.94775,40.68804]]]},"properties":{"GEOID":"36047026500","NAME":"Census Tract 265","STATE":"36","COUNTY":"047"}},{"type":"Feature","geometry":{"type":"Polygon","coordinates":[[[-73.93559,40.6857],[-73.93501,40.68276],[-73.92916,40.68344],[-73.92975,40.68637],[-73.93559,40.6857]]]},"properties":{"GEOID":"36047029500","NAME":"Census Tract 295","STATE":"36","COUNTY":"047"}},{"type":"Feature","geometry":{"type":"Polygon","coordinates":[[[-73.98544,40.66623],[-73.98595,40.66563],[-73.98123,40.66335],[-73.97922,40.66575],[-73.98394,40.66803],[-73.98544,40.66623]]]},"properties":{"GEOID":"36047015100","NAME":"Census Tract 151","STATE":"36","COUNTY":"047"}},{"type":"Feature","geometry":{"type":"Polygon","coordinates":[[[-73.96126,40.67157],[-73.96134,40.67135],[-73.95797,40.67066],[-73.9567,40.67417],[-73.96007,40.67488],[-73.96126,40.67157]]]},"properties":{"GEOID":"36047021700","NAME":"Census Tract 217","STATE":"36","COUNTY":"047"}},{"type":"Feature","geometry":{"type":"Polygon","coordinates":[[[-73.95772,40.6058],[-73.95683,40.60109],[-73.95304,40.60151],[-73.95392,40.60622],[-73.95772,40.6058]]]},"properties":{"GEOID":"36047055800","NAME":"Census Tract 558","STATE":"36","COUNTY":"047"}},{"type":"Feature","geometry":{"type":"Polygon","coordinates":[[[-74.01788,40.6442],[-74.01381,40.64175],[-74.01148,40.64399],[-74.01553,40.64642],[-74.01788,40.6442]]]},"properties":{"GEOID":"36047007600","NAME":"Census Tract 76","STATE":"36","COUNTY":"047"}},{"type":"Feature","geometry":{"type":"Polygon","coordinates":[[[-74.02103,40.63832],[-74.02043,40.63767],[-74.01675,40.63544],[-74.01396,40.63815],[-74.01842,40.64085],[-74.02103,40.63832]]]},"properties":{"GEOID":"36047012200","NAME":"Census Tract 122","STATE":"36","COUNTY":"047"}},{"type":"Feature","geometry":{"type":"Polygon","coordinates":[[[-74.01556,40.64007],[-74.01617,40.63948],[-74.01176,40.63682],[-74.00941,40.63908],[-74.01381,40.64175],[-74.01556,40.64007]]]},"properties":{"GEOID":"36047010200","NAME":"Census Tract 102","STATE":"36","COUNTY":"047"}},{"type":"Feature","geometry":{"type":"Polygon","coordinates":[[[-73.90804,40.69065],[-73.90414,40.68857],[-73.90124,40.69144],[-73.90504,40.6937],[-73.90804,40.69065]]]},"properties":{"GEOID":"36047040900","NAME":"Census Tract 409","STATE":"36","COUNTY":"047"}},{"type":"Feature","geometry":{"type":"Polygon","coordinates":[[[-73.88489,40.68081],[-73.8842,40.67809],[-73.8837,40.67823],[-73.88323,40.67637],[-73.8805,40.67677],[-73.88106,40.67898],[-73.88061,40.67911],[-73.88117,40.68135],[-73.88489,40.68081]]]},"properties":{"GEOID":"36047116800","NAME":"Census Tract 1168","STATE":"36","COUNTY":"047"}},{"type":"Feature","geometry":{"type":"Polygon","coordinates":[[[-73.90674,40.63974],[-73.90745,40.63928],[-73.90561,40.63762],[-73.89883,40.642],[-73.90067,40.64366],[-73.90674,40.63974]]]},"properties":{"GEOID":"36047096600","NAME":"Census Tract 966","STATE":"36","COUNTY":"047"}},{"type":"Feature","geometry":{"type":"Polygon","coordinates":[[[-74.05248,40.62034],[-74.04907,40.61483],[-74.04039,40.61708],[-74.03918,40.61786],[-74.03689,40.61866],[-74.03697,40.6188],[-74.03599,40.6186],[-74.03544,40.61996],[-74.03942,40.6209],[-74.04152,40.62065],[-74.05248,40.62034]]]},"properties":{"GEOID":"36047005202","NAME":"Census Tract 52.02","STATE":"36","COUNTY":"047"}},{"type":"Feature","geometry":{"type":"Polygon","coordinates":[[[-74.07879,40.84239],[-74.07517,40.84029],[-74.07614,40.83944],[-74.07653,40.83883],[-74.07623,40.8381],[-74.07628,40.83711],[-74.06098,40.83252],[-74.06005,40.83396],[-74.0588,40.83511],[-74.05307,40.83367],[-74.03553,40.82482],[-74.03471,40.82494],[-74.03536,40.82862],[-74.03684,40.82944],[-74.03907,40.82949],[-74.03901,40.83009],[-74.0401,40.83027],[-74.04008,40.83053],[-74.03921,40.83046],[-74.03907,40.83062],[-74.03939,40.83092],[-74.03941,40.83155],[-74.03899,40.83212],[-74.03908,40.83232],[-74.03961,40.83269],[-74.04044,40.83229],[-74.04076,40.83242],[-74.04005,40.83282],[-74.04051,40.83319],[-74.03993,40.83349],[-74.03979,40.83417],[-74.04,40.8342],[-74.04024,40.83385],[-74.04064,40.83383],[-74.04108,40.83444],[-74.04152,40.83409],[-74.04186,40.83414],[-74.0413,40.83465],[-74.04136,40.8349],[-74.04216,40.83469],[-74.04215,40.83501],[-74.04187,40.83531],[-74.04218,40.83544],[-74.04223,40.83613],[-74.04271,40.8363],[-74.04245,40.83696],[-74.04269,40.83711],[-74.04259,40.83738],[-74.04327,40.83764],[-74.04279,40.83768],[-74.04321,40.8379],[-74.04274,40.83812],[-74.04273,40.83853],[-74.0429,40.8386],[-74.04314,40.83825],[-74.04336,40.83835],[-74.04316,40.83877],[-74.04331,40.8391],[-74.04301,40.83925],[-74.04332,40.8393],[-74.04292,40.83978],[-74.04258,40.84099],[-74.04316,40.84342],[-74.04568,40.84334],[-74.04589,40.84615],[-74.05188,40.84805],[-74.05185,40.84908],[-74.05251,40.84909],[-74.05393,40.85396],[-74.05943,40.84505],[-74.06919,40.85079],[-74.07216,40.84705],[-74.07489,40.84858],[-74.07723,40.84559],[-74.07622,40.84502],[-74.07658,40.84448],[-74.07879,40.84239]]]},"properties":{"GEOID":"34003036200","NAME":"Census Tract 362","STATE":"34","COUNTY":"003"}},{"type":"Feature","geometry":{"type":"Polygon","coordinates":[[[-74.10649,40.69719],[-74.10285,40.69542],[-74.10154,40.69319],[-74.09727,40.69736],[-74.09998,40.70063],[-74.10049,40.70083],[-74.10034,40.70128],[-74.10139,40.70175],[-74.10138,40.70209],[-74.10187,40.7024],[-74.10649,40.69719]]]},"properties":{"GEOID":"34017006101","NAME":"Census Tract 61.01","STATE":"34","COUNTY":"017"}},{"type":"Feature","geometry":{"type":"Polygon","coordinates":[[[-74.10187,40.7024],[-74.10138,40.70209],[-74.10139,40.70175],[-74.10034,40.70128],[-74.10049,40.70083],[-74.09998,40.70063],[-74.09727,40.69736],[-74.09592,40.69887],[-74.09444,40.70012],[-74.09978,40.7063],[-74.10047,40.70418],[-74.10187,40.7024]]]},"properties":{"GEOID":"34017005901","NAME":"Census Tract 59.01","STATE":"34","COUNTY":"017"}},{"type":"Feature","geometry":{"type":"Polygon","coordinates":[[[-74.10204,40.69058],[-74.10194,40.69007],[-74.09979,40.68577],[-74.09656,40.68951],[-74.09376,40.69075],[-74.09602,40.69328],[-74.09836,40.69629],[-74.10154,40.69319],[-74.10104,40.69214],[-74.102,40.69087],[-74.10204,40.69058]]]},"properties":{"GEOID":"34017006102","NAME":"Census Tract 61.02","STATE":"34","COUNTY":"017"}},{"type":"Feature","geometry":{"type":"Polygon","coordinates":[[[-74.04034,40.7258],[-74.04046,40.72506],[-74.0387,40.72468],[-74.03571,40.72447],[-74.03585,40.72434],[-74.02954,40.72414],[-74.02229,40.72361],[-74.02135,40.72746],[-74.02658,40.72832],[-74.03186,40.72876],[-74.03334,40.72914],[-74.03457,40.72923],[-74.03456,40.72938],[-74.03602,40.72969],[-74.03967,40.73002],[-74.04034,40.7258]]]},"properties":{"GEOID":"34017007701","NAME":"Census Tract 77.01","STATE":"34","COUNTY":"017"}},{"type":"Feature","geometry":{"type":"Polygon","coordinates":[[[-74.03958,40.73079],[-74.03967,40.73002],[-74.03939,40.72992],[-74.03639,40.72973],[-74.03456,40.72938],[-74.03396,40.73274],[-74.03417,40.73313],[-74.03477,40.73348],[-74.03745,40.73374],[-74.03902,40.73424],[-74.03958,40.73079]]]},"properties":{"GEOID":"34017007702","NAME":"Census Tract 77.02","STATE":"34","COUNTY":"017"}},{"type":"Feature","geometry":{"type":"Polygon","coordinates":[[[-74.03653,40.75239],[-74.03724,40.75124],[-74.03361,40.75071],[-74.03315,40.75225],[-74.03126,40.75188],[-74.03097,40.7528],[-74.03006,40.75263],[-74.02995,40.75298],[-74.02717,40.75247],[-74.02688,40.75339],[-74.0288,40.75371],[-74.02773,40.75711],[-74.02831,40.75765],[-74.02848,40.75813],[-74.02934,40.75822],[-74.02993,40.75869],[-74.03177,40.75898],[-74.03228,40.75876],[-74.03381,40.75722],[-74.03653,40.75239]]]},"properties":{"GEOID":"34017018402","NAME":"Census Tract 184.02","STATE":"34","COUNTY":"017"}},{"type":"Feature","geometry":{"type":"Polygon","coordinates":[[[-74.05207,40.7609],[-74.05186,40.76053],[-74.05114,40.76019],[-74.04911,40.76291],[-74.04904,40.76268],[-74.04849,40.76243],[-74.04371,40.76054],[-74.0421,40.76269],[-74.04237,40.76591],[-74.04091,40.76845],[-74.03826,40.77015],[-74.03653,40.77092],[-74.03543,40.77285],[-74.03472,40.77364],[-74.04195,40.77625],[-74.05207,40.7609]]]},"properties":{"GEOID":"34017014801","NAME":"Census Tract 148.01","STATE":"34","COUNTY":"017"}},{"type":"Feature","geometry":{"type":"Polygon","coordinates":[[[-74.05694,40.76902],[-74.05208,40.76089],[-74.04195,40.77625],[-74.03472,40.77364],[-74.03327,40.77497],[-74.03181,40.77511],[-74.03221,40.77565],[-74.03229,40.77713],[-74.03503,40.77838],[-74.03478,40.77887],[-74.03619,40.77881],[-74.03795,40.77908],[-74.0393,40.77967],[-74.03947,40.77955],[-74.0415,40.78105],[-74.04234,40.78006],[-74.04284,40.78013],[-74.04719,40.78084],[-74.05015,40.78238],[-74.05391,40.78095],[-74.05499,40.77967],[-74.05489,40.77874],[-74.05509,40.77803],[-74.05598,40.77731],[-74.05642,40.77663],[-74.05653,40.77539],[-74.0553,40.77392],[-74.05652,40.77237],[-74.05661,40.77053],[-74.05629,40.76981],[-74.05694,40.76902]]]},"properties":{"GEOID":"34017014802","NAME":"Census Tract 148.02","STATE":"34","COUNTY":"017"}},{"type":"Feature","geometry":{"type":"Polygon","coordinates":[[[-74.01468,40.80895],[-74.01518,40.80841],[-74.01334,40.80754],[-74.01317,40.80778],[-74.00967,40.80623],[-74.0072,40.80971],[-74.00514,40.81211],[-74.00964,40.81452],[-74.01468,40.80895]]]},"properties":{"GEOID":"34017014401","NAME":"Census Tract 144.01","STATE":"34","COUNTY":"017"}},{"type":"Feature","geometry":{"type":"Polygon","coordinates":[[[-74.01862,40.80449],[-74.0191,40.80394],[-74.01624,40.80283],[-74.01734,40.80132],[-74.01429,40.79996],[-74.01321,40.80167],[-74.00967,40.80623],[-74.01317,40.80778],[-74.01334,40.80754],[-74.01518,40.80841],[-74.01862,40.80449]]]},"properties":{"GEOID":"34017014402","NAME":"Census Tract 144.02","STATE":"34","COUNTY":"017"}},{"type":"Feature","geometry":{"type":"Polygon","coordinates":[[[-74.09804,40.70587],[-74.09827,40.70465],[-74.09444,40.70012],[-74.09247,40.70178],[-74.09127,40.70062],[-74.08917,40.70221],[-74.09073,40.70322],[-74.09093,40.70305],[-74.09165,40.70362],[-74.09045,40.70422],[-74.0964,40.70822],[-74.0978,40.70693],[-74.09804,40.70587]]]},"properties":{"GEOID":"34017005902","NAME":"Census Tract 59.02","STATE":"34","COUNTY":"017"}},{"type":"Feature","geometry":{"type":"Polygon","coordinates":[[[-74.06951,40.72925],[-74.06871,40.72888],[-74.06815,40.72934],[-74.06386,40.72658],[-74.06358,40.7277],[-74.06126,40.73042],[-74.06782,40.73136],[-74.0685,40.73026],[-74.06951,40.72925]]]},"properties":{"GEOID":"34017002002","NAME":"Census Tract 20.02","STATE":"34","COUNTY":"017"}},{"type":"Feature","geometry":{"type":"Polygon","coordinates":[[[-74.03718,40.7177],[-74.03219,40.71674],[-74.02398,40.71584],[-74.02364,40.71807],[-74.02229,40.72361],[-74.02954,40.72414],[-74.03585,40.72434],[-74.03718,40.7177]]]},"properties":{"GEOID":"34017007602","NAME":"Census Tract 76.02","STATE":"34","COUNTY":"017"}},{"type":"Feature","geometry":{"type":"Polygon","coordinates":[[[-74.04125,40.71981],[-74.04134,40.719],[-74.03718,40.7177],[-74.0361,40.72361],[-74.03571,40.72447],[-74.0387,40.72468],[-74.04046,40.72506],[-74.04125,40.71981]]]},"properties":{"GEOID":"34017007601","NAME":"Census Tract 76.01","STATE":"34","COUNTY":"017"}},{"type":"Feature","geometry":{"type":"Polygon","coordinates":[[[-74.04379,40.73614],[-74.04396,40.73496],[-74.0389,40.73426],[-74.03745,40.73374],[-74.03477,40.73348],[-74.03417,40.73313],[-74.03393,40.73241],[-74.03457,40.72923],[-74.03334,40.72914],[-74.03186,40.72876],[-74.02658,40.72832],[-74.02135,40.72746],[-74.02064,40.73039],[-74.02951,40.73303],[-74.03053,40.73368],[-74.02927,40.73368],[-74.03857,40.73632],[-74.03961,40.7364],[-74.04282,40.73595],[-74.04283,40.73627],[-74.04379,40.73614]]]},"properties":{"GEOID":"34017007703","NAME":"Census Tract 77.03","STATE":"34","COUNTY":"017"}},{"type":"Feature","geometry":{"type":"Polygon","coordinates":[[[-74.01029,40.79367],[-74.00678,40.79202],[-74.00475,40.79449],[-74.00828,40.79616],[-74.01029,40.79367]]]},"properties":{"GEOID":"34017015003","NAME":"Census Tract 150.03","STATE":"34","COUNTY":"017"}},{"type":"Feature","geometry":{"type":"Polygon","coordinates":[[[-74.05794,40.75416],[-74.05482,40.75294],[-74.05307,40.75559],[-74.05132,40.75492],[-74.04892,40.75844],[-74.04928,40.75863],[-74.04989,40.75959],[-74.05186,40.76053],[-74.05208,40.76089],[-74.05458,40.75746],[-74.05794,40.75416]]]},"properties":{"GEOID":"34017000101","NAME":"Census Tract 1.01","STATE":"34","COUNTY":"017"}},{"type":"Feature","geometry":{"type":"Polygon","coordinates":[[[-74.06853,40.73203],[-74.06882,40.73157],[-74.06432,40.73084],[-74.06417,40.73167],[-74.06346,40.73267],[-74.06691,40.7354],[-74.06726,40.73421],[-74.06853,40.73203]]]},"properties":{"GEOID":"34017002001","NAME":"Census Tract 20.01","STATE":"34","COUNTY":"017"}},{"type":"Feature","geometry":{"type":"Polygon","coordinates":[[[-74.13789,40.6731],[-74.13822,40.6727],[-74.12793,40.66749],[-74.12818,40.66683],[-74.12782,40.66648],[-74.12728,40.66643],[-74.12565,40.66562],[-74.12279,40.66974],[-74.11986,40.67326],[-74.11847,40.67438],[-74.1314,40.6809],[-74.13656,40.67437],[-74.1367,40.67444],[-74.13789,40.6731]]]},"properties":{"GEOID":"34017010601","NAME":"Census Tract 106.01","STATE":"34","COUNTY":"017"}},{"type":"Feature","geometry":{"type":"Polygon","coordinates":[[[-74.07892,40.72372],[-74.07946,40.72312],[-74.07341,40.72026],[-74.07094,40.72287],[-74.07729,40.72569],[-74.07892,40.72372]]]},"properties":{"GEOID":"34017004104","NAME":"Census Tract 41.04","STATE":"34","COUNTY":"017"}},{"type":"Feature","geometry":{"type":"Polygon","coordinates":[[[-74.0807,40.72175],[-74.08136,40.72087],[-74.0754,40.71843],[-74.07341,40.72026],[-74.07946,40.72312],[-74.0807,40.72175]]]},"properties":{"GEOID":"34017004103","NAME":"Census Tract 41.03","STATE":"34","COUNTY":"017"}},{"type":"Feature","geometry":{"type":"Polygon","coordinates":[[[-74.06749,40.71857],[-74.06722,40.7163],[-74.06505,40.71938],[-74.0659,40.71978],[-74.06439,40.72147],[-74.06547,40.72206],[-74.06419,40.72377],[-74.0617,40.72298],[-74.06061,40.72399],[-74.0607,40.72421],[-74.06165,40.72451],[-74.06132,40.72495],[-74.06111,40.72575],[-74.06358,40.7277],[-74.06388,40.72652],[-74.06575,40.72311],[-74.06569,40.72176],[-74.06699,40.71998],[-74.06749,40.71857]]]},"properties":{"GEOID":"34017003102","NAME":"Census Tract 31.02","STATE":"34","COUNTY":"017"}},{"type":"Feature","geometry":{"type":"Polygon","coordinates":[[[-74.00651,40.79229],[-74.00678,40.79202],[-74.00186,40.7897],[-74.00131,40.79011],[-74.00043,40.79144],[-74.00154,40.79297],[-74.00475,40.79449],[-74.00651,40.79229]]]},"properties":{"GEOID":"34017015004","NAME":"Census Tract 150.04","STATE":"34","COUNTY":"017"}},{"type":"Feature","geometry":{"type":"Polygon","coordinates":[[[-74.17841,40.75386],[-74.17455,40.75277],[-74.17419,40.75533],[-74.17239,40.75527],[-74.17506,40.75835],[-74.17629,40.75595],[-74.17719,40.75622],[-74.17841,40.75386]]]},"properties":{"GEOID":"34013008900","NAME":"Census Tract 89","STATE":"34","COUNTY":"013"}},{"type":"Feature","geometry":{"type":"Polygon","coordinates":[[[-74.06696,40.80107],[-74.06716,40.80081],[-74.05996,40.79555],[-74.06057,40.7955],[-74.05828,40.79412],[-74.05021,40.78796],[-74.04906,40.78651],[-74.04834,40.78518],[-74.04716,40.78161],[-74.04719,40.78084],[-74.04234,40.78006],[-74.04106,40.78163],[-74.04047,40.78186],[-74.03365,40.79239],[-74.04124,40.79563],[-74.04023,40.79666],[-74.04062,40.79683],[-74.03565,40.80198],[-74.03515,40.80171],[-74.03368,40.80326],[-74.03509,40.80381],[-74.03796,40.80564],[-74.04238,40.80733],[-74.04492,40.80756],[-74.04654,40.80748],[-74.05855,40.80628],[-74.06003,40.80599],[-74.06384,40.80415],[-74.06525,40.80302],[-74.06696,40.80107]]]},"properties":{"GEOID":"34017019800","NAME":"Census Tract 198","STATE":"34","COUNTY":"017"}},{"type":"Feature","geometry":{"type":"Polygon","coordinates":[[[-74.08166,40.7876],[-74.08012,40.78384],[-74.07159,40.76529],[-74.07116,40.76326],[-74.07023,40.76116],[-74.06853,40.762],[-74.06643,40.76274],[-74.06469,40.7638],[-74.0638,40.76366],[-74.06251,40.76267],[-74.06179,40.76241],[-74.05998,40.76258],[-74.06,40.7634],[-74.05963,40.76399],[-74.05998,40.76572],[-74.05851,40.76671],[-74.05629,40.76981],[-74.05661,40.77053],[-74.05652,40.77237],[-74.0553,40.77392],[-74.05653,40.77539],[-74.05642,40.77663],[-74.05598,40.77731],[-74.05509,40.77803],[-74.05489,40.77874],[-74.05499,40.77967],[-74.05391,40.78095],[-74.05015,40.78238],[-74.04719,40.78084],[-74.04715,40.78104],[-74.04719,40.78172],[-74.04834,40.78518],[-74.04906,40.78651],[-74.05021,40.78796],[-74.05828,40.79412],[-74.06057,40.7955],[-74.05996,40.79555],[-74.06716,40.80081],[-74.06903,40.79835],[-74.07055,40.79767],[-74.07472,40.79686],[-74.07675,40.79562],[-74.07786,40.79428],[-74.07985,40.78973],[-74.08166,40.7876]],[[-74.07012,40.79064],[-74.07038,40.79073],[-74.0692,40.79241],[-74.06531,40.79618],[-74.0646,40.79575],[-74.06399,40.79634],[-74.0637,40.79637],[-74.06053,40.79447],[-74.05701,40.78965],[-74.05458,40.78799],[-74.05768,40.78238],[-74.05921,40.77882],[-74.06216,40.77561],[-74.06623,40.77767],[-74.06352,40.78282],[-74.0639,40.78294],[-74.06251,40.78455],[-74.06155,40.78721],[-74.06106,40.78784],[-74.06565,40.78989],[-74.06634,40.78887],[-74.06794,40.78949],[-74.06776,40.78976],[-74.07012,40.79064]]]},"properties":{"GEOID":"34017019900","NAME":"Census Tract 199","STATE":"34","COUNTY":"017"}},{"type":"Feature","geometry":{"type":"Polygon","coordinates":[[[-74.00791,40.80004],[-74.00814,40.79973],[-73.99858,40.79522],[-73.99838,40.79697],[-73.99687,40.79892],[-73.99684,40.80006],[-73.99609,40.80276],[-73.99617,40.80405],[-73.99482,40.80523],[-73.99511,40.80545],[-73.99476,40.80568],[-73.99433,40.80641],[-74.00097,40.80989],[-74.00515,40.80373],[-74.00791,40.80004]]]},"properties":{"GEOID":"34017014102","NAME":"Census Tract 141.02","STATE":"34","COUNTY":"017"}},{"type":"Feature","geometry":{"type":"Polygon","coordinates":[[[-74.03025,40.74234],[-74.03054,40.74138],[-74.0271,40.74085],[-74.02646,40.74153],[-74.02567,40.74286],[-74.02314,40.74437],[-74.02277,40.7454],[-74.02292,40.7458],[-74.02457,40.74825],[-74.02603,40.74949],[-74.02756,40.74454],[-74.02949,40.74487],[-74.03025,40.74234]]]},"properties":{"GEOID":"34017018701","NAME":"Census Tract 187.01","STATE":"34","COUNTY":"017"}},{"type":"Feature","geometry":{"type":"Polygon","coordinates":[[[-74.07038,40.79073],[-74.06776,40.78976],[-74.06794,40.78949],[-74.06634,40.78887],[-74.06565,40.78989],[-74.06106,40.78784],[-74.06155,40.78721],[-74.06251,40.78455],[-74.0639,40.78294],[-74.06352,40.78282],[-74.06623,40.77767],[-74.06216,40.77561],[-74.05921,40.77882],[-74.05768,40.78238],[-74.05458,40.78799],[-74.05701,40.78965],[-74.06053,40.79447],[-74.0637,40.79637],[-74.06399,40.79634],[-74.0646,40.79575],[-74.06531,40.79618],[-74.0692,40.79241],[-74.07038,40.79073]]]},"properties":{"GEOID":"34017020000","NAME":"Census Tract 200","STATE":"34","COUNTY":"017"}},{"type":"Feature","geometry":{"type":"Polygon","coordinates":[[[-74.08197,40.74053],[-74.08306,40.74015],[-74.07572,40.7382],[-74.07116,40.73897],[-74.06497,40.7393],[-74.06484,40.73979],[-74.0636,40.74131],[-74.06399,40.74241],[-74.06424,40.74474],[-74.06413,40.74743],[-74.06384,40.74824],[-74.0632,40.74909],[-74.05458,40.75746],[-74.05208,40.76089],[-74.05697,40.76899],[-74.05851,40.76671],[-74.05998,40.76572],[-74.05963,40.76399],[-74.06,40.7634],[-74.06002,40.76254],[-74.06179,40.76241],[-74.06251,40.76267],[-74.0638,40.76366],[-74.06493,40.76376],[-74.06629,40.76281],[-74.06859,40.76197],[-74.07222,40.76012],[-74.07262,40.75893],[-74.07477,40.75819],[-74.07514,40.75715],[-74.07487,40.75566],[-74.07521,40.75533],[-74.0763,40.75513],[-74.07652,40.75481],[-74.07639,40.75437],[-74.07524,40.75313],[-74.07523,40.75275],[-74.07558,40.75245],[-74.07728,40.75216],[-74.07869,40.7506],[-74.0752,40.74739],[-74.07705,40.74325],[-74.08197,40.74053]]]},"properties":{"GEOID":"34017006900","NAME":"Census Tract 69","STATE":"34","COUNTY":"017"}},{"type":"Feature","geometry":{"type":"Polygon","coordinates":[[[-74.06316,40.72809],[-74.06358,40.7277],[-74.06203,40.7266],[-74.06013,40.72908],[-74.05949,40.72954],[-74.05702,40.72707],[-74.05431,40.72336],[-74.05315,40.72662],[-74.05463,40.72807],[-74.05532,40.72998],[-74.05802,40.73327],[-74.05945,40.7325],[-74.0596,40.7326],[-74.06045,40.73128],[-74.06316,40.72809]]]},"properties":{"GEOID":"34017007100","NAME":"Census Tract 71","STATE":"34","COUNTY":"017"}},{"type":"Feature","geometry":{"type":"Polygon","coordinates":[[[-74.0539,40.72759],[-74.05397,40.72742],[-74.05315,40.72662],[-74.05282,40.72757],[-74.05023,40.72733],[-74.05012,40.72806],[-74.04845,40.72792],[-74.04856,40.72719],[-74.04691,40.72705],[-74.04657,40.72921],[-74.04321,40.72893],[-74.04364,40.72605],[-74.04201,40.72591],[-74.04146,40.72937],[-74.04448,40.72967],[-74.04468,40.72987],[-74.04469,40.73053],[-74.05162,40.73112],[-74.0539,40.72759]]]},"properties":{"GEOID":"34017007200","NAME":"Census Tract 72","STATE":"34","COUNTY":"017"}},{"type":"Feature","geometry":{"type":"Polygon","coordinates":[[[-74.05605,40.71734],[-74.05589,40.71626],[-74.05428,40.71297],[-74.05426,40.71216],[-74.05481,40.7106],[-74.05423,40.71015],[-74.05206,40.70993],[-74.05193,40.71104],[-74.05158,40.71199],[-74.05058,40.71156],[-74.05109,40.71138],[-74.05115,40.71112],[-74.04868,40.71069],[-74.0397,40.7096],[-74.03954,40.71035],[-74.03866,40.71017],[-74.03848,40.71101],[-74.0395,40.71107],[-74.03953,40.7109],[-74.04146,40.71112],[-74.04145,40.71135],[-74.04113,40.71135],[-74.04103,40.71228],[-74.04172,40.71251],[-74.04147,40.71347],[-74.04205,40.71414],[-74.04296,40.71441],[-74.04266,40.71583],[-74.05605,40.71734]]]},"properties":{"GEOID":"34017007300","NAME":"Census Tract 73","STATE":"34","COUNTY":"017"}},{"type":"Feature","geometry":{"type":"Polygon","coordinates":[[[-74.02113,40.78253],[-74.0149,40.77963],[-74.01387,40.78068],[-74.01185,40.77969],[-74.01168,40.78085],[-74.01114,40.78172],[-74.01111,40.7825],[-74.00855,40.78521],[-74.00924,40.78553],[-74.01088,40.78382],[-74.01252,40.78458],[-74.01394,40.78284],[-74.01544,40.78353],[-74.01687,40.78176],[-74.02044,40.78341],[-74.02113,40.78253]]]},"properties":{"GEOID":"34017015802","NAME":"Census Tract 158.02","STATE":"34","COUNTY":"017"}},{"type":"Feature","geometry":{"type":"Polygon","coordinates":[[[-74.13957,40.80541],[-74.13122,40.80067],[-74.12603,40.80667],[-74.12565,40.80645],[-74.12491,40.8072],[-74.12593,40.80777],[-74.12436,40.8094],[-74.13271,40.81421],[-74.13112,40.81583],[-74.13222,40.81647],[-74.13083,40.81873],[-74.13154,40.81962],[-74.1354,40.81855],[-74.13635,40.81808],[-74.137,40.81734],[-74.13847,40.81326],[-74.13839,40.81161],[-74.13865,40.80765],[-74.13957,40.80541]]]},"properties":{"GEOID":"34003031300","NAME":"Census Tract 313","STATE":"34","COUNTY":"003"}},{"type":"Feature","geometry":{"type":"Polygon","coordinates":[[[-74.13122,40.80067],[-74.1275,40.79858],[-74.12702,40.79923],[-74.11749,40.79719],[-74.11672,40.79862],[-74.11616,40.80087],[-74.11764,40.80187],[-74.11637,40.80325],[-74.11466,40.80456],[-74.11385,40.80578],[-74.12279,40.81101],[-74.12593,40.80777],[-74.12491,40.8072],[-74.12565,40.80645],[-74.12603,40.80667],[-74.13122,40.80067]]]},"properties":{"GEOID":"34003031400","NAME":"Census Tract 314","STATE":"34","COUNTY":"003"}},{"type":"Feature","geometry":{"type":"Polygon","coordinates":[[[-74.07182,40.85269],[-74.07202,40.85243],[-74.05943,40.84505],[-74.05172,40.85761],[-74.04472,40.85376],[-74.04488,40.85735],[-74.04451,40.85761],[-74.04374,40.85755],[-74.04404,40.85876],[-74.04392,40.85912],[-74.03827,40.85888],[-74.0486,40.87316],[-74.05145,40.87297],[-74.0545,40.87352],[-74.05563,40.87405],[-74.05957,40.86901],[-74.05975,40.86865],[-74.05945,40.86852],[-74.07182,40.85269]]]},"properties":{"GEOID":"34003036100","NAME":"Census Tract 361","STATE":"34","COUNTY":"003"}},{"type":"Feature","geometry":{"type":"Polygon","coordinates":[[[-74.03979,40.87911],[-74.03969,40.87811],[-74.03878,40.87761],[-74.03588,40.8771],[-74.03514,40.87675],[-74.03484,40.87626],[-74.0348,40.87548],[-74.0359,40.87206],[-74.03585,40.86922],[-74.02299,40.86549],[-74.02293,40.86576],[-74.02232,40.86567],[-74.02081,40.87291],[-74.02536,40.87496],[-74.03434,40.87727],[-74.03615,40.87906],[-74.03979,40.87911]]]},"properties":{"GEOID":"34003004002","NAME":"Census Tract 40.02","STATE":"34","COUNTY":"003"}},{"type":"Feature","geometry":{"type":"Polygon","coordinates":[[[-73.98421,40.8546],[-73.97719,40.85048],[-73.9774,40.85022],[-73.97522,40.84905],[-73.97233,40.85208],[-73.97857,40.85614],[-73.98114,40.85854],[-73.98289,40.8568],[-73.98247,40.85657],[-73.98394,40.8551],[-73.98421,40.8546]]]},"properties":{"GEOID":"34003019204","NAME":"Census Tract 192.04","STATE":"34","COUNTY":"003"}},{"type":"Feature","geometry":{"type":"Polygon","coordinates":[[[-74.17375,40.76038],[-74.16934,40.75903],[-74.16986,40.75679],[-74.16698,40.75639],[-74.16453,40.7563],[-74.16339,40.7594],[-74.16215,40.76137],[-74.16734,40.76264],[-74.16824,40.76136],[-74.17212,40.76255],[-74.17375,40.76038]]]},"properties":{"GEOID":"34013009200","NAME":"Census Tract 92","STATE":"34","COUNTY":"013"}},{"type":"Feature","geometry":{"type":"Polygon","coordinates":[[[-74.17172,40.76308],[-74.17212,40.76255],[-74.16824,40.76136],[-74.16734,40.76264],[-74.16302,40.76162],[-74.16035,40.76559],[-74.16067,40.76586],[-74.1619,40.76594],[-74.16365,40.76542],[-74.16523,40.76537],[-74.16491,40.76568],[-74.16176,40.77221],[-74.1645,40.77303],[-74.16807,40.76599],[-74.16997,40.76657],[-74.17172,40.76308]]]},"properties":{"GEOID":"34013009300","NAME":"Census Tract 93","STATE":"34","COUNTY":"013"}},{"type":"Feature","geometry":{"type":"Polygon","coordinates":[[[-74.16523,40.76537],[-74.16365,40.76542],[-74.1619,40.76594],[-74.16067,40.76586],[-74.16035,40.76559],[-74.16302,40.76162],[-74.16215,40.76137],[-74.15769,40.7661],[-74.15664,40.76799],[-74.1558,40.77081],[-74.15327,40.77419],[-74.14979,40.77747],[-74.14899,40.778],[-74.14844,40.77918],[-74.14834,40.77989],[-74.15279,40.78061],[-74.15916,40.78311],[-74.16098,40.77982],[-74.15703,40.77784],[-74.16185,40.77211],[-74.16491,40.76568],[-74.16523,40.76537]]]},"properties":{"GEOID":"34013009600","NAME":"Census Tract 96","STATE":"34","COUNTY":"013"}},{"type":"Feature","geometry":{"type":"Polygon","coordinates":[[[-74.07181,40.72612],[-74.07223,40.72588],[-74.06929,40.7247],[-74.06812,40.72532],[-74.06719,40.72717],[-74.06686,40.72846],[-74.06815,40.72934],[-74.06871,40.72888],[-74.06951,40.72925],[-74.0685,40.73026],[-74.06782,40.73136],[-74.07068,40.73197],[-74.0718,40.7302],[-74.07159,40.73012],[-74.07192,40.72964],[-74.06984,40.72879],[-74.07181,40.72612]]]},"properties":{"GEOID":"34017002900","NAME":"Census Tract 29","STATE":"34","COUNTY":"017"}},{"type":"Feature","geometry":{"type":"Polygon","coordinates":[[[-74.07094,40.72287],[-74.06852,40.72157],[-74.06836,40.72107],[-74.0667,40.72023],[-74.06569,40.72176],[-74.06575,40.72311],[-74.06386,40.72658],[-74.06686,40.72846],[-74.06719,40.72717],[-74.06812,40.72532],[-74.06973,40.72441],[-74.07094,40.72287]]]},"properties":{"GEOID":"34017003000","NAME":"Census Tract 30","STATE":"34","COUNTY":"017"}},{"type":"Feature","geometry":{"type":"Polygon","coordinates":[[[-73.97488,40.84939],[-73.97522,40.84905],[-73.97101,40.84678],[-73.97074,40.84678],[-73.96988,40.84777],[-73.9692,40.84914],[-73.96709,40.84845],[-73.96571,40.84855],[-73.96502,40.84841],[-73.96532,40.8479],[-73.96512,40.84786],[-73.96548,40.84684],[-73.96442,40.84658],[-73.96346,40.84739],[-73.96286,40.84715],[-73.96198,40.8481],[-73.95419,40.848],[-73.95257,40.85154],[-73.96849,40.8547],[-73.97037,40.85531],[-73.97122,40.85387],[-73.97135,40.85309],[-73.97488,40.84939]]]},"properties":{"GEOID":"34003019202","NAME":"Census Tract 192.02","STATE":"34","COUNTY":"003"}},{"type":"Feature","geometry":{"type":"Polygon","coordinates":[[[-74.10689,40.67737],[-74.10739,40.67678],[-74.10443,40.67533],[-74.10185,40.67841],[-74.10106,40.67783],[-74.10053,40.677],[-74.09537,40.67576],[-74.06744,40.66534],[-74.05129,40.65889],[-74.04963,40.66163],[-74.06583,40.66688],[-74.06571,40.66703],[-74.09813,40.68069],[-74.09935,40.68397],[-74.09979,40.68577],[-74.10689,40.67737]]]},"properties":{"GEOID":"34017010300","NAME":"Census Tract 103","STATE":"34","COUNTY":"017"}},{"type":"Feature","geometry":{"type":"Polygon","coordinates":[[[-74.11456,40.6722],[-74.1154,40.6712],[-74.11307,40.67007],[-74.11135,40.67211],[-74.109,40.67098],[-74.10989,40.66993],[-74.10776,40.66905],[-74.10723,40.66966],[-74.10296,40.66914],[-74.09369,40.66739],[-74.08656,40.66522],[-74.078,40.66231],[-74.07083,40.66023],[-74.05323,40.65566],[-74.05129,40.65889],[-74.06744,40.66534],[-74.09537,40.67576],[-74.10053,40.677],[-74.10106,40.67783],[-74.10185,40.67841],[-74.10443,40.67533],[-74.10973,40.67792],[-74.11456,40.6722]]]},"properties":{"GEOID":"34017010400","NAME":"Census Tract 104","STATE":"34","COUNTY":"017"}},{"type":"Feature","geometry":{"type":"Polygon","coordinates":[[[-74.1314,40.6809],[-74.11847,40.67438],[-74.11869,40.6742],[-74.11456,40.6722],[-74.10568,40.68271],[-74.12291,40.69117],[-74.1314,40.6809]]]},"properties":{"GEOID":"34017010500","NAME":"Census Tract 105","STATE":"34","COUNTY":"017"}},{"type":"Feature","geometry":{"type":"Polygon","coordinates":[[[-74.12503,40.6544],[-74.12064,40.65213],[-74.12059,40.65158],[-74.12032,40.65158],[-74.12056,40.6511],[-74.12046,40.64616],[-74.12096,40.644],[-74.10985,40.64806],[-74.09344,40.64806],[-74.08699,40.65151],[-74.05575,40.65148],[-74.05323,40.65566],[-74.07083,40.66023],[-74.078,40.66231],[-74.08656,40.66522],[-74.09369,40.66739],[-74.10296,40.66914],[-74.10723,40.66966],[-74.10776,40.66905],[-74.10929,40.66964],[-74.11715,40.66032],[-74.11802,40.65881],[-74.11969,40.65683],[-74.12054,40.65616],[-74.12244,40.65523],[-74.12503,40.6544]]]},"properties":{"GEOID":"34017010800","NAME":"Census Tract 108","STATE":"34","COUNTY":"017"}},{"type":"Feature","geometry":{"type":"Polygon","coordinates":[[[-74.12192,40.65961],[-74.1224,40.65904],[-74.1201,40.65787],[-74.1217,40.65591],[-74.12131,40.65576],[-74.12004,40.65651],[-74.11931,40.65723],[-74.11802,40.65881],[-74.11715,40.66032],[-74.11396,40.66415],[-74.11685,40.66559],[-74.12192,40.65961]]]},"properties":{"GEOID":"34017010900","NAME":"Census Tract 109","STATE":"34","COUNTY":"017"}},{"type":"Feature","geometry":{"type":"Polygon","coordinates":[[[-74.12422,40.66078],[-74.12473,40.66017],[-74.1224,40.65904],[-74.11685,40.66559],[-74.11919,40.66674],[-74.12422,40.66078]]]},"properties":{"GEOID":"34017011000","NAME":"Census Tract 110","STATE":"34","COUNTY":"017"}},{"type":"Feature","geometry":{"type":"Polygon","coordinates":[[[-74.13822,40.6727],[-74.14011,40.67042],[-74.12895,40.66523],[-74.12679,40.66405],[-74.12653,40.66441],[-74.12502,40.66367],[-74.12704,40.66133],[-74.12473,40.66017],[-74.11989,40.66592],[-74.12403,40.66796],[-74.12565,40.66562],[-74.12728,40.66643],[-74.12782,40.66648],[-74.12818,40.66683],[-74.12793,40.66749],[-74.13822,40.6727]]]},"properties":{"GEOID":"34017011100","NAME":"Census Tract 111","STATE":"34","COUNTY":"017"}},{"type":"Feature","geometry":{"type":"Polygon","coordinates":[[[-74.16142,40.64471],[-74.16143,40.64415],[-74.14311,40.64199],[-74.14224,40.64214],[-74.14009,40.64707],[-74.13937,40.64672],[-74.13762,40.64883],[-74.1348,40.64836],[-74.13043,40.64841],[-74.13014,40.65331],[-74.12911,40.65328],[-74.12902,40.65418],[-74.13351,40.6545],[-74.13579,40.65405],[-74.13554,40.65433],[-74.13613,40.65454],[-74.13765,40.65347],[-74.13978,40.65435],[-74.13969,40.65443],[-74.14146,40.6546],[-74.15304,40.6548],[-74.16072,40.64526],[-74.16137,40.6454],[-74.16123,40.645],[-74.16142,40.64471]]]},"properties":{"GEOID":"34017011500","NAME":"Census Tract 115","STATE":"34","COUNTY":"017"}},{"type":"Feature","geometry":{"type":"Polygon","coordinates":[[[-74.14854,40.78284],[-74.14833,40.7797],[-74.14778,40.7796],[-74.14784,40.77922],[-74.14713,40.77898],[-74.14238,40.77608],[-74.14196,40.77689],[-74.13969,40.77561],[-74.1398,40.7755],[-74.13905,40.77506],[-74.13461,40.77975],[-74.14753,40.78649],[-74.14846,40.78454],[-74.14854,40.78284]]]},"properties":{"GEOID":"34017012400","NAME":"Census Tract 124","STATE":"34","COUNTY":"017"}},{"type":"Feature","geometry":{"type":"Polygon","coordinates":[[[-74.15637,40.7689],[-74.15564,40.76848],[-74.15492,40.76846],[-74.15409,40.76804],[-74.15355,40.76854],[-74.15317,40.7685],[-74.15309,40.76807],[-74.15192,40.76744],[-74.15213,40.7671],[-74.15025,40.76613],[-74.15049,40.76586],[-74.14821,40.76475],[-74.14238,40.77608],[-74.14713,40.77898],[-74.14784,40.77922],[-74.14778,40.7796],[-74.14833,40.7797],[-74.14899,40.778],[-74.14979,40.77747],[-74.15327,40.77419],[-74.15516,40.77173],[-74.1558,40.77081],[-74.15637,40.7689]]]},"properties":{"GEOID":"34017012500","NAME":"Census Tract 125","STATE":"34","COUNTY":"017"}},{"type":"Feature","geometry":{"type":"Polygon","coordinates":[[[-74.1475,40.76614],[-74.14505,40.76486],[-74.14041,40.76999],[-74.14111,40.77048],[-74.13757,40.7742],[-74.14196,40.77689],[-74.1475,40.76614]]]},"properties":{"GEOID":"34017012600","NAME":"Census Tract 126","STATE":"34","COUNTY":"017"}},{"type":"Feature","geometry":{"type":"Polygon","coordinates":[[[-74.09979,40.68577],[-74.09869,40.68217],[-74.09636,40.68492],[-74.09449,40.68672],[-74.08388,40.69501],[-74.0874,40.6977],[-74.08983,40.69605],[-74.09068,40.69566],[-74.09496,40.69209],[-74.09376,40.69075],[-74.09656,40.68951],[-74.09979,40.68577]]]},"properties":{"GEOID":"34017006300","NAME":"Census Tract 63","STATE":"34","COUNTY":"017"}},{"type":"Feature","geometry":{"type":"Polygon","coordinates":[[[-74.12289,40.6912],[-74.10568,40.68271],[-74.101,40.68822],[-74.10204,40.69053],[-74.102,40.69087],[-74.10123,40.69171],[-74.10107,40.69233],[-74.10285,40.69542],[-74.11456,40.70107],[-74.12289,40.6912]]]},"properties":{"GEOID":"34017010100","NAME":"Census Tract 101","STATE":"34","COUNTY":"017"}},{"type":"Feature","geometry":{"type":"Polygon","coordinates":[[[-74.10947,40.67823],[-74.10973,40.67792],[-74.10739,40.67678],[-74.1008,40.68456],[-74.09979,40.68577],[-74.101,40.68822],[-74.10947,40.67823]]]},"properties":{"GEOID":"34017010200","NAME":"Census Tract 102","STATE":"34","COUNTY":"017"}},{"type":"Feature","geometry":{"type":"Polygon","coordinates":[[[-74.15769,40.7661],[-74.15702,40.76593],[-74.15719,40.76574],[-74.1564,40.76606],[-74.15363,40.76469],[-74.1539,40.76425],[-74.14964,40.76259],[-74.14821,40.76475],[-74.15049,40.76586],[-74.15025,40.76613],[-74.15213,40.7671],[-74.15192,40.76744],[-74.15309,40.76807],[-74.15309,40.76842],[-74.15328,40.76856],[-74.15368,40.76847],[-74.15409,40.76804],[-74.15492,40.76846],[-74.15564,40.76848],[-74.15637,40.7689],[-74.15664,40.76799],[-74.15769,40.7661]]]},"properties":{"GEOID":"34017013100","NAME":"Census Tract 131","STATE":"34","COUNTY":"017"}},{"type":"Feature","geometry":{"type":"Polygon","coordinates":[[[-74.1648,40.75472],[-74.1626,40.75354],[-74.16052,40.75293],[-74.15968,40.75521],[-74.15807,40.75466],[-74.15212,40.76355],[-74.1539,40.76425],[-74.15363,40.76469],[-74.1564,40.76606],[-74.15719,40.76574],[-74.15702,40.76593],[-74.15769,40.7661],[-74.16253,40.76083],[-74.16339,40.7594],[-74.16451,40.75639],[-74.1648,40.75472]]]},"properties":{"GEOID":"34017013300","NAME":"Census Tract 133","STATE":"34","COUNTY":"017"}},{"type":"Feature","geometry":{"type":"Polygon","coordinates":[[[-74.16609,40.7474],[-74.16608,40.74724],[-74.16453,40.74727],[-74.16452,40.74858],[-74.16286,40.74824],[-74.1626,40.74977],[-74.15947,40.74918],[-74.1581,40.74912],[-74.15753,40.75217],[-74.16208,40.75335],[-74.1648,40.75472],[-74.16609,40.7474]]]},"properties":{"GEOID":"34017013400","NAME":"Census Tract 134","STATE":"34","COUNTY":"017"}},{"type":"Feature","geometry":{"type":"Polygon","coordinates":[[[-74.05084,40.71956],[-74.05117,40.71895],[-74.04815,40.71799],[-74.04669,40.72067],[-74.04976,40.72163],[-74.05084,40.71956]]]},"properties":{"GEOID":"34017003500","NAME":"Census Tract 35","STATE":"34","COUNTY":"017"}},{"type":"Feature","geometry":{"type":"Polygon","coordinates":[[[-74.09857,40.72721],[-74.09909,40.7261],[-74.09084,40.72257],[-74.09175,40.72101],[-74.08475,40.71727],[-74.08235,40.71967],[-74.07822,40.72454],[-74.08008,40.72537],[-74.07985,40.72574],[-74.08189,40.7269],[-74.08172,40.72716],[-74.08187,40.72723],[-74.08083,40.72855],[-74.09349,40.73421],[-74.0947,40.73447],[-74.09857,40.72721]]]},"properties":{"GEOID":"34017004000","NAME":"Census Tract 40","STATE":"34","COUNTY":"017"}},{"type":"Feature","geometry":{"type":"Polygon","coordinates":[[[-74.07527,40.71851],[-74.0754,40.71843],[-74.07099,40.71662],[-74.07061,40.71762],[-74.06916,40.7193],[-74.06749,40.71857],[-74.06707,40.7198],[-74.0667,40.72023],[-74.06836,40.72107],[-74.06852,40.72157],[-74.07094,40.72287],[-74.07527,40.71851]]]},"properties":{"GEOID":"34017004102","NAME":"Census Tract 41.02","STATE":"34","COUNTY":"017"}},{"type":"Feature","geometry":{"type":"Polygon","coordinates":[[[-74.07349,40.70621],[-74.07181,40.70487],[-74.06023,40.71318],[-74.0615,40.71423],[-74.06274,40.71334],[-74.06338,40.71386],[-74.0646,40.71301],[-74.0671,40.71485],[-74.06922,40.71165],[-74.07015,40.71068],[-74.07127,40.70995],[-74.07243,40.70849],[-74.07349,40.70621]]]},"properties":{"GEOID":"34017004600","NAME":"Census Tract 46","STATE":"34","COUNTY":"017"}},{"type":"Feature","geometry":{"type":"Polygon","coordinates":[[[-74.07236,40.70246],[-74.07249,40.70241],[-74.07026,40.7019],[-74.06878,40.70096],[-74.06395,40.7053],[-74.06209,40.70639],[-74.05649,40.70912],[-74.0555,40.70978],[-74.05453,40.71114],[-74.05424,40.71266],[-74.05446,40.71354],[-74.05589,40.71626],[-74.07181,40.70487],[-74.07013,40.70346],[-74.07236,40.70246]]]},"properties":{"GEOID":"34017004700","NAME":"Census Tract 47","STATE":"34","COUNTY":"017"}},{"type":"Feature","geometry":{"type":"Polygon","coordinates":[[[-74.09003,40.71321],[-74.09027,40.71306],[-74.08558,40.70991],[-74.08529,40.71049],[-74.08445,40.71133],[-74.08341,40.71069],[-74.07989,40.71497],[-74.08456,40.71746],[-74.09003,40.71321]]]},"properties":{"GEOID":"34017004900","NAME":"Census Tract 49","STATE":"34","COUNTY":"017"}},{"type":"Feature","geometry":{"type":"Polygon","coordinates":[[[-74.09265,40.71166],[-74.08616,40.70728],[-74.08629,40.70713],[-74.08468,40.7061],[-74.08329,40.70724],[-74.07945,40.70463],[-74.07866,40.70545],[-74.07809,40.70652],[-74.08378,40.71022],[-74.08341,40.71069],[-74.08445,40.71133],[-74.08529,40.71049],[-74.08558,40.70991],[-74.09027,40.71306],[-74.09265,40.71166]]]},"properties":{"GEOID":"34017005200","NAME":"Census Tract 52","STATE":"34","COUNTY":"017"}},{"type":"Feature","geometry":{"type":"Polygon","coordinates":[[[-74.10194,40.84337],[-74.10277,40.84148],[-74.08643,40.83207],[-74.08107,40.82862],[-74.07875,40.82755],[-74.07037,40.82174],[-74.06604,40.81693],[-74.06068,40.80573],[-74.05855,40.80628],[-74.04654,40.80748],[-74.03823,40.80757],[-74.03654,40.80785],[-74.03463,40.80884],[-74.03338,40.81005],[-74.03127,40.81414],[-74.03051,40.81654],[-74.03053,40.81838],[-74.03095,40.81927],[-74.03387,40.82254],[-74.03471,40.82494],[-74.03553,40.82482],[-74.05307,40.83367],[-74.0588,40.83511],[-74.06005,40.83396],[-74.06098,40.83252],[-74.07628,40.83711],[-74.08426,40.84186],[-74.08466,40.84146],[-74.0868,40.8427],[-74.08803,40.84146],[-74.08913,40.842],[-74.09302,40.84435],[-74.09155,40.84595],[-74.09897,40.8503],[-74.10194,40.84337]]]},"properties":{"GEOID":"34003005000","NAME":"Census Tract 50","STATE":"34","COUNTY":"003"}},{"type":"Feature","geometry":{"type":"Polygon","coordinates":[[[-74.1846,40.75087],[-74.17938,40.74817],[-74.17411,40.747],[-74.17734,40.74066],[-74.17205,40.73895],[-74.17187,40.73929],[-74.17033,40.73874],[-74.16895,40.74139],[-74.1686,40.7406],[-74.16755,40.73947],[-74.16539,40.73893],[-74.16379,40.7392],[-74.16599,40.7452],[-74.16609,40.7474],[-74.16546,40.751],[-74.16675,40.7508],[-74.17006,40.7497],[-74.16994,40.75001],[-74.17065,40.75101],[-74.1777,40.75121],[-74.17792,40.74987],[-74.17933,40.74974],[-74.18432,40.75113],[-74.1846,40.75087]]]},"properties":{"GEOID":"34013022900","NAME":"Census Tract 229","STATE":"34","COUNTY":"013"}},{"type":"Feature","geometry":{"type":"Polygon","coordinates":[[[-74.1841,40.7135],[-74.18204,40.71004],[-74.18011,40.71054],[-74.17814,40.71079],[-74.17111,40.71091],[-74.16425,40.71048],[-74.15999,40.70968],[-74.15978,40.7098],[-74.16006,40.70992],[-74.15747,40.7116],[-74.15374,40.71479],[-74.15171,40.71687],[-74.15539,40.71813],[-74.15761,40.71757],[-74.18158,40.71441],[-74.18293,40.71405],[-74.1841,40.7135]]]},"properties":{"GEOID":"34013980100","NAME":"Census Tract 9801","STATE":"34","COUNTY":"013"}},{"type":"Feature","geometry":{"type":"Polygon","coordinates":[[[-74.04025,40.74174],[-74.04065,40.74049],[-74.03973,40.74032],[-74.04012,40.73904],[-74.03448,40.73806],[-74.03373,40.7406],[-74.04025,40.74174]]]},"properties":{"GEOID":"34017019100","NAME":"Census Tract 191","STATE":"34","COUNTY":"017"}},{"type":"Feature","geometry":{"type":"Polygon","coordinates":[[[-74.03465,40.73748],[-74.03504,40.73619],[-74.03038,40.73541],[-74.0302,40.73598],[-74.02755,40.73558],[-74.02727,40.73586],[-74.02799,40.736],[-74.0277,40.7369],[-74.03171,40.73758],[-74.03133,40.73886],[-74.0341,40.73934],[-74.03465,40.73748]]]},"properties":{"GEOID":"34017019300","NAME":"Census Tract 193","STATE":"34","COUNTY":"017"}},{"type":"Feature","geometry":{"type":"Polygon","coordinates":[[[-74.01958,40.79352],[-74.0107,40.78941],[-74.00836,40.79234],[-74.00731,40.79184],[-74.00678,40.79202],[-74.01208,40.7945],[-74.01231,40.79421],[-74.01548,40.7957],[-74.01503,40.79627],[-74.01566,40.79658],[-74.0169,40.79524],[-74.01958,40.79352]]]},"properties":{"GEOID":"34017032400","NAME":"Census Tract 324","STATE":"34","COUNTY":"017"}},{"type":"Feature","geometry":{"type":"Polygon","coordinates":[[[-74.05882,40.73711],[-74.05571,40.73431],[-74.05322,40.73708],[-74.05764,40.73932],[-74.05874,40.73826],[-74.05882,40.73711]]]},"properties":{"GEOID":"34017001201","NAME":"Census Tract 12.01","STATE":"34","COUNTY":"017"}},{"type":"Feature","geometry":{"type":"Polygon","coordinates":[[[-74.15239,40.6556],[-74.15304,40.6548],[-74.14146,40.6546],[-74.13969,40.65443],[-74.13978,40.65435],[-74.13765,40.65347],[-74.13613,40.65454],[-74.13554,40.65433],[-74.13579,40.65405],[-74.13351,40.6545],[-74.12908,40.65421],[-74.12911,40.65508],[-74.12473,40.66017],[-74.12704,40.66133],[-74.12502,40.66367],[-74.12653,40.66441],[-74.12679,40.66405],[-74.12895,40.66523],[-74.14011,40.67042],[-74.15239,40.6556]]]},"properties":{"GEOID":"34017011200","NAME":"Census Tract 112","STATE":"34","COUNTY":"017"}},{"type":"Feature","geometry":{"type":"Polygon","coordinates":[[[-74.04078,40.7455],[-74.03923,40.74521],[-74.0396,40.74395],[-74.03493,40.74314],[-74.03523,40.74219],[-74.03336,40.74186],[-74.03228,40.74536],[-74.03978,40.74667],[-74.04078,40.7455]]]},"properties":{"GEOID":"34017018900","NAME":"Census Tract 189","STATE":"34","COUNTY":"017"}},{"type":"Feature","geometry":{"type":"Polygon","coordinates":[[[-74.0319,40.74663],[-74.03228,40.74536],[-74.02949,40.74487],[-74.02833,40.7487],[-74.0302,40.74904],[-74.03058,40.74776],[-74.03152,40.74792],[-74.0319,40.74663]]]},"properties":{"GEOID":"34017018600","NAME":"Census Tract 186","STATE":"34","COUNTY":"017"}},{"type":"Feature","geometry":{"type":"Polygon","coordinates":[[[-74.12911,40.65508],[-74.12908,40.65421],[-74.12668,40.65416],[-74.1243,40.65457],[-74.12131,40.65576],[-74.1217,40.65591],[-74.1201,40.65787],[-74.12473,40.66017],[-74.12911,40.65508]]]},"properties":{"GEOID":"34017011300","NAME":"Census Tract 113","STATE":"34","COUNTY":"017"}},{"type":"Feature","geometry":{"type":"Polygon","coordinates":[[[-74.13031,40.64996],[-74.13043,40.64841],[-74.12567,40.64847],[-74.12546,40.64236],[-74.12096,40.644],[-74.12046,40.64616],[-74.12056,40.6511],[-74.12032,40.65158],[-74.12059,40.65158],[-74.12064,40.65213],[-74.12503,40.6544],[-74.12668,40.65416],[-74.12908,40.65421],[-74.12911,40.65328],[-74.13014,40.65331],[-74.13031,40.64996]]]},"properties":{"GEOID":"34017011400","NAME":"Census Tract 114","STATE":"34","COUNTY":"017"}},{"type":"Feature","geometry":{"type":"Polygon","coordinates":[[[-74.0986,40.68228],[-74.09813,40.68069],[-74.06571,40.66703],[-74.06583,40.66688],[-74.04963,40.66163],[-74.03579,40.68455],[-74.05281,40.69077],[-74.0556,40.69304],[-74.05661,40.693],[-74.06329,40.69651],[-74.06405,40.69717],[-74.06646,40.69859],[-74.06845,40.70022],[-74.06821,40.70044],[-74.06964,40.7016],[-74.07249,40.70241],[-74.0767,40.70045],[-74.08388,40.69501],[-74.09449,40.68672],[-74.09636,40.68492],[-74.0986,40.68228]]]},"properties":{"GEOID":"34017005802","NAME":"Census Tract 58.02","STATE":"34","COUNTY":"017"}},{"type":"Feature","geometry":{"type":"Polygon","coordinates":[[[-74.0772,40.72581],[-74.07729,40.72569],[-74.07094,40.72287],[-74.06973,40.72441],[-74.06929,40.7247],[-74.07223,40.72588],[-74.07156,40.72631],[-74.06984,40.72879],[-74.07387,40.7304],[-74.0772,40.72581]]]},"properties":{"GEOID":"34017002800","NAME":"Census Tract 28","STATE":"34","COUNTY":"017"}},{"type":"Feature","geometry":{"type":"Polygon","coordinates":[[[-74.14206,40.73098],[-74.14288,40.73064],[-74.14115,40.72846],[-74.13856,40.72784],[-74.13637,40.72907],[-74.13723,40.73053],[-74.13619,40.73083],[-74.13516,40.72914],[-74.13867,40.72715],[-74.13808,40.72671],[-74.13742,40.72569],[-74.13732,40.7246],[-74.13676,40.72526],[-74.13593,40.72576],[-74.13492,40.72603],[-74.13396,40.72605],[-74.12099,40.7229],[-74.11811,40.73242],[-74.12642,40.73451],[-74.12636,40.73464],[-74.12721,40.73468],[-74.12871,40.7344],[-74.13989,40.7339],[-74.13978,40.73228],[-74.13905,40.73221],[-74.14206,40.73098]]]},"properties":{"GEOID":"34013007502","NAME":"Census Tract 75.02","STATE":"34","COUNTY":"013"}},{"type":"Feature","geometry":{"type":"Polygon","coordinates":[[[-74.16945,40.72958],[-74.16402,40.72799],[-74.16154,40.73115],[-74.15943,40.72973],[-74.15693,40.73218],[-74.15545,40.73187],[-74.15524,40.73273],[-74.15528,40.73354],[-74.15998,40.73448],[-74.16196,40.73601],[-74.16547,40.73347],[-74.16945,40.72958]]]},"properties":{"GEOID":"34013007900","NAME":"Census Tract 79","STATE":"34","COUNTY":"013"}},{"type":"Feature","geometry":{"type":"Polygon","coordinates":[[[-74.17663,40.72776],[-74.17676,40.72757],[-74.17279,40.72626],[-74.1661,40.73292],[-74.16335,40.73513],[-74.16196,40.73601],[-74.16379,40.7392],[-74.16539,40.73893],[-74.16755,40.73947],[-74.1686,40.7406],[-74.16895,40.74139],[-74.17663,40.72776]]]},"properties":{"GEOID":"34013008000","NAME":"Census Tract 80","STATE":"34","COUNTY":"013"}},{"type":"Feature","geometry":{"type":"Polygon","coordinates":[[[-74.17625,40.75221],[-74.17551,40.75218],[-74.17547,40.75114],[-74.17065,40.75101],[-74.17063,40.75336],[-74.17239,40.75527],[-74.17419,40.75533],[-74.17455,40.75277],[-74.17575,40.75311],[-74.17625,40.75221]]]},"properties":{"GEOID":"34013008800","NAME":"Census Tract 88","STATE":"34","COUNTY":"013"}},{"type":"Feature","geometry":{"type":"Polygon","coordinates":[[[-74.16374,40.7795],[-74.16481,40.77746],[-74.16256,40.77678],[-74.1645,40.77303],[-74.16176,40.77221],[-74.15703,40.77784],[-74.16098,40.77982],[-74.15916,40.78311],[-74.16128,40.78418],[-74.16374,40.7795]]]},"properties":{"GEOID":"34013009700","NAME":"Census Tract 97","STATE":"34","COUNTY":"013"}},{"type":"Feature","geometry":{"type":"Polygon","coordinates":[[[-74.00186,40.7897],[-74.00168,40.78962],[-74.00122,40.7901],[-73.993,40.78635],[-73.99169,40.78814],[-73.99791,40.79094],[-73.99805,40.7907],[-74.00008,40.79137],[-73.99983,40.79216],[-74.00154,40.79297],[-74.00043,40.79144],[-74.00131,40.79011],[-74.00186,40.7897]]]},"properties":{"GEOID":"34017015001","NAME":"Census Tract 150.01","STATE":"34","COUNTY":"017"}},{"type":"Feature","geometry":{"type":"Polygon","coordinates":[[[-74.02843,40.75492],[-74.0288,40.75371],[-74.025,40.75304],[-74.02559,40.7509],[-74.02171,40.75021],[-74.02177,40.75006],[-74.02128,40.75017],[-74.01601,40.7494],[-74.01425,40.75666],[-74.02361,40.75775],[-74.02624,40.75743],[-74.02622,40.75711],[-74.02718,40.75727],[-74.02773,40.75711],[-74.02843,40.75492]]]},"properties":{"GEOID":"34017018302","NAME":"Census Tract 183.02","STATE":"34","COUNTY":"017"}},{"type":"Feature","geometry":{"type":"Polygon","coordinates":[[[-74.08341,40.71069],[-74.08378,40.71022],[-74.07809,40.70652],[-74.07511,40.71194],[-74.08023,40.71464],[-74.08341,40.71069]]]},"properties":{"GEOID":"34017006800","NAME":"Census Tract 68","STATE":"34","COUNTY":"017"}},{"type":"Feature","geometry":{"type":"Polygon","coordinates":[[[-74.03538,40.8288],[-74.03496,40.82585],[-74.03401,40.8228],[-74.03363,40.82218],[-74.03095,40.81927],[-74.03053,40.81838],[-74.03051,40.81654],[-74.03165,40.81326],[-74.02903,40.8128],[-74.02858,40.81318],[-74.02872,40.81445],[-74.02854,40.81517],[-74.02806,40.81573],[-74.02736,40.81613],[-74.02635,40.81619],[-74.02564,40.81571],[-74.02487,40.81476],[-74.02404,40.81474],[-74.02399,40.8153],[-74.02499,40.81593],[-74.02503,40.81628],[-74.02316,40.81667],[-74.02296,40.81704],[-74.02314,40.81817],[-74.02295,40.81849],[-74.02135,40.81847],[-74.02029,40.81872],[-74.01995,40.81996],[-74.02046,40.82073],[-74.01928,40.82103],[-74.01878,40.82248],[-74.01782,40.82334],[-74.0168,40.82357],[-74.01544,40.82285],[-74.01295,40.82318],[-74.01231,40.82342],[-74.01035,40.82316],[-74.00874,40.82426],[-74.01028,40.82744],[-74.01027,40.83048],[-74.00794,40.8297],[-74.00705,40.83103],[-73.9984,40.83982],[-74.01094,40.84683],[-74.01124,40.84222],[-74.01215,40.83977],[-74.01271,40.83909],[-74.01354,40.83883],[-74.01531,40.83883],[-74.02123,40.83973],[-74.02166,40.83988],[-74.02261,40.84072],[-74.02291,40.84127],[-74.02456,40.84234],[-74.02518,40.843],[-74.02737,40.84655],[-74.02867,40.84677],[-74.03047,40.84648],[-74.02995,40.84428],[-74.02973,40.84223],[-74.03068,40.84017],[-74.031,40.83887],[-74.03087,40.83783],[-74.02989,40.83609],[-74.02966,40.83328],[-74.03015,40.83228],[-74.03087,40.8316],[-74.03538,40.8288]]]},"properties":{"GEOID":"34003045200","NAME":"Census Tract 452","STATE":"34","COUNTY":"003"}},{"type":"Feature","geometry":{"type":"Polygon","coordinates":[[[-74.02481,40.84261],[-74.02291,40.84127],[-74.02261,40.84072],[-74.02166,40.83988],[-74.02123,40.83973],[-74.01479,40.83879],[-74.01339,40.83885],[-74.0125,40.83927],[-74.01169,40.84084],[-74.01124,40.84222],[-74.0109,40.84831],[-74.01066,40.84941],[-74.00916,40.85273],[-74.00675,40.85574],[-74.006,40.85843],[-74.00499,40.86014],[-74.01507,40.86427],[-74.01582,40.86439],[-74.01757,40.85874],[-74.0209,40.85955],[-74.02344,40.85176],[-74.022,40.85138],[-74.02334,40.8491],[-74.02189,40.84846],[-74.02172,40.84577],[-74.02239,40.84257],[-74.02334,40.84352],[-74.02481,40.84261]]]},"properties":{"GEOID":"34003046100","NAME":"Census Tract 461","STATE":"34","COUNTY":"003"}},{"type":"Feature","geometry":{"type":"Polygon","coordinates":[[[-74.08948,40.85698],[-74.08361,40.85361],[-74.08371,40.85343],[-74.08167,40.85223],[-74.07807,40.85589],[-74.07923,40.85656],[-74.06942,40.8662],[-74.07498,40.86943],[-74.07583,40.8686],[-74.08111,40.87167],[-74.08219,40.87059],[-74.07965,40.86913],[-74.08754,40.8614],[-74.08617,40.86061],[-74.08948,40.85698]]]},"properties":{"GEOID":"34003025200","NAME":"Census Tract 252","STATE":"34","COUNTY":"003"}},{"type":"Feature","geometry":{"type":"Polygon","coordinates":[[[-74.03585,40.86922],[-74.03535,40.86623],[-74.03278,40.86308],[-74.03287,40.86047],[-74.03238,40.85863],[-74.03152,40.85882],[-74.02969,40.85775],[-74.02825,40.8574],[-74.02895,40.85891],[-74.0264,40.85829],[-74.02544,40.86222],[-74.02485,40.86205],[-74.02406,40.86103],[-74.02378,40.86221],[-74.02207,40.86184],[-74.02257,40.85996],[-74.01757,40.85874],[-74.01574,40.8647],[-74.02293,40.86576],[-74.02299,40.86549],[-74.03585,40.86922]]]},"properties":{"GEOID":"34003046200","NAME":"Census Tract 462","STATE":"34","COUNTY":"003"}},{"type":"Feature","geometry":{"type":"Polygon","coordinates":[[[-74.20022,40.68886],[-74.19735,40.68786],[-74.19807,40.68688],[-74.16993,40.68855],[-74.16927,40.68862],[-74.16853,40.6894],[-74.16763,40.68996],[-74.16645,40.69015],[-74.16505,40.69016],[-74.16239,40.68961],[-74.16102,40.68891],[-74.15967,40.68697],[-74.15871,40.6862],[-74.15786,40.68595],[-74.15532,40.68612],[-74.15386,40.68592],[-74.15266,40.68522],[-74.15043,40.68315],[-74.14898,40.68224],[-74.13915,40.67712],[-74.13578,40.67556],[-74.1367,40.67444],[-74.13656,40.67437],[-74.13521,40.67625],[-74.12289,40.6912],[-74.11279,40.7031],[-74.12068,40.70619],[-74.13211,40.71015],[-74.13019,40.71315],[-74.13519,40.71451],[-74.13632,40.71322],[-74.13871,40.71384],[-74.14013,40.7129],[-74.15171,40.71687],[-74.15374,40.71479],[-74.15747,40.7116],[-74.16006,40.70992],[-74.15978,40.7098],[-74.15999,40.70968],[-74.16425,40.71048],[-74.17111,40.71091],[-74.17814,40.71079],[-74.18011,40.71054],[-74.18204,40.71004],[-74.1841,40.7135],[-74.18501,40.71286],[-74.18583,40.71269],[-74.20022,40.68886]]]},"properties":{"GEOID":"34013980200","NAME":"Census Tract 9802","STATE":"34","COUNTY":"013"}},{"type":"Feature","geometry":{"type":"Polygon","coordinates":[[[-74.02322,40.87614],[-74.01266,40.87226],[-74.00835,40.87196],[-74.00694,40.87162],[-74.00587,40.87116],[-74.00093,40.86762],[-73.99897,40.86675],[-73.99715,40.86881],[-73.99627,40.87064],[-73.99383,40.87294],[-73.99376,40.87333],[-73.99418,40.87533],[-73.99414,40.87643],[-73.99363,40.87753],[-73.99248,40.87899],[-73.99537,40.88046],[-74.00729,40.88427],[-74.00782,40.88384],[-74.01097,40.8782],[-74.01816,40.88047],[-74.01917,40.87856],[-74.02212,40.8795],[-74.02322,40.87614]]]},"properties":{"GEOID":"34003054602","NAME":"Census Tract 546.02","STATE":"34","COUNTY":"003"}},{"type":"Feature","geometry":{"type":"Polygon","coordinates":[[[-73.9983,40.80848],[-73.99569,40.80717],[-73.99284,40.81148],[-73.98975,40.8178],[-73.99066,40.81828],[-73.991,40.81767],[-73.99305,40.81869],[-73.99401,40.81753],[-73.99319,40.8171],[-73.99518,40.81483],[-73.99369,40.81404],[-73.99615,40.81162],[-73.9983,40.80848]]]},"properties":{"GEOID":"34003006301","NAME":"Census Tract 63.01","STATE":"34","COUNTY":"003"}},{"type":"Feature","geometry":{"type":"Polygon","coordinates":[[[-73.9982,40.81642],[-73.99518,40.81483],[-73.99319,40.8171],[-73.99401,40.81753],[-73.9908,40.82144],[-73.99417,40.82333],[-73.99615,40.82117],[-73.99539,40.82078],[-73.99696,40.81907],[-73.99624,40.8187],[-73.9982,40.81642]]]},"properties":{"GEOID":"34003018102","NAME":"Census Tract 181.02","STATE":"34","COUNTY":"003"}},{"type":"Feature","geometry":{"type":"Polygon","coordinates":[[[-73.99369,40.80288],[-73.99368,40.80206],[-73.99331,40.80129],[-73.98474,40.79766],[-73.96572,40.82371],[-73.97199,40.82538],[-73.97296,40.82384],[-73.97368,40.82398],[-73.97379,40.82384],[-73.97358,40.82356],[-73.97559,40.8235],[-73.97788,40.81976],[-73.98162,40.81604],[-73.98406,40.81386],[-73.98624,40.81293],[-73.98694,40.81237],[-73.98918,40.80978],[-73.99031,40.80762],[-73.99331,40.80414],[-73.99369,40.80288]]]},"properties":{"GEOID":"34003013003","NAME":"Census Tract 130.03","STATE":"34","COUNTY":"003"}},{"type":"Feature","geometry":{"type":"Polygon","coordinates":[[[-73.99564,40.80724],[-73.99453,40.80653],[-73.99385,40.80741],[-73.99427,40.80757],[-73.99413,40.80778],[-73.99381,40.808],[-73.99325,40.80772],[-73.99269,40.80791],[-73.99289,40.8082],[-73.99233,40.80867],[-73.99155,40.81075],[-73.99175,40.81085],[-73.99092,40.81232],[-73.98978,40.81165],[-73.98865,40.81263],[-73.98785,40.81417],[-73.98697,40.8137],[-73.98473,40.81572],[-73.98501,40.81569],[-73.98421,40.81773],[-73.98865,40.82025],[-73.99284,40.81148],[-73.99564,40.80724]]]},"properties":{"GEOID":"34003006302","NAME":"Census Tract 63.02","STATE":"34","COUNTY":"003"}},{"type":"Feature","geometry":{"type":"Polygon","coordinates":[[[-73.9945,40.80657],[-73.99316,40.80576],[-73.99348,40.80385],[-73.99031,40.80762],[-73.98918,40.80978],[-73.98694,40.81237],[-73.98624,40.81293],[-73.98406,40.81386],[-73.98162,40.81604],[-73.97788,40.81976],[-73.9771,40.82121],[-73.97592,40.82285],[-73.97773,40.82395],[-73.97781,40.82381],[-73.97889,40.82439],[-73.97933,40.82385],[-73.97982,40.82236],[-73.98079,40.82165],[-73.98335,40.81722],[-73.9844,40.81587],[-73.98513,40.81549],[-73.98697,40.8137],[-73.98785,40.81417],[-73.98865,40.81263],[-73.98955,40.81174],[-73.98978,40.81165],[-73.99092,40.81232],[-73.99175,40.81085],[-73.99155,40.81075],[-73.99233,40.80867],[-73.99289,40.8082],[-73.99269,40.80791],[-73.99325,40.80772],[-73.99381,40.808],[-73.99413,40.80778],[-73.99427,40.80757],[-73.99385,40.80741],[-73.9945,40.80657]]]},"properties":{"GEOID":"34003013004","NAME":"Census Tract 130.04","STATE":"34","COUNTY":"003"}},{"type":"Feature","geometry":{"type":"Polygon","coordinates":[[[-73.99131,40.83096],[-73.99169,40.83041],[-73.98444,40.82628],[-73.9826,40.83097],[-73.98893,40.83445],[-73.99131,40.83096]]]},"properties":{"GEOID":"34003006101","NAME":"Census Tract 61.01","STATE":"34","COUNTY":"003"}},{"type":"Feature","geometry":{"type":"Polygon","coordinates":[[[-74.00247,40.81077],[-73.9983,40.80848],[-73.99615,40.81162],[-73.99369,40.81404],[-73.9982,40.81642],[-74.00057,40.81384],[-74.00057,40.81346],[-74.00247,40.81077]]]},"properties":{"GEOID":"34003018101","NAME":"Census Tract 181.01","STATE":"34","COUNTY":"003"}},{"type":"Feature","geometry":{"type":"Polygon","coordinates":[[[-74.02349,40.87498],[-74.02376,40.87423],[-74.02081,40.87291],[-74.02232,40.86567],[-74.01574,40.8647],[-74.01582,40.86439],[-74.01507,40.86427],[-74.00499,40.86014],[-74.0021,40.8643],[-74.00134,40.86499],[-73.99984,40.86589],[-73.99897,40.86675],[-74.00093,40.86762],[-74.00587,40.87116],[-74.00719,40.87171],[-74.00863,40.87199],[-74.01266,40.87226],[-74.0231,40.8761],[-74.02349,40.87498]]]},"properties":{"GEOID":"34003054601","NAME":"Census Tract 546.01","STATE":"34","COUNTY":"003"}},{"type":"Feature","geometry":{"type":"Polygon","coordinates":[[[-73.99611,40.82441],[-73.99325,40.82282],[-73.99069,40.82553],[-73.98859,40.82435],[-73.98841,40.82459],[-73.98638,40.82351],[-73.98444,40.82628],[-73.99169,40.83041],[-73.99491,40.82624],[-73.99611,40.82441]]]},"properties":{"GEOID":"34003006102","NAME":"Census Tract 61.02","STATE":"34","COUNTY":"003"}},{"type":"Feature","geometry":{"type":"Polygon","coordinates":[[[-74.01032,40.82875],[-74.01024,40.82726],[-74.00874,40.82426],[-74.00823,40.82495],[-74.00694,40.82552],[-74.00534,40.82695],[-73.99748,40.82232],[-73.99491,40.82624],[-73.99248,40.82925],[-73.98893,40.83445],[-73.99062,40.83542],[-73.99065,40.83435],[-73.99092,40.83359],[-73.9937,40.82948],[-73.99542,40.82739],[-74.00346,40.83193],[-74.00542,40.831],[-74.00649,40.83158],[-74.00731,40.83074],[-74.00794,40.8297],[-74.01027,40.83048],[-74.01032,40.82875]]]},"properties":{"GEOID":"34003045101","NAME":"Census Tract 451.01","STATE":"34","COUNTY":"003"}},{"type":"Feature","geometry":{"type":"Polygon","coordinates":[[[-74.12059,40.82099],[-74.12114,40.82078],[-74.10487,40.81133],[-74.09433,40.80495],[-74.09478,40.80385],[-74.09483,40.80318],[-74.09433,40.80262],[-74.09287,40.80201],[-74.09273,40.80137],[-74.09394,40.79871],[-74.09487,40.7978],[-74.09657,40.79676],[-74.09654,40.79614],[-74.09385,40.79418],[-74.09076,40.79287],[-74.09008,40.79236],[-74.09155,40.78804],[-74.08579,40.78698],[-74.08304,40.78623],[-74.08166,40.7876],[-74.09882,40.82451],[-74.09883,40.82388],[-74.10001,40.82409],[-74.10258,40.82501],[-74.1027,40.82479],[-74.10401,40.82484],[-74.10593,40.82581],[-74.1095,40.82103],[-74.11393,40.82359],[-74.12059,40.82099]]]},"properties":{"GEOID":"34003051400","NAME":"Census Tract 514","STATE":"34","COUNTY":"003"}},{"type":"Feature","geometry":{"type":"Polygon","coordinates":[[[-74.09166,40.84354],[-74.08803,40.84146],[-74.0868,40.8427],[-74.08466,40.84146],[-74.08426,40.84186],[-74.07628,40.83711],[-74.07623,40.8381],[-74.07653,40.83883],[-74.07614,40.83944],[-74.07517,40.84029],[-74.07879,40.84239],[-74.07658,40.84448],[-74.07622,40.84502],[-74.07723,40.84559],[-74.07489,40.84858],[-74.07603,40.84922],[-74.07617,40.84908],[-74.08371,40.85343],[-74.08523,40.85046],[-74.08647,40.84888],[-74.09166,40.84354]]]},"properties":{"GEOID":"34003060001","NAME":"Census Tract 600.01","STATE":"34","COUNTY":"003"}},{"type":"Feature","geometry":{"type":"Polygon","coordinates":[[[-74.00649,40.83158],[-74.00542,40.831],[-74.00346,40.83193],[-73.99542,40.82739],[-73.9937,40.82948],[-73.99092,40.83359],[-73.99065,40.83435],[-73.99062,40.83542],[-73.9984,40.83982],[-74.00649,40.83158]]]},"properties":{"GEOID":"34003045102","NAME":"Census Tract 451.02","STATE":"34","COUNTY":"003"}},{"type":"Feature","geometry":{"type":"Polygon","coordinates":[[[-74.18392,40.725],[-74.18424,40.72427],[-74.18173,40.72545],[-74.18087,40.72449],[-74.18052,40.72437],[-74.18093,40.72369],[-74.18265,40.72307],[-74.18229,40.72257],[-74.18171,40.72238],[-74.18287,40.72043],[-74.18138,40.71996],[-74.17862,40.72453],[-74.17697,40.72396],[-74.1752,40.72709],[-74.17676,40.72757],[-74.1781,40.72709],[-74.17841,40.72789],[-74.17968,40.72833],[-74.18247,40.7289],[-74.18392,40.725]]]},"properties":{"GEOID":"34013006700","NAME":"Census Tract 67","STATE":"34","COUNTY":"013"}},{"type":"Feature","geometry":{"type":"Polygon","coordinates":[[[-74.1856,40.7131],[-74.18583,40.71269],[-74.18501,40.71286],[-74.18329,40.71391],[-74.18158,40.71441],[-74.16562,40.7165],[-74.16429,40.71875],[-74.16712,40.71974],[-74.16567,40.72251],[-74.16787,40.72327],[-74.16777,40.7235],[-74.17092,40.72477],[-74.17323,40.72545],[-74.17489,40.72392],[-74.17512,40.724],[-74.18339,40.71604],[-74.18477,40.71444],[-74.1856,40.7131]]]},"properties":{"GEOID":"34013006800","NAME":"Census Tract 68","STATE":"34","COUNTY":"013"}},{"type":"Feature","geometry":{"type":"Polygon","coordinates":[[[-74.16557,40.71662],[-74.16562,40.7165],[-74.16164,40.71702],[-74.15695,40.72592],[-74.16317,40.72774],[-74.16409,40.72579],[-74.16125,40.72494],[-74.16432,40.71871],[-74.16557,40.71662]]]},"properties":{"GEOID":"34013007000","NAME":"Census Tract 70","STATE":"34","COUNTY":"013"}},{"type":"Feature","geometry":{"type":"Polygon","coordinates":[[[-74.16083,40.71837],[-74.16164,40.71702],[-74.15625,40.71786],[-74.15427,40.7186],[-74.1492,40.72143],[-74.14971,40.72187],[-74.15209,40.7205],[-74.15551,40.72404],[-74.15764,40.72463],[-74.16083,40.71837]]]},"properties":{"GEOID":"34013007100","NAME":"Census Tract 71","STATE":"34","COUNTY":"013"}},{"type":"Feature","geometry":{"type":"Polygon","coordinates":[[[-74.13506,40.78904],[-74.13335,40.78845],[-74.13099,40.78732],[-74.13382,40.78364],[-74.13041,40.78192],[-74.13303,40.77897],[-74.13077,40.77784],[-74.13,40.77719],[-74.12968,40.77653],[-74.12943,40.77513],[-74.12968,40.77374],[-74.12762,40.77236],[-74.12719,40.77134],[-74.12325,40.77178],[-74.12276,40.77144],[-74.12218,40.77148],[-74.12166,40.77201],[-74.11921,40.77237],[-74.11832,40.77183],[-74.11788,40.77192],[-74.11782,40.77274],[-74.11708,40.77255],[-74.11688,40.77275],[-74.11703,40.7733],[-74.11618,40.77342],[-74.1167,40.77371],[-74.1167,40.77407],[-74.1154,40.77442],[-74.11479,40.77543],[-74.11396,40.77631],[-74.11325,40.77608],[-74.11203,40.77608],[-74.11057,40.77704],[-74.11663,40.78222],[-74.11522,40.78459],[-74.11377,40.78655],[-74.11397,40.78722],[-74.11373,40.78783],[-74.11432,40.78824],[-74.11428,40.78858],[-74.1126,40.7891],[-74.11161,40.78907],[-74.11055,40.7893],[-74.10853,40.79003],[-74.10852,40.79066],[-74.10944,40.79178],[-74.10856,40.79288],[-74.10834,40.79346],[-74.11786,40.7965],[-74.11749,40.79719],[-74.12702,40.79923],[-74.1275,40.79858],[-74.12871,40.79926],[-74.13328,40.79414],[-74.1324,40.7937],[-74.13465,40.79114],[-74.13384,40.79072],[-74.13506,40.78904]]]},"properties":{"GEOID":"34003038100","NAME":"Census Tract 381","STATE":"34","COUNTY":"003"}},{"type":"Feature","geometry":{"type":"Polygon","coordinates":[[[-74.14753,40.78649],[-74.14239,40.78385],[-74.1402,40.78632],[-74.13923,40.78688],[-74.13733,40.78901],[-74.1357,40.78817],[-74.13384,40.79072],[-74.13465,40.79114],[-74.1324,40.7937],[-74.13328,40.79414],[-74.12871,40.79926],[-74.13959,40.80532],[-74.13956,40.8037],[-74.13811,40.80037],[-74.13803,40.7992],[-74.1382,40.79849],[-74.13867,40.79772],[-74.13984,40.79655],[-74.14221,40.79307],[-74.14471,40.79055],[-74.14753,40.78649]]]},"properties":{"GEOID":"34003038300","NAME":"Census Tract 383","STATE":"34","COUNTY":"003"}},{"type":"Feature","geometry":{"type":"Polygon","coordinates":[[[-74.17147,40.79019],[-74.17161,40.79001],[-74.17073,40.7883],[-74.16983,40.78701],[-74.16591,40.78668],[-74.16431,40.78558],[-74.16012,40.7835],[-74.15451,40.78129],[-74.15433,40.78152],[-74.15282,40.78765],[-74.1521,40.78938],[-74.1549,40.78988],[-74.15469,40.79062],[-74.1576,40.79123],[-74.15883,40.78763],[-74.15917,40.78744],[-74.16052,40.78787],[-74.16992,40.79247],[-74.17085,40.79316],[-74.17108,40.79115],[-74.17147,40.79019]]]},"properties":{"GEOID":"34013014500","NAME":"Census Tract 145","STATE":"34","COUNTY":"013"}},{"type":"Feature","geometry":{"type":"Polygon","coordinates":[[[-74.165,40.79226],[-74.16562,40.79041],[-74.16052,40.78787],[-74.15917,40.78744],[-74.15883,40.78763],[-74.1576,40.79123],[-74.15469,40.79062],[-74.1549,40.78988],[-74.1521,40.78938],[-74.15008,40.79371],[-74.15575,40.79475],[-74.15765,40.79448],[-74.16095,40.79639],[-74.16184,40.79758],[-74.16393,40.79527],[-74.165,40.79226]]]},"properties":{"GEOID":"34013014600","NAME":"Census Tract 146","STATE":"34","COUNTY":"013"}},{"type":"Feature","geometry":{"type":"Polygon","coordinates":[[[-74.15528,40.71816],[-74.14013,40.7129],[-74.13871,40.71384],[-74.13632,40.71322],[-74.13519,40.71451],[-74.13019,40.71315],[-74.13211,40.71015],[-74.12068,40.70619],[-74.11279,40.7031],[-74.12029,40.7159],[-74.12139,40.721],[-74.12099,40.7229],[-74.13396,40.72605],[-74.13492,40.72603],[-74.13593,40.72576],[-74.13676,40.72526],[-74.13732,40.7246],[-74.13742,40.72569],[-74.13808,40.72671],[-74.13867,40.72715],[-74.13516,40.72914],[-74.13619,40.73083],[-74.13723,40.73053],[-74.13637,40.72907],[-74.13856,40.72784],[-74.14115,40.72846],[-74.14288,40.73064],[-74.14378,40.73028],[-74.14688,40.72962],[-74.14462,40.72724],[-74.15127,40.72346],[-74.1492,40.72143],[-74.15528,40.71816]]]},"properties":{"GEOID":"34013007400","NAME":"Census Tract 74","STATE":"34","COUNTY":"013"}},{"type":"Feature","geometry":{"type":"Polygon","coordinates":[[[-74.15728,40.72531],[-74.15764,40.72463],[-74.15551,40.72404],[-74.15209,40.7205],[-74.14971,40.72187],[-74.15555,40.72781],[-74.15638,40.7265],[-74.15664,40.72657],[-74.15728,40.72531]]]},"properties":{"GEOID":"34013007200","NAME":"Census Tract 72","STATE":"34","COUNTY":"013"}},{"type":"Feature","geometry":{"type":"Polygon","coordinates":[[[-74.15546,40.72795],[-74.15555,40.72781],[-74.15127,40.72346],[-74.14462,40.72724],[-74.14688,40.72962],[-74.14574,40.72984],[-74.15177,40.73109],[-74.15268,40.7285],[-74.15546,40.72795]]]},"properties":{"GEOID":"34013007300","NAME":"Census Tract 73","STATE":"34","COUNTY":"013"}},{"type":"Feature","geometry":{"type":"Polygon","coordinates":[[[-74.15524,40.73272],[-74.15545,40.73187],[-74.14574,40.72984],[-74.14378,40.73028],[-74.13905,40.73221],[-74.13978,40.73228],[-74.13989,40.7339],[-74.12871,40.7344],[-74.12692,40.73469],[-74.11811,40.73242],[-74.11699,40.73712],[-74.1176,40.73964],[-74.12119,40.7417],[-74.12279,40.7421],[-74.13749,40.7414],[-74.14269,40.7393],[-74.14529,40.7357],[-74.14719,40.7344],[-74.15528,40.73354],[-74.15524,40.73272]]]},"properties":{"GEOID":"34013007501","NAME":"Census Tract 75.01","STATE":"34","COUNTY":"013"}},{"type":"Feature","geometry":{"type":"Polygon","coordinates":[[[-74.18236,40.7292],[-74.18247,40.7289],[-74.17968,40.72833],[-74.17841,40.72789],[-74.1781,40.72709],[-74.17684,40.72746],[-74.17033,40.73874],[-74.17187,40.73929],[-74.17205,40.73895],[-74.17741,40.74068],[-74.17973,40.73637],[-74.18236,40.7292]]]},"properties":{"GEOID":"34013008100","NAME":"Census Tract 81","STATE":"34","COUNTY":"013"}},{"type":"Feature","geometry":{"type":"Polygon","coordinates":[[[-74.17562,40.75919],[-74.17473,40.7578],[-74.17064,40.75337],[-74.17067,40.75107],[-74.16994,40.75001],[-74.17006,40.7497],[-74.16675,40.7508],[-74.16546,40.751],[-74.16453,40.7563],[-74.16698,40.75639],[-74.16986,40.75679],[-74.16934,40.75903],[-74.17483,40.76071],[-74.17562,40.75919]]]},"properties":{"GEOID":"34013008700","NAME":"Census Tract 87","STATE":"34","COUNTY":"013"}},{"type":"Feature","geometry":{"type":"Polygon","coordinates":[[[-74.13271,40.81421],[-74.12436,40.8094],[-74.12279,40.81101],[-74.12299,40.81113],[-74.12238,40.81174],[-74.12172,40.8128],[-74.12023,40.81394],[-74.11615,40.81783],[-74.12404,40.82251],[-74.12676,40.82065],[-74.13154,40.81962],[-74.13083,40.81873],[-74.13222,40.81647],[-74.13112,40.81583],[-74.13271,40.81421]]]},"properties":{"GEOID":"34003031200","NAME":"Census Tract 312","STATE":"34","COUNTY":"003"}},{"type":"Feature","geometry":{"type":"Polygon","coordinates":[[[-74.12404,40.83897],[-74.1238,40.83796],[-74.12283,40.8362],[-74.12241,40.8363],[-74.12077,40.83536],[-74.12121,40.83484],[-74.12083,40.83416],[-74.1188,40.83299],[-74.11895,40.83287],[-74.1117,40.82878],[-74.10768,40.83285],[-74.10987,40.8341],[-74.10565,40.83841],[-74.1067,40.83907],[-74.11388,40.84208],[-74.12119,40.84683],[-74.12222,40.84243],[-74.12372,40.84021],[-74.12404,40.83897]]]},"properties":{"GEOID":"34003051100","NAME":"Census Tract 511","STATE":"34","COUNTY":"003"}},{"type":"Feature","geometry":{"type":"Polygon","coordinates":[[[-74.17788,40.76274],[-74.17562,40.75919],[-74.17483,40.76071],[-74.17375,40.76038],[-74.17134,40.76359],[-74.16781,40.77172],[-74.17245,40.77311],[-74.17788,40.76274]]]},"properties":{"GEOID":"34013009400","NAME":"Census Tract 94","STATE":"34","COUNTY":"013"}},{"type":"Feature","geometry":{"type":"Polygon","coordinates":[[[-74.01183,40.77974],[-74.00852,40.77799],[-74.00828,40.77828],[-74.00162,40.77455],[-73.99741,40.78031],[-74.00281,40.78287],[-74.00326,40.78235],[-74.00389,40.78262],[-74.00513,40.78391],[-74.00578,40.78405],[-74.006,40.78427],[-74.00668,40.78433],[-74.00855,40.78521],[-74.01111,40.7825],[-74.01114,40.78172],[-74.01168,40.78085],[-74.01183,40.77974]]]},"properties":{"GEOID":"34017015801","NAME":"Census Tract 158.01","STATE":"34","COUNTY":"017"}},{"type":"Feature","geometry":{"type":"Polygon","coordinates":[[[-74.02911,40.74613],[-74.02949,40.74487],[-74.02756,40.74454],[-74.025,40.75304],[-74.02688,40.75339],[-74.02911,40.74613]]]},"properties":{"GEOID":"34017018702","NAME":"Census Tract 187.02","STATE":"34","COUNTY":"017"}},{"type":"Feature","geometry":{"type":"Polygon","coordinates":[[[-74.06203,40.7266],[-74.06111,40.72575],[-74.06132,40.72495],[-74.06165,40.72451],[-74.06059,40.72407],[-74.0617,40.72298],[-74.05515,40.72097],[-74.05431,40.72336],[-74.05702,40.72707],[-74.05949,40.72954],[-74.06013,40.72908],[-74.06203,40.7266]]]},"properties":{"GEOID":"34017006600","NAME":"Census Tract 66","STATE":"34","COUNTY":"017"}},{"type":"Feature","geometry":{"type":"Polygon","coordinates":[[[-74.04172,40.71251],[-74.04103,40.71228],[-74.04113,40.71135],[-74.04145,40.71135],[-74.04146,40.71112],[-74.03953,40.7109],[-74.0395,40.71107],[-74.03867,40.71105],[-74.03848,40.71101],[-74.03854,40.71074],[-74.02495,40.70947],[-74.02398,40.71584],[-74.03219,40.71674],[-74.03557,40.71734],[-74.03645,40.71292],[-74.04145,40.71355],[-74.04172,40.71251]]]},"properties":{"GEOID":"34017007400","NAME":"Census Tract 74","STATE":"34","COUNTY":"017"}},{"type":"Feature","geometry":{"type":"Polygon","coordinates":[[[-73.97381,40.85757],[-73.97396,40.85743],[-73.97154,40.85585],[-73.96933,40.85493],[-73.96795,40.85459],[-73.96343,40.86259],[-73.96278,40.86353],[-73.96098,40.86525],[-73.96467,40.8673],[-73.96718,40.86481],[-73.96754,40.86425],[-73.96759,40.8617],[-73.96773,40.86141],[-73.97086,40.86019],[-73.97381,40.85757]]]},"properties":{"GEOID":"34003019104","NAME":"Census Tract 191.04","STATE":"34","COUNTY":"003"}},{"type":"Feature","geometry":{"type":"Polygon","coordinates":[[[-74.14239,40.78385],[-74.13303,40.77897],[-74.13041,40.78192],[-74.13382,40.78364],[-74.13099,40.78732],[-74.13335,40.78845],[-74.13506,40.78904],[-74.1357,40.78817],[-74.13733,40.78901],[-74.13923,40.78688],[-74.1402,40.78632],[-74.14239,40.78385]]]},"properties":{"GEOID":"34003038200","NAME":"Census Tract 382","STATE":"34","COUNTY":"003"}},{"type":"Feature","geometry":{"type":"Polygon","coordinates":[[[-74.0364,40.76405],[-74.03679,40.76345],[-74.03287,40.76193],[-74.03105,40.76468],[-74.03504,40.76612],[-74.0364,40.76405]]]},"properties":{"GEOID":"34017017200","NAME":"Census Tract 172","STATE":"34","COUNTY":"017"}},{"type":"Feature","geometry":{"type":"Polygon","coordinates":[[[-74.04937,40.72222],[-74.04976,40.72163],[-74.04669,40.72067],[-74.04616,40.72162],[-74.04563,40.72411],[-74.04735,40.72425],[-74.04691,40.72705],[-74.04856,40.72719],[-74.04937,40.72222]]]},"properties":{"GEOID":"34017002300","NAME":"Census Tract 23","STATE":"34","COUNTY":"017"}},{"type":"Feature","geometry":{"type":"Polygon","coordinates":[[[-74.06218,40.7458],[-74.0623,40.74548],[-74.0605,40.74473],[-74.06098,40.74404],[-74.05708,40.74251],[-74.05571,40.74443],[-74.06176,40.74696],[-74.06218,40.7458]]]},"properties":{"GEOID":"34017001000","NAME":"Census Tract 10","STATE":"34","COUNTY":"017"}},{"type":"Feature","geometry":{"type":"Polygon","coordinates":[[[-74.01996,40.78401],[-74.02044,40.78341],[-74.01687,40.78176],[-74.01544,40.78353],[-74.01394,40.78284],[-74.01252,40.78458],[-74.01773,40.78699],[-74.01996,40.78401]]]},"properties":{"GEOID":"34017015900","NAME":"Census Tract 159","STATE":"34","COUNTY":"017"}},{"type":"Feature","geometry":{"type":"Polygon","coordinates":[[[-74.16595,40.74511],[-74.16379,40.7392],[-74.16209,40.73611],[-74.15998,40.73448],[-74.15528,40.73354],[-74.15617,40.74652],[-74.16595,40.74511]]]},"properties":{"GEOID":"34017013800","NAME":"Census Tract 138","STATE":"34","COUNTY":"017"}},{"type":"Feature","geometry":{"type":"Polygon","coordinates":[[[-74.03373,40.7406],[-74.0341,40.73934],[-74.03133,40.73886],[-74.02949,40.74487],[-74.03228,40.74536],[-74.03373,40.7406]]]},"properties":{"GEOID":"34017018800","NAME":"Census Tract 188","STATE":"34","COUNTY":"017"}},{"type":"Feature","geometry":{"type":"Polygon","coordinates":[[[-74.13905,40.77506],[-74.13606,40.77333],[-74.13332,40.7762],[-74.1319,40.7754],[-74.13036,40.77756],[-74.13461,40.77975],[-74.13905,40.77506]]]},"properties":{"GEOID":"34017012300","NAME":"Census Tract 123","STATE":"34","COUNTY":"017"}},{"type":"Feature","geometry":{"type":"Polygon","coordinates":[[[-74.09785,40.6968],[-74.09836,40.69629],[-74.09496,40.69209],[-74.09138,40.69505],[-74.09301,40.69698],[-74.09261,40.69795],[-74.09444,40.70012],[-74.09592,40.69887],[-74.09627,40.69832],[-74.09785,40.6968]]]},"properties":{"GEOID":"34017006200","NAME":"Census Tract 62","STATE":"34","COUNTY":"017"}},{"type":"Feature","geometry":{"type":"Polygon","coordinates":[[[-74.08731,40.70388],[-74.08797,40.70328],[-74.08657,40.70238],[-74.08526,40.70359],[-74.08235,40.70167],[-74.07945,40.70463],[-74.08329,40.70724],[-74.08731,40.70388]]]},"properties":{"GEOID":"34017005500","NAME":"Census Tract 55","STATE":"34","COUNTY":"017"}},{"type":"Feature","geometry":{"type":"Polygon","coordinates":[[[-74.04317,40.80758],[-74.04492,40.80756],[-74.04238,40.80733],[-74.03973,40.80636],[-74.03727,40.80531],[-74.03509,40.80381],[-74.03368,40.80326],[-74.03515,40.80171],[-74.03565,40.80198],[-74.04062,40.79683],[-74.04023,40.79666],[-74.04124,40.79563],[-74.03365,40.79239],[-74.04047,40.78186],[-74.04106,40.78163],[-74.0415,40.78105],[-74.03974,40.7797],[-74.03697,40.78403],[-74.03327,40.78252],[-74.0332,40.7841],[-74.033,40.78403],[-74.03288,40.78476],[-74.03054,40.78381],[-74.03042,40.78397],[-74.02474,40.78132],[-74.02307,40.78295],[-74.02276,40.78359],[-74.02361,40.78789],[-74.02338,40.78994],[-74.02312,40.79029],[-74.0243,40.79085],[-74.02364,40.79161],[-74.02395,40.79177],[-74.02384,40.79191],[-74.02722,40.79346],[-74.02523,40.79669],[-74.01623,40.80727],[-74.00964,40.81452],[-74.01235,40.81598],[-74.01252,40.8165],[-74.01238,40.81684],[-74.01191,40.81706],[-74.01141,40.81769],[-74.01139,40.81804],[-74.01186,40.81835],[-74.01132,40.81897],[-74.01183,40.81971],[-74.01132,40.82039],[-74.01135,40.82079],[-74.01197,40.82114],[-74.01232,40.82181],[-74.01377,40.82306],[-74.01547,40.82285],[-74.01677,40.82356],[-74.01764,40.82342],[-74.01878,40.82248],[-74.01928,40.82103],[-74.02046,40.82073],[-74.01995,40.81996],[-74.02029,40.81872],[-74.02135,40.81847],[-74.02295,40.81849],[-74.02314,40.81817],[-74.02296,40.81704],[-74.02316,40.81667],[-74.02503,40.81628],[-74.02499,40.81593],[-74.02399,40.8153],[-74.02404,40.81474],[-74.02487,40.81476],[-74.02564,40.81571],[-74.02635,40.81619],[-74.02736,40.81613],[-74.02816,40.81565],[-74.02859,40.81506],[-74.02873,40.81426],[-74.02858,40.81318],[-74.02872,40.81297],[-74.02933,40.81277],[-74.03165,40.81326],[-74.03338,40.81005],[-74.03463,40.80884],[-74.03557,40.80823],[-74.03783,40.80759],[-74.04317,40.80758]]]},"properties":{"GEOID":"34017014600","NAME":"Census Tract 146","STATE":"34","COUNTY":"017"}},{"type":"Feature","geometry":{"type":"Polygon","coordinates":[[[-74.15781,40.75053],[-74.15794,40.74986],[-74.15501,40.75031],[-74.15413,40.74682],[-74.14498,40.74816],[-74.14555,40.75189],[-74.15417,40.75425],[-74.15576,40.75159],[-74.15748,40.75234],[-74.15781,40.75053]]]},"properties":{"GEOID":"34017013500","NAME":"Census Tract 135","STATE":"34","COUNTY":"017"}},{"type":"Feature","geometry":{"type":"Polygon","coordinates":[[[-74.15891,40.74915],[-74.15818,40.74623],[-74.15413,40.74682],[-74.15501,40.75031],[-74.15794,40.74986],[-74.1581,40.74912],[-74.15891,40.74915]]]},"properties":{"GEOID":"34017013600","NAME":"Census Tract 136","STATE":"34","COUNTY":"017"}},{"type":"Feature","geometry":{"type":"Polygon","coordinates":[[[-74.16608,40.74724],[-74.16595,40.74511],[-74.15818,40.74623],[-74.15891,40.74915],[-74.1626,40.74977],[-74.16286,40.74824],[-74.16452,40.74858],[-74.16453,40.74727],[-74.16608,40.74724]]]},"properties":{"GEOID":"34017013700","NAME":"Census Tract 137","STATE":"34","COUNTY":"017"}},{"type":"Feature","geometry":{"type":"Polygon","coordinates":[[[-74.15617,40.74652],[-74.15528,40.73354],[-74.14719,40.7344],[-74.14529,40.7357],[-74.14269,40.7393],[-74.13749,40.7414],[-74.1368,40.74146],[-74.13967,40.74379],[-74.14095,40.74289],[-74.14586,40.74803],[-74.15617,40.74652]]]},"properties":{"GEOID":"34017013900","NAME":"Census Tract 139","STATE":"34","COUNTY":"017"}},{"type":"Feature","geometry":{"type":"Polygon","coordinates":[[[-74.01041,40.79674],[-74.01063,40.79644],[-74.00876,40.79557],[-74.00828,40.79616],[-74.00154,40.79297],[-74.00032,40.79424],[-74.00012,40.7943],[-73.99892,40.79375],[-73.99862,40.79389],[-73.99858,40.79522],[-74.00814,40.79973],[-74.01041,40.79674]]]},"properties":{"GEOID":"34017014200","NAME":"Census Tract 142","STATE":"34","COUNTY":"017"}},{"type":"Feature","geometry":{"type":"Polygon","coordinates":[[[-74.0149,40.79874],[-74.01498,40.7985],[-74.01409,40.7981],[-74.01377,40.7985],[-74.01079,40.79713],[-74.01118,40.79658],[-74.0107,40.79636],[-74.00515,40.80373],[-74.01006,40.80569],[-74.01321,40.80167],[-74.0149,40.79874]]]},"properties":{"GEOID":"34017014300","NAME":"Census Tract 143","STATE":"34","COUNTY":"017"}},{"type":"Feature","geometry":{"type":"Polygon","coordinates":[[[-74.15448,40.78133],[-74.15279,40.78061],[-74.14834,40.77989],[-74.14852,40.78416],[-74.14825,40.78516],[-74.14759,40.7864],[-74.14471,40.79055],[-74.14221,40.79307],[-74.13984,40.79655],[-74.13867,40.79772],[-74.1382,40.79849],[-74.13803,40.80001],[-74.13956,40.8037],[-74.13957,40.80541],[-74.14639,40.80627],[-74.14584,40.80381],[-74.14594,40.80275],[-74.1524,40.78876],[-74.15448,40.78133]]]},"properties":{"GEOID":"34013014400","NAME":"Census Tract 144","STATE":"34","COUNTY":"013"}},{"type":"Feature","geometry":{"type":"Polygon","coordinates":[[[-74.15258,40.80697],[-74.13957,40.80541],[-74.13865,40.80765],[-74.13839,40.81161],[-74.13847,40.81326],[-74.137,40.81734],[-74.13635,40.81808],[-74.1354,40.81855],[-74.13002,40.81994],[-74.13957,40.82528],[-74.14088,40.82293],[-74.14203,40.82333],[-74.14264,40.82166],[-74.14393,40.81932],[-74.14571,40.81469],[-74.14902,40.81543],[-74.14991,40.8129],[-74.15009,40.81294],[-74.15134,40.81108],[-74.15258,40.80697]]]},"properties":{"GEOID":"34013013600","NAME":"Census Tract 136","STATE":"34","COUNTY":"013"}},{"type":"Feature","geometry":{"type":"Polygon","coordinates":[[[-74.00649,40.84559],[-74.00692,40.8446],[-73.9914,40.83585],[-73.98837,40.83899],[-74.00306,40.84741],[-74.00339,40.84681],[-74.00548,40.84791],[-74.00649,40.84559]]]},"properties":{"GEOID":"34003041301","NAME":"Census Tract 413.01","STATE":"34","COUNTY":"003"}},{"type":"Feature","geometry":{"type":"Polygon","coordinates":[[[-74.03238,40.85863],[-74.03016,40.85657],[-74.02851,40.85418],[-74.02864,40.85209],[-74.03045,40.8478],[-74.03047,40.84648],[-74.02867,40.84677],[-74.02737,40.84655],[-74.02481,40.84261],[-74.02334,40.84352],[-74.02239,40.84257],[-74.02172,40.84577],[-74.02189,40.84846],[-74.02334,40.8491],[-74.022,40.85138],[-74.02344,40.85176],[-74.0209,40.85955],[-74.02257,40.85996],[-74.02207,40.86184],[-74.02378,40.86221],[-74.02406,40.86103],[-74.02485,40.86205],[-74.02544,40.86222],[-74.0264,40.85829],[-74.02895,40.85891],[-74.02825,40.8574],[-74.02969,40.85775],[-74.03152,40.85882],[-74.03238,40.85863]]]},"properties":{"GEOID":"34003046300","NAME":"Census Tract 463","STATE":"34","COUNTY":"003"}},{"type":"Feature","geometry":{"type":"Polygon","coordinates":[[[-73.98014,40.83907],[-73.98041,40.83833],[-73.97884,40.83742],[-73.97829,40.83666],[-73.97822,40.83747],[-73.97521,40.83663],[-73.97381,40.83587],[-73.97393,40.83606],[-73.97312,40.83778],[-73.97309,40.83856],[-73.97269,40.83921],[-73.97281,40.83933],[-73.97256,40.83969],[-73.97241,40.84074],[-73.97169,40.84157],[-73.97088,40.8431],[-73.97107,40.84341],[-73.97088,40.84392],[-73.97065,40.84394],[-73.97055,40.84362],[-73.97031,40.84354],[-73.9698,40.84411],[-73.96963,40.84461],[-73.96893,40.84508],[-73.96906,40.84536],[-73.96853,40.84628],[-73.96846,40.84696],[-73.96811,40.84742],[-73.9663,40.84702],[-73.96532,40.8479],[-73.96502,40.84841],[-73.96571,40.84855],[-73.96709,40.84845],[-73.9692,40.84914],[-73.96988,40.84777],[-73.97074,40.84678],[-73.97101,40.84678],[-73.97522,40.84905],[-73.97621,40.84796],[-73.97494,40.84725],[-73.97615,40.84554],[-73.97878,40.84254],[-73.98014,40.83907]]]},"properties":{"GEOID":"34003019305","NAME":"Census Tract 193.05","STATE":"34","COUNTY":"003"}},{"type":"Feature","geometry":{"type":"Polygon","coordinates":[[[-73.9804,40.85791],[-73.97857,40.85614],[-73.97233,40.85208],[-73.97135,40.85309],[-73.97122,40.85387],[-73.97037,40.85531],[-73.97195,40.85609],[-73.97396,40.85743],[-73.97409,40.85732],[-73.97624,40.85827],[-73.97863,40.85834],[-73.9804,40.85791]]]},"properties":{"GEOID":"34003019203","NAME":"Census Tract 192.03","STATE":"34","COUNTY":"003"}},{"type":"Feature","geometry":{"type":"Polygon","coordinates":[[[-73.98823,40.85101],[-73.98058,40.84679],[-73.98592,40.84146],[-73.98041,40.83833],[-73.9789,40.84235],[-73.97615,40.84554],[-73.97494,40.84725],[-73.97621,40.84796],[-73.97522,40.84905],[-73.9774,40.85022],[-73.97719,40.85048],[-73.98425,40.85453],[-73.98413,40.85488],[-73.98823,40.85101]]]},"properties":{"GEOID":"34003019303","NAME":"Census Tract 193.03","STATE":"34","COUNTY":"003"}},{"type":"Feature","geometry":{"type":"Polygon","coordinates":[[[-73.99122,40.83604],[-73.9914,40.83585],[-73.9826,40.83097],[-73.98248,40.83203],[-73.98041,40.83833],[-73.98592,40.84146],[-73.99122,40.83604]]]},"properties":{"GEOID":"34003019304","NAME":"Census Tract 193.04","STATE":"34","COUNTY":"003"}},{"type":"Feature","geometry":{"type":"Polygon","coordinates":[[[-74.02735,40.7786],[-74.02788,40.77805],[-74.02434,40.7764],[-74.0206,40.78109],[-74.01982,40.78072],[-74.01911,40.7816],[-74.02115,40.7825],[-74.02146,40.7821],[-74.02315,40.78289],[-74.02735,40.7786]]]},"properties":{"GEOID":"34017016200","NAME":"Census Tract 162","STATE":"34","COUNTY":"017"}},{"type":"Feature","geometry":{"type":"Polygon","coordinates":[[[-74.03236,40.7768],[-74.03207,40.77542],[-74.02848,40.7712],[-74.02565,40.77471],[-74.0294,40.77645],[-74.02831,40.7776],[-74.0315,40.77902],[-74.03159,40.77806],[-74.03224,40.77728],[-74.03236,40.7768]]]},"properties":{"GEOID":"34017016600","NAME":"Census Tract 166","STATE":"34","COUNTY":"017"}},{"type":"Feature","geometry":{"type":"Polygon","coordinates":[[[-74.01966,40.77581],[-74.01525,40.77387],[-74.01452,40.77483],[-74.01429,40.77619],[-74.01361,40.77786],[-74.01253,40.77873],[-74.01185,40.77969],[-74.01387,40.78068],[-74.01536,40.77924],[-74.01814,40.77756],[-74.01966,40.77581]]]},"properties":{"GEOID":"34017018000","NAME":"Census Tract 180","STATE":"34","COUNTY":"017"}},{"type":"Feature","geometry":{"type":"Polygon","coordinates":[[[-74.06393,40.74803],[-74.06402,40.74779],[-74.05782,40.74535],[-74.05311,40.75224],[-74.05666,40.75379],[-74.05679,40.75363],[-74.05794,40.75416],[-74.0632,40.74909],[-74.06393,40.74803]]]},"properties":{"GEOID":"34017000400","NAME":"Census Tract 4","STATE":"34","COUNTY":"017"}},{"type":"Feature","geometry":{"type":"Polygon","coordinates":[[[-74.05486,40.74978],[-74.05534,40.74904],[-74.05131,40.74754],[-74.05044,40.74885],[-74.04802,40.7479],[-74.04678,40.74975],[-74.05044,40.75116],[-74.05002,40.75179],[-74.05219,40.75268],[-74.05319,40.75217],[-74.05486,40.74978]]]},"properties":{"GEOID":"34017000500","NAME":"Census Tract 5","STATE":"34","COUNTY":"017"}},{"type":"Feature","geometry":{"type":"Polygon","coordinates":[[[-74.05084,40.74384],[-74.05122,40.7433],[-74.04939,40.74254],[-74.04765,40.74511],[-74.04519,40.7442],[-74.04293,40.7478],[-74.04706,40.74934],[-74.05084,40.74384]]]},"properties":{"GEOID":"34017000700","NAME":"Census Tract 7","STATE":"34","COUNTY":"017"}},{"type":"Feature","geometry":{"type":"Polygon","coordinates":[[[-74.04939,40.74254],[-74.04523,40.74095],[-74.04444,40.74089],[-74.04521,40.73961],[-74.04425,40.74039],[-74.0437,40.74028],[-74.04359,40.74007],[-74.04314,40.7407],[-74.04229,40.74127],[-74.04245,40.74286],[-74.04211,40.74367],[-74.03955,40.74697],[-74.03873,40.74845],[-74.03956,40.74864],[-74.03963,40.74844],[-74.04027,40.74868],[-74.04127,40.74718],[-74.04293,40.7478],[-74.04519,40.7442],[-74.04765,40.74511],[-74.04939,40.74254]]]},"properties":{"GEOID":"34017000800","NAME":"Census Tract 8","STATE":"34","COUNTY":"017"}},{"type":"Feature","geometry":{"type":"Polygon","coordinates":[[[-74.15121,40.83168],[-74.13002,40.81994],[-74.12644,40.82078],[-74.12352,40.82305],[-74.12246,40.82545],[-74.12112,40.82987],[-74.12089,40.83219],[-74.12107,40.83306],[-74.12168,40.83406],[-74.14009,40.8434],[-74.15121,40.83168]]]},"properties":{"GEOID":"34031124402","NAME":"Census Tract 1244.02","STATE":"34","COUNTY":"031"}},{"type":"Feature","geometry":{"type":"Polygon","coordinates":[[[-74.06098,40.74404],[-74.06143,40.74343],[-74.0597,40.74273],[-74.06059,40.74149],[-74.05973,40.74114],[-74.06038,40.73936],[-74.05822,40.73876],[-74.05764,40.73932],[-74.05322,40.73708],[-74.05265,40.73769],[-74.05115,40.73694],[-74.05085,40.7374],[-74.05073,40.73818],[-74.04852,40.7405],[-74.04767,40.74185],[-74.05122,40.7433],[-74.05156,40.7428],[-74.05571,40.74449],[-74.05708,40.74251],[-74.06098,40.74404]]]},"properties":{"GEOID":"34017001100","NAME":"Census Tract 11","STATE":"34","COUNTY":"017"}},{"type":"Feature","geometry":{"type":"Polygon","coordinates":[[[-74.0591,40.73545],[-74.05926,40.73485],[-74.05532,40.72998],[-74.0547,40.72821],[-74.05397,40.72742],[-74.05352,40.7284],[-74.05162,40.73112],[-74.05255,40.73151],[-74.05882,40.73701],[-74.0591,40.73545]]]},"properties":{"GEOID":"34017001202","NAME":"Census Tract 12.02","STATE":"34","COUNTY":"017"}},{"type":"Feature","geometry":{"type":"Polygon","coordinates":[[[-74.05106,40.73703],[-74.05115,40.73694],[-74.0494,40.73607],[-74.04995,40.73522],[-74.04853,40.73462],[-74.04825,40.73507],[-74.04283,40.73627],[-74.04274,40.7366],[-74.04387,40.7376],[-74.04337,40.73848],[-74.04375,40.73886],[-74.0437,40.74028],[-74.04425,40.74039],[-74.04521,40.73961],[-74.04444,40.74089],[-74.04481,40.74081],[-74.04767,40.74185],[-74.04852,40.7405],[-74.05073,40.73818],[-74.05106,40.73703]]]},"properties":{"GEOID":"34017001300","NAME":"Census Tract 13","STATE":"34","COUNTY":"017"}},{"type":"Feature","geometry":{"type":"Polygon","coordinates":[[[-74.07275,40.73481],[-74.07308,40.73414],[-74.07178,40.73372],[-74.07258,40.73239],[-74.06882,40.73157],[-74.06726,40.73421],[-74.06673,40.73578],[-74.07143,40.73721],[-74.07275,40.73481]]]},"properties":{"GEOID":"34017001800","NAME":"Census Tract 18","STATE":"34","COUNTY":"017"}},{"type":"Feature","geometry":{"type":"Polygon","coordinates":[[[-74.06673,40.73578],[-74.06691,40.7354],[-74.06346,40.73267],[-74.06417,40.73167],[-74.06432,40.73084],[-74.06126,40.73042],[-74.05985,40.73207],[-74.0596,40.7326],[-74.05945,40.7325],[-74.05802,40.73327],[-74.05926,40.73485],[-74.06673,40.73578]]]},"properties":{"GEOID":"34017001900","NAME":"Census Tract 19","STATE":"34","COUNTY":"017"}},{"type":"Feature","geometry":{"type":"Polygon","coordinates":[[[-74.04237,40.76591],[-74.04205,40.76309],[-74.04232,40.76231],[-74.03799,40.76065],[-74.03757,40.76135],[-74.03803,40.76153],[-74.03504,40.76612],[-74.03888,40.76784],[-74.03878,40.76798],[-74.04056,40.76867],[-74.04091,40.76845],[-74.04157,40.76746],[-74.04237,40.76591]]]},"properties":{"GEOID":"34017017100","NAME":"Census Tract 171","STATE":"34","COUNTY":"017"}},{"type":"Feature","geometry":{"type":"Polygon","coordinates":[[[-74.04015,40.75819],[-74.04047,40.75768],[-74.03784,40.75675],[-74.03701,40.75802],[-74.03566,40.75755],[-74.03451,40.75934],[-74.03799,40.76065],[-74.03854,40.75976],[-74.03902,40.75995],[-74.04015,40.75819]]]},"properties":{"GEOID":"34017017500","NAME":"Census Tract 175","STATE":"34","COUNTY":"017"}},{"type":"Feature","geometry":{"type":"Polygon","coordinates":[[[-74.0438,40.73772],[-74.04387,40.7376],[-74.04274,40.7366],[-74.04282,40.73595],[-74.03961,40.7364],[-74.03857,40.73632],[-74.03525,40.73538],[-74.03448,40.73806],[-74.04012,40.73904],[-74.03973,40.74032],[-74.04249,40.7408],[-74.04237,40.74122],[-74.04321,40.74064],[-74.04378,40.73985],[-74.04375,40.73886],[-74.04337,40.73848],[-74.0438,40.73772]]]},"properties":{"GEOID":"34017019200","NAME":"Census Tract 192","STATE":"34","COUNTY":"017"}},{"type":"Feature","geometry":{"type":"Polygon","coordinates":[[[-74.05131,40.75312],[-74.05219,40.75268],[-74.05002,40.75179],[-74.05044,40.75116],[-74.04678,40.74975],[-74.0432,40.75494],[-74.04365,40.75659],[-74.04582,40.75738],[-74.04675,40.75607],[-74.04577,40.75569],[-74.0471,40.75373],[-74.04809,40.75417],[-74.04885,40.7537],[-74.05131,40.75312]]]},"properties":{"GEOID":"34017000200","NAME":"Census Tract 2","STATE":"34","COUNTY":"017"}},{"type":"Feature","geometry":{"type":"Polygon","coordinates":[[[-74.04678,40.74975],[-74.04706,40.74934],[-74.04127,40.74718],[-74.04027,40.74868],[-74.03963,40.74844],[-74.03956,40.74864],[-74.03873,40.74845],[-74.03778,40.75032],[-74.0388,40.75099],[-74.04237,40.75242],[-74.0432,40.75494],[-74.04678,40.74975]]]},"properties":{"GEOID":"34017000300","NAME":"Census Tract 3","STATE":"34","COUNTY":"017"}},{"type":"Feature","geometry":{"type":"Polygon","coordinates":[[[-74.05756,40.74571],[-74.05782,40.74535],[-74.05156,40.7428],[-74.04802,40.7479],[-74.05044,40.74885],[-74.05131,40.74754],[-74.05534,40.74904],[-74.05756,40.74571]]]},"properties":{"GEOID":"34017000600","NAME":"Census Tract 6","STATE":"34","COUNTY":"017"}},{"type":"Feature","geometry":{"type":"Polygon","coordinates":[[[-74.05307,40.72688],[-74.05315,40.72662],[-74.0507,40.72436],[-74.05101,40.72238],[-74.05137,40.72191],[-74.04976,40.72163],[-74.04937,40.72223],[-74.04845,40.72792],[-74.05012,40.72806],[-74.05023,40.72733],[-74.05282,40.72757],[-74.05307,40.72688]]]},"properties":{"GEOID":"34017002200","NAME":"Census Tract 22","STATE":"34","COUNTY":"017"}},{"type":"Feature","geometry":{"type":"Polygon","coordinates":[[[-74.09402,40.73514],[-74.0947,40.73447],[-74.09349,40.73421],[-74.08083,40.72855],[-74.08187,40.72723],[-74.08172,40.72716],[-74.08189,40.7269],[-74.07985,40.72574],[-74.08008,40.72537],[-74.07822,40.72454],[-74.07387,40.7304],[-74.07192,40.72964],[-74.07159,40.73012],[-74.0718,40.7302],[-74.07068,40.73197],[-74.08121,40.73449],[-74.08797,40.73796],[-74.08929,40.7384],[-74.09402,40.73514]]]},"properties":{"GEOID":"34017002700","NAME":"Census Tract 27","STATE":"34","COUNTY":"017"}},{"type":"Feature","geometry":{"type":"Polygon","coordinates":[[[-74.12391,40.82263],[-74.12404,40.82251],[-74.12114,40.82078],[-74.11393,40.82359],[-74.1142,40.82367],[-74.11007,40.82786],[-74.11895,40.83287],[-74.1188,40.83299],[-74.12098,40.83433],[-74.12121,40.83484],[-74.12077,40.83536],[-74.12241,40.8363],[-74.12283,40.8362],[-74.12255,40.83536],[-74.12107,40.83306],[-74.12089,40.83219],[-74.12095,40.83095],[-74.12112,40.82987],[-74.12246,40.82545],[-74.12309,40.82379],[-74.12391,40.82263]]]},"properties":{"GEOID":"34003051200","NAME":"Census Tract 512","STATE":"34","COUNTY":"003"}},{"type":"Feature","geometry":{"type":"Polygon","coordinates":[[[-74.1142,40.82367],[-74.1095,40.82103],[-74.10593,40.82581],[-74.10401,40.82484],[-74.1027,40.82479],[-74.10258,40.82501],[-74.10001,40.82409],[-74.09883,40.82388],[-74.09882,40.82451],[-74.1032,40.83398],[-74.10492,40.83751],[-74.10565,40.83841],[-74.10987,40.8341],[-74.10768,40.83285],[-74.1117,40.82878],[-74.11007,40.82786],[-74.1142,40.82367]]]},"properties":{"GEOID":"34003051300","NAME":"Census Tract 513","STATE":"34","COUNTY":"003"}},{"type":"Feature","geometry":{"type":"Polygon","coordinates":[[[-73.98486,40.87487],[-73.98497,40.87467],[-73.98376,40.87398],[-73.98235,40.87372],[-73.98215,40.87291],[-73.98017,40.87156],[-73.97004,40.8657],[-73.96747,40.86885],[-73.96807,40.86918],[-73.96702,40.87029],[-73.96664,40.87009],[-73.96337,40.87348],[-73.96359,40.87361],[-73.95583,40.88312],[-73.97299,40.89282],[-73.97341,40.89206],[-73.97584,40.88929],[-73.97692,40.88778],[-73.97732,40.88677],[-73.97764,40.88517],[-73.9778,40.88306],[-73.97843,40.88142],[-73.97986,40.87974],[-73.98402,40.8761],[-73.98486,40.87487]]]},"properties":{"GEOID":"34003015500","NAME":"Census Tract 155","STATE":"34","COUNTY":"003"}},{"type":"Feature","geometry":{"type":"Polygon","coordinates":[[[-73.97863,40.82477],[-73.97889,40.82439],[-73.97781,40.82381],[-73.97773,40.82395],[-73.97592,40.82285],[-73.97559,40.8235],[-73.97358,40.82356],[-73.97379,40.82384],[-73.97368,40.82398],[-73.97296,40.82384],[-73.97199,40.82538],[-73.96572,40.82371],[-73.96358,40.82664],[-73.95419,40.848],[-73.96198,40.8481],[-73.96286,40.84715],[-73.96346,40.84739],[-73.96442,40.84658],[-73.96548,40.84684],[-73.96512,40.84786],[-73.96524,40.84792],[-73.9663,40.84702],[-73.96811,40.84742],[-73.96831,40.84723],[-73.96853,40.84628],[-73.96906,40.84536],[-73.96893,40.84508],[-73.96963,40.84461],[-73.9698,40.84411],[-73.97031,40.84354],[-73.97055,40.84362],[-73.97065,40.84394],[-73.97088,40.84392],[-73.97107,40.84341],[-73.97088,40.8431],[-73.97169,40.84157],[-73.97241,40.84074],[-73.97256,40.83969],[-73.97281,40.83933],[-73.97269,40.83921],[-73.97309,40.83856],[-73.97312,40.83778],[-73.97393,40.83606],[-73.97379,40.83574],[-73.97389,40.83495],[-73.97365,40.8348],[-73.97374,40.83425],[-73.97346,40.83368],[-73.97409,40.83203],[-73.97578,40.82985],[-73.97578,40.82951],[-73.97618,40.82884],[-73.97635,40.82883],[-73.97723,40.8268],[-73.97863,40.82477]]]},"properties":{"GEOID":"34003013002","NAME":"Census Tract 130.02","STATE":"34","COUNTY":"003"}},{"type":"Feature","geometry":{"type":"Polygon","coordinates":[[[-73.99325,40.82282],[-73.9908,40.82144],[-73.99305,40.81869],[-73.991,40.81767],[-73.99066,40.81828],[-73.98975,40.8178],[-73.98865,40.82025],[-73.98421,40.81773],[-73.98501,40.81569],[-73.9844,40.81587],[-73.98335,40.81722],[-73.98079,40.82165],[-73.97982,40.82236],[-73.97968,40.82279],[-73.98482,40.82566],[-73.98572,40.82465],[-73.98594,40.82402],[-73.98638,40.82351],[-73.98841,40.82459],[-73.98859,40.82435],[-73.99069,40.82553],[-73.99325,40.82282]]]},"properties":{"GEOID":"34003006201","NAME":"Census Tract 62.01","STATE":"34","COUNTY":"003"}},{"type":"Feature","geometry":{"type":"Polygon","coordinates":[[[-74.12115,40.84704],[-74.12119,40.84683],[-74.11388,40.84208],[-74.10606,40.83872],[-74.10509,40.83778],[-74.10412,40.83588],[-74.10435,40.83697],[-74.10422,40.83786],[-74.10277,40.84148],[-74.109,40.84509],[-74.11083,40.84641],[-74.11538,40.85093],[-74.11901,40.85323],[-74.11934,40.85332],[-74.11924,40.85204],[-74.11961,40.85026],[-74.12115,40.84704]]]},"properties":{"GEOID":"34003012002","NAME":"Census Tract 120.02","STATE":"34","COUNTY":"003"}},{"type":"Feature","geometry":{"type":"Polygon","coordinates":[[[-73.98069,40.8582],[-73.9804,40.85791],[-73.97868,40.85834],[-73.97662,40.85834],[-73.97546,40.85801],[-73.97409,40.85732],[-73.97086,40.86019],[-73.96773,40.86141],[-73.96759,40.8617],[-73.96754,40.86425],[-73.96718,40.86481],[-73.96467,40.8673],[-73.96747,40.86885],[-73.97004,40.8657],[-73.97575,40.86906],[-73.97637,40.86481],[-73.9773,40.86209],[-73.97807,40.86047],[-73.97942,40.86081],[-73.98069,40.8582]]]},"properties":{"GEOID":"34003019103","NAME":"Census Tract 191.03","STATE":"34","COUNTY":"003"}},{"type":"Feature","geometry":{"type":"Polygon","coordinates":[[[-74.17159,40.72745],[-74.16463,40.72464],[-74.16317,40.72774],[-74.16945,40.72958],[-74.17159,40.72745]]]},"properties":{"GEOID":"34013007800","NAME":"Census Tract 78","STATE":"34","COUNTY":"013"}},{"type":"Feature","geometry":{"type":"Polygon","coordinates":[[[-74.04724,40.72493],[-74.04735,40.72425],[-74.04394,40.72394],[-74.04321,40.72893],[-74.04657,40.72921],[-74.04724,40.72493]]]},"properties":{"GEOID":"34017002400","NAME":"Census Tract 24","STATE":"34","COUNTY":"017"}},{"type":"Feature","geometry":{"type":"Polygon","coordinates":[[[-74.14224,40.64214],[-74.13292,40.64368],[-74.12602,40.64215],[-74.12546,40.64236],[-74.12567,40.64847],[-74.1348,40.64836],[-74.13762,40.64883],[-74.13937,40.64672],[-74.14009,40.64707],[-74.14224,40.64214]]]},"properties":{"GEOID":"34017011600","NAME":"Census Tract 116","STATE":"34","COUNTY":"017"}},{"type":"Feature","geometry":{"type":"Polygon","coordinates":[[[-74.03974,40.7797],[-74.03907,40.7796],[-74.03795,40.77908],[-74.03619,40.77881],[-74.03478,40.77887],[-74.03503,40.77838],[-74.03229,40.77713],[-74.03159,40.77806],[-74.0315,40.77902],[-74.02831,40.7776],[-74.02474,40.78132],[-74.03042,40.78397],[-74.03054,40.78381],[-74.03288,40.78476],[-74.033,40.78403],[-74.0332,40.7841],[-74.03327,40.78252],[-74.03697,40.78403],[-74.03974,40.7797]]]},"properties":{"GEOID":"34017014700","NAME":"Census Tract 147","STATE":"34","COUNTY":"017"}},{"type":"Feature","geometry":{"type":"Polygon","coordinates":[[[-74.09583,40.70875],[-74.0964,40.70822],[-74.09045,40.70422],[-74.09165,40.70362],[-74.09093,40.70305],[-74.09073,40.70322],[-74.08917,40.70221],[-74.08663,40.70449],[-74.08774,40.70546],[-74.08804,40.70523],[-74.09472,40.70979],[-74.09583,40.70875]]]},"properties":{"GEOID":"34017005600","NAME":"Census Tract 56","STATE":"34","COUNTY":"017"}},{"type":"Feature","geometry":{"type":"Polygon","coordinates":[[[-74.06646,40.73634],[-74.06673,40.73578],[-74.05926,40.73485],[-74.05889,40.73629],[-74.05879,40.73817],[-74.05822,40.73876],[-74.06038,40.73936],[-74.05973,40.74114],[-74.06059,40.74149],[-74.0597,40.74273],[-74.06143,40.74343],[-74.0605,40.74473],[-74.0623,40.74548],[-74.06176,40.74696],[-74.0639,40.7478],[-74.06417,40.74708],[-74.06424,40.74474],[-74.06399,40.74241],[-74.0636,40.74131],[-74.06484,40.73979],[-74.06498,40.73928],[-74.06537,40.73898],[-74.06646,40.73634]]]},"properties":{"GEOID":"34017000902","NAME":"Census Tract 9.02","STATE":"34","COUNTY":"017"}},{"type":"Feature","geometry":{"type":"Polygon","coordinates":[[[-74.07566,40.71569],[-74.07301,40.71429],[-74.06819,40.71548],[-74.06719,40.7149],[-74.06713,40.71573],[-74.06749,40.71857],[-74.06916,40.7193],[-74.07061,40.71762],[-74.07099,40.71662],[-74.07411,40.7179],[-74.07566,40.71569]]]},"properties":{"GEOID":"34017004300","NAME":"Census Tract 43","STATE":"34","COUNTY":"017"}},{"type":"Feature","geometry":{"type":"Polygon","coordinates":[[[-74.15732,40.75269],[-74.15748,40.75234],[-74.15576,40.75159],[-74.15386,40.75474],[-74.15196,40.75663],[-74.15148,40.75648],[-74.14582,40.76526],[-74.1475,40.76614],[-74.14815,40.76485],[-74.15216,40.75878],[-74.15594,40.75498],[-74.15732,40.75269]]]},"properties":{"GEOID":"34017013000","NAME":"Census Tract 130","STATE":"34","COUNTY":"017"}},{"type":"Feature","geometry":{"type":"Polygon","coordinates":[[[-74.00976,40.7906],[-74.01025,40.79],[-74.00662,40.78834],[-74.00521,40.79008],[-74.00245,40.78878],[-74.00186,40.7897],[-74.00678,40.79202],[-74.00731,40.79184],[-74.00836,40.79234],[-74.00976,40.7906]]]},"properties":{"GEOID":"34017015300","NAME":"Census Tract 153","STATE":"34","COUNTY":"017"}},{"type":"Feature","geometry":{"type":"Polygon","coordinates":[[[-74.03312,40.77029],[-74.03361,40.76972],[-74.02909,40.76784],[-74.02756,40.77013],[-74.03035,40.77355],[-74.03312,40.77029]]]},"properties":{"GEOID":"34017016800","NAME":"Census Tract 168","STATE":"34","COUNTY":"017"}},{"type":"Feature","geometry":{"type":"Polygon","coordinates":[[[-74.03133,40.73886],[-74.03171,40.73758],[-74.02884,40.73708],[-74.02766,40.74087],[-74.03054,40.74138],[-74.03133,40.73886]]]},"properties":{"GEOID":"34017019400","NAME":"Census Tract 194","STATE":"34","COUNTY":"017"}},{"type":"Feature","geometry":{"type":"Polygon","coordinates":[[[-74.00967,40.80623],[-74.01006,40.80569],[-74.00515,40.80373],[-74.00097,40.80989],[-74.00514,40.81211],[-74.0072,40.80971],[-74.00967,40.80623]]]},"properties":{"GEOID":"34017014000","NAME":"Census Tract 140","STATE":"34","COUNTY":"017"}},{"type":"Feature","geometry":{"type":"Polygon","coordinates":[[[-74.03977,40.76919],[-74.04056,40.76867],[-74.03878,40.76798],[-74.03888,40.76784],[-74.03504,40.76612],[-74.03289,40.76937],[-74.03361,40.76972],[-74.03312,40.77029],[-74.03601,40.7717],[-74.03653,40.77092],[-74.03826,40.77015],[-74.03977,40.76919]]]},"properties":{"GEOID":"34017017000","NAME":"Census Tract 170","STATE":"34","COUNTY":"017"}},{"type":"Feature","geometry":{"type":"Polygon","coordinates":[[[-74.04237,40.74122],[-74.04249,40.7408],[-74.04065,40.74049],[-74.04025,40.74174],[-74.03373,40.7406],[-74.03336,40.74186],[-74.03523,40.74219],[-74.03493,40.74314],[-74.0396,40.74395],[-74.03923,40.74521],[-74.04078,40.7455],[-74.04233,40.74323],[-74.04237,40.74122]]]},"properties":{"GEOID":"34017019000","NAME":"Census Tract 190","STATE":"34","COUNTY":"017"}},{"type":"Feature","geometry":{"type":"Polygon","coordinates":[[[-74.10384,40.71867],[-74.10563,40.71754],[-74.10347,40.71647],[-74.09989,40.71529],[-74.09712,40.7136],[-74.09646,40.71462],[-74.09227,40.7119],[-74.08943,40.71357],[-74.08475,40.71727],[-74.09175,40.72101],[-74.09084,40.72257],[-74.09909,40.7261],[-74.10384,40.71867]]]},"properties":{"GEOID":"34017004800","NAME":"Census Tract 48","STATE":"34","COUNTY":"017"}},{"type":"Feature","geometry":{"type":"Polygon","coordinates":[[[-74.14505,40.76486],[-74.14097,40.76275],[-74.14001,40.76417],[-74.13649,40.76222],[-74.13624,40.76238],[-74.13579,40.76211],[-74.13917,40.75763],[-74.13975,40.75668],[-74.14026,40.7553],[-74.14039,40.75396],[-74.14024,40.75249],[-74.13895,40.74772],[-74.13912,40.74574],[-74.13962,40.74486],[-74.14043,40.74434],[-74.14201,40.74397],[-74.14095,40.74289],[-74.13967,40.74379],[-74.1368,40.74146],[-74.12279,40.7421],[-74.12119,40.7417],[-74.1176,40.73964],[-74.11699,40.73712],[-74.11809,40.7325],[-74.12099,40.7229],[-74.12139,40.721],[-74.12029,40.7159],[-74.11706,40.71038],[-74.10377,40.71869],[-74.09909,40.7261],[-74.0947,40.73447],[-74.09396,40.7352],[-74.08929,40.7384],[-74.08197,40.74053],[-74.07705,40.74325],[-74.0752,40.74739],[-74.07869,40.7506],[-74.09064,40.7488],[-74.0926,40.7504],[-74.09362,40.75091],[-74.09545,40.75337],[-74.09435,40.75718],[-74.09079,40.76198],[-74.09246,40.76339],[-74.09348,40.7633],[-74.09372,40.76251],[-74.09461,40.76222],[-74.09594,40.76294],[-74.09642,40.76485],[-74.09696,40.76569],[-74.097,40.76613],[-74.09877,40.76757],[-74.09796,40.76857],[-74.09806,40.76953],[-74.09759,40.77008],[-74.09769,40.77085],[-74.09827,40.77139],[-74.09844,40.77252],[-74.10046,40.77334],[-74.10101,40.77378],[-74.10094,40.77602],[-74.10257,40.77624],[-74.10335,40.77574],[-74.10414,40.77655],[-74.10534,40.77716],[-74.10651,40.77737],[-74.10781,40.77731],[-74.10943,40.77782],[-74.10987,40.77771],[-74.1099,40.77728],[-74.11056,40.77713],[-74.11068,40.77691],[-74.11169,40.77645],[-74.11193,40.77611],[-74.11325,40.77608],[-74.11396,40.77631],[-74.11479,40.77543],[-74.1154,40.77442],[-74.1167,40.77407],[-74.1167,40.77371],[-74.1162,40.77338],[-74.11703,40.7733],[-74.11688,40.77275],[-74.11708,40.77255],[-74.11782,40.77274],[-74.11777,40.77203],[-74.11816,40.77183],[-74.11921,40.77237],[-74.12166,40.77201],[-74.12218,40.77148],[-74.12276,40.77144],[-74.12325,40.77178],[-74.12719,40.77134],[-74.12762,40.77236],[-74.12968,40.77374],[-74.12943,40.77513],[-74.12973,40.7767],[-74.13036,40.77756],[-74.1319,40.7754],[-74.13332,40.7762],[-74.13606,40.77333],[-74.13757,40.7742],[-74.14111,40.77048],[-74.14041,40.76999],[-74.14505,40.76486]]]},"properties":{"GEOID":"34017012700","NAME":"Census Tract 127","STATE":"34","COUNTY":"017"}},{"type":"Feature","geometry":{"type":"Polygon","coordinates":[[[-74.0206,40.78109],[-74.02112,40.78047],[-74.01878,40.77939],[-74.01998,40.77786],[-74.0203,40.77776],[-74.0187,40.77703],[-74.01814,40.77756],[-74.0149,40.77963],[-74.01911,40.7816],[-74.01982,40.78072],[-74.0206,40.78109]]]},"properties":{"GEOID":"34017016100","NAME":"Census Tract 161","STATE":"34","COUNTY":"017"}},{"type":"Feature","geometry":{"type":"Polygon","coordinates":[[[-74.02295,40.79709],[-74.02299,40.7969],[-74.01799,40.79451],[-74.0169,40.79524],[-74.01552,40.79677],[-74.0149,40.79874],[-74.01429,40.79996],[-74.01734,40.80132],[-74.01624,40.80283],[-74.0191,40.80394],[-74.02231,40.80013],[-74.02295,40.79709]]]},"properties":{"GEOID":"34017014501","NAME":"Census Tract 145.01","STATE":"34","COUNTY":"017"}},{"type":"Feature","geometry":{"type":"Polygon","coordinates":[[[-74.02722,40.79346],[-74.02384,40.79191],[-74.02395,40.79177],[-74.02364,40.79161],[-74.0243,40.79085],[-74.02312,40.79029],[-74.02121,40.79248],[-74.01799,40.79451],[-74.02299,40.7969],[-74.02231,40.80013],[-74.02523,40.79669],[-74.02722,40.79346]]]},"properties":{"GEOID":"34017014502","NAME":"Census Tract 145.02","STATE":"34","COUNTY":"017"}},{"type":"Feature","geometry":{"type":"Polygon","coordinates":[[[-74.08929,40.7384],[-74.08797,40.73796],[-74.08121,40.73449],[-74.07258,40.73239],[-74.07178,40.73372],[-74.07308,40.73414],[-74.07143,40.73721],[-74.06673,40.73578],[-74.06537,40.73898],[-74.06497,40.7393],[-74.07116,40.73897],[-74.07572,40.7382],[-74.08306,40.74015],[-74.08929,40.7384]]]},"properties":{"GEOID":"34017001701","NAME":"Census Tract 17.01","STATE":"34","COUNTY":"017"}},{"type":"Feature","geometry":{"type":"Polygon","coordinates":[[[-74.05563,40.73437],[-74.05255,40.73151],[-74.05198,40.73123],[-74.05033,40.73256],[-74.04853,40.73462],[-74.04995,40.73522],[-74.0494,40.73607],[-74.05265,40.73769],[-74.05563,40.73437]]]},"properties":{"GEOID":"34017001400","NAME":"Census Tract 14","STATE":"34","COUNTY":"017"}},{"type":"Feature","geometry":{"type":"Polygon","coordinates":[[[-74.16035,40.75339],[-74.16052,40.75293],[-74.15753,40.75217],[-74.15594,40.75498],[-74.15248,40.75836],[-74.14964,40.76259],[-74.15212,40.76355],[-74.15807,40.75466],[-74.15968,40.75521],[-74.16035,40.75339]]]},"properties":{"GEOID":"34017013200","NAME":"Census Tract 132","STATE":"34","COUNTY":"017"}},{"type":"Feature","geometry":{"type":"Polygon","coordinates":[[[-74.1644,40.80126],[-74.16385,40.80027],[-74.16095,40.79639],[-74.15774,40.79451],[-74.15718,40.79444],[-74.15635,40.79469],[-74.15258,40.80697],[-74.15925,40.80771],[-74.16343,40.80321],[-74.16348,40.803],[-74.16293,40.80219],[-74.1644,40.80126]]]},"properties":{"GEOID":"34013014200","NAME":"Census Tract 142","STATE":"34","COUNTY":"013"}},{"type":"Feature","geometry":{"type":"Polygon","coordinates":[[[-74.15052,40.75336],[-74.14555,40.75189],[-74.14498,40.74816],[-74.14586,40.74803],[-74.14201,40.74397],[-74.14013,40.74445],[-74.13962,40.74486],[-74.13912,40.74574],[-74.13895,40.74772],[-74.14024,40.75249],[-74.14039,40.75396],[-74.14026,40.7553],[-74.13975,40.75668],[-74.13917,40.75763],[-74.13579,40.76211],[-74.13624,40.76238],[-74.13649,40.76222],[-74.14001,40.76417],[-74.14097,40.76275],[-74.14347,40.76405],[-74.15052,40.75336]]]},"properties":{"GEOID":"34017012800","NAME":"Census Tract 128","STATE":"34","COUNTY":"017"}},{"type":"Feature","geometry":{"type":"Polygon","coordinates":[[[-74.154,40.75453],[-74.15417,40.75425],[-74.15055,40.75333],[-74.14347,40.76405],[-74.14582,40.76526],[-74.15148,40.75648],[-74.15196,40.75663],[-74.154,40.75453]]]},"properties":{"GEOID":"34017012900","NAME":"Census Tract 129","STATE":"34","COUNTY":"017"}},{"type":"Feature","geometry":{"type":"Polygon","coordinates":[[[-74.01094,40.84721],[-74.01094,40.84683],[-74.00692,40.8446],[-74.00548,40.84791],[-74.00339,40.84681],[-74.00306,40.84741],[-73.99865,40.84484],[-73.99728,40.84622],[-73.99802,40.84665],[-73.99311,40.85151],[-73.99466,40.85242],[-73.99353,40.85398],[-73.99742,40.85618],[-73.99836,40.85501],[-74.00017,40.85591],[-74.00071,40.8555],[-74.0011,40.85564],[-74.00167,40.85552],[-74.00188,40.85576],[-74.00167,40.85605],[-74.00237,40.85588],[-74.00262,40.85604],[-74.00251,40.85624],[-74.00265,40.85633],[-74.00314,40.85618],[-74.00381,40.85633],[-74.00421,40.85598],[-74.00642,40.85686],[-74.00687,40.85552],[-74.00916,40.85273],[-74.01079,40.84899],[-74.01094,40.84721]]]},"properties":{"GEOID":"34003041100","NAME":"Census Tract 411","STATE":"34","COUNTY":"003"}},{"type":"Feature","geometry":{"type":"Polygon","coordinates":[[[-74.01377,40.82306],[-74.01131,40.82066],[-74.01133,40.82037],[-74.01183,40.81971],[-74.01132,40.81897],[-74.01186,40.81835],[-74.01139,40.81804],[-74.01141,40.81769],[-74.01188,40.81709],[-74.01248,40.8167],[-74.01235,40.81598],[-74.00251,40.81072],[-74.00057,40.81346],[-74.00057,40.81384],[-73.99624,40.8187],[-73.99696,40.81907],[-73.99539,40.82078],[-73.99615,40.82117],[-73.99417,40.82333],[-73.99611,40.82441],[-73.99748,40.82232],[-74.00534,40.82695],[-74.00694,40.82552],[-74.00823,40.82495],[-74.00864,40.82433],[-74.01008,40.82323],[-74.01231,40.82342],[-74.01377,40.82306]]]},"properties":{"GEOID":"34003018200","NAME":"Census Tract 182","STATE":"34","COUNTY":"003"}},{"type":"Feature","geometry":{"type":"Polygon","coordinates":[[[-73.96788,40.85471],[-73.96795,40.85459],[-73.95257,40.85154],[-73.94834,40.85845],[-73.95369,40.86128],[-73.9545,40.86152],[-73.96098,40.86525],[-73.96278,40.86353],[-73.96343,40.86259],[-73.96788,40.85471]]]},"properties":{"GEOID":"34003019102","NAME":"Census Tract 191.02","STATE":"34","COUNTY":"003"}},{"type":"Feature","geometry":{"type":"Polygon","coordinates":[[[-74.05114,40.76019],[-74.04989,40.75959],[-74.04923,40.7586],[-74.04582,40.75738],[-74.04371,40.76054],[-74.04849,40.76243],[-74.04904,40.76268],[-74.04911,40.76291],[-74.05114,40.76019]]]},"properties":{"GEOID":"34017014900","NAME":"Census Tract 149","STATE":"34","COUNTY":"017"}},{"type":"Feature","geometry":{"type":"Polygon","coordinates":[[[-74.15943,40.72973],[-74.1554,40.72795],[-74.15268,40.7285],[-74.15177,40.73109],[-74.15693,40.73218],[-74.15943,40.72973]]]},"properties":{"GEOID":"34013007600","NAME":"Census Tract 76","STATE":"34","COUNTY":"013"}},{"type":"Feature","geometry":{"type":"Polygon","coordinates":[[[-74.01552,40.79677],[-74.01566,40.79658],[-74.01503,40.79627],[-74.01548,40.7957],[-74.01231,40.79421],[-74.01208,40.7945],[-74.01029,40.79367],[-74.00876,40.79557],[-74.01118,40.79658],[-74.01079,40.79713],[-74.01377,40.7985],[-74.01409,40.7981],[-74.01498,40.7985],[-74.01552,40.79677]]]},"properties":{"GEOID":"34017015100","NAME":"Census Tract 151","STATE":"34","COUNTY":"017"}},{"type":"Feature","geometry":{"type":"Polygon","coordinates":[[[-74.02339,40.78963],[-74.01779,40.7869],[-74.01459,40.79119],[-74.01958,40.79352],[-74.02121,40.79248],[-74.02332,40.79005],[-74.02339,40.78963]]]},"properties":{"GEOID":"34017015500","NAME":"Census Tract 155","STATE":"34","COUNTY":"017"}},{"type":"Feature","geometry":{"type":"Polygon","coordinates":[[[-74.0163,40.78893],[-74.01638,40.78882],[-74.00924,40.78553],[-74.00796,40.78682],[-74.01532,40.79023],[-74.0163,40.78893]]]},"properties":{"GEOID":"34017015600","NAME":"Census Tract 156","STATE":"34","COUNTY":"017"}},{"type":"Feature","geometry":{"type":"Polygon","coordinates":[[[-74.01727,40.78761],[-74.01773,40.78699],[-74.01088,40.78382],[-74.00924,40.78553],[-74.01638,40.78882],[-74.01727,40.78761]]]},"properties":{"GEOID":"34017015700","NAME":"Census Tract 157","STATE":"34","COUNTY":"017"}},{"type":"Feature","geometry":{"type":"Polygon","coordinates":[[[-74.03955,40.74697],[-74.03978,40.74667],[-74.03601,40.746],[-74.03524,40.74848],[-74.03058,40.74776],[-74.02984,40.7503],[-74.03261,40.75078],[-74.03268,40.75054],[-74.03636,40.75123],[-74.03724,40.75124],[-74.03955,40.74697]]]},"properties":{"GEOID":"34017018501","NAME":"Census Tract 185.01","STATE":"34","COUNTY":"017"}},{"type":"Feature","geometry":{"type":"Polygon","coordinates":[[[-74.05482,40.75294],[-74.05311,40.75224],[-74.05131,40.75312],[-74.04885,40.7537],[-74.04809,40.75417],[-74.0471,40.75373],[-74.04577,40.75569],[-74.04675,40.75607],[-74.04582,40.75738],[-74.04892,40.75844],[-74.05132,40.75492],[-74.05307,40.75559],[-74.05482,40.75294]]]},"properties":{"GEOID":"34017000102","NAME":"Census Tract 1.02","STATE":"34","COUNTY":"017"}},{"type":"Feature","geometry":{"type":"Polygon","coordinates":[[[-74.03561,40.74729],[-74.03601,40.746],[-74.03228,40.74536],[-74.03152,40.74792],[-74.03524,40.74848],[-74.03561,40.74729]]]},"properties":{"GEOID":"34017018502","NAME":"Census Tract 185.02","STATE":"34","COUNTY":"017"}},{"type":"Feature","geometry":{"type":"Polygon","coordinates":[[[-74.03325,40.75192],[-74.03361,40.75071],[-74.03268,40.75054],[-74.03261,40.75078],[-74.02984,40.7503],[-74.0302,40.74904],[-74.02833,40.7487],[-74.02717,40.75247],[-74.02995,40.75298],[-74.03006,40.75263],[-74.03097,40.7528],[-74.03126,40.75188],[-74.03315,40.75225],[-74.03325,40.75192]]]},"properties":{"GEOID":"34017018401","NAME":"Census Tract 184.01","STATE":"34","COUNTY":"017"}},{"type":"Feature","geometry":{"type":"Polygon","coordinates":[[[-74.04583,40.72267],[-74.04092,40.72225],[-74.04046,40.72506],[-74.04211,40.72519],[-74.04201,40.72591],[-74.04364,40.72605],[-74.04394,40.72394],[-74.04563,40.72411],[-74.04583,40.72267]]]},"properties":{"GEOID":"34017007001","NAME":"Census Tract 70.01","STATE":"34","COUNTY":"017"}},{"type":"Feature","geometry":{"type":"Polygon","coordinates":[[[-74.04638,40.72123],[-74.04669,40.72067],[-74.04134,40.719],[-74.04092,40.72225],[-74.04584,40.72264],[-74.04638,40.72123]]]},"properties":{"GEOID":"34017007002","NAME":"Census Tract 70.02","STATE":"34","COUNTY":"017"}},{"type":"Feature","geometry":{"type":"Polygon","coordinates":[[[-74.12342,40.66882],[-74.12403,40.66796],[-74.11989,40.66592],[-74.11456,40.6722],[-74.11869,40.6742],[-74.11986,40.67326],[-74.12342,40.66882]]]},"properties":{"GEOID":"34017010602","NAME":"Census Tract 106.02","STATE":"34","COUNTY":"017"}},{"type":"Feature","geometry":{"type":"Polygon","coordinates":[[[-74.11845,40.6676],[-74.11919,40.66674],[-74.11685,40.66559],[-74.11384,40.66915],[-74.11089,40.66771],[-74.10929,40.66964],[-74.10989,40.66993],[-74.109,40.67098],[-74.11135,40.67211],[-74.11307,40.67007],[-74.1154,40.6712],[-74.11845,40.6676]]]},"properties":{"GEOID":"34017010701","NAME":"Census Tract 107.01","STATE":"34","COUNTY":"017"}},{"type":"Feature","geometry":{"type":"Polygon","coordinates":[[[-74.11685,40.66559],[-74.11396,40.66415],[-74.11089,40.66771],[-74.11384,40.66915],[-74.11685,40.66559]]]},"properties":{"GEOID":"34017010702","NAME":"Census Tract 107.02","STATE":"34","COUNTY":"017"}},{"type":"Feature","geometry":{"type":"Polygon","coordinates":[[[-74.0659,40.71978],[-74.06505,40.71938],[-74.0617,40.72298],[-74.06419,40.72377],[-74.06547,40.72206],[-74.06439,40.72147],[-74.0659,40.71978]]]},"properties":{"GEOID":"34017003101","NAME":"Census Tract 31.01","STATE":"34","COUNTY":"017"}},{"type":"Feature","geometry":{"type":"Polygon","coordinates":[[[-74.10435,40.83697],[-74.10412,40.83588],[-74.08166,40.7876],[-74.07985,40.78973],[-74.07786,40.79428],[-74.07675,40.79562],[-74.07472,40.79686],[-74.07055,40.79767],[-74.06893,40.79842],[-74.06696,40.80107],[-74.06525,40.80302],[-74.06324,40.80452],[-74.06068,40.80573],[-74.06118,40.80684],[-74.06604,40.81693],[-74.06988,40.82127],[-74.07127,40.82244],[-74.07875,40.82755],[-74.08107,40.82862],[-74.08643,40.83207],[-74.10277,40.84148],[-74.10395,40.83874],[-74.10435,40.83697]]]},"properties":{"GEOID":"34003012001","NAME":"Census Tract 120.01","STATE":"34","COUNTY":"003"}},{"type":"Feature","geometry":{"type":"Polygon","coordinates":[[[-74.12299,40.81113],[-74.11385,40.80578],[-74.11466,40.80456],[-74.11637,40.80325],[-74.11764,40.80187],[-74.11616,40.80087],[-74.11672,40.79862],[-74.11786,40.7965],[-74.10834,40.79346],[-74.10856,40.79288],[-74.10944,40.79178],[-74.10852,40.79066],[-74.10853,40.79003],[-74.11055,40.7893],[-74.11161,40.78907],[-74.1126,40.7891],[-74.11428,40.78858],[-74.11432,40.78824],[-74.11373,40.78783],[-74.11397,40.78722],[-74.11377,40.78655],[-74.11522,40.78459],[-74.11663,40.78222],[-74.11056,40.77713],[-74.1099,40.77728],[-74.10983,40.77775],[-74.10923,40.77783],[-74.10781,40.77731],[-74.10651,40.77737],[-74.10523,40.77713],[-74.10414,40.77655],[-74.10335,40.77574],[-74.10257,40.77624],[-74.10094,40.77602],[-74.10101,40.77378],[-74.10046,40.77334],[-74.09844,40.77252],[-74.09827,40.77139],[-74.09764,40.77074],[-74.0976,40.77003],[-74.09806,40.76953],[-74.09796,40.76857],[-74.09877,40.76757],[-74.097,40.76613],[-74.09696,40.76569],[-74.09642,40.76485],[-74.09594,40.76294],[-74.09461,40.76222],[-74.09372,40.76251],[-74.09348,40.7633],[-74.09246,40.76339],[-74.09027,40.76159],[-74.08904,40.76292],[-74.08798,40.76444],[-74.08777,40.76542],[-74.08788,40.76715],[-74.08883,40.77227],[-74.0901,40.77688],[-74.09003,40.77801],[-74.08914,40.7796],[-74.08761,40.78161],[-74.08304,40.78623],[-74.08579,40.78698],[-74.09155,40.78804],[-74.09008,40.79236],[-74.09076,40.79287],[-74.09385,40.79418],[-74.09654,40.79614],[-74.09657,40.79676],[-74.09487,40.7978],[-74.09394,40.79871],[-74.09273,40.80137],[-74.09287,40.80201],[-74.09433,40.80262],[-74.09483,40.80318],[-74.09478,40.80385],[-74.09433,40.80495],[-74.10487,40.81133],[-74.11615,40.81783],[-74.12023,40.81394],[-74.12172,40.8128],[-74.12238,40.81174],[-74.12299,40.81113]]]},"properties":{"GEOID":"34003031100","NAME":"Census Tract 311","STATE":"34","COUNTY":"003"}},{"type":"Feature","geometry":{"type":"Polygon","coordinates":[[[-73.99865,40.84484],[-73.99484,40.84271],[-73.98714,40.85041],[-73.99346,40.85407],[-73.99466,40.85242],[-73.99311,40.85151],[-73.99802,40.84665],[-73.99728,40.84622],[-73.99865,40.84484]]]},"properties":{"GEOID":"34003041200","NAME":"Census Tract 412","STATE":"34","COUNTY":"003"}},{"type":"Feature","geometry":{"type":"Polygon","coordinates":[[[-74.08418,40.71785],[-74.08456,40.71746],[-74.07989,40.71497],[-74.07784,40.71682],[-74.07566,40.71569],[-74.07411,40.7179],[-74.08136,40.72087],[-74.08418,40.71785]]]},"properties":{"GEOID":"34017004200","NAME":"Census Tract 42","STATE":"34","COUNTY":"017"}},{"type":"Feature","geometry":{"type":"Polygon","coordinates":[[[-74.08014,40.71473],[-74.08023,40.71464],[-74.07511,40.71194],[-74.07301,40.71429],[-74.07784,40.71682],[-74.08014,40.71473]]]},"properties":{"GEOID":"34017004400","NAME":"Census Tract 44","STATE":"34","COUNTY":"017"}},{"type":"Feature","geometry":{"type":"Polygon","coordinates":[[[-74.07694,40.70864],[-74.07734,40.7079],[-74.07329,40.70663],[-74.07242,40.70851],[-74.07127,40.70995],[-74.07015,40.71068],[-74.06922,40.71165],[-74.0671,40.71485],[-74.06819,40.71548],[-74.07301,40.71429],[-74.0753,40.71172],[-74.07694,40.70864]]]},"properties":{"GEOID":"34017004500","NAME":"Census Tract 45","STATE":"34","COUNTY":"017"}},{"type":"Feature","geometry":{"type":"Polygon","coordinates":[[[-74.07999,40.70408],[-74.08057,40.70347],[-74.07793,40.70136],[-74.07773,40.70148],[-74.07656,40.70053],[-74.07013,40.70346],[-74.07349,40.70621],[-74.07329,40.70663],[-74.07734,40.7079],[-74.07866,40.70545],[-74.07999,40.70408]]]},"properties":{"GEOID":"34017005300","NAME":"Census Tract 53","STATE":"34","COUNTY":"017"}},{"type":"Feature","geometry":{"type":"Polygon","coordinates":[[[-74.1169,40.71048],[-74.11706,40.71038],[-74.11279,40.7031],[-74.11456,40.70107],[-74.10649,40.69719],[-74.1007,40.70382],[-74.10014,40.70487],[-74.09978,40.7063],[-74.09827,40.70465],[-74.0978,40.70693],[-74.09472,40.70979],[-74.08804,40.70523],[-74.08774,40.70546],[-74.08663,40.70449],[-74.08468,40.7061],[-74.08629,40.70713],[-74.08616,40.70728],[-74.09271,40.71162],[-74.09227,40.7119],[-74.09621,40.71451],[-74.09646,40.71462],[-74.09712,40.7136],[-74.09989,40.71529],[-74.10347,40.71647],[-74.10563,40.71754],[-74.1169,40.71048]]]},"properties":{"GEOID":"34017005400","NAME":"Census Tract 54","STATE":"34","COUNTY":"017"}},{"type":"Feature","geometry":{"type":"Polygon","coordinates":[[[-74.08858,40.70274],[-74.08917,40.70221],[-74.08491,40.6994],[-74.08526,40.69916],[-74.0837,40.69747],[-74.08542,40.69617],[-74.08388,40.69501],[-74.07656,40.70053],[-74.07773,40.70148],[-74.07793,40.70136],[-74.08057,40.70347],[-74.08235,40.70167],[-74.08526,40.70359],[-74.08657,40.70238],[-74.08797,40.70328],[-74.08858,40.70274]]]},"properties":{"GEOID":"34017005801","NAME":"Census Tract 58.01","STATE":"34","COUNTY":"017"}},{"type":"Feature","geometry":{"type":"Polygon","coordinates":[[[-74.09374,40.70071],[-74.09444,40.70012],[-74.09261,40.69795],[-74.09301,40.69698],[-74.09138,40.69505],[-74.0874,40.6977],[-74.08542,40.69617],[-74.0837,40.69747],[-74.08526,40.69916],[-74.08491,40.6994],[-74.08917,40.70221],[-74.09127,40.70062],[-74.09247,40.70178],[-74.09374,40.70071]]]},"properties":{"GEOID":"34017006000","NAME":"Census Tract 60","STATE":"34","COUNTY":"017"}},{"type":"Feature","geometry":{"type":"Polygon","coordinates":[[[-74.05391,40.85398],[-74.05251,40.84909],[-74.05185,40.84908],[-74.05188,40.84805],[-74.04589,40.84615],[-74.04568,40.84334],[-74.04316,40.84342],[-74.04258,40.84099],[-74.04292,40.83978],[-74.04332,40.8393],[-74.04301,40.83925],[-74.04331,40.8391],[-74.04316,40.83877],[-74.04336,40.83835],[-74.04314,40.83825],[-74.04296,40.83855],[-74.04276,40.83856],[-74.04274,40.83812],[-74.04321,40.8379],[-74.04279,40.83768],[-74.04327,40.83764],[-74.04259,40.83738],[-74.04269,40.83711],[-74.04245,40.83696],[-74.04271,40.8363],[-74.04223,40.83613],[-74.04218,40.83544],[-74.04187,40.83531],[-74.04215,40.83501],[-74.04215,40.83467],[-74.04128,40.83483],[-74.04186,40.83414],[-74.04152,40.83409],[-74.04108,40.83444],[-74.04082,40.83392],[-74.04045,40.83382],[-74.03997,40.83422],[-74.03979,40.83417],[-74.03993,40.83349],[-74.04051,40.83319],[-74.04005,40.83282],[-74.0407,40.83258],[-74.04074,40.83235],[-74.04044,40.83229],[-74.03961,40.83269],[-74.03899,40.8322],[-74.03941,40.83159],[-74.03939,40.83092],[-74.0391,40.83052],[-74.04005,40.83053],[-74.0401,40.83027],[-74.03901,40.83009],[-74.03907,40.82949],[-74.03684,40.82944],[-74.03536,40.82862],[-74.03538,40.8288],[-74.03054,40.83186],[-74.02966,40.83328],[-74.02989,40.83609],[-74.03087,40.83783],[-74.031,40.83887],[-74.03068,40.84017],[-74.02973,40.84223],[-74.02995,40.84428],[-74.03055,40.84716],[-74.03017,40.84848],[-74.03276,40.84966],[-74.03873,40.85088],[-74.04075,40.85172],[-74.04315,40.85275],[-74.04769,40.85549],[-74.05172,40.85761],[-74.05391,40.85398]]]},"properties":{"GEOID":"34003029200","NAME":"Census Tract 292","STATE":"34","COUNTY":"003"}},{"type":"Feature","geometry":{"type":"Polygon","coordinates":[[[-74.00624,40.8576],[-74.00642,40.85686],[-74.00421,40.85598],[-74.00381,40.85633],[-74.00314,40.85618],[-74.00265,40.85633],[-74.00251,40.85624],[-74.00262,40.85604],[-74.00237,40.85588],[-74.00167,40.85605],[-74.00188,40.85576],[-74.00167,40.85552],[-74.0011,40.85564],[-74.00071,40.8555],[-74.00017,40.85591],[-73.99836,40.85501],[-73.99742,40.85618],[-73.99353,40.85398],[-73.98062,40.87187],[-73.98215,40.87291],[-73.98235,40.87372],[-73.98376,40.87398],[-73.98497,40.87467],[-73.98486,40.87487],[-73.98591,40.87532],[-73.98759,40.87582],[-73.98961,40.87605],[-73.98983,40.8764],[-73.99028,40.87657],[-73.99132,40.87662],[-73.99172,40.87607],[-73.99216,40.87589],[-73.99331,40.87644],[-73.99412,40.8765],[-73.99418,40.87533],[-73.99376,40.87333],[-73.99383,40.87294],[-73.99627,40.87064],[-73.99715,40.86881],[-73.99912,40.86656],[-74.0021,40.8643],[-74.00572,40.85906],[-74.00624,40.8576]]]},"properties":{"GEOID":"34003028001","NAME":"Census Tract 280.01","STATE":"34","COUNTY":"003"}},{"type":"Feature","geometry":{"type":"Polygon","coordinates":[[[-73.99285,40.85492],[-73.99346,40.85407],[-73.98823,40.85101],[-73.98247,40.85657],[-73.98289,40.8568],[-73.98114,40.85854],[-73.98069,40.8582],[-73.97942,40.86081],[-73.97807,40.86047],[-73.97685,40.8631],[-73.97637,40.86481],[-73.97575,40.86906],[-73.98062,40.87187],[-73.99285,40.85492]]]},"properties":{"GEOID":"34003028002","NAME":"Census Tract 280.02","STATE":"34","COUNTY":"003"}},{"type":"Feature","geometry":{"type":"Polygon","coordinates":[[[-74.04488,40.85735],[-74.04472,40.85376],[-74.04315,40.85275],[-74.03873,40.85088],[-74.03276,40.84966],[-74.03017,40.84848],[-74.02864,40.85209],[-74.02851,40.85418],[-74.03016,40.85657],[-74.03238,40.85863],[-74.04392,40.85912],[-74.04404,40.85876],[-74.04374,40.85755],[-74.04451,40.85761],[-74.04488,40.85735]]]},"properties":{"GEOID":"34003029100","NAME":"Census Tract 291","STATE":"34","COUNTY":"003"}},{"type":"Feature","geometry":{"type":"Polygon","coordinates":[[[-73.98266,40.83134],[-73.9826,40.83097],[-73.97682,40.82783],[-73.97635,40.82883],[-73.97618,40.82884],[-73.97578,40.82951],[-73.97578,40.82985],[-73.97427,40.83171],[-73.97374,40.83285],[-73.97346,40.83368],[-73.97374,40.83425],[-73.97365,40.8348],[-73.97389,40.83495],[-73.97381,40.83587],[-73.97521,40.83663],[-73.97822,40.83747],[-73.97829,40.83666],[-73.97884,40.83742],[-73.98041,40.83833],[-73.98266,40.83134]]]},"properties":{"GEOID":"34003019306","NAME":"Census Tract 193.06","STATE":"34","COUNTY":"003"}},{"type":"Feature","geometry":{"type":"Polygon","coordinates":[[[-74.0486,40.87316],[-74.03827,40.85888],[-74.03238,40.85863],[-74.03287,40.86047],[-74.03278,40.86308],[-74.03535,40.86623],[-74.0358,40.86849],[-74.03593,40.87108],[-74.03931,40.87126],[-74.0398,40.87266],[-74.04321,40.87188],[-74.04315,40.87206],[-74.0486,40.87316]]]},"properties":{"GEOID":"34003023601","NAME":"Census Tract 236.01","STATE":"34","COUNTY":"003"}},{"type":"Feature","geometry":{"type":"Polygon","coordinates":[[[-74.17261,40.77675],[-74.17252,40.77547],[-74.17141,40.77511],[-74.17245,40.77311],[-74.16781,40.77172],[-74.16997,40.76657],[-74.16807,40.76599],[-74.16256,40.77678],[-74.16481,40.77746],[-74.16374,40.7795],[-74.16665,40.78036],[-74.16875,40.77635],[-74.1722,40.77746],[-74.17261,40.77675]]]},"properties":{"GEOID":"34013009500","NAME":"Census Tract 95","STATE":"34","COUNTY":"013"}},{"type":"Feature","geometry":{"type":"Polygon","coordinates":[[[-74.17307,40.72565],[-74.17323,40.72545],[-74.17092,40.72477],[-74.16777,40.7235],[-74.16787,40.72327],[-74.16567,40.72251],[-74.16712,40.71974],[-74.16429,40.71875],[-74.16125,40.72494],[-74.16409,40.72579],[-74.16463,40.72464],[-74.17159,40.72745],[-74.17279,40.72626],[-74.17254,40.72618],[-74.17307,40.72565]]]},"properties":{"GEOID":"34013006900","NAME":"Census Tract 69","STATE":"34","COUNTY":"013"}},{"type":"Feature","geometry":{"type":"Polygon","coordinates":[[[-74.16402,40.72799],[-74.15695,40.72592],[-74.15664,40.72657],[-74.15638,40.7265],[-74.15546,40.72795],[-74.1602,40.73011],[-74.16154,40.73115],[-74.16402,40.72799]]]},"properties":{"GEOID":"34013007700","NAME":"Census Tract 77","STATE":"34","COUNTY":"013"}},{"type":"Feature","geometry":{"type":"Polygon","coordinates":[[[-74.15635,40.79469],[-74.15575,40.79475],[-74.15008,40.79371],[-74.14594,40.80275],[-74.14584,40.80381],[-74.14639,40.80627],[-74.15258,40.80697],[-74.15635,40.79469]]]},"properties":{"GEOID":"34013014300","NAME":"Census Tract 143","STATE":"34","COUNTY":"013"}},{"type":"Feature","geometry":{"type":"Polygon","coordinates":[[[-73.99484,40.84271],[-73.98837,40.83899],[-73.98058,40.84679],[-73.98714,40.85041],[-73.99484,40.84271]]]},"properties":{"GEOID":"34003041302","NAME":"Census Tract 413.02","STATE":"34","COUNTY":"003"}},{"type":"Feature","geometry":{"type":"Polygon","coordinates":[[[-73.98444,40.82628],[-73.98482,40.82566],[-73.97968,40.82279],[-73.97933,40.82385],[-73.97799,40.82557],[-73.97812,40.82565],[-73.97723,40.8268],[-73.97682,40.82783],[-73.9826,40.83097],[-73.98444,40.82628]]]},"properties":{"GEOID":"34003006202","NAME":"Census Tract 62.02","STATE":"34","COUNTY":"003"}},{"type":"Feature","geometry":{"type":"Polygon","coordinates":[[[-74.06719,40.71633],[-74.06719,40.7149],[-74.0646,40.71301],[-74.06338,40.71386],[-74.06274,40.71334],[-74.0615,40.71423],[-74.06023,40.71318],[-74.05589,40.71626],[-74.05605,40.71734],[-74.05596,40.71835],[-74.05515,40.72097],[-74.0617,40.72298],[-74.06505,40.71938],[-74.06719,40.71633]]]},"properties":{"GEOID":"34017006700","NAME":"Census Tract 67","STATE":"34","COUNTY":"017"}},{"type":"Feature","geometry":{"type":"Polygon","coordinates":[[[-74.04293,40.71452],[-74.04205,40.71414],[-74.04147,40.71347],[-74.03645,40.71292],[-74.03557,40.71734],[-74.04134,40.719],[-74.04136,40.7188],[-74.04219,40.71824],[-74.04293,40.71452]]]},"properties":{"GEOID":"34017007500","NAME":"Census Tract 75","STATE":"34","COUNTY":"017"}},{"type":"Feature","geometry":{"type":"Polygon","coordinates":[[[-74.0432,40.75494],[-74.04237,40.75242],[-74.0388,40.75099],[-74.03778,40.75032],[-74.03381,40.75722],[-74.03246,40.75857],[-74.03451,40.75934],[-74.03566,40.75755],[-74.03701,40.75802],[-74.03784,40.75675],[-74.04047,40.75768],[-74.04241,40.75461],[-74.0432,40.75494]]]},"properties":{"GEOID":"34017017800","NAME":"Census Tract 178","STATE":"34","COUNTY":"017"}},{"type":"Feature","geometry":{"type":"Polygon","coordinates":[[[-74.0276,40.7575],[-74.02773,40.75711],[-74.02718,40.75727],[-74.02622,40.75711],[-74.02624,40.75743],[-74.02361,40.75775],[-74.01425,40.75666],[-74.01403,40.75755],[-74.00162,40.77455],[-74.00828,40.77828],[-74.00852,40.77799],[-74.01185,40.77969],[-74.01253,40.77873],[-74.01361,40.77786],[-74.01429,40.77619],[-74.01452,40.77483],[-74.01517,40.77402],[-74.01671,40.77092],[-74.01738,40.7707],[-74.01941,40.77142],[-74.02058,40.77085],[-74.02085,40.7705],[-74.02156,40.76742],[-74.02216,40.768],[-74.02353,40.76862],[-74.02349,40.76709],[-74.02424,40.76512],[-74.02686,40.76139],[-74.02653,40.76124],[-74.0276,40.7575]]]},"properties":{"GEOID":"34017017900","NAME":"Census Tract 179","STATE":"34","COUNTY":"017"}},{"type":"Feature","geometry":{"type":"Polygon","coordinates":[[[-74.02426,40.76906],[-74.02216,40.768],[-74.02156,40.76742],[-74.02066,40.77078],[-74.01941,40.77142],[-74.01738,40.7707],[-74.01694,40.77074],[-74.01647,40.77122],[-74.01525,40.77387],[-74.01966,40.77581],[-74.02084,40.77427],[-74.02205,40.77188],[-74.02426,40.76906]]]},"properties":{"GEOID":"34017018100","NAME":"Census Tract 181","STATE":"34","COUNTY":"017"}},{"type":"Feature","geometry":{"type":"Polygon","coordinates":[[[-74.03263,40.75933],[-74.03287,40.75903],[-74.03228,40.75876],[-74.03177,40.75898],[-74.02993,40.75869],[-74.02934,40.75822],[-74.02853,40.75817],[-74.02831,40.75765],[-74.02773,40.75711],[-74.02653,40.76124],[-74.02686,40.76139],[-74.02424,40.76512],[-74.02349,40.76709],[-74.02353,40.76862],[-74.02433,40.76897],[-74.02539,40.76758],[-74.02756,40.77013],[-74.03168,40.76369],[-74.02752,40.76168],[-74.02884,40.76019],[-74.03149,40.76028],[-74.03263,40.75933]]]},"properties":{"GEOID":"34017018200","NAME":"Census Tract 182","STATE":"34","COUNTY":"017"}},{"type":"Feature","geometry":{"type":"Polygon","coordinates":[[[-74.02361,40.78789],[-74.02344,40.7865],[-74.02278,40.78404],[-74.02285,40.78328],[-74.02313,40.78288],[-74.02146,40.7821],[-74.01779,40.7869],[-74.02339,40.78954],[-74.02361,40.78789]]]},"properties":{"GEOID":"34017016000","NAME":"Census Tract 160","STATE":"34","COUNTY":"017"}},{"type":"Feature","geometry":{"type":"Polygon","coordinates":[[[-74.0239,40.77696],[-74.02434,40.7764],[-74.02057,40.77464],[-74.0187,40.77703],[-74.0203,40.77776],[-74.01998,40.77786],[-74.01878,40.77939],[-74.02112,40.78047],[-74.0239,40.77696]]]},"properties":{"GEOID":"34017016300","NAME":"Census Tract 163","STATE":"34","COUNTY":"017"}},{"type":"Feature","geometry":{"type":"Polygon","coordinates":[[[-74.02901,40.77687],[-74.0294,40.77645],[-74.02565,40.77471],[-74.02611,40.77412],[-74.02191,40.7721],[-74.02057,40.77464],[-74.02788,40.77805],[-74.02901,40.77687]]]},"properties":{"GEOID":"34017016400","NAME":"Census Tract 164","STATE":"34","COUNTY":"017"}},{"type":"Feature","geometry":{"type":"Polygon","coordinates":[[[-74.02848,40.7712],[-74.02539,40.76758],[-74.02191,40.7721],[-74.02611,40.77412],[-74.02848,40.7712]]]},"properties":{"GEOID":"34017016500","NAME":"Census Tract 165","STATE":"34","COUNTY":"017"}},{"type":"Feature","geometry":{"type":"Polygon","coordinates":[[[-74.03587,40.77201],[-74.03601,40.7717],[-74.03312,40.77029],[-74.03035,40.77355],[-74.03181,40.77511],[-74.03304,40.77506],[-74.03365,40.7747],[-74.03491,40.77346],[-74.03587,40.77201]]]},"properties":{"GEOID":"34017016700","NAME":"Census Tract 167","STATE":"34","COUNTY":"017"}},{"type":"Feature","geometry":{"type":"Polygon","coordinates":[[[-74.03457,40.76683],[-74.03504,40.76612],[-74.03105,40.76468],[-74.02909,40.76784],[-74.03289,40.76937],[-74.03457,40.76683]]]},"properties":{"GEOID":"34017016900","NAME":"Census Tract 169","STATE":"34","COUNTY":"017"}},{"type":"Feature","geometry":{"type":"Polygon","coordinates":[[[-74.0341,40.75999],[-74.03451,40.75934],[-74.03246,40.75857],[-74.03228,40.75876],[-74.03287,40.75903],[-74.03149,40.76028],[-74.02884,40.76019],[-74.02752,40.76168],[-74.03168,40.76369],[-74.0341,40.75999]]]},"properties":{"GEOID":"34017017300","NAME":"Census Tract 173","STATE":"34","COUNTY":"017"}},{"type":"Feature","geometry":{"type":"Polygon","coordinates":[[[-74.03762,40.76218],[-74.03803,40.76153],[-74.03757,40.76135],[-74.03799,40.76065],[-74.03451,40.75934],[-74.03287,40.76193],[-74.03679,40.76345],[-74.03762,40.76218]]]},"properties":{"GEOID":"34017017400","NAME":"Census Tract 174","STATE":"34","COUNTY":"017"}},{"type":"Feature","geometry":{"type":"Polygon","coordinates":[[[-74.04276,40.75989],[-74.0435,40.75887],[-74.04047,40.75768],[-74.03902,40.75995],[-74.03854,40.75976],[-74.03799,40.76065],[-74.04232,40.76231],[-74.04338,40.76096],[-74.04232,40.7605],[-74.04276,40.75989]]]},"properties":{"GEOID":"34017017600","NAME":"Census Tract 176","STATE":"34","COUNTY":"017"}},{"type":"Feature","geometry":{"type":"Polygon","coordinates":[[[-74.04582,40.75738],[-74.04365,40.75659],[-74.0432,40.75494],[-74.04241,40.75461],[-74.04047,40.75768],[-74.0435,40.75887],[-74.04232,40.7605],[-74.04338,40.76096],[-74.04582,40.75738]]]},"properties":{"GEOID":"34017017700","NAME":"Census Tract 177","STATE":"34","COUNTY":"017"}},{"type":"Feature","geometry":{"type":"Polygon","coordinates":[[[-74.06875,40.70099],[-74.06821,40.70044],[-74.06845,40.70022],[-74.06646,40.69859],[-74.06405,40.69717],[-74.06329,40.69651],[-74.05661,40.693],[-74.0556,40.69304],[-74.05281,40.69077],[-74.03579,40.68455],[-74.02639,40.7001],[-74.02495,40.70947],[-74.03854,40.71074],[-74.03866,40.71017],[-74.03954,40.71035],[-74.0397,40.7096],[-74.05115,40.71112],[-74.05109,40.71138],[-74.05058,40.71156],[-74.05158,40.71199],[-74.05193,40.71104],[-74.05206,40.70993],[-74.05423,40.71015],[-74.05481,40.7106],[-74.0555,40.70978],[-74.05649,40.70912],[-74.06209,40.70639],[-74.06395,40.7053],[-74.06875,40.70099]],[[-74.04721,40.69084],[-74.04704,40.69104],[-74.04598,40.69111],[-74.04389,40.69019],[-74.04346,40.68963],[-74.04362,40.68876],[-74.04413,40.68854],[-74.04479,40.68859],[-74.04625,40.68932],[-74.04718,40.69041],[-74.04703,40.69059],[-74.04721,40.69084]],[[-74.04074,40.70013],[-74.04008,40.70009],[-74.03894,40.69966],[-74.03837,40.69867],[-74.03917,40.69859],[-74.03965,40.6988],[-74.03993,40.69859],[-74.04023,40.69883],[-74.0398,40.69898],[-74.04043,40.69941],[-74.04074,40.70013]]]},"properties":{"GEOID":"34017980100","NAME":"Census Tract 9801","STATE":"34","COUNTY":"017"}},{"type":"Feature","geometry":{"type":"Polygon","coordinates":[[[-74.05117,40.71895],[-74.05156,40.71825],[-74.04693,40.71683],[-74.04566,40.71638],[-74.04565,40.71624],[-74.04266,40.71583],[-74.04219,40.71824],[-74.04136,40.7188],[-74.04134,40.719],[-74.04669,40.72067],[-74.04815,40.71799],[-74.05117,40.71895]]]},"properties":{"GEOID":"34017006400","NAME":"Census Tract 64","STATE":"34","COUNTY":"017"}},{"type":"Feature","geometry":{"type":"Polygon","coordinates":[[[-74.05606,40.71755],[-74.05605,40.71734],[-74.04565,40.71624],[-74.04566,40.71638],[-74.04693,40.71683],[-74.05156,40.71825],[-74.04976,40.72163],[-74.05137,40.72191],[-74.05101,40.72238],[-74.0507,40.72436],[-74.05315,40.72662],[-74.0556,40.71974],[-74.05606,40.71755]]]},"properties":{"GEOID":"34017006500","NAME":"Census Tract 65","STATE":"34","COUNTY":"017"}},{"type":"Feature","geometry":{"type":"Polygon","coordinates":[[[-74.08167,40.85223],[-74.07617,40.84908],[-74.07603,40.84922],[-74.07216,40.84705],[-74.06919,40.85079],[-74.07202,40.85243],[-74.05945,40.86852],[-74.05975,40.86865],[-74.05945,40.86941],[-74.05948,40.87019],[-74.06,40.87117],[-74.06071,40.87175],[-74.0683,40.87605],[-74.07013,40.87189],[-74.07014,40.87148],[-74.07167,40.86967],[-74.07357,40.8708],[-74.07498,40.86943],[-74.06942,40.8662],[-74.07923,40.85656],[-74.07807,40.85589],[-74.08167,40.85223]]]},"properties":{"GEOID":"34003025100","NAME":"Census Tract 251","STATE":"34","COUNTY":"003"}},{"type":"Feature","geometry":{"type":"Polygon","coordinates":[[[-74.05191,40.7313],[-74.05127,40.73107],[-74.04465,40.73052],[-74.04468,40.72987],[-74.04448,40.72967],[-74.04146,40.72937],[-74.04211,40.72519],[-74.04046,40.72506],[-74.03902,40.73424],[-74.04396,40.73496],[-74.04379,40.73614],[-74.04442,40.73603],[-74.04825,40.73507],[-74.04906,40.73389],[-74.05033,40.73256],[-74.05191,40.7313]]]},"properties":{"GEOID":"34017007800","NAME":"Census Tract 78","STATE":"34","COUNTY":"017"}},{"type":"Feature","geometry":{"type":"Polygon","coordinates":[[[-74.00152,40.79301],[-73.99983,40.79216],[-74.00008,40.79137],[-73.99805,40.7907],[-73.99791,40.79094],[-73.99169,40.78814],[-73.98474,40.79766],[-73.99331,40.80129],[-73.99368,40.80206],[-73.99369,40.80288],[-73.99316,40.80576],[-73.99433,40.80641],[-73.99476,40.80568],[-73.99511,40.80545],[-73.99482,40.80523],[-73.99617,40.80405],[-73.99609,40.80276],[-73.99684,40.80006],[-73.99687,40.79892],[-73.99838,40.79697],[-73.99862,40.79389],[-73.99892,40.79375],[-74.00012,40.7943],[-74.00032,40.79424],[-74.00152,40.79301]]]},"properties":{"GEOID":"34017014101","NAME":"Census Tract 141.01","STATE":"34","COUNTY":"017"}},{"type":"Feature","geometry":{"type":"Polygon","coordinates":[[[-74.00855,40.78521],[-74.00668,40.78433],[-74.006,40.78427],[-74.00578,40.78405],[-74.00513,40.78391],[-74.00389,40.78262],[-74.00326,40.78235],[-74.00281,40.78287],[-73.99741,40.78031],[-73.993,40.78635],[-74.00122,40.7901],[-74.00168,40.78962],[-74.00197,40.78962],[-74.0025,40.78872],[-74.00361,40.78778],[-74.00376,40.78722],[-74.00424,40.78663],[-74.00579,40.78535],[-74.00635,40.78526],[-74.00773,40.78582],[-74.00855,40.78521]]]},"properties":{"GEOID":"34017015201","NAME":"Census Tract 152.01","STATE":"34","COUNTY":"017"}},{"type":"Feature","geometry":{"type":"Polygon","coordinates":[[[-74.01459,40.79119],[-74.01532,40.79023],[-74.00796,40.78682],[-74.00924,40.78553],[-74.00855,40.78521],[-74.00773,40.78582],[-74.00635,40.78526],[-74.00579,40.78535],[-74.00424,40.78663],[-74.00376,40.78722],[-74.00361,40.78778],[-74.00245,40.78878],[-74.00521,40.79008],[-74.00662,40.78834],[-74.01025,40.79],[-74.0107,40.78941],[-74.01459,40.79119]]]},"properties":{"GEOID":"34017015202","NAME":"Census Tract 152.02","STATE":"34","COUNTY":"017"}},{"type":"Feature","geometry":{"type":"Polygon","coordinates":[[[-74.03522,40.73548],[-74.02927,40.73368],[-74.03053,40.73368],[-74.02951,40.73303],[-74.02064,40.73039],[-74.01601,40.7494],[-74.02128,40.75017],[-74.02177,40.75006],[-74.02171,40.75021],[-74.02559,40.7509],[-74.02598,40.74936],[-74.02444,40.74809],[-74.02277,40.7454],[-74.02322,40.74424],[-74.02567,40.74286],[-74.02694,40.74098],[-74.02766,40.74087],[-74.02884,40.73708],[-74.0277,40.7369],[-74.02799,40.736],[-74.02727,40.73586],[-74.02755,40.73558],[-74.0302,40.73598],[-74.03038,40.73541],[-74.03504,40.73619],[-74.03522,40.73548]]]},"properties":{"GEOID":"34017018301","NAME":"Census Tract 183.01","STATE":"34","COUNTY":"017"}},{"type":"Feature","geometry":{"type":"Polygon","coordinates":[[[-74.09527,40.75406],[-74.09545,40.75337],[-74.09362,40.75091],[-74.0926,40.7504],[-74.09064,40.7488],[-74.07869,40.7506],[-74.07728,40.75216],[-74.07558,40.75245],[-74.07523,40.75275],[-74.07524,40.75313],[-74.07639,40.75437],[-74.07652,40.75481],[-74.0763,40.75513],[-74.07521,40.75533],[-74.07487,40.75566],[-74.07514,40.75715],[-74.0748,40.75815],[-74.07436,40.75843],[-74.07262,40.75893],[-74.07224,40.7601],[-74.07023,40.76116],[-74.07116,40.76326],[-74.07159,40.76529],[-74.08012,40.78384],[-74.08166,40.7876],[-74.08761,40.78161],[-74.08998,40.77818],[-74.0901,40.77688],[-74.08883,40.77227],[-74.08788,40.76715],[-74.08784,40.7649],[-74.08868,40.76339],[-74.09013,40.76172],[-74.09027,40.76159],[-74.09079,40.76198],[-74.09435,40.75718],[-74.09527,40.75406]]]},"properties":{"GEOID":"34017020100","NAME":"Census Tract 201","STATE":"34","COUNTY":"017"}}],"meta":{"description":"Census tracts in New York, New Jersey whose tract centroids lie within a 10-mile great-circle radius of Union Square, NYC. Full tract geometries are retained.","center_wgs84_lng_lat":[-73.9903,40.7359],"center_label":"Union Square, NYC","radius_miles":10,"selection":"centroid_within_radius","source":"US Census Bureau TIGERweb (Current census tracts)","states_included":["36","34"],"generated_at":"2026-08-12T15:50:43.646Z","note":"For polygon intersection against a true circle (trimmed boundaries), run scripts/build-clipped-tracts-turf.js after npm install @turf/turf."}}