{"type":"FeatureCollection","features":[{"type":"Feature","geometry":{"type":"Polygon","coordinates":[[[-74.22169,42.95458],[-74.22211,42.95383],[-74.22116,42.95298],[-74.21612,42.95016],[-74.2113,42.94597],[-74.20539,42.94377],[-74.20489,42.94316],[-74.20134,42.94643],[-74.20102,42.94696],[-74.19974,42.94814],[-74.19799,42.94916],[-74.19535,42.95035],[-74.19598,42.95121],[-74.19597,42.95187],[-74.19783,42.95306],[-74.19844,42.95256],[-74.20026,42.95377],[-74.2009,42.95327],[-74.20301,42.95469],[-74.20595,42.95232],[-74.20665,42.95274],[-74.20702,42.95265],[-74.20685,42.95173],[-74.20635,42.95083],[-74.20691,42.95027],[-74.21,42.95207],[-74.21191,42.9529],[-74.21259,42.95221],[-74.214,42.95296],[-74.2142,42.95411],[-74.21477,42.95556],[-74.2147,42.95715],[-74.22057,42.95691],[-74.22169,42.95458]]]},"properties":{"GEOID":"36057070400","NAME":"Census Tract 704","STATE":"36","COUNTY":"057"}},{"type":"Feature","geometry":{"type":"Polygon","coordinates":[[[-74.21483,42.95633],[-74.21477,42.95556],[-74.2142,42.95411],[-74.214,42.95296],[-74.21259,42.95221],[-74.21191,42.9529],[-74.21,42.95207],[-74.20691,42.95027],[-74.20635,42.95083],[-74.20685,42.95173],[-74.20702,42.95265],[-74.20665,42.95274],[-74.20595,42.95232],[-74.20301,42.95469],[-74.2009,42.95327],[-74.20026,42.95377],[-74.19844,42.95256],[-74.19783,42.95306],[-74.19597,42.95187],[-74.19598,42.95121],[-74.19535,42.95035],[-74.19408,42.95167],[-74.19212,42.95114],[-74.19101,42.95028],[-74.19426,42.94771],[-74.19326,42.94608],[-74.191,42.94433],[-74.18696,42.94741],[-74.18657,42.94716],[-74.18558,42.95517],[-74.18766,42.95643],[-74.18979,42.95695],[-74.1926,42.95811],[-74.19451,42.95846],[-74.194,42.95885],[-74.19685,42.96346],[-74.19712,42.96528],[-74.19834,42.96485],[-74.20027,42.96626],[-74.20188,42.96599],[-74.20189,42.96517],[-74.20489,42.96473],[-74.20484,42.96549],[-74.20553,42.96548],[-74.20562,42.96203],[-74.20501,42.96202],[-74.20512,42.95943],[-74.20742,42.95764],[-74.2147,42.95715],[-74.21483,42.95633]]]},"properties":{"GEOID":"36057070500","NAME":"Census Tract 705","STATE":"36","COUNTY":"057"}},{"type":"Feature","geometry":{"type":"Polygon","coordinates":[[[-74.19464,42.93825],[-74.19434,42.93735],[-74.19252,42.93597],[-74.19257,42.93557],[-74.19362,42.93453],[-74.19244,42.93328],[-74.18748,42.93142],[-74.186,42.93023],[-74.18398,42.92778],[-74.17601,42.92428],[-74.17486,42.92527],[-74.17413,42.92507],[-74.1727,42.92431],[-74.16856,42.92301],[-74.16311,42.92075],[-74.16302,42.92097],[-74.1643,42.92186],[-74.16442,42.92271],[-74.16391,42.9231],[-74.16853,42.92408],[-74.16866,42.92373],[-74.1705,42.92432],[-74.17066,42.92461],[-74.1717,42.92505],[-74.17436,42.92571],[-74.17284,42.92701],[-74.17244,42.9277],[-74.17527,42.92889],[-74.17494,42.92944],[-74.17829,42.93138],[-74.17815,42.93149],[-74.17901,42.93165],[-74.18324,42.93345],[-74.18355,42.93365],[-74.18312,42.934],[-74.18357,42.93424],[-74.1835,42.93449],[-74.18482,42.93517],[-74.18432,42.93521],[-74.18285,42.93462],[-74.17921,42.93741],[-74.1801,42.9377],[-74.18317,42.93805],[-74.1843,42.9387],[-74.18519,42.93954],[-74.18569,42.93968],[-74.18772,42.9395],[-74.19,42.93989],[-74.19151,42.93934],[-74.1924,42.93961],[-74.19362,42.93954],[-74.1943,42.93915],[-74.19464,42.93825]]]},"properties":{"GEOID":"36057070900","NAME":"Census Tract 709","STATE":"36","COUNTY":"057"}},{"type":"Feature","geometry":{"type":"Polygon","coordinates":[[[-74.48884,42.98512],[-74.48206,42.94339],[-74.47344,42.89779],[-74.47203,42.8979],[-74.46654,42.89902],[-74.46195,42.90244],[-74.46029,42.90466],[-74.46003,42.90715],[-74.45801,42.91012],[-74.44995,42.91539],[-74.44714,42.91784],[-74.4459,42.91859],[-74.4452,42.91889],[-74.44289,42.91905],[-74.43824,42.92058],[-74.42897,42.92502],[-74.4256,42.92728],[-74.42192,42.93032],[-74.41361,42.93522],[-74.41094,42.93708],[-74.40423,42.94049],[-74.39758,42.94415],[-74.38949,42.94793],[-74.38045,42.94986],[-74.37553,42.94938],[-74.37188,42.94998],[-74.36829,42.95026],[-74.35349,42.94981],[-74.35168,42.94875],[-74.34489,42.94591],[-74.33282,42.9399],[-74.31872,42.93459],[-74.31346,42.93323],[-74.3096,42.9321],[-74.30872,42.93167],[-74.29992,42.93149],[-74.2964,42.93455],[-74.29657,42.93851],[-74.29449,42.94065],[-74.29293,42.94167],[-74.29141,42.94332],[-74.28797,42.94497],[-74.28691,42.94573],[-74.28615,42.94573],[-74.28351,42.94768],[-74.28386,42.94856],[-74.28626,42.96546],[-74.2893,42.98441],[-74.38836,42.98457],[-74.48884,42.98512]]]},"properties":{"GEOID":"36057072200","NAME":"Census Tract 722","STATE":"36","COUNTY":"057"}},{"type":"Feature","geometry":{"type":"Polygon","coordinates":[[[-74.18013,42.95149],[-74.18069,42.95054],[-74.17977,42.95022],[-74.17812,42.95022],[-74.17743,42.94945],[-74.17743,42.94878],[-74.1787,42.94652],[-74.17858,42.94563],[-74.17668,42.94288],[-74.17671,42.94213],[-74.17755,42.94099],[-74.17758,42.93947],[-74.17687,42.93949],[-74.17556,42.94059],[-74.17531,42.94126],[-74.17556,42.94233],[-74.17522,42.94272],[-74.17167,42.94337],[-74.1702,42.94398],[-74.16924,42.94411],[-74.16865,42.94485],[-74.16749,42.94549],[-74.16802,42.94587],[-74.16671,42.94717],[-74.16399,42.94572],[-74.1659,42.9507],[-74.16957,42.95923],[-74.17012,42.96004],[-74.17107,42.9607],[-74.17129,42.96209],[-74.17078,42.9623],[-74.17101,42.96274],[-74.17195,42.96248],[-74.1726,42.96139],[-74.17382,42.96072],[-74.17511,42.96031],[-74.17769,42.96119],[-74.17809,42.96104],[-74.18005,42.95335],[-74.17988,42.9533],[-74.17998,42.95304],[-74.17932,42.95324],[-74.18013,42.95149]]]},"properties":{"GEOID":"36057070700","NAME":"Census Tract 707","STATE":"36","COUNTY":"057"}},{"type":"Feature","geometry":{"type":"Polygon","coordinates":[[[-74.18465,42.9352],[-74.18482,42.93517],[-74.1835,42.93449],[-74.18357,42.93424],[-74.18312,42.934],[-74.18355,42.93365],[-74.17901,42.93165],[-74.17815,42.93149],[-74.17829,42.93138],[-74.17494,42.92944],[-74.17527,42.92889],[-74.17244,42.9277],[-74.17206,42.92794],[-74.16696,42.92576],[-74.1663,42.92642],[-74.16564,42.9261],[-74.16302,42.92897],[-74.16366,42.92918],[-74.16395,42.92888],[-74.16551,42.9296],[-74.16189,42.93276],[-74.16134,42.93288],[-74.16137,42.93317],[-74.16437,42.93425],[-74.16207,42.93617],[-74.16249,42.93777],[-74.16353,42.94484],[-74.16399,42.94572],[-74.16671,42.94717],[-74.16802,42.94587],[-74.16749,42.94549],[-74.16865,42.94485],[-74.16924,42.94411],[-74.1702,42.94398],[-74.17167,42.94337],[-74.17522,42.94272],[-74.17556,42.94233],[-74.17531,42.94126],[-74.17556,42.94059],[-74.17687,42.93949],[-74.17764,42.93943],[-74.17818,42.93845],[-74.17953,42.93847],[-74.17832,42.93713],[-74.17921,42.93741],[-74.18292,42.9346],[-74.18417,42.93516],[-74.18465,42.9352]]]},"properties":{"GEOID":"36057070800","NAME":"Census Tract 708","STATE":"36","COUNTY":"057"}},{"type":"Feature","geometry":{"type":"Polygon","coordinates":[[[-74.47826,43.38048],[-74.45772,43.23289],[-74.35311,43.23987],[-74.34596,43.24076],[-74.33951,43.24076],[-74.32638,43.24163],[-74.32237,43.21468],[-74.27487,43.21777],[-74.2209,43.2214],[-74.22421,43.24817],[-74.2068,43.24955],[-74.14015,43.25398],[-74.14606,43.28957],[-74.15084,43.31639],[-74.16044,43.37357],[-74.16079,43.37703],[-74.16726,43.42037],[-74.20378,43.6588],[-74.22328,43.67755],[-74.24974,43.66261],[-74.31743,43.62504],[-74.32678,43.61957],[-74.326,43.61401],[-74.31907,43.5528],[-74.31885,43.55244],[-74.31849,43.5439],[-74.31734,43.53792],[-74.31663,43.53195],[-74.31455,43.51175],[-74.31416,43.50614],[-74.31432,43.50569],[-74.31069,43.48159],[-74.30778,43.45733],[-74.37753,43.42041],[-74.3935,43.4116],[-74.36704,43.3865],[-74.39541,43.38498],[-74.40709,43.38412],[-74.44504,43.38235],[-74.47826,43.38048]]]},"properties":{"GEOID":"36041950400","NAME":"Census Tract 9504","STATE":"36","COUNTY":"041"}},{"type":"Feature","geometry":{"type":"Polygon","coordinates":[[[-73.67648,42.75328],[-73.67673,42.7529],[-73.67059,42.75278],[-73.67133,42.75073],[-73.67169,42.74884],[-73.6736,42.7471],[-73.67275,42.7467],[-73.67492,42.73897],[-73.66442,42.73756],[-73.6633,42.73769],[-73.66069,42.73853],[-73.65814,42.73966],[-73.65894,42.74132],[-73.65906,42.74212],[-73.66181,42.74739],[-73.66467,42.75469],[-73.66336,42.76058],[-73.66317,42.76288],[-73.65786,42.77888],[-73.65406,42.77997],[-73.65385,42.77967],[-73.65235,42.78018],[-73.65256,42.78058],[-73.64946,42.78157],[-73.64926,42.78378],[-73.65212,42.78652],[-73.65447,42.79059],[-73.65735,42.78947],[-73.65986,42.78709],[-73.66041,42.7871],[-73.66125,42.78597],[-73.66481,42.7828],[-73.66641,42.78074],[-73.66831,42.77669],[-73.66836,42.77284],[-73.67067,42.76762],[-73.67046,42.76608],[-73.67149,42.76246],[-73.6731,42.75935],[-73.67538,42.75586],[-73.67648,42.75328]]]},"properties":{"GEOID":"36083041400","NAME":"Census Tract 414","STATE":"36","COUNTY":"083"}},{"type":"Feature","geometry":{"type":"Polygon","coordinates":[[[-73.36303,42.91011],[-73.36285,42.9081],[-73.3608,42.89838],[-73.36055,42.89522],[-73.35902,42.89288],[-73.35663,42.89194],[-73.35553,42.89106],[-73.35534,42.89039],[-73.35552,42.88943],[-73.35539,42.88869],[-73.35455,42.88868],[-73.33767,42.8924],[-73.33955,42.91067],[-73.34237,42.91068],[-73.34422,42.91138],[-73.34909,42.91122],[-73.36303,42.91011]]]},"properties":{"GEOID":"36083051702","NAME":"Census Tract 517.02","STATE":"36","COUNTY":"083"}},{"type":"Feature","geometry":{"type":"Polygon","coordinates":[[[-73.61273,42.79861],[-73.59593,42.80077],[-73.50602,42.81116],[-73.49943,42.81168],[-73.49618,42.81221],[-73.48122,42.81387],[-73.47353,42.81444],[-73.46769,42.81557],[-73.41572,42.82143],[-73.42597,42.87225],[-73.42703,42.87551],[-73.43577,42.94443],[-73.44997,42.94438],[-73.45059,42.94458],[-73.4623,42.94481],[-73.46386,42.94458],[-73.46446,42.94426],[-73.46571,42.94311],[-73.46748,42.93878],[-73.46855,42.93718],[-73.46963,42.93624],[-73.47143,42.93541],[-73.47382,42.9349],[-73.48519,42.93397],[-73.49025,42.93286],[-73.49125,42.93192],[-73.49333,42.93047],[-73.4947,42.92803],[-73.49639,42.92653],[-73.49767,42.92577],[-73.49954,42.92501],[-73.50243,42.92426],[-73.50488,42.92336],[-73.50663,42.92168],[-73.50722,42.92034],[-73.50759,42.91995],[-73.50964,42.91911],[-73.5126,42.91815],[-73.51477,42.91799],[-73.51833,42.91883],[-73.52407,42.92089],[-73.52485,42.92089],[-73.52637,42.92023],[-73.52628,42.91973],[-73.5256,42.91873],[-73.52512,42.91719],[-73.52519,42.91692],[-73.52576,42.91646],[-73.52674,42.91634],[-73.52786,42.9165],[-73.52888,42.91676],[-73.53081,42.91764],[-73.53157,42.91777],[-73.53343,42.91752],[-73.53482,42.91663],[-73.53559,42.91567],[-73.53549,42.91475],[-73.53344,42.91195],[-73.53314,42.91128],[-73.53306,42.91014],[-73.53349,42.90949],[-73.53559,42.90837],[-73.5365,42.90812],[-73.53774,42.90809],[-73.54348,42.90829],[-73.54998,42.90739],[-73.55487,42.90368],[-73.55609,42.9034],[-73.55857,42.9035],[-73.56526,42.90559],[-73.56653,42.9058],[-73.56805,42.90575],[-73.56861,42.90553],[-73.57029,42.90404],[-73.57059,42.90271],[-73.57169,42.90143],[-73.57152,42.90083],[-73.57175,42.89917],[-73.57246,42.89862],[-73.57352,42.89822],[-73.57577,42.892],[-73.57881,42.88468],[-73.58191,42.87506],[-73.60249,42.82267],[-73.6117,42.80044],[-73.61273,42.79861]]]},"properties":{"GEOID":"36083051800","NAME":"Census Tract 518","STATE":"36","COUNTY":"083"}},{"type":"Feature","geometry":{"type":"Polygon","coordinates":[[[-73.89421,42.70977],[-73.8981,42.70743],[-73.8834,42.70276],[-73.8787,42.70104],[-73.87657,42.70061],[-73.85845,42.69476],[-73.85687,42.69445],[-73.84217,42.6898],[-73.83477,42.70152],[-73.86546,42.71962],[-73.86987,42.72238],[-73.89389,42.71329],[-73.89371,42.71242],[-73.89649,42.712],[-73.89667,42.71124],[-73.8972,42.71104],[-73.8968,42.71058],[-73.89607,42.71085],[-73.89421,42.70977]]]},"properties":{"GEOID":"36001000401","NAME":"Census Tract 4.01","STATE":"36","COUNTY":"001"}},{"type":"Feature","geometry":{"type":"Polygon","coordinates":[[[-73.72686,43.32412],[-73.72678,43.32375],[-73.72606,43.32386],[-73.72518,43.32362],[-73.72335,43.32398],[-73.72289,43.32434],[-73.71839,43.32446],[-73.71817,43.32425],[-73.71787,43.32441],[-73.71781,43.32422],[-73.71726,43.32432],[-73.71681,43.3241],[-73.71695,43.32389],[-73.71645,43.32396],[-73.71584,43.32353],[-73.71487,43.32389],[-73.71398,43.32372],[-73.71264,43.32402],[-73.71274,43.32443],[-73.71235,43.32457],[-73.71223,43.32431],[-73.71131,43.32391],[-73.71031,43.32471],[-73.70929,43.32417],[-73.70893,43.32376],[-73.70892,43.32346],[-73.70856,43.32319],[-73.7073,43.32292],[-73.70709,43.32222],[-73.70575,43.3218],[-73.7055,43.32028],[-73.70453,43.32036],[-73.70408,43.3199],[-73.70345,43.31994],[-73.70291,43.31972],[-73.70241,43.31993],[-73.70087,43.31935],[-73.70054,43.31902],[-73.70197,43.31709],[-73.69225,43.31542],[-73.68639,43.31343],[-73.68533,43.31323],[-73.68343,43.31347],[-73.68152,43.31451],[-73.67911,43.31674],[-73.67789,43.31758],[-73.6785,43.31795],[-73.67876,43.31847],[-73.67819,43.31889],[-73.67756,43.31885],[-73.67659,43.31926],[-73.68027,43.32412],[-73.68262,43.32784],[-73.68454,43.33149],[-73.68849,43.34011],[-73.69053,43.3431],[-73.69637,43.34963],[-73.69797,43.34977],[-73.70016,43.35033],[-73.69978,43.35067],[-73.70073,43.35142],[-73.70114,43.35308],[-73.7018,43.35298],[-73.70318,43.35336],[-73.70356,43.35379],[-73.70372,43.35444],[-73.70417,43.35442],[-73.70484,43.35511],[-73.70598,43.35483],[-73.70659,43.35548],[-73.70772,43.35571],[-73.70816,43.35557],[-73.70835,43.35582],[-73.70896,43.35588],[-73.70939,43.35625],[-73.71216,43.35404],[-73.71282,43.35327],[-73.71451,43.35045],[-73.71528,43.34808],[-73.71681,43.34504],[-73.71974,43.34429],[-73.72167,43.34324],[-73.72234,43.34243],[-73.72406,43.33938],[-73.72508,43.33621],[-73.72259,43.33529],[-73.72153,43.33523],[-73.72157,43.33493],[-73.72076,43.334],[-73.72105,43.33377],[-73.72093,43.33348],[-73.72125,43.33337],[-73.72107,43.33282],[-73.72139,43.33261],[-73.72117,43.33239],[-73.72144,43.33204],[-73.72117,43.33165],[-73.72293,43.33154],[-73.72406,43.33103],[-73.72405,43.3295],[-73.72442,43.32851],[-73.72438,43.32768],[-73.72342,43.32744],[-73.72455,43.32666],[-73.72501,43.32677],[-73.7251,43.32643],[-73.72541,43.32633],[-73.7256,43.32572],[-73.7253,43.32517],[-73.72527,43.32438],[-73.72629,43.32454],[-73.72686,43.32412]]]},"properties":{"GEOID":"36113070702","NAME":"Census Tract 707.02","STATE":"36","COUNTY":"113"}},{"type":"Feature","geometry":{"type":"Polygon","coordinates":[[[-73.84767,42.73059],[-73.82251,42.70856],[-73.81125,42.71562],[-73.81648,42.7193],[-73.81602,42.7207],[-73.81157,42.72038],[-73.80958,42.72002],[-73.8092,42.72027],[-73.80862,42.72213],[-73.81086,42.72318],[-73.80866,42.72438],[-73.82638,42.7327],[-73.82635,42.72938],[-73.82708,42.72868],[-73.83323,42.73031],[-73.83594,42.73259],[-73.83924,42.73456],[-73.83915,42.73553],[-73.84055,42.73666],[-73.84421,42.7356],[-73.84449,42.73492],[-73.84525,42.73397],[-73.84619,42.73183],[-73.84767,42.73059]]]},"properties":{"GEOID":"36001013902","NAME":"Census Tract 139.02","STATE":"36","COUNTY":"001"}},{"type":"Feature","geometry":{"type":"Polygon","coordinates":[[[-73.98183,42.80226],[-73.98324,42.80169],[-73.97935,42.79853],[-73.97632,42.79644],[-73.97378,42.79431],[-73.96016,42.79977],[-73.95695,42.80254],[-73.95415,42.80318],[-73.95296,42.80512],[-73.95487,42.80458],[-73.95566,42.80364],[-73.95801,42.80256],[-73.96009,42.80245],[-73.96254,42.80265],[-73.96665,42.80242],[-73.97194,42.80269],[-73.97568,42.80315],[-73.97905,42.80299],[-73.98183,42.80226]]]},"properties":{"GEOID":"36093021200","NAME":"Census Tract 212","STATE":"36","COUNTY":"093"}},{"type":"Feature","geometry":{"type":"Polygon","coordinates":[[[-73.95768,42.79862],[-73.95684,42.79527],[-73.9566,42.79512],[-73.94716,42.79796],[-73.94747,42.79866],[-73.94062,42.79978],[-73.93935,42.8005],[-73.94589,42.80377],[-73.94786,42.80512],[-73.94919,42.80481],[-73.95307,42.80328],[-73.95415,42.80318],[-73.95589,42.8016],[-73.95768,42.79862]]]},"properties":{"GEOID":"36093021400","NAME":"Census Tract 214","STATE":"36","COUNTY":"093"}},{"type":"Feature","geometry":{"type":"Polygon","coordinates":[[[-73.95586,42.7954],[-73.9566,42.79512],[-73.95321,42.79302],[-73.94386,42.78955],[-73.94334,42.79121],[-73.94488,42.79281],[-73.94577,42.79542],[-73.93457,42.79734],[-73.93156,42.79735],[-73.93105,42.79771],[-73.93935,42.8005],[-73.94062,42.79978],[-73.94747,42.79866],[-73.94716,42.79796],[-73.95586,42.7954]]]},"properties":{"GEOID":"36093021500","NAME":"Census Tract 215","STATE":"36","COUNTY":"093"}},{"type":"Feature","geometry":{"type":"Polygon","coordinates":[[[-73.74542,42.67113],[-73.74549,42.67092],[-73.74452,42.66811],[-73.74336,42.66555],[-73.74411,42.66397],[-73.74412,42.66382],[-73.74339,42.66357],[-73.7439,42.66217],[-73.74166,42.66066],[-73.74283,42.65894],[-73.73943,42.6568],[-73.73086,42.66328],[-73.72913,42.66505],[-73.72496,42.67018],[-73.72326,42.67288],[-73.72619,42.67399],[-73.74312,42.67932],[-73.74542,42.67113]]]},"properties":{"GEOID":"36001000100","NAME":"Census Tract 1","STATE":"36","COUNTY":"001"}},{"type":"Feature","geometry":{"type":"Polygon","coordinates":[[[-73.8792,42.63317],[-73.8795,42.63283],[-73.84217,42.62464],[-73.83723,42.62414],[-73.82571,42.62482],[-73.81513,42.62858],[-73.81067,42.62897],[-73.80936,42.62926],[-73.80459,42.63146],[-73.80195,42.63312],[-73.79777,42.63397],[-73.79797,42.63408],[-73.79873,42.63392],[-73.79918,42.6342],[-73.80266,42.63446],[-73.80439,42.63344],[-73.8053,42.63324],[-73.80724,42.63188],[-73.80801,42.63186],[-73.80934,42.63289],[-73.80951,42.63511],[-73.81004,42.63687],[-73.80993,42.63738],[-73.80905,42.63854],[-73.80896,42.63893],[-73.81182,42.64067],[-73.81343,42.64251],[-73.81455,42.64322],[-73.8156,42.6443],[-73.81637,42.6446],[-73.81828,42.64458],[-73.81971,42.64379],[-73.82034,42.64306],[-73.8206,42.64174],[-73.82116,42.64086],[-73.82179,42.64041],[-73.82239,42.64029],[-73.82529,42.64129],[-73.82783,42.64082],[-73.82895,42.6409],[-73.83068,42.64134],[-73.83138,42.64127],[-73.83308,42.64048],[-73.83506,42.6403],[-73.8372,42.64073],[-73.83945,42.64211],[-73.84186,42.64177],[-73.84356,42.64174],[-73.84459,42.64198],[-73.84541,42.64252],[-73.84609,42.64363],[-73.84611,42.64463],[-73.8457,42.64628],[-73.84605,42.64812],[-73.84646,42.64856],[-73.84719,42.64864],[-73.84697,42.64938],[-73.84607,42.65015],[-73.84226,42.6525],[-73.84161,42.65253],[-73.83834,42.65357],[-73.83791,42.65413],[-73.8374,42.65371],[-73.83677,42.65376],[-73.83583,42.65438],[-73.83404,42.65438],[-73.83353,42.65463],[-73.83048,42.65491],[-73.83025,42.65522],[-73.82955,42.655],[-73.82603,42.6559],[-73.82498,42.65683],[-73.82419,42.65686],[-73.82318,42.65825],[-73.82182,42.65889],[-73.82202,42.65935],[-73.8209,42.66023],[-73.8231,42.66016],[-73.82406,42.65949],[-73.82517,42.65927],[-73.82628,42.65961],[-73.82813,42.65936],[-73.82837,42.65978],[-73.82922,42.66005],[-73.82932,42.66047],[-73.82964,42.66047],[-73.82965,42.66068],[-73.82726,42.66246],[-73.82674,42.66249],[-73.82664,42.66306],[-73.82677,42.66348],[-73.82622,42.66363],[-73.82637,42.66388],[-73.82615,42.66387],[-73.82572,42.66442],[-73.82497,42.66456],[-73.82463,42.66511],[-73.82471,42.6655],[-73.82428,42.66547],[-73.82432,42.66575],[-73.82462,42.66583],[-73.82457,42.66619],[-73.825,42.66683],[-73.82498,42.66759],[-73.82541,42.66764],[-73.8258,42.66835],[-73.82613,42.66816],[-73.82668,42.66828],[-73.82708,42.66864],[-73.82779,42.66889],[-73.8279,42.66912],[-73.82768,42.66929],[-73.82796,42.66944],[-73.82778,42.66964],[-73.82801,42.66989],[-73.82787,42.67025],[-73.82889,42.67046],[-73.83823,42.67007],[-73.84386,42.66958],[-73.84401,42.66973],[-73.85072,42.66953],[-73.85622,42.66349],[-73.86106,42.65954],[-73.86587,42.65507],[-73.86765,42.65241],[-73.86942,42.64922],[-73.87031,42.64741],[-73.87057,42.64632],[-73.87246,42.64252],[-73.87443,42.63924],[-73.8792,42.63317]]]},"properties":{"GEOID":"36001014100","NAME":"Census Tract 141","STATE":"36","COUNTY":"001"}},{"type":"Feature","geometry":{"type":"Polygon","coordinates":[[[-74.02192,42.65916],[-74.02222,42.65913],[-74.01902,42.6455],[-74.01603,42.63156],[-74.01193,42.61422],[-74.01078,42.61012],[-74.0098,42.60517],[-74.0093,42.60396],[-74.00854,42.599],[-74.00774,42.59539],[-74.00666,42.59529],[-74.00499,42.59575],[-74.0032,42.59592],[-74.00259,42.59626],[-74.00072,42.59833],[-74,42.59886],[-73.99859,42.59927],[-73.99668,42.59929],[-73.99557,42.59909],[-73.992,42.59786],[-73.98865,42.59641],[-73.98806,42.59588],[-73.98702,42.59364],[-73.98651,42.59292],[-73.97756,42.59333],[-73.97521,42.59388],[-73.97396,42.59474],[-73.97332,42.59563],[-73.97305,42.59725],[-73.9738,42.60022],[-73.97377,42.60089],[-73.97118,42.60722],[-73.9714,42.60997],[-73.97173,42.61098],[-73.97269,42.61268],[-73.97492,42.61528],[-73.97548,42.61648],[-73.97568,42.61803],[-73.97538,42.62015],[-73.97545,42.62266],[-73.97518,42.62323],[-73.97466,42.62367],[-73.97353,42.62402],[-73.97249,42.62407],[-73.96988,42.62287],[-73.96851,42.62272],[-73.96351,42.62398],[-73.95151,42.62656],[-73.94984,42.62634],[-73.94744,42.6251],[-73.94479,42.62422],[-73.94264,42.62402],[-73.93716,42.62485],[-73.91994,42.62901],[-73.91765,42.62915],[-73.9143,42.62874],[-73.91189,42.62897],[-73.90968,42.6298],[-73.9062,42.63188],[-73.90355,42.63239],[-73.89753,42.63165],[-73.88905,42.62921],[-73.88257,42.62758],[-73.8818,42.62934],[-73.8795,42.63283],[-73.87443,42.63924],[-73.87246,42.64252],[-73.87057,42.64632],[-73.87031,42.64741],[-73.86942,42.64922],[-73.86765,42.65241],[-73.86587,42.65507],[-73.86106,42.65954],[-73.85622,42.66349],[-73.85072,42.66953],[-73.89104,42.6673],[-73.90243,42.66651],[-73.90243,42.66611],[-73.90362,42.66607],[-73.90453,42.66639],[-73.91291,42.6659],[-74.02192,42.65916]],[[-73.95069,42.65372],[-73.95004,42.66209],[-73.95033,42.66267],[-73.94807,42.66247],[-73.93922,42.65968],[-73.93909,42.6611],[-73.93934,42.66231],[-73.93365,42.6636],[-73.93293,42.66243],[-73.92737,42.66348],[-73.92658,42.65976],[-73.91627,42.65883],[-73.91861,42.65517],[-73.92167,42.65306],[-73.9226,42.65274],[-73.9223,42.64932],[-73.92029,42.64897],[-73.91677,42.64783],[-73.91791,42.64563],[-73.91823,42.64549],[-73.91923,42.64015],[-73.92187,42.63941],[-73.92467,42.63908],[-73.92596,42.64255],[-73.92763,42.64423],[-73.93208,42.64277],[-73.93588,42.64358],[-73.93761,42.64183],[-73.94416,42.64196],[-73.94422,42.64139],[-73.94517,42.64169],[-73.95032,42.64178],[-73.95038,42.64406],[-73.95056,42.64445],[-73.95033,42.64477],[-73.95038,42.64555],[-73.94985,42.64636],[-73.95009,42.64638],[-73.95016,42.65349],[-73.95069,42.65372]]]},"properties":{"GEOID":"36001014501","NAME":"Census Tract 145.01","STATE":"36","COUNTY":"001"}},{"type":"Feature","geometry":{"type":"Polygon","coordinates":[[[-73.8819,42.60296],[-73.87905,42.60176],[-73.87901,42.60121],[-73.87828,42.60125],[-73.8782,42.60153],[-73.87787,42.60142],[-73.87708,42.60158],[-73.87675,42.6013],[-73.87635,42.60148],[-73.87575,42.60109],[-73.87461,42.60078],[-73.8746,42.60061],[-73.87497,42.6005],[-73.87473,42.60041],[-73.87406,42.60068],[-73.87394,42.6014],[-73.87341,42.60112],[-73.87298,42.60139],[-73.87192,42.60076],[-73.87211,42.6005],[-73.8717,42.59982],[-73.87083,42.59968],[-73.86983,42.60004],[-73.86812,42.59861],[-73.86813,42.59792],[-73.86779,42.59776],[-73.86798,42.59762],[-73.86798,42.59726],[-73.86736,42.59683],[-73.86732,42.59644],[-73.86623,42.59638],[-73.86568,42.59675],[-73.8652,42.59672],[-73.86527,42.59619],[-73.86489,42.59618],[-73.86527,42.59585],[-73.86462,42.59596],[-73.86464,42.59559],[-73.86438,42.59546],[-73.86431,42.59512],[-73.86342,42.59542],[-73.86351,42.59515],[-73.86325,42.59497],[-73.86379,42.59487],[-73.86306,42.59467],[-73.86314,42.59438],[-73.86249,42.59428],[-73.86224,42.59388],[-73.86153,42.59383],[-73.861,42.59355],[-73.86069,42.59392],[-73.86008,42.59385],[-73.85979,42.59367],[-73.8596,42.5932],[-73.85957,42.5925],[-73.85878,42.59247],[-73.8586,42.59207],[-73.85796,42.59236],[-73.85783,42.59163],[-73.85724,42.59126],[-73.85734,42.59093],[-73.85711,42.59085],[-73.85707,42.59055],[-73.85603,42.5905],[-73.856,42.58969],[-73.8554,42.58962],[-73.85563,42.5892],[-73.85618,42.5894],[-73.85632,42.58904],[-73.85527,42.58849],[-73.8517,42.58928],[-73.84764,42.58968],[-73.84494,42.59038],[-73.84308,42.59128],[-73.84164,42.59231],[-73.83997,42.59435],[-73.83887,42.59437],[-73.83175,42.59683],[-73.82773,42.59782],[-73.82487,42.59891],[-73.82103,42.6007],[-73.81933,42.6012],[-73.81816,42.60127],[-73.81853,42.60376],[-73.81825,42.60614],[-73.81982,42.60928],[-73.8206,42.61144],[-73.82031,42.61559],[-73.81966,42.61689],[-73.82054,42.62128],[-73.82028,42.62211],[-73.82079,42.62449],[-73.82411,42.6242],[-73.82514,42.62367],[-73.83854,42.61878],[-73.83926,42.61988],[-73.84019,42.61955],[-73.87517,42.60685],[-73.8819,42.60296]]]},"properties":{"GEOID":"36001014203","NAME":"Census Tract 142.03","STATE":"36","COUNTY":"001"}},{"type":"Feature","geometry":{"type":"Polygon","coordinates":[[[-74.10645,42.73924],[-74.10507,42.7375],[-74.10418,42.73688],[-74.10358,42.736],[-74.10308,42.73564],[-74.10225,42.73557],[-74.10083,42.73509],[-74.09975,42.73504],[-74.0984,42.73439],[-74.09758,42.73353],[-74.09603,42.73362],[-74.09547,42.73281],[-74.09479,42.73265],[-74.09466,42.73224],[-74.09411,42.73183],[-74.09183,42.73156],[-74.09022,42.73081],[-74.08989,42.73019],[-74.08854,42.72954],[-74.08541,42.72705],[-74.08488,42.727],[-74.08439,42.72749],[-74.08386,42.72758],[-74.08195,42.72647],[-74.08078,42.7255],[-74.07879,42.7255],[-74.07771,42.725],[-74.07705,42.7244],[-74.07679,42.72357],[-74.07604,42.72319],[-74.07555,42.72206],[-74.07532,42.72087],[-74.07568,42.71947],[-74.07545,42.71882],[-74.07471,42.7183],[-74.07121,42.71788],[-74.07088,42.71682],[-74.07121,42.71612],[-74.07078,42.71585],[-74.06753,42.71485],[-74.06486,42.71522],[-74.06431,42.71573],[-74.06227,42.71679],[-74.06164,42.71765],[-74.06119,42.71781],[-74.06042,42.7187],[-74.05994,42.71885],[-74.05893,42.71869],[-74.05854,42.71809],[-74.05751,42.71769],[-74.05629,42.71685],[-74.05818,42.71515],[-74.05753,42.71389],[-74.05707,42.71405],[-74.05645,42.71313],[-74.05801,42.70862],[-74.04978,42.69763],[-74.05025,42.69673],[-74.0492,42.69686],[-74.04781,42.69498],[-74.05015,42.69295],[-74.04714,42.68663],[-74.04634,42.68665],[-74.04605,42.68604],[-74.04539,42.68642],[-74.04297,42.68653],[-74.04229,42.68566],[-74.03856,42.68621],[-74.03808,42.68579],[-74.03668,42.68546],[-74.03691,42.68472],[-74.03631,42.68297],[-74.0365,42.68152],[-74.03598,42.67918],[-74.03564,42.67873],[-74.03431,42.67867],[-74.03321,42.6793],[-74.02613,42.67567],[-74.02222,42.65913],[-73.93466,42.66456],[-73.93796,42.66979],[-73.95049,42.68421],[-73.95196,42.68625],[-73.9529,42.68813],[-73.95938,42.70731],[-73.96022,42.71811],[-73.96152,42.72287],[-73.96134,42.724],[-73.96054,42.7257],[-73.97153,42.72961],[-73.97586,42.73162],[-73.98863,42.73589],[-74.01477,42.73968],[-74.03852,42.74736],[-74.10645,42.73924]],[[-74.05039,42.7119],[-74.04547,42.71197],[-74.04157,42.71478],[-74.03731,42.71486],[-74.03751,42.71659],[-74.03309,42.71599],[-74.03198,42.71661],[-74.03048,42.71443],[-74.031,42.71306],[-74.02986,42.71281],[-74.02997,42.71245],[-74.03594,42.71183],[-74.03601,42.71226],[-74.03693,42.71216],[-74.03685,42.71153],[-74.03002,42.71224],[-74.03004,42.71046],[-74.03048,42.71046],[-74.03051,42.71015],[-74.03011,42.71012],[-74.03041,42.71004],[-74.02991,42.70946],[-74.02744,42.70717],[-74.0262,42.70743],[-74.02498,42.70652],[-74.02425,42.70725],[-74.02454,42.70737],[-74.02435,42.70873],[-74.02531,42.70938],[-74.02654,42.7085],[-74.02671,42.7086],[-74.02548,42.7095],[-74.02707,42.71108],[-74.02909,42.71004],[-74.02931,42.71015],[-74.02716,42.71127],[-74.0264,42.71332],[-74.02355,42.71323],[-74.02327,42.71302],[-74.02285,42.71102],[-74.02154,42.7095],[-74.02182,42.70945],[-74.02182,42.70856],[-74.02276,42.70845],[-74.02276,42.70801],[-74.02171,42.70801],[-74.02154,42.70778],[-74.02174,42.70758],[-74.02332,42.70801],[-74.02295,42.70703],[-74.02302,42.70668],[-74.02403,42.70716],[-74.02556,42.70571],[-74.02297,42.70369],[-74.02096,42.70052],[-74.02427,42.69888],[-74.02387,42.69578],[-74.02908,42.69516],[-74.03167,42.69416],[-74.03346,42.69587],[-74.03496,42.69607],[-74.03486,42.69687],[-74.03877,42.69727],[-74.04047,42.69637],[-74.04217,42.69827],[-74.03946,42.70012],[-74.03947,42.70058],[-74.03988,42.70127],[-74.04358,42.70537],[-74.04501,42.70409],[-74.04598,42.70438],[-74.04451,42.70644],[-74.04373,42.70646],[-74.05039,42.7119]],[[-74.0226,42.70405],[-74.02271,42.7042],[-74.02231,42.70435],[-74.02205,42.70398],[-74.02249,42.70384],[-74.0226,42.70405]]]},"properties":{"GEOID":"36001014613","NAME":"Census Tract 146.13","STATE":"36","COUNTY":"001"}},{"type":"Feature","geometry":{"type":"Polygon","coordinates":[[[-73.82965,42.66063],[-73.82964,42.66047],[-73.82932,42.66047],[-73.82925,42.66007],[-73.82837,42.65978],[-73.82813,42.65936],[-73.82628,42.65961],[-73.82472,42.6593],[-73.82406,42.65949],[-73.8231,42.66016],[-73.82153,42.66027],[-73.81768,42.66381],[-73.81171,42.6684],[-73.81056,42.66895],[-73.80932,42.66847],[-73.80645,42.67114],[-73.82653,42.67754],[-73.82742,42.67645],[-73.82885,42.676],[-73.8285,42.67567],[-73.82881,42.67468],[-73.82834,42.6723],[-73.82803,42.67192],[-73.82807,42.67108],[-73.82786,42.67017],[-73.82801,42.66989],[-73.82778,42.66964],[-73.82796,42.66944],[-73.82768,42.66929],[-73.8279,42.66901],[-73.82668,42.66828],[-73.82613,42.66816],[-73.8258,42.66835],[-73.82541,42.66764],[-73.82498,42.66759],[-73.825,42.66683],[-73.82457,42.66619],[-73.82462,42.66583],[-73.82432,42.66575],[-73.82428,42.66547],[-73.82471,42.6655],[-73.82463,42.66511],[-73.82497,42.66456],[-73.82572,42.66442],[-73.82615,42.66387],[-73.82637,42.66388],[-73.82622,42.66363],[-73.82677,42.66348],[-73.82664,42.66306],[-73.82674,42.66249],[-73.82726,42.66246],[-73.82965,42.66063]]]},"properties":{"GEOID":"36001001802","NAME":"Census Tract 18.02","STATE":"36","COUNTY":"001"}},{"type":"Feature","geometry":{"type":"Polygon","coordinates":[[[-73.7707,42.66109],[-73.76862,42.65966],[-73.76786,42.65888],[-73.76602,42.65829],[-73.76326,42.65675],[-73.75993,42.65997],[-73.76694,42.66402],[-73.76817,42.66269],[-73.7707,42.66109]]]},"properties":{"GEOID":"36001000800","NAME":"Census Tract 8","STATE":"36","COUNTY":"001"}},{"type":"Feature","geometry":{"type":"Polygon","coordinates":[[[-73.96151,42.72304],[-73.96138,42.72196],[-73.96022,42.71811],[-73.9596,42.70875],[-73.95924,42.70671],[-73.95275,42.68778],[-73.95196,42.68625],[-73.95049,42.68421],[-73.93796,42.66979],[-73.93466,42.66456],[-73.90453,42.66639],[-73.90362,42.66607],[-73.90243,42.66611],[-73.90243,42.66651],[-73.89677,42.66679],[-73.89647,42.66707],[-73.89817,42.66779],[-73.89832,42.66884],[-73.89938,42.66992],[-73.90045,42.67031],[-73.90336,42.67086],[-73.90432,42.67142],[-73.90464,42.67222],[-73.90454,42.67291],[-73.90339,42.67285],[-73.90204,42.67305],[-73.90127,42.67346],[-73.90105,42.67437],[-73.9015,42.675],[-73.90133,42.67555],[-73.90192,42.67641],[-73.90301,42.67647],[-73.90385,42.67744],[-73.90507,42.67798],[-73.90623,42.67876],[-73.90728,42.68057],[-73.90832,42.68085],[-73.90865,42.68127],[-73.90873,42.68179],[-73.90817,42.68279],[-73.90827,42.6829],[-73.90872,42.68295],[-73.91025,42.68246],[-73.91348,42.68345],[-73.91494,42.68458],[-73.91543,42.68534],[-73.91543,42.68594],[-73.91465,42.68719],[-73.91477,42.68763],[-73.91733,42.68839],[-73.91927,42.68953],[-73.92057,42.69099],[-73.92277,42.69208],[-73.92387,42.69188],[-73.92757,42.68998],[-73.92817,42.68918],[-73.92827,42.68858],[-73.92897,42.68818],[-73.93147,42.68808],[-73.93227,42.68948],[-73.92977,42.68998],[-73.92867,42.69258],[-73.93357,42.69558],[-73.93417,42.69788],[-73.93897,42.70008],[-73.93757,42.70268],[-73.93758,42.70308],[-73.92527,42.70597],[-73.92409,42.70649],[-73.92242,42.70769],[-73.92825,42.71242],[-73.93813,42.71754],[-73.94713,42.721],[-73.96054,42.7257],[-73.96134,42.724],[-73.96151,42.72304]]]},"properties":{"GEOID":"36001014611","NAME":"Census Tract 146.11","STATE":"36","COUNTY":"001"}},{"type":"Feature","geometry":{"type":"Polygon","coordinates":[[[-73.79066,42.67278],[-73.7908,42.67265],[-73.77742,42.66493],[-73.77512,42.66707],[-73.78511,42.67578],[-73.78658,42.67457],[-73.78744,42.67348],[-73.78877,42.67225],[-73.78993,42.67289],[-73.79066,42.67278]]]},"properties":{"GEOID":"36001000501","NAME":"Census Tract 5.01","STATE":"36","COUNTY":"001"}},{"type":"Feature","geometry":{"type":"Polygon","coordinates":[[[-74.19173,42.62827],[-74.19202,42.62785],[-74.02071,42.65233],[-74.02613,42.67567],[-74.03321,42.6793],[-74.03431,42.67867],[-74.03564,42.67873],[-74.03598,42.67918],[-74.0365,42.68152],[-74.03631,42.68297],[-74.03691,42.68472],[-74.03668,42.68546],[-74.03808,42.68579],[-74.03856,42.68621],[-74.04229,42.68566],[-74.04297,42.68653],[-74.04539,42.68642],[-74.04605,42.68604],[-74.04634,42.68665],[-74.04714,42.68663],[-74.05015,42.69295],[-74.04781,42.69498],[-74.0492,42.69686],[-74.05025,42.69673],[-74.04978,42.69763],[-74.05801,42.70862],[-74.05645,42.71313],[-74.05707,42.71405],[-74.05753,42.71389],[-74.05818,42.71515],[-74.05629,42.71685],[-74.05751,42.71769],[-74.05854,42.71809],[-74.05873,42.71856],[-74.05914,42.7188],[-74.06042,42.7187],[-74.06119,42.71781],[-74.06195,42.71733],[-74.06227,42.71679],[-74.06431,42.71573],[-74.06486,42.71522],[-74.06753,42.71485],[-74.07078,42.71585],[-74.07121,42.71612],[-74.07088,42.71682],[-74.07121,42.71788],[-74.07471,42.7183],[-74.07545,42.71882],[-74.07568,42.71947],[-74.07532,42.72087],[-74.07555,42.72206],[-74.07604,42.72319],[-74.07679,42.72357],[-74.07705,42.7244],[-74.07771,42.725],[-74.07879,42.7255],[-74.08078,42.7255],[-74.08195,42.72647],[-74.08386,42.72758],[-74.08439,42.72749],[-74.08488,42.727],[-74.08541,42.72705],[-74.08854,42.72954],[-74.08989,42.73019],[-74.09022,42.73081],[-74.09183,42.73156],[-74.09411,42.73183],[-74.09466,42.73224],[-74.09479,42.73265],[-74.09547,42.73281],[-74.09603,42.73362],[-74.09758,42.73353],[-74.0984,42.73439],[-74.09975,42.73504],[-74.10083,42.73509],[-74.10225,42.73557],[-74.10308,42.73564],[-74.10358,42.736],[-74.10418,42.73688],[-74.10507,42.7375],[-74.1065,42.73923],[-74.18027,42.72998],[-74.16468,42.71721],[-74.16718,42.70493],[-74.16953,42.69136],[-74.16871,42.67866],[-74.16857,42.67387],[-74.16973,42.66743],[-74.17215,42.66269],[-74.17355,42.65925],[-74.17348,42.65706],[-74.17493,42.65566],[-74.17932,42.64638],[-74.18037,42.64487],[-74.18206,42.64179],[-74.1831,42.64036],[-74.18383,42.63973],[-74.18424,42.63962],[-74.18615,42.63638],[-74.19173,42.62827]]]},"properties":{"GEOID":"36001014700","NAME":"Census Tract 147","STATE":"36","COUNTY":"001"}},{"type":"Feature","geometry":{"type":"Polygon","coordinates":[[[-73.8093,42.526],[-73.80941,42.5257],[-73.76377,42.52113],[-73.76309,42.52203],[-73.75985,42.52943],[-73.75831,42.53421],[-73.75667,42.54368],[-73.75646,42.54868],[-73.75406,42.55678],[-73.75216,42.56658],[-73.75237,42.57668],[-73.75437,42.58258],[-73.75726,42.58718],[-73.75827,42.58988],[-73.76127,42.60078],[-73.76156,42.60358],[-73.76127,42.61038],[-73.75974,42.61379],[-73.76207,42.61391],[-73.76351,42.61586],[-73.76431,42.61512],[-73.76505,42.6152],[-73.76405,42.61949],[-73.76437,42.62015],[-73.76682,42.62056],[-73.76583,42.61826],[-73.76569,42.61698],[-73.76594,42.6156],[-73.76794,42.61114],[-73.76986,42.60485],[-73.77085,42.60437],[-73.77111,42.60371],[-73.77128,42.60195],[-73.77235,42.60114],[-73.7731,42.60013],[-73.7777,42.59861],[-73.77976,42.59836],[-73.78363,42.5995],[-73.78614,42.59963],[-73.78899,42.6002],[-73.79189,42.60194],[-73.79354,42.5993],[-73.79508,42.5979],[-73.79564,42.59531],[-73.79469,42.59138],[-73.79521,42.59043],[-73.7968,42.58903],[-73.79717,42.58801],[-73.79719,42.58566],[-73.79665,42.58319],[-73.7968,42.58174],[-73.79844,42.57932],[-73.80222,42.57708],[-73.80335,42.57578],[-73.80446,42.56925],[-73.80831,42.55843],[-73.80851,42.55602],[-73.80829,42.55235],[-73.80494,42.53703],[-73.80491,42.53621],[-73.80524,42.53504],[-73.80702,42.53181],[-73.8093,42.526]]]},"properties":{"GEOID":"36001014301","NAME":"Census Tract 143.01","STATE":"36","COUNTY":"001"}},{"type":"Feature","geometry":{"type":"Polygon","coordinates":[[[-73.7997,42.63594],[-73.79951,42.63558],[-73.79864,42.63499],[-73.79865,42.63467],[-73.79904,42.63414],[-73.79873,42.63392],[-73.79797,42.63408],[-73.79777,42.63397],[-73.79755,42.63326],[-73.79767,42.63239],[-73.79728,42.63144],[-73.79691,42.63119],[-73.79692,42.63028],[-73.79711,42.62984],[-73.79548,42.62969],[-73.79514,42.62943],[-73.79529,42.62844],[-73.79584,42.62721],[-73.79567,42.6268],[-73.79417,42.62708],[-73.79152,42.62676],[-73.79069,42.62704],[-73.78943,42.628],[-73.78907,42.62805],[-73.78861,42.6279],[-73.78764,42.62711],[-73.78436,42.62648],[-73.78165,42.62489],[-73.78134,42.62497],[-73.78113,42.62564],[-73.78065,42.62583],[-73.77895,42.62565],[-73.77825,42.62535],[-73.77676,42.62545],[-73.77676,42.62675],[-73.77632,42.62973],[-73.77493,42.63423],[-73.77555,42.63516],[-73.77674,42.63571],[-73.77776,42.63591],[-73.77696,42.63873],[-73.777,42.63906],[-73.77764,42.63911],[-73.77817,42.64247],[-73.77214,42.6451],[-73.77142,42.64558],[-73.77267,42.64733],[-73.77356,42.64679],[-73.77834,42.64542],[-73.78158,42.64406],[-73.78281,42.64373],[-73.78479,42.64381],[-73.78666,42.64465],[-73.78929,42.64215],[-73.78836,42.64162],[-73.7896,42.64034],[-73.79005,42.64058],[-73.79029,42.64047],[-73.79167,42.63895],[-73.78989,42.63795],[-73.79048,42.63755],[-73.7929,42.63602],[-73.79475,42.63581],[-73.79657,42.63626],[-73.79893,42.6364],[-73.7997,42.63594]]]},"properties":{"GEOID":"36001002000","NAME":"Census Tract 20","STATE":"36","COUNTY":"001"}},{"type":"Feature","geometry":{"type":"Polygon","coordinates":[[[-73.76864,42.65025],[-73.76904,42.64945],[-73.76586,42.64767],[-73.76467,42.64784],[-73.76371,42.6476],[-73.76196,42.64919],[-73.76336,42.65001],[-73.76205,42.65132],[-73.76629,42.65381],[-73.76771,42.65244],[-73.76864,42.65025]]]},"properties":{"GEOID":"36001002200","NAME":"Census Tract 22","STATE":"36","COUNTY":"001"}},{"type":"Feature","geometry":{"type":"Polygon","coordinates":[[[-73.68624,43.20528],[-73.68451,43.19548],[-73.68445,43.1938],[-73.6841,43.19293],[-73.68248,43.18536],[-73.68174,43.18379],[-73.68219,43.18313],[-73.67936,43.16915],[-73.67822,43.16198],[-73.67717,43.1567],[-73.67648,43.15439],[-73.66771,43.10558],[-73.63377,43.10883],[-73.62475,43.10977],[-73.62022,43.1105],[-73.57548,43.11485],[-73.57587,43.11688],[-73.57639,43.11792],[-73.57723,43.11898],[-73.57905,43.12019],[-73.58259,43.12142],[-73.5856,43.12367],[-73.58557,43.12456],[-73.58596,43.12508],[-73.58584,43.12655],[-73.58608,43.12735],[-73.58655,43.12814],[-73.5886,43.12963],[-73.58983,43.1315],[-73.59094,43.13511],[-73.59105,43.13752],[-73.59075,43.13949],[-73.5895,43.14157],[-73.58489,43.14792],[-73.58257,43.14987],[-73.58064,43.15219],[-73.58021,43.15288],[-73.5801,43.15373],[-73.58036,43.15643],[-73.58079,43.15768],[-73.58165,43.15915],[-73.58365,43.16168],[-73.58394,43.16238],[-73.58381,43.1636],[-73.5831,43.1647],[-73.5833,43.16557],[-73.58383,43.16613],[-73.5846,43.16645],[-73.58547,43.1666],[-73.58669,43.16651],[-73.58774,43.16679],[-73.58918,43.16816],[-73.58955,43.16884],[-73.58984,43.17047],[-73.58928,43.17199],[-73.58864,43.17303],[-73.58384,43.17684],[-73.58353,43.17772],[-73.581,43.18249],[-73.58091,43.18374],[-73.58131,43.18498],[-73.582,43.1861],[-73.58218,43.18721],[-73.5821,43.18848],[-73.58235,43.18964],[-73.58553,43.19114],[-73.58581,43.19237],[-73.58531,43.19445],[-73.58355,43.19983],[-73.5832,43.20227],[-73.58265,43.20347],[-73.58018,43.20695],[-73.57928,43.20891],[-73.57922,43.20967],[-73.57946,43.21068],[-73.58101,43.21361],[-73.58136,43.2158],[-73.60594,43.21355],[-73.65634,43.2082],[-73.68624,43.20528]]]},"properties":{"GEOID":"36091060800","NAME":"Census Tract 608","STATE":"36","COUNTY":"091"}},{"type":"Feature","geometry":{"type":"Polygon","coordinates":[[[-73.89671,42.66684],[-73.8746,42.66828],[-73.85072,42.66953],[-73.84401,42.66973],[-73.84386,42.66958],[-73.83823,42.67007],[-73.82889,42.67046],[-73.82787,42.67025],[-73.82807,42.67108],[-73.82803,42.67192],[-73.82834,42.6723],[-73.82881,42.67468],[-73.8285,42.67567],[-73.82885,42.676],[-73.82742,42.67645],[-73.82653,42.67754],[-73.85962,42.68811],[-73.86218,42.68676],[-73.86423,42.68536],[-73.86496,42.68513],[-73.8662,42.68524],[-73.86794,42.68463],[-73.87023,42.68463],[-73.87222,42.6834],[-73.87252,42.68302],[-73.87263,42.68234],[-73.87233,42.6811],[-73.87233,42.68015],[-73.87346,42.67809],[-73.87457,42.67534],[-73.87544,42.67443],[-73.87686,42.67211],[-73.87926,42.67102],[-73.88045,42.66982],[-73.88325,42.66948],[-73.88879,42.67019],[-73.89161,42.67003],[-73.89373,42.66934],[-73.89671,42.66684]]]},"properties":{"GEOID":"36001014609","NAME":"Census Tract 146.09","STATE":"36","COUNTY":"001"}},{"type":"Feature","geometry":{"type":"MultiPolygon","coordinates":[[[[-74.04992,42.71192],[-74.05039,42.7119],[-74.04373,42.70646],[-74.04451,42.70644],[-74.04598,42.70438],[-74.04501,42.70409],[-74.04358,42.70537],[-74.03988,42.70127],[-74.03947,42.70058],[-74.03946,42.70012],[-74.04217,42.69827],[-74.04047,42.69637],[-74.03877,42.69727],[-74.03486,42.69687],[-74.03496,42.69607],[-74.03346,42.69587],[-74.03167,42.69416],[-74.02908,42.69516],[-74.02387,42.69578],[-74.02427,42.69888],[-74.02096,42.70052],[-74.02297,42.70369],[-74.02556,42.70571],[-74.02403,42.70716],[-74.02302,42.70668],[-74.02295,42.70703],[-74.02332,42.70801],[-74.02174,42.70758],[-74.02154,42.70778],[-74.02171,42.70801],[-74.02276,42.70801],[-74.02276,42.70845],[-74.02182,42.70856],[-74.02182,42.70945],[-74.02154,42.7095],[-74.02285,42.71102],[-74.02327,42.71302],[-74.02355,42.71323],[-74.0264,42.71332],[-74.02716,42.71127],[-74.02931,42.71015],[-74.02909,42.71004],[-74.02707,42.71108],[-74.02548,42.7095],[-74.02671,42.7086],[-74.02654,42.7085],[-74.02531,42.70938],[-74.02435,42.70873],[-74.02454,42.70737],[-74.02425,42.70725],[-74.02498,42.70652],[-74.0262,42.70743],[-74.02744,42.70717],[-74.02991,42.70946],[-74.03041,42.71004],[-74.03011,42.71012],[-74.03051,42.71015],[-74.03048,42.71046],[-74.03004,42.71046],[-74.03002,42.71224],[-74.03685,42.71153],[-74.03693,42.71216],[-74.03601,42.71226],[-74.03594,42.71183],[-74.02997,42.71245],[-74.02986,42.71281],[-74.031,42.71306],[-74.03048,42.71443],[-74.03198,42.71661],[-74.03309,42.71599],[-74.03751,42.71659],[-74.03731,42.71486],[-74.04157,42.71478],[-74.04547,42.71197],[-74.04992,42.71192]]],[[[-74.02271,42.7042],[-74.02249,42.70384],[-74.02205,42.70398],[-74.02231,42.70435],[-74.02271,42.7042]]]]},"properties":{"GEOID":"36001014612","NAME":"Census Tract 146.12","STATE":"36","COUNTY":"001"}},{"type":"Feature","geometry":{"type":"Polygon","coordinates":[[[-74.24102,42.55182],[-74.24157,42.5508],[-74.23798,42.54459],[-74.23815,42.54386],[-74.23442,42.53784],[-74.20655,42.54083],[-74.19155,42.54273],[-74.1795,42.54398],[-74.09016,42.55467],[-74.00104,42.56563],[-74.00854,42.599],[-74.0093,42.60396],[-74.0098,42.60517],[-74.01078,42.61012],[-74.01453,42.62507],[-74.01902,42.6455],[-74.02071,42.65233],[-74.19202,42.62785],[-74.19257,42.62707],[-74.1935,42.619],[-74.2067,42.60599],[-74.21051,42.60099],[-74.21517,42.59744],[-74.21749,42.59428],[-74.21815,42.59364],[-74.21964,42.59139],[-74.22027,42.58541],[-74.234,42.57569],[-74.23692,42.56506],[-74.23762,42.56312],[-74.23696,42.56012],[-74.24102,42.55182]]]},"properties":{"GEOID":"36001014801","NAME":"Census Tract 148.01","STATE":"36","COUNTY":"001"}},{"type":"Feature","geometry":{"type":"Polygon","coordinates":[[[-74.26486,42.41986],[-74.26347,42.40713],[-74.16025,42.41862],[-74.12458,42.42324],[-74.11731,42.42361],[-74.09067,42.42683],[-74.0922,42.43361],[-74.09262,42.43431],[-74.1003,42.46851],[-74.1072,42.49807],[-74.11171,42.51889],[-74.11355,42.52652],[-74.11462,42.53216],[-74.11925,42.55122],[-74.20655,42.54083],[-74.23442,42.53784],[-74.22907,42.52903],[-74.22564,42.5264],[-74.22563,42.51994],[-74.22542,42.51903],[-74.2256,42.51832],[-74.22563,42.51595],[-74.22498,42.50855],[-74.22577,42.50696],[-74.22657,42.50263],[-74.22645,42.49923],[-74.2285,42.49438],[-74.23022,42.49207],[-74.23404,42.48774],[-74.23645,42.48546],[-74.24163,42.47204],[-74.24446,42.47027],[-74.25242,42.44536],[-74.26486,42.41986]]]},"properties":{"GEOID":"36001014802","NAME":"Census Tract 148.02","STATE":"36","COUNTY":"001"}},{"type":"Feature","geometry":{"type":"Polygon","coordinates":[[[-73.88792,42.69777],[-73.88808,42.6976],[-73.88312,42.69625],[-73.87611,42.69321],[-73.85774,42.68754],[-73.82653,42.67754],[-73.82127,42.68328],[-73.83327,42.68715],[-73.84414,42.69032],[-73.85664,42.69438],[-73.85845,42.69476],[-73.87657,42.70061],[-73.8787,42.70104],[-73.8834,42.70276],[-73.88563,42.69999],[-73.88792,42.69777]]]},"properties":{"GEOID":"36001014608","NAME":"Census Tract 146.08","STATE":"36","COUNTY":"001"}},{"type":"Feature","geometry":{"type":"Polygon","coordinates":[[[-73.94914,42.38814],[-73.94921,42.38616],[-73.83647,42.37939],[-73.83587,42.37993],[-73.83268,42.38049],[-73.83187,42.37889],[-73.83138,42.37841],[-73.83083,42.37842],[-73.82923,42.37794],[-73.82961,42.37904],[-73.79432,42.37682],[-73.79395,42.38047],[-73.79272,42.38591],[-73.79189,42.3877],[-73.7882,42.39424],[-73.78661,42.39919],[-73.78464,42.40731],[-73.77724,42.42589],[-73.77582,42.42994],[-73.77466,42.43433],[-73.77367,42.44404],[-73.77397,42.45056],[-73.7742,42.45147],[-73.77553,42.45152],[-73.77651,42.45227],[-73.77667,42.45292],[-73.77596,42.45367],[-73.77599,42.45414],[-73.77717,42.45529],[-73.77768,42.45629],[-73.77832,42.45805],[-73.77854,42.45923],[-73.77853,42.46007],[-73.77804,42.46097],[-73.77756,42.46095],[-73.77648,42.46023],[-73.77587,42.46008],[-73.77549,42.46022],[-73.77553,42.46071],[-73.77626,42.46182],[-73.77737,42.4627],[-73.7785,42.46329],[-73.78372,42.46423],[-73.83676,42.45859],[-73.9201,42.44663],[-73.93326,42.44481],[-73.948,42.4432],[-73.94822,42.41232],[-73.94888,42.39874],[-73.94914,42.38814]]]},"properties":{"GEOID":"36039080100","NAME":"Census Tract 801","STATE":"36","COUNTY":"039"}},{"type":"Feature","geometry":{"type":"Polygon","coordinates":[[[-74.78667,43.11626],[-74.7847,43.0995],[-74.7832,43.09],[-74.76668,43.09118],[-74.76603,43.09161],[-74.76579,43.09307],[-74.76647,43.0935],[-74.76711,43.09477],[-74.76683,43.09572],[-74.76702,43.09612],[-74.76752,43.09645],[-74.76974,43.10158],[-74.76886,43.10199],[-74.7684,43.10285],[-74.76942,43.1041],[-74.76963,43.10455],[-74.76963,43.10548],[-74.7683,43.10751],[-74.76781,43.10897],[-74.76731,43.10974],[-74.76752,43.1102],[-74.76895,43.11094],[-74.76964,43.11153],[-74.77015,43.1125],[-74.7699,43.11334],[-74.7686,43.11457],[-74.76845,43.11532],[-74.7699,43.11686],[-74.77061,43.11728],[-74.78667,43.11626]]]},"properties":{"GEOID":"36043011001","NAME":"Census Tract 110.01","STATE":"36","COUNTY":"043"}},{"type":"Feature","geometry":{"type":"Polygon","coordinates":[[[-74.38836,42.98458],[-74.2893,42.98441],[-74.29125,42.99973],[-74.29172,43.00158],[-74.29933,43.05677],[-74.30006,43.06305],[-74.30055,43.06577],[-74.30071,43.06582],[-74.30744,43.11349],[-74.36095,43.11086],[-74.36403,43.11054],[-74.3702,43.11059],[-74.37345,43.11009],[-74.37459,43.1101],[-74.37564,43.10983],[-74.37609,43.10914],[-74.37756,43.10659],[-74.37783,43.10492],[-74.37934,43.10084],[-74.37939,43.09621],[-74.38069,43.09432],[-74.38226,43.09323],[-74.38314,43.09206],[-74.38325,43.09163],[-74.3828,43.09095],[-74.38128,43.09025],[-74.3804,43.08947],[-74.37977,43.0884],[-74.37988,43.08731],[-74.37971,43.08663],[-74.37931,43.08576],[-74.37826,43.08483],[-74.37799,43.08383],[-74.37801,43.08342],[-74.3814,43.07868],[-74.38038,43.07813],[-74.37955,43.07688],[-74.37598,43.07364],[-74.37537,43.07286],[-74.37529,43.07212],[-74.37316,43.07242],[-74.36842,43.07216],[-74.36562,43.0726],[-74.36421,43.07221],[-74.36122,43.0721],[-74.36016,43.07152],[-74.35838,43.06963],[-74.35514,43.06493],[-74.35452,43.06455],[-74.35067,43.06894],[-74.33331,43.07087],[-74.33314,43.07156],[-74.33264,43.07242],[-74.33137,43.07367],[-74.32965,43.07269],[-74.32839,43.07274],[-74.32845,43.07512],[-74.32251,43.07558],[-74.32202,43.07505],[-74.32315,43.07462],[-74.32442,43.0738],[-74.32587,43.07216],[-74.32666,43.07061],[-74.3269,43.0687],[-74.32809,43.06861],[-74.32819,43.06823],[-74.32652,43.05581],[-74.3242,43.05606],[-74.32415,43.05574],[-74.32364,43.05575],[-74.32353,43.05453],[-74.32422,43.05447],[-74.32412,43.05378],[-74.32537,43.05368],[-74.32549,43.05436],[-74.32634,43.05427],[-74.32559,43.04843],[-74.3312,43.04379],[-74.32869,43.04346],[-74.32837,43.04221],[-74.33458,43.04002],[-74.33471,43.04087],[-74.33922,43.03721],[-74.34003,43.03708],[-74.34029,43.03634],[-74.34188,43.03506],[-74.34213,43.03535],[-74.34462,43.0333],[-74.34431,43.03306],[-74.34585,43.0302],[-74.34598,43.02964],[-74.34587,43.0275],[-74.3505,43.02703],[-74.35011,43.02641],[-74.35141,43.02622],[-74.35181,43.02691],[-74.35325,43.02571],[-74.3519,43.02363],[-74.35018,43.02417],[-74.34973,43.0231],[-74.3514,43.0229],[-74.35114,43.02167],[-74.34947,43.0218],[-74.3491,43.01933],[-74.34982,43.01928],[-74.34967,43.01875],[-74.34902,43.01878],[-74.34893,43.01822],[-74.35092,43.01758],[-74.35338,43.01646],[-74.35321,43.0156],[-74.35388,43.0153],[-74.35663,43.00252],[-74.35987,42.99887],[-74.35866,42.99846],[-74.35815,42.9991],[-74.35632,42.99895],[-74.35558,42.99871],[-74.35553,42.99844],[-74.36042,42.99824],[-74.36423,42.994],[-74.36878,42.99345],[-74.36829,42.98928],[-74.37432,42.98956],[-74.37504,42.99276],[-74.37119,42.99321],[-74.38175,42.99198],[-74.38463,42.98919],[-74.38669,42.98982],[-74.38723,42.98818],[-74.38628,42.98756],[-74.38717,42.9865],[-74.38836,42.98458]],[[-74.34883,43.01891],[-74.34887,43.01915],[-74.34649,43.01936],[-74.34726,43.02447],[-74.34638,43.02524],[-74.34549,43.02639],[-74.34563,43.0292],[-74.34489,43.02915],[-74.3448,43.02976],[-74.34555,43.02981],[-74.34508,43.03091],[-74.3445,43.03069],[-74.3438,43.03191],[-74.34438,43.03213],[-74.34318,43.03347],[-74.34084,43.03342],[-74.3389,43.01908],[-74.33957,43.01907],[-74.33977,43.02042],[-74.34163,43.02026],[-74.3414,43.01891],[-74.34818,43.01827],[-74.34823,43.01879],[-74.3488,43.01874],[-74.34883,43.01891]]]},"properties":{"GEOID":"36035970601","NAME":"Census Tract 9706.01","STATE":"36","COUNTY":"035"}},{"type":"Feature","geometry":{"type":"Polygon","coordinates":[[[-74.2126,43.12956],[-74.21253,43.10507],[-74.20613,43.06565],[-74.18814,43.06814],[-74.18543,43.05826],[-74.18291,43.05896],[-74.17707,43.05983],[-74.14168,43.06211],[-74.12686,43.06132],[-74.10991,43.06236],[-74.12273,43.14373],[-74.16552,43.13711],[-74.2126,43.12956]]]},"properties":{"GEOID":"36035971502","NAME":"Census Tract 9715.02","STATE":"36","COUNTY":"035"}},{"type":"Feature","geometry":{"type":"Polygon","coordinates":[[[-74.50207,43.07453],[-74.50293,43.07431],[-74.49956,43.05464],[-74.48884,42.98512],[-74.41589,42.98473],[-74.41242,42.98632],[-74.41261,42.98644],[-74.41168,42.98688],[-74.41345,42.98866],[-74.41273,42.98881],[-74.41217,42.98973],[-74.41096,42.99085],[-74.41071,42.99194],[-74.41108,42.99215],[-74.41135,42.99262],[-74.41043,42.9922],[-74.40994,42.99255],[-74.40847,42.99297],[-74.40144,42.99441],[-74.40064,42.99568],[-74.39957,42.99494],[-74.39576,42.99615],[-74.39212,42.99666],[-74.38889,42.99938],[-74.3871,43.00008],[-74.38606,43.00003],[-74.38618,43.00012],[-74.38524,43.01549],[-74.38326,43.0182],[-74.38076,43.02258],[-74.37077,43.03284],[-74.36011,43.03529],[-74.37012,43.04674],[-74.36446,43.05364],[-74.36854,43.05456],[-74.36913,43.05383],[-74.36961,43.05393],[-74.36948,43.0541],[-74.37082,43.05437],[-74.37109,43.0539],[-74.37138,43.05396],[-74.37167,43.05332],[-74.37155,43.05376],[-74.37261,43.05397],[-74.37277,43.05355],[-74.37307,43.05361],[-74.3729,43.05403],[-74.37326,43.0541],[-74.37342,43.05368],[-74.37453,43.05391],[-74.37436,43.05433],[-74.37508,43.05447],[-74.37525,43.05406],[-74.37623,43.05425],[-74.37593,43.05463],[-74.37663,43.05478],[-74.37633,43.05518],[-74.37661,43.05523],[-74.3725,43.06082],[-74.36547,43.05883],[-74.36687,43.05687],[-74.3649,43.05562],[-74.36259,43.05547],[-74.35452,43.06455],[-74.35514,43.06493],[-74.35838,43.06963],[-74.3605,43.07177],[-74.36156,43.07217],[-74.36337,43.07212],[-74.36504,43.07234],[-74.36562,43.0726],[-74.36842,43.07216],[-74.37316,43.07242],[-74.37529,43.07212],[-74.37537,43.07286],[-74.37598,43.07364],[-74.37955,43.07688],[-74.38038,43.07813],[-74.3814,43.07868],[-74.37801,43.08342],[-74.37799,43.08383],[-74.37826,43.08483],[-74.37931,43.08576],[-74.37971,43.08663],[-74.37988,43.08731],[-74.37977,43.0884],[-74.3804,43.08947],[-74.38128,43.09025],[-74.38299,43.0911],[-74.38324,43.09179],[-74.38205,43.09344],[-74.38069,43.09432],[-74.37939,43.09621],[-74.37934,43.10084],[-74.37783,43.10492],[-74.37756,43.10659],[-74.37564,43.10983],[-74.44197,43.10681],[-74.43972,43.08829],[-74.45465,43.0851],[-74.46169,43.08385],[-74.48385,43.07865],[-74.49361,43.07664],[-74.50207,43.07453]]]},"properties":{"GEOID":"36035970602","NAME":"Census Tract 9706.02","STATE":"36","COUNTY":"035"}},{"type":"Feature","geometry":{"type":"Polygon","coordinates":[[[-74.20613,43.06565],[-74.19961,43.0276],[-74.13702,43.01386],[-74.12528,43.01112],[-74.11092,43.00859],[-74.10115,43.00636],[-74.10316,43.01935],[-74.10492,43.02889],[-74.1049,43.03055],[-74.10991,43.06236],[-74.12686,43.06132],[-74.14168,43.06211],[-74.17707,43.05983],[-74.18291,43.05896],[-74.18543,43.05826],[-74.18814,43.06814],[-74.20613,43.06565]]]},"properties":{"GEOID":"36035971501","NAME":"Census Tract 9715.01","STATE":"36","COUNTY":"035"}},{"type":"Feature","geometry":{"type":"Polygon","coordinates":[[[-74.30428,43.09143],[-74.30071,43.06582],[-74.30055,43.06577],[-74.30006,43.06305],[-74.29532,43.02772],[-74.24984,43.02884],[-74.19961,43.0276],[-74.20517,43.05964],[-74.20903,43.08345],[-74.2107,43.08332],[-74.21466,43.08382],[-74.21749,43.08517],[-74.21877,43.08646],[-74.22052,43.09455],[-74.22304,43.09852],[-74.227,43.10142],[-74.23017,43.10255],[-74.24342,43.10384],[-74.24782,43.1038],[-74.24992,43.10312],[-74.25199,43.10163],[-74.25444,43.09901],[-74.2558,43.09787],[-74.2568,43.0974],[-74.25695,43.09762],[-74.25795,43.09779],[-74.25815,43.09774],[-74.25814,43.09748],[-74.26044,43.09748],[-74.26075,43.09797],[-74.26043,43.09887],[-74.26057,43.09906],[-74.26077,43.09893],[-74.26111,43.0993],[-74.26134,43.0989],[-74.26102,43.09846],[-74.26126,43.09792],[-74.26151,43.09786],[-74.2624,43.09799],[-74.2628,43.09849],[-74.26354,43.09879],[-74.26432,43.0986],[-74.26549,43.0978],[-74.26578,43.0984],[-74.26577,43.09908],[-74.26625,43.0995],[-74.26677,43.0996],[-74.26866,43.09855],[-74.26889,43.09901],[-74.26922,43.09921],[-74.27181,43.09883],[-74.277,43.0986],[-74.2791,43.09469],[-74.2802,43.09329],[-74.28298,43.09435],[-74.2843,43.09507],[-74.28548,43.09516],[-74.28618,43.095],[-74.28776,43.09414],[-74.29235,43.09318],[-74.29714,43.0936],[-74.29922,43.09346],[-74.30143,43.09287],[-74.30428,43.09143]]]},"properties":{"GEOID":"36035970300","NAME":"Census Tract 9703","STATE":"36","COUNTY":"035"}},{"type":"Feature","geometry":{"type":"Polygon","coordinates":[[[-74.56082,43.21989],[-74.55027,43.12669],[-74.54641,43.08913],[-74.50293,43.07431],[-74.49361,43.07664],[-74.48385,43.07865],[-74.46169,43.08385],[-74.45465,43.0851],[-74.43972,43.08829],[-74.44197,43.10681],[-74.37564,43.10983],[-74.3702,43.11059],[-74.36403,43.11054],[-74.36095,43.11086],[-74.30744,43.11349],[-74.32638,43.24163],[-74.33951,43.24076],[-74.34596,43.24076],[-74.35311,43.23987],[-74.4505,43.23331],[-74.52821,43.22886],[-74.53298,43.22872],[-74.56082,43.21989]]]},"properties":{"GEOID":"36035970400","NAME":"Census Tract 9704","STATE":"36","COUNTY":"035"}},{"type":"Feature","geometry":{"type":"Polygon","coordinates":[[[-74.29532,43.02772],[-74.29172,43.00158],[-74.29125,42.99973],[-74.2893,42.98441],[-74.27198,42.98437],[-74.18819,42.98335],[-74.17256,42.98339],[-74.16693,42.98331],[-74.16655,42.98317],[-74.16295,42.98326],[-74.13032,42.98282],[-74.09747,42.98293],[-74.10115,43.00636],[-74.11092,43.00859],[-74.12528,43.01112],[-74.13702,43.01386],[-74.19987,43.02765],[-74.24984,43.02884],[-74.29532,43.02772]]]},"properties":{"GEOID":"36035971400","NAME":"Census Tract 9714","STATE":"36","COUNTY":"035"}},{"type":"Feature","geometry":{"type":"Polygon","coordinates":[[[-73.69976,42.90922],[-73.70007,42.90859],[-73.6986,42.90537],[-73.69828,42.90427],[-73.69722,42.90236],[-73.69703,42.90236],[-73.69602,42.90135],[-73.69571,42.90075],[-73.6927,42.89931],[-73.69,42.89515],[-73.68916,42.89497],[-73.68889,42.89666],[-73.68851,42.89705],[-73.6884,42.90009],[-73.68896,42.90183],[-73.69085,42.9054],[-73.69233,42.90691],[-73.6938,42.90787],[-73.69926,42.91049],[-73.69976,42.90922]]]},"properties":{"GEOID":"36091062300","NAME":"Census Tract 623","STATE":"36","COUNTY":"091"}},{"type":"Feature","geometry":{"type":"Polygon","coordinates":[[[-73.60025,42.72928],[-73.59994,42.72876],[-73.59936,42.72832],[-73.5971,42.72773],[-73.59639,42.72608],[-73.59639,42.72574],[-73.59703,42.72492],[-73.59828,42.7224],[-73.59695,42.71934],[-73.59626,42.71859],[-73.5947,42.71744],[-73.59335,42.71522],[-73.58879,42.71191],[-73.58809,42.71106],[-73.58732,42.70955],[-73.58609,42.70825],[-73.58279,42.70669],[-73.56039,42.70929],[-73.54236,42.71168],[-73.52987,42.7464],[-73.52802,42.75009],[-73.52621,42.75503],[-73.50602,42.81116],[-73.54817,42.80629],[-73.55217,42.80465],[-73.55746,42.8032],[-73.56091,42.80204],[-73.56295,42.80106],[-73.56427,42.80008],[-73.56637,42.79825],[-73.56817,42.79605],[-73.56932,42.79413],[-73.57034,42.79137],[-73.57086,42.79048],[-73.57608,42.78487],[-73.57776,42.78333],[-73.58699,42.77617],[-73.58791,42.77527],[-73.5887,42.77413],[-73.59018,42.77081],[-73.59298,42.76602],[-73.59705,42.76132],[-73.59247,42.75967],[-73.58977,42.75903],[-73.58692,42.75791],[-73.58308,42.757],[-73.57997,42.75518],[-73.57727,42.7525],[-73.5735,42.75093],[-73.57236,42.75006],[-73.57302,42.74964],[-73.57427,42.74811],[-73.57601,42.74522],[-73.57656,42.74373],[-73.57715,42.74111],[-73.57818,42.73883],[-73.57862,42.73721],[-73.57937,42.73618],[-73.5812,42.73515],[-73.58855,42.73361],[-73.58991,42.7331],[-73.59312,42.73134],[-73.60025,42.72928]]]},"properties":{"GEOID":"36083052002","NAME":"Census Tract 520.02","STATE":"36","COUNTY":"083"}},{"type":"Feature","geometry":{"type":"Polygon","coordinates":[[[-73.68453,42.89284],[-73.68445,42.89159],[-73.68401,42.89089],[-73.68323,42.8906],[-73.68187,42.8872],[-73.68076,42.88558],[-73.68069,42.88422],[-73.68025,42.88365],[-73.67978,42.88227],[-73.67619,42.87931],[-73.67454,42.87753],[-73.67324,42.87534],[-73.67352,42.87194],[-73.67338,42.87049],[-73.67381,42.86676],[-73.6759,42.85857],[-73.67376,42.85546],[-73.67324,42.85404],[-73.6724,42.84984],[-73.67195,42.84386],[-73.67061,42.83974],[-73.66934,42.83789],[-73.66775,42.83653],[-73.66616,42.83433],[-73.66576,42.83337],[-73.66179,42.83331],[-73.65966,42.83287],[-73.65502,42.83334],[-73.65363,42.8329],[-73.64734,42.82919],[-73.64612,42.82913],[-73.64332,42.82966],[-73.63834,42.829],[-73.63214,42.83879],[-73.63137,42.83962],[-73.62631,42.84359],[-73.62726,42.84412],[-73.62724,42.84451],[-73.6266,42.84532],[-73.62706,42.84585],[-73.6235,42.84683],[-73.62265,42.84678],[-73.6228,42.84611],[-73.61335,42.85346],[-73.60692,42.85917],[-73.60635,42.85813],[-73.60646,42.85541],[-73.6054,42.85386],[-73.60519,42.85319],[-73.60563,42.85209],[-73.60645,42.85114],[-73.60423,42.8518],[-73.59848,42.85467],[-73.58942,42.85603],[-73.58191,42.87506],[-73.57881,42.88468],[-73.57577,42.892],[-73.57352,42.89822],[-73.57246,42.89862],[-73.57175,42.89917],[-73.57152,42.90083],[-73.57169,42.90143],[-73.57059,42.90271],[-73.57029,42.90404],[-73.56861,42.90553],[-73.56805,42.90575],[-73.56653,42.9058],[-73.56526,42.90559],[-73.55857,42.9035],[-73.55609,42.9034],[-73.55487,42.90368],[-73.54998,42.90739],[-73.54348,42.90829],[-73.53774,42.90809],[-73.5365,42.90812],[-73.53559,42.90837],[-73.53349,42.90949],[-73.53306,42.91014],[-73.53314,42.91128],[-73.53344,42.91195],[-73.53549,42.91475],[-73.53559,42.91567],[-73.53482,42.91663],[-73.53343,42.91752],[-73.53157,42.91777],[-73.53081,42.91764],[-73.52888,42.91676],[-73.52786,42.9165],[-73.52674,42.91634],[-73.52576,42.91646],[-73.52519,42.91692],[-73.52512,42.91719],[-73.5256,42.91873],[-73.52628,42.91973],[-73.52637,42.92023],[-73.52485,42.92089],[-73.52407,42.92089],[-73.51833,42.91883],[-73.51477,42.91799],[-73.5126,42.91815],[-73.50964,42.91911],[-73.50759,42.91995],[-73.50722,42.92034],[-73.50663,42.92168],[-73.50488,42.92336],[-73.50243,42.92426],[-73.49954,42.92501],[-73.49767,42.92577],[-73.49639,42.92653],[-73.4947,42.92803],[-73.49333,42.93047],[-73.49125,42.93192],[-73.49025,42.93286],[-73.48519,42.93397],[-73.47382,42.9349],[-73.47143,42.93541],[-73.46963,42.93624],[-73.46855,42.93718],[-73.46748,42.93878],[-73.46571,42.94311],[-73.46446,42.94426],[-73.58735,42.94208],[-73.62456,42.94122],[-73.63546,42.94129],[-73.63771,42.94012],[-73.63995,42.93942],[-73.64714,42.93899],[-73.64974,42.93855],[-73.65065,42.93828],[-73.65968,42.93336],[-73.66328,42.92916],[-73.66352,42.92654],[-73.66483,42.92578],[-73.66639,42.92355],[-73.66766,42.92244],[-73.66843,42.92226],[-73.67887,42.91229],[-73.67938,42.91128],[-73.67938,42.90946],[-73.67984,42.90854],[-73.68236,42.90544],[-73.68307,42.90378],[-73.68365,42.90131],[-73.68391,42.89857],[-73.68368,42.89659],[-73.68453,42.89284]]]},"properties":{"GEOID":"36083051901","NAME":"Census Tract 519.01","STATE":"36","COUNTY":"083"}},{"type":"Feature","geometry":{"type":"Polygon","coordinates":[[[-73.63166,42.47993],[-73.63157,42.47959],[-73.63131,42.47956],[-73.58078,42.48471],[-73.55279,42.48838],[-73.50846,42.49373],[-73.50559,42.50275],[-73.50284,42.50997],[-73.50171,42.51356],[-73.49712,42.52531],[-73.48393,42.56148],[-73.47623,42.58099],[-73.46721,42.60603],[-73.50113,42.6035],[-73.52252,42.60276],[-73.53847,42.6007],[-73.5643,42.59796],[-73.56604,42.59761],[-73.56934,42.5974],[-73.58375,42.59537],[-73.59057,42.56542],[-73.59141,42.56014],[-73.59361,42.55081],[-73.59421,42.551],[-73.59496,42.55047],[-73.59527,42.55053],[-73.59512,42.5502],[-73.59555,42.54942],[-73.59569,42.54863],[-73.59477,42.54775],[-73.59574,42.54697],[-73.59586,42.54639],[-73.5963,42.54622],[-73.59604,42.54489],[-73.59615,42.54453],[-73.59731,42.54373],[-73.59794,42.54276],[-73.59858,42.54284],[-73.59919,42.54176],[-73.60112,42.54145],[-73.60307,42.54014],[-73.60342,42.53935],[-73.60357,42.53831],[-73.60368,42.53485],[-73.60345,42.53401],[-73.60192,42.53093],[-73.60239,42.53028],[-73.60197,42.52941],[-73.60199,42.52902],[-73.60264,42.52859],[-73.60401,42.52656],[-73.60403,42.52632],[-73.60348,42.52573],[-73.60459,42.52538],[-73.60492,42.52469],[-73.60671,42.52416],[-73.60741,42.5225],[-73.60745,42.52199],[-73.60529,42.52393],[-73.60136,42.51776],[-73.60509,42.50883],[-73.61133,42.50842],[-73.61147,42.50784],[-73.61432,42.50425],[-73.61534,42.50393],[-73.61603,42.5038],[-73.61578,42.50415],[-73.61747,42.50448],[-73.61818,42.50422],[-73.61936,42.50435],[-73.61965,42.5042],[-73.62012,42.50345],[-73.62231,42.50312],[-73.62313,42.5035],[-73.62393,42.50301],[-73.62313,42.5018],[-73.62364,42.50091],[-73.62486,42.49969],[-73.62618,42.49968],[-73.62656,42.49944],[-73.62653,42.4987],[-73.62701,42.49724],[-73.62816,42.4965],[-73.62993,42.49324],[-73.63004,42.49281],[-73.62958,42.49271],[-73.62962,42.49177],[-73.62877,42.49142],[-73.62846,42.49031],[-73.62808,42.48709],[-73.62938,42.48688],[-73.6304,42.487],[-73.63082,42.48671],[-73.63083,42.48484],[-73.63058,42.48445],[-73.63041,42.48305],[-73.63133,42.48099],[-73.63137,42.48026],[-73.63166,42.47993]]]},"properties":{"GEOID":"36083052601","NAME":"Census Tract 526.01","STATE":"36","COUNTY":"083"}},{"type":"Feature","geometry":{"type":"Polygon","coordinates":[[[-73.68647,42.75396],[-73.68726,42.75248],[-73.68522,42.75215],[-73.68517,42.75228],[-73.6825,42.75199],[-73.68251,42.75379],[-73.67648,42.75328],[-73.67538,42.75586],[-73.6731,42.75935],[-73.67149,42.76246],[-73.67113,42.76372],[-73.68114,42.76604],[-73.68055,42.76734],[-73.68327,42.76795],[-73.68376,42.76668],[-73.68436,42.76388],[-73.68436,42.75788],[-73.68647,42.75396]]]},"properties":{"GEOID":"36083040300","NAME":"Census Tract 403","STATE":"36","COUNTY":"083"}},{"type":"Feature","geometry":{"type":"Polygon","coordinates":[[[-73.45059,42.94458],[-73.44997,42.94438],[-73.43577,42.94443],[-73.42703,42.87551],[-73.42597,42.87225],[-73.41572,42.82143],[-73.35583,42.82825],[-73.27831,42.83756],[-73.2758,42.89725],[-73.27596,42.90122],[-73.27429,42.94365],[-73.36807,42.94405],[-73.38024,42.94374],[-73.37916,42.94444],[-73.37851,42.94532],[-73.37856,42.94623],[-73.37904,42.94716],[-73.37966,42.9478],[-73.38054,42.94812],[-73.38177,42.94824],[-73.38338,42.94735],[-73.38443,42.94722],[-73.3889,42.94824],[-73.38952,42.9489],[-73.38947,42.94979],[-73.38969,42.95059],[-73.3921,42.95259],[-73.39347,42.95309],[-73.39514,42.95329],[-73.39734,42.95298],[-73.39807,42.95309],[-73.40132,42.95226],[-73.40323,42.95124],[-73.40384,42.95148],[-73.40479,42.95272],[-73.4048,42.95321],[-73.40445,42.95417],[-73.40399,42.95487],[-73.40451,42.95549],[-73.40558,42.95612],[-73.40821,42.95693],[-73.4121,42.95738],[-73.41635,42.95667],[-73.42066,42.9549],[-73.42123,42.95493],[-73.42492,42.95599],[-73.42542,42.95709],[-73.42685,42.95851],[-73.43062,42.95865],[-73.43269,42.95843],[-73.43373,42.958],[-73.43503,42.95716],[-73.43605,42.9568],[-73.44062,42.95368],[-73.443,42.95289],[-73.44744,42.95197],[-73.44927,42.95122],[-73.4496,42.95075],[-73.44958,42.9499],[-73.44909,42.94602],[-73.44933,42.94532],[-73.45059,42.94458]],[[-73.36285,42.90817],[-73.36303,42.91011],[-73.34909,42.91122],[-73.34422,42.91138],[-73.34237,42.91068],[-73.33955,42.91067],[-73.33767,42.8924],[-73.35455,42.88868],[-73.35539,42.88869],[-73.35552,42.88943],[-73.35534,42.89039],[-73.35553,42.89106],[-73.35663,42.89194],[-73.35902,42.89288],[-73.36055,42.89522],[-73.3608,42.89838],[-73.36285,42.90817]]]},"properties":{"GEOID":"36083051701","NAME":"Census Tract 517.01","STATE":"36","COUNTY":"083"}},{"type":"Feature","geometry":{"type":"Polygon","coordinates":[[[-73.68238,42.77025],[-73.68327,42.76795],[-73.68055,42.76734],[-73.68114,42.76604],[-73.67113,42.76372],[-73.67046,42.76608],[-73.67067,42.76762],[-73.66836,42.77284],[-73.66836,42.77636],[-73.67209,42.77746],[-73.67846,42.77888],[-73.68238,42.77025]]]},"properties":{"GEOID":"36083040200","NAME":"Census Tract 402","STATE":"36","COUNTY":"083"}},{"type":"Feature","geometry":{"type":"Polygon","coordinates":[[[-73.75956,42.61418],[-73.75256,42.61418],[-73.74487,42.61728],[-73.74261,42.63158],[-73.73387,42.63188],[-73.7349,42.6361],[-73.73097,42.64389],[-73.73981,42.64624],[-73.74059,42.64543],[-73.74009,42.64737],[-73.73832,42.65141],[-73.7386,42.6525],[-73.73931,42.65318],[-73.7418,42.65432],[-73.74656,42.64618],[-73.74896,42.64028],[-73.75116,42.63608],[-73.75297,42.62868],[-73.75956,42.61418]]]},"properties":{"GEOID":"36083051500","NAME":"Census Tract 515","STATE":"36","COUNTY":"083"}},{"type":"Feature","geometry":{"type":"Polygon","coordinates":[[[-73.67751,42.78135],[-73.67846,42.77888],[-73.67209,42.77746],[-73.66836,42.77636],[-73.66669,42.78024],[-73.66584,42.7816],[-73.66481,42.7828],[-73.66125,42.78597],[-73.66041,42.7871],[-73.65986,42.78709],[-73.65749,42.78938],[-73.65447,42.79059],[-73.65917,42.79166],[-73.65971,42.79161],[-73.66335,42.79292],[-73.66696,42.79383],[-73.66931,42.7949],[-73.67235,42.79579],[-73.67296,42.79408],[-73.67346,42.79028],[-73.67526,42.78608],[-73.67666,42.78368],[-73.67751,42.78135]]]},"properties":{"GEOID":"36083040100","NAME":"Census Tract 401","STATE":"36","COUNTY":"083"}},{"type":"Feature","geometry":{"type":"Polygon","coordinates":[[[-73.78617,42.48007],[-73.78608,42.47525],[-73.78571,42.47163],[-73.78414,42.46751],[-73.78372,42.46423],[-73.74957,42.46744],[-73.68473,42.47419],[-73.68219,42.47614],[-73.68218,42.47638],[-73.68128,42.47732],[-73.68052,42.47847],[-73.67995,42.47998],[-73.6798,42.48153],[-73.6801,42.48454],[-73.6797,42.48654],[-73.67445,42.4958],[-73.67267,42.50041],[-73.67249,42.50178],[-73.67299,42.50379],[-73.67536,42.50719],[-73.67743,42.51204],[-73.6799,42.51602],[-73.68196,42.51999],[-73.68242,42.5215],[-73.68238,42.52284],[-73.68168,42.52592],[-73.67952,42.52893],[-73.67888,42.53025],[-73.6787,42.53166],[-73.67904,42.53543],[-73.67838,42.53805],[-73.67471,42.54377],[-73.67209,42.54613],[-73.67134,42.54756],[-73.67128,42.54825],[-73.6714,42.54868],[-73.67257,42.5502],[-73.67857,42.55697],[-73.68534,42.56954],[-73.68891,42.57453],[-73.69262,42.58232],[-73.69344,42.58337],[-73.69436,42.58333],[-73.69403,42.58309],[-73.69512,42.5822],[-73.69666,42.58346],[-73.70103,42.582],[-73.70187,42.58189],[-73.70189,42.5814],[-73.70381,42.58162],[-73.70385,42.58137],[-73.70429,42.58144],[-73.70412,42.58225],[-73.71998,42.58028],[-73.75237,42.57668],[-73.75216,42.56658],[-73.75406,42.55678],[-73.75646,42.54868],[-73.75679,42.54297],[-73.75061,42.54396],[-73.7491,42.54345],[-73.74867,42.54322],[-73.74869,42.54295],[-73.74547,42.54048],[-73.7448,42.53973],[-73.74397,42.53945],[-73.74288,42.53938],[-73.74267,42.53766],[-73.74055,42.53769],[-73.74023,42.53752],[-73.73956,42.53582],[-73.73911,42.53554],[-73.73913,42.53504],[-73.73782,42.53423],[-73.73467,42.53465],[-73.7342,42.53502],[-73.73421,42.53556],[-73.73379,42.53603],[-73.73094,42.53724],[-73.73077,42.53718],[-73.73083,42.53692],[-73.73289,42.53611],[-73.73446,42.53408],[-73.73658,42.53383],[-73.73818,42.53372],[-73.73942,42.53436],[-73.74022,42.53554],[-73.743,42.53603],[-73.74284,42.53472],[-73.74222,42.5346],[-73.74213,42.53318],[-73.74262,42.53297],[-73.7428,42.52839],[-73.7464,42.52658],[-73.75478,42.52577],[-73.75904,42.52616],[-73.75894,42.52631],[-73.76113,42.52632],[-73.76309,42.52203],[-73.76408,42.52072],[-73.76668,42.51805],[-73.77588,42.50582],[-73.7794,42.50008],[-73.78497,42.48901],[-73.78575,42.48611],[-73.78605,42.48383],[-73.78617,42.48007]]]},"properties":{"GEOID":"36083052501","NAME":"Census Tract 525.01","STATE":"36","COUNTY":"083"}},{"type":"Feature","geometry":{"type":"Polygon","coordinates":[[[-73.69347,42.5834],[-73.69262,42.58232],[-73.68891,42.57453],[-73.68534,42.56954],[-73.67857,42.55697],[-73.67257,42.5502],[-73.6714,42.54868],[-73.67128,42.54825],[-73.67134,42.54756],[-73.67209,42.54613],[-73.67471,42.54377],[-73.67838,42.53805],[-73.67904,42.53543],[-73.6787,42.53166],[-73.67888,42.53025],[-73.67952,42.52893],[-73.68168,42.52592],[-73.68218,42.52401],[-73.68245,42.52203],[-73.68196,42.51999],[-73.6799,42.51602],[-73.67743,42.51204],[-73.67564,42.50769],[-73.6729,42.50361],[-73.67251,42.50216],[-73.67256,42.50078],[-73.67445,42.4958],[-73.6797,42.48654],[-73.6801,42.48454],[-73.67983,42.48066],[-73.68029,42.4789],[-73.68128,42.47732],[-73.68218,42.47638],[-73.68219,42.47614],[-73.68473,42.47419],[-73.63157,42.47959],[-73.63166,42.47993],[-73.63137,42.48026],[-73.63133,42.48099],[-73.63041,42.48305],[-73.63058,42.48445],[-73.63083,42.48484],[-73.63082,42.48671],[-73.6304,42.487],[-73.62938,42.48688],[-73.62808,42.48709],[-73.62846,42.49031],[-73.62877,42.49142],[-73.62962,42.49177],[-73.62958,42.49271],[-73.63004,42.49281],[-73.63,42.49299],[-73.62928,42.49466],[-73.62816,42.4965],[-73.62701,42.49724],[-73.62653,42.4987],[-73.62656,42.49944],[-73.62618,42.49968],[-73.62486,42.49969],[-73.62373,42.50079],[-73.62313,42.5018],[-73.62394,42.50296],[-73.62319,42.50349],[-73.62231,42.50312],[-73.62012,42.50345],[-73.61954,42.50431],[-73.61818,42.50422],[-73.61711,42.50456],[-73.61609,42.50571],[-73.61597,42.50685],[-73.61631,42.50788],[-73.61702,42.50823],[-73.61794,42.50818],[-73.61817,42.50842],[-73.6181,42.50866],[-73.6169,42.50954],[-73.61691,42.50985],[-73.61742,42.51009],[-73.61901,42.51003],[-73.61926,42.51017],[-73.61904,42.51082],[-73.61855,42.51142],[-73.61887,42.51196],[-73.61879,42.51233],[-73.62139,42.51247],[-73.62156,42.51376],[-73.62112,42.51489],[-73.61971,42.51595],[-73.61701,42.51742],[-73.61564,42.51717],[-73.61531,42.51802],[-73.61466,42.51807],[-73.61421,42.51744],[-73.61342,42.51704],[-73.61255,42.51734],[-73.61205,42.51717],[-73.61117,42.51737],[-73.61166,42.51807],[-73.6114,42.51901],[-73.61171,42.51965],[-73.6117,42.52052],[-73.61008,42.52053],[-73.60919,42.52091],[-73.60768,42.52115],[-73.60741,42.5225],[-73.60674,42.52413],[-73.60492,42.52469],[-73.60459,42.52538],[-73.60348,42.52573],[-73.60403,42.52632],[-73.60401,42.52656],[-73.60264,42.52859],[-73.60202,42.52891],[-73.60197,42.52941],[-73.60239,42.53028],[-73.60192,42.53093],[-73.60345,42.53401],[-73.60368,42.53485],[-73.60342,42.53935],[-73.60307,42.54014],[-73.60165,42.5412],[-73.59919,42.54176],[-73.59858,42.54284],[-73.59794,42.54276],[-73.59731,42.54373],[-73.59615,42.54453],[-73.59604,42.54489],[-73.5963,42.54622],[-73.59586,42.54639],[-73.59574,42.54697],[-73.59477,42.54775],[-73.59569,42.54863],[-73.59555,42.54942],[-73.59512,42.5502],[-73.59527,42.55053],[-73.59496,42.55047],[-73.59421,42.551],[-73.59361,42.55081],[-73.59141,42.56014],[-73.59057,42.56542],[-73.58375,42.59537],[-73.60465,42.59312],[-73.62331,42.59065],[-73.63406,42.59019],[-73.63507,42.5899],[-73.63773,42.58959],[-73.69347,42.5834]]]},"properties":{"GEOID":"36083052502","NAME":"Census Tract 525.02","STATE":"36","COUNTY":"083"}},{"type":"Feature","geometry":{"type":"Polygon","coordinates":[[[-73.72765,42.6528],[-73.72922,42.65007],[-73.71083,42.64743],[-73.71123,42.64815],[-73.71107,42.64837],[-73.7024,42.64729],[-73.70253,42.6463],[-73.69931,42.64586],[-73.69878,42.6475],[-73.69743,42.64719],[-73.6975,42.647],[-73.69669,42.6469],[-73.69678,42.64642],[-73.69654,42.64638],[-73.69668,42.64593],[-73.69633,42.64584],[-73.69624,42.64614],[-73.69606,42.64612],[-73.69613,42.6458],[-73.68909,42.64442],[-73.68864,42.64508],[-73.6877,42.64455],[-73.68791,42.64425],[-73.68245,42.64334],[-73.66715,42.64112],[-73.662,42.64064],[-73.62866,42.63568],[-73.62628,42.64305],[-73.6358,42.64446],[-73.63771,42.64511],[-73.63759,42.64613],[-73.6372,42.64709],[-73.63443,42.65071],[-73.63427,42.65272],[-73.63478,42.65556],[-73.63483,42.65714],[-73.63576,42.65819],[-73.63932,42.65878],[-73.64029,42.6594],[-73.64114,42.66103],[-73.63936,42.66292],[-73.64031,42.66369],[-73.64308,42.66781],[-73.64408,42.66841],[-73.64506,42.6686],[-73.64739,42.66862],[-73.65116,42.66754],[-73.65362,42.66724],[-73.65861,42.66807],[-73.66058,42.66858],[-73.66479,42.67063],[-73.66814,42.67175],[-73.6728,42.67018],[-73.67661,42.66846],[-73.67767,42.66818],[-73.67911,42.66676],[-73.68256,42.66663],[-73.68315,42.66753],[-73.68414,42.66816],[-73.68681,42.67126],[-73.68541,42.67293],[-73.68489,42.67455],[-73.6881,42.67581],[-73.69072,42.67659],[-73.68698,42.6916],[-73.68696,42.6928],[-73.68774,42.69558],[-73.70646,42.69408],[-73.71636,42.68238],[-73.72206,42.67478],[-73.72496,42.67018],[-73.71431,42.66548],[-73.71327,42.66735],[-73.71134,42.6699],[-73.71073,42.66971],[-73.71087,42.66936],[-73.71029,42.66939],[-73.71013,42.6691],[-73.70548,42.66778],[-73.70344,42.66623],[-73.7024,42.66617],[-73.70254,42.66412],[-73.70239,42.66301],[-73.7032,42.65883],[-73.70272,42.65627],[-73.70273,42.65361],[-73.70412,42.65377],[-73.70507,42.65421],[-73.70599,42.65422],[-73.7086,42.65486],[-73.71303,42.65625],[-73.71369,42.65563],[-73.7158,42.65695],[-73.7202,42.65835],[-73.72117,42.65807],[-73.71953,42.65576],[-73.71914,42.65489],[-73.71925,42.65442],[-73.71865,42.65408],[-73.71858,42.65281],[-73.71927,42.6515],[-73.72103,42.65204],[-73.72134,42.65148],[-73.72245,42.65182],[-73.72207,42.65233],[-73.72713,42.6539],[-73.72765,42.6528]]]},"properties":{"GEOID":"36083052301","NAME":"Census Tract 523.01","STATE":"36","COUNTY":"083"}},{"type":"Feature","geometry":{"type":"Polygon","coordinates":[[[-73.65814,42.73966],[-73.6567,42.73188],[-73.65682,42.73062],[-73.65622,42.72345],[-73.65315,42.70485],[-73.65326,42.70417],[-73.65285,42.70238],[-73.65277,42.70055],[-73.65236,42.69848],[-73.64616,42.69918],[-73.64466,42.69918],[-73.63405,42.70058],[-73.63248,42.70058],[-73.60846,42.70338],[-73.58279,42.70669],[-73.58609,42.70825],[-73.58732,42.70955],[-73.58809,42.71106],[-73.58879,42.71191],[-73.59335,42.71522],[-73.5947,42.71744],[-73.59626,42.71859],[-73.59695,42.71934],[-73.59828,42.7224],[-73.59703,42.72492],[-73.59639,42.72574],[-73.59639,42.72608],[-73.5971,42.72773],[-73.59936,42.72832],[-73.59994,42.72876],[-73.60025,42.72928],[-73.59312,42.73134],[-73.59042,42.73284],[-73.5888,42.73353],[-73.58177,42.73498],[-73.5798,42.73584],[-73.57914,42.73642],[-73.57847,42.73756],[-73.57818,42.73883],[-73.57715,42.74111],[-73.57656,42.74373],[-73.57554,42.74616],[-73.57323,42.74941],[-73.57236,42.75006],[-73.5735,42.75093],[-73.57727,42.7525],[-73.57997,42.75518],[-73.58308,42.757],[-73.58692,42.75791],[-73.58977,42.75903],[-73.59247,42.75967],[-73.59705,42.76132],[-73.59854,42.76041],[-73.60512,42.75824],[-73.60799,42.75757],[-73.61182,42.75688],[-73.61632,42.75707],[-73.61712,42.75692],[-73.62086,42.75463],[-73.63712,42.74839],[-73.64509,42.74372],[-73.65466,42.74118],[-73.65814,42.73966]]]},"properties":{"GEOID":"36083052004","NAME":"Census Tract 520.04","STATE":"36","COUNTY":"083"}},{"type":"Feature","geometry":{"type":"Polygon","coordinates":[[[-73.64372,42.66973],[-73.64365,42.66905],[-73.64308,42.66781],[-73.64031,42.66369],[-73.63936,42.66292],[-73.64114,42.66103],[-73.64029,42.6594],[-73.63932,42.65878],[-73.63576,42.65819],[-73.63483,42.65714],[-73.63478,42.65556],[-73.63427,42.65272],[-73.63443,42.65071],[-73.6372,42.64709],[-73.63759,42.64613],[-73.63771,42.64511],[-73.6358,42.64446],[-73.62628,42.64305],[-73.62079,42.65987],[-73.61795,42.67068],[-73.62063,42.67001],[-73.62202,42.6709],[-73.62504,42.67367],[-73.62569,42.67459],[-73.6271,42.67817],[-73.62719,42.67896],[-73.62683,42.68056],[-73.62698,42.6813],[-73.62839,42.68368],[-73.63007,42.68508],[-73.63079,42.6845],[-73.63117,42.68332],[-73.63385,42.68376],[-73.63454,42.68132],[-73.63425,42.68072],[-73.63432,42.68],[-73.63601,42.6767],[-73.63704,42.67555],[-73.63906,42.6739],[-73.63988,42.67275],[-73.64101,42.67239],[-73.64251,42.67265],[-73.64372,42.66973]]]},"properties":{"GEOID":"36083052303","NAME":"Census Tract 523.03","STATE":"36","COUNTY":"083"}},{"type":"Feature","geometry":{"type":"Polygon","coordinates":[[[-73.70203,42.61952],[-73.69413,42.62038],[-73.69365,42.61804],[-73.6944,42.61718],[-73.69417,42.61549],[-73.69489,42.61479],[-73.69526,42.61383],[-73.69569,42.6134],[-73.69555,42.61241],[-73.6961,42.61177],[-73.69546,42.61041],[-73.69535,42.60803],[-73.69612,42.60528],[-73.69604,42.60346],[-73.69698,42.60074],[-73.69809,42.5992],[-73.69496,42.59832],[-73.69332,42.59879],[-73.68456,42.59923],[-73.68365,42.59947],[-73.68349,42.59935],[-73.68254,42.59472],[-73.68271,42.59255],[-73.6833,42.59005],[-73.6832,42.58952],[-73.6827,42.58872],[-73.68318,42.5868],[-73.68271,42.58469],[-73.67722,42.58512],[-73.66892,42.58619],[-73.64199,42.58912],[-73.6351,42.61499],[-73.63457,42.61615],[-73.63453,42.61706],[-73.63227,42.62496],[-73.62866,42.63568],[-73.662,42.64064],[-73.66715,42.64112],[-73.68245,42.64334],[-73.68791,42.64425],[-73.6877,42.64455],[-73.68864,42.64508],[-73.68909,42.64442],[-73.69613,42.6458],[-73.69606,42.64612],[-73.69624,42.64614],[-73.69633,42.64584],[-73.69668,42.64593],[-73.69654,42.64638],[-73.69678,42.64642],[-73.69669,42.6469],[-73.6975,42.647],[-73.69756,42.64722],[-73.70076,42.6365],[-73.7011,42.63489],[-73.70113,42.6322],[-73.70059,42.62908],[-73.70055,42.62643],[-73.70083,42.62447],[-73.70203,42.61952]]]},"properties":{"GEOID":"36083052402","NAME":"Census Tract 524.02","STATE":"36","COUNTY":"083"}},{"type":"Feature","geometry":{"type":"Polygon","coordinates":[[[-73.40374,42.7253],[-73.37453,42.72396],[-73.36911,42.72334],[-73.35614,42.71705],[-73.35368,42.71692],[-73.35262,42.7173],[-73.35227,42.71769],[-73.35174,42.71691],[-73.35086,42.71666],[-73.34522,42.7173],[-73.34415,42.71717],[-73.34381,42.7173],[-73.33958,42.71976],[-73.33675,42.72312],[-73.3327,42.72222],[-73.3297,42.72209],[-73.32504,42.72128],[-73.32497,42.72141],[-73.32248,42.72157],[-73.31932,42.72157],[-73.31844,42.72118],[-73.31616,42.71835],[-73.30486,42.71678],[-73.30206,42.71743],[-73.29591,42.72062],[-73.28819,42.7194],[-73.28202,42.71536],[-73.28185,42.716],[-73.27991,42.7181],[-73.27868,42.72092],[-73.274,42.72119],[-73.26483,42.74585],[-73.27642,42.74602],[-73.29094,42.80192],[-73.28634,42.80806],[-73.28655,42.80948],[-73.28369,42.81386],[-73.28706,42.82014],[-73.28539,42.83409],[-73.28431,42.83495],[-73.27867,42.83341],[-73.27831,42.83756],[-73.37252,42.82629],[-73.37747,42.809],[-73.39634,42.75012],[-73.40374,42.7253]]]},"properties":{"GEOID":"36083052102","NAME":"Census Tract 521.02","STATE":"36","COUNTY":"083"}},{"type":"Feature","geometry":{"type":"Polygon","coordinates":[[[-73.4669,42.60656],[-73.46721,42.60603],[-73.38623,42.6119],[-73.37449,42.61308],[-73.31251,42.61771],[-73.274,42.72119],[-73.27868,42.72092],[-73.27991,42.7181],[-73.28185,42.716],[-73.28202,42.71536],[-73.28819,42.7194],[-73.29591,42.72062],[-73.30206,42.71743],[-73.30486,42.71678],[-73.31616,42.71835],[-73.31844,42.72118],[-73.31932,42.72157],[-73.32248,42.72157],[-73.32497,42.72141],[-73.32504,42.72128],[-73.3297,42.72209],[-73.3327,42.72222],[-73.33675,42.72312],[-73.33958,42.71976],[-73.34381,42.7173],[-73.34415,42.71717],[-73.34522,42.7173],[-73.35086,42.71666],[-73.35174,42.71691],[-73.35227,42.71769],[-73.35262,42.7173],[-73.35368,42.71692],[-73.35614,42.71705],[-73.36911,42.72334],[-73.37453,42.72396],[-73.40374,42.7253],[-73.43332,42.72302],[-73.44409,42.68701],[-73.45038,42.66683],[-73.45797,42.63806],[-73.46167,42.6255],[-73.46201,42.6227],[-73.46343,42.61771],[-73.46322,42.61715],[-73.46354,42.61706],[-73.46396,42.61592],[-73.4669,42.60656]]]},"properties":{"GEOID":"36083052103","NAME":"Census Tract 521.03","STATE":"36","COUNTY":"083"}},{"type":"Feature","geometry":{"type":"Polygon","coordinates":[[[-73.61964,42.6639],[-73.62079,42.65987],[-73.61495,42.65948],[-73.59814,42.657],[-73.56699,42.65301],[-73.55937,42.65418],[-73.52223,42.65897],[-73.49961,42.66055],[-73.45038,42.66683],[-73.44409,42.68701],[-73.43332,42.72302],[-73.49956,42.71636],[-73.50216,42.71578],[-73.54236,42.71168],[-73.56039,42.70929],[-73.58279,42.70669],[-73.60846,42.70338],[-73.61021,42.69824],[-73.61117,42.69424],[-73.61802,42.67],[-73.61885,42.66763],[-73.61964,42.6639]]]},"properties":{"GEOID":"36083052201","NAME":"Census Tract 522.01","STATE":"36","COUNTY":"083"}},{"type":"Feature","geometry":{"type":"Polygon","coordinates":[[[-73.7044,43.35971],[-73.70426,43.35823],[-73.70339,43.35619],[-73.69775,43.34974],[-73.69586,43.34965],[-73.69367,43.35035],[-73.69291,43.35025],[-73.68973,43.34794],[-73.68793,43.34866],[-73.68507,43.34938],[-73.68028,43.35008],[-73.67897,43.35057],[-73.67593,43.34958],[-73.67527,43.34952],[-73.67298,43.35089],[-73.67163,43.3514],[-73.66695,43.35195],[-73.66604,43.35268],[-73.66415,43.35631],[-73.66229,43.3585],[-73.66121,43.35888],[-73.65773,43.35868],[-73.65789,43.35994],[-73.65744,43.36138],[-73.65455,43.3649],[-73.64908,43.3702],[-73.64627,43.37485],[-73.64285,43.37376],[-73.63868,43.37275],[-73.63762,43.37299],[-73.63638,43.37362],[-73.63481,43.37483],[-73.60854,43.37781],[-73.61249,43.39879],[-73.61564,43.39814],[-73.63635,43.39628],[-73.6375,43.396],[-73.63908,43.39519],[-73.64146,43.39265],[-73.64454,43.39059],[-73.64753,43.38743],[-73.65098,43.38495],[-73.65219,43.3844],[-73.67244,43.38239],[-73.70273,43.37904],[-73.70203,43.37699],[-73.70156,43.37472],[-73.70145,43.3712],[-73.70192,43.36823],[-73.70422,43.36097],[-73.7044,43.35971]]]},"properties":{"GEOID":"36113070604","NAME":"Census Tract 706.04","STATE":"36","COUNTY":"113"}},{"type":"Feature","geometry":{"type":"Polygon","coordinates":[[[-73.72543,43.30411],[-73.72527,43.30382],[-73.7248,43.30369],[-73.72479,43.30298],[-73.72441,43.30306],[-73.724,43.30253],[-73.72337,43.30226],[-73.72297,43.30243],[-73.72257,43.30235],[-73.7225,43.30214],[-73.72189,43.30186],[-73.72194,43.30144],[-73.72164,43.30118],[-73.72166,43.3006],[-73.7211,43.30008],[-73.72112,43.29944],[-73.72082,43.29925],[-73.72071,43.29881],[-73.71965,43.29825],[-73.71692,43.29793],[-73.71554,43.29731],[-73.71496,43.29659],[-73.71428,43.29674],[-73.71339,43.29645],[-73.71268,43.29594],[-73.71344,43.29548],[-73.7134,43.29531],[-73.71144,43.29516],[-73.71122,43.29497],[-73.71105,43.29414],[-73.71126,43.29376],[-73.71158,43.29364],[-73.71156,43.29333],[-73.71143,43.29341],[-73.71107,43.29307],[-73.71142,43.29298],[-73.71137,43.29261],[-73.71097,43.29249],[-73.71018,43.29283],[-73.70967,43.29279],[-73.70825,43.29196],[-73.7079,43.29156],[-73.70771,43.29085],[-73.70668,43.29044],[-73.70666,43.29083],[-73.70604,43.29092],[-73.7058,43.29075],[-73.70569,43.29051],[-73.70584,43.29017],[-73.7051,43.29009],[-73.70459,43.28928],[-73.70531,43.28746],[-73.70525,43.28689],[-73.70425,43.28633],[-73.704,43.286],[-73.70347,43.28664],[-73.70296,43.2862],[-73.70286,43.28586],[-73.70094,43.28571],[-73.70024,43.28541],[-73.69651,43.28574],[-73.69282,43.28261],[-73.69241,43.28319],[-73.69146,43.28392],[-73.68943,43.28434],[-73.68774,43.28409],[-73.68549,43.28282],[-73.68496,43.28218],[-73.68421,43.28017],[-73.68347,43.27597],[-73.68168,43.27205],[-73.68126,43.26806],[-73.68088,43.26735],[-73.6793,43.26556],[-73.67753,43.26399],[-73.67646,43.26334],[-73.67448,43.26292],[-73.67326,43.26296],[-73.6697,43.26395],[-73.66813,43.26472],[-73.66704,43.26542],[-73.66483,43.26742],[-73.6632,43.26925],[-73.6626,43.2703],[-73.66176,43.27258],[-73.66182,43.27319],[-73.66209,43.27364],[-73.66502,43.27507],[-73.66858,43.2788],[-73.67289,43.28173],[-73.67324,43.28212],[-73.67328,43.28276],[-73.67219,43.286],[-73.67149,43.28968],[-73.67123,43.29024],[-73.67051,43.29089],[-73.66882,43.29154],[-73.66745,43.29174],[-73.66625,43.29151],[-73.66451,43.29086],[-73.66053,43.29058],[-73.66286,43.30336],[-73.66475,43.30349],[-73.6927,43.30133],[-73.69671,43.3016],[-73.72042,43.30443],[-73.72344,43.3045],[-73.72543,43.30411]]]},"properties":{"GEOID":"36113070802","NAME":"Census Tract 708.02","STATE":"36","COUNTY":"113"}},{"type":"Feature","geometry":{"type":"Polygon","coordinates":[[[-73.7069,43.30985],[-73.70612,43.30278],[-73.69671,43.3016],[-73.6927,43.30133],[-73.66475,43.30349],[-73.66286,43.30336],[-73.66393,43.30948],[-73.66512,43.31404],[-73.66615,43.3214],[-73.66623,43.32178],[-73.66645,43.32174],[-73.66682,43.32358],[-73.66225,43.32403],[-73.66337,43.32523],[-73.66431,43.32591],[-73.66553,43.32468],[-73.6672,43.32426],[-73.66951,43.32327],[-73.67001,43.32259],[-73.67132,43.32219],[-73.67222,43.32135],[-73.67273,43.32136],[-73.67317,43.32086],[-73.67533,43.31946],[-73.67626,43.31941],[-73.67756,43.31885],[-73.6784,43.31875],[-73.67875,43.31831],[-73.67789,43.31758],[-73.67911,43.31674],[-73.68152,43.31451],[-73.68302,43.31363],[-73.6842,43.31328],[-73.68604,43.31334],[-73.69225,43.31542],[-73.70208,43.31711],[-73.70451,43.31318],[-73.70598,43.31151],[-73.7069,43.30985]]]},"properties":{"GEOID":"36113070801","NAME":"Census Tract 708.01","STATE":"36","COUNTY":"113"}},{"type":"Feature","geometry":{"type":"Polygon","coordinates":[[[-74.88012,43.2414],[-74.86789,43.15449],[-74.8663,43.14511],[-74.86213,43.11377],[-74.85615,43.07501],[-74.85328,43.05515],[-74.83594,43.0569],[-74.83141,43.03565],[-74.83368,43.03604],[-74.83815,43.03719],[-74.83824,43.03684],[-74.8405,43.03742],[-74.8431,43.03837],[-74.84511,43.04089],[-74.84666,43.04238],[-74.84865,43.04268],[-74.85168,43.04226],[-74.85173,43.04207],[-74.84948,43.04164],[-74.84801,43.04111],[-74.84653,43.0402],[-74.84406,43.03766],[-74.84165,43.03677],[-74.83646,43.03577],[-74.82945,43.03376],[-74.82577,43.03312],[-74.82165,43.03204],[-74.81484,43.03115],[-74.81142,43.0295],[-74.8098,43.02822],[-74.80914,43.02728],[-74.8078,43.02607],[-74.80147,43.02265],[-74.79625,43.01787],[-74.79422,43.01629],[-74.79157,43.01495],[-74.78646,43.01293],[-74.7853,43.01321],[-74.78302,43.01469],[-74.78127,43.01471],[-74.77721,43.01399],[-74.77423,43.01286],[-74.7716,43.01151],[-74.76446,43.00875],[-74.76239,43.00672],[-74.7604,43.00531],[-74.75512,43.00366],[-74.74801,43.00187],[-74.74686,43.00139],[-74.74535,43.00021],[-74.74372,42.99941],[-74.74242,43.00137],[-74.74154,43.00335],[-74.74059,43.00774],[-74.74094,43.01134],[-74.74081,43.01258],[-74.74024,43.01448],[-74.74028,43.01799],[-74.74182,43.02044],[-74.74246,43.02528],[-74.74277,43.02678],[-74.74336,43.02813],[-74.74381,43.03074],[-74.7461,43.03441],[-74.74705,43.03536],[-74.7496,43.03679],[-74.75096,43.03845],[-74.75227,43.03932],[-74.75389,43.04006],[-74.75816,43.04158],[-74.75881,43.04203],[-74.75924,43.04261],[-74.75907,43.04515],[-74.75922,43.04598],[-74.7599,43.04742],[-74.76186,43.04978],[-74.76324,43.0531],[-74.76379,43.05685],[-74.76361,43.05796],[-74.76339,43.05845],[-74.76261,43.05859],[-74.762,43.05896],[-74.76194,43.05942],[-74.7626,43.06031],[-74.76419,43.06165],[-74.76569,43.06235],[-74.76984,43.06568],[-74.77015,43.06915],[-74.76936,43.07228],[-74.77016,43.0749],[-74.7742,43.07847],[-74.77423,43.08227],[-74.77373,43.08338],[-74.77226,43.08451],[-74.77067,43.08504],[-74.76994,43.08573],[-74.77027,43.08728],[-74.77019,43.08792],[-74.76959,43.08836],[-74.76747,43.0889],[-74.76617,43.08953],[-74.76581,43.09013],[-74.76603,43.09161],[-74.76668,43.09118],[-74.7832,43.09],[-74.7847,43.0995],[-74.78667,43.11626],[-74.77061,43.11728],[-74.7699,43.11686],[-74.76841,43.11525],[-74.7686,43.11457],[-74.7692,43.11409],[-74.76786,43.1145],[-74.76647,43.11466],[-74.76427,43.11462],[-74.7616,43.11404],[-74.75902,43.11392],[-74.75778,43.11464],[-74.75695,43.11649],[-74.75727,43.11716],[-74.75837,43.11772],[-74.75902,43.11849],[-74.75895,43.11956],[-74.75872,43.11975],[-74.75793,43.11986],[-74.75612,43.11967],[-74.75427,43.12012],[-74.75096,43.12045],[-74.74921,43.12151],[-74.74768,43.122],[-74.74636,43.12172],[-74.74349,43.11993],[-74.74151,43.11991],[-74.73973,43.12019],[-74.73856,43.12085],[-74.73843,43.12117],[-74.73848,43.12159],[-74.73955,43.12312],[-74.73911,43.12393],[-74.73833,43.12436],[-74.73568,43.12484],[-74.73378,43.12481],[-74.73307,43.12463],[-74.73148,43.1236],[-74.72844,43.12517],[-74.72825,43.12531],[-74.72825,43.12671],[-74.73045,43.12889],[-74.73074,43.12945],[-74.73117,43.13129],[-74.73278,43.13281],[-74.73293,43.13339],[-74.73278,43.1348],[-74.7319,43.13625],[-74.73166,43.13702],[-74.73242,43.13846],[-74.73434,43.14008],[-74.73512,43.141],[-74.73551,43.142],[-74.73529,43.14294],[-74.73459,43.14388],[-74.73398,43.14423],[-74.73238,43.14419],[-74.73069,43.14442],[-74.7275,43.14554],[-74.72625,43.1456],[-74.72418,43.14504],[-74.72336,43.14513],[-74.72147,43.14726],[-74.72088,43.14775],[-74.71938,43.14847],[-74.71343,43.14881],[-74.71063,43.14963],[-74.70898,43.1493],[-74.70809,43.14967],[-74.70792,43.15012],[-74.7085,43.15105],[-74.71098,43.15205],[-74.71152,43.15279],[-74.71165,43.15341],[-74.71151,43.15357],[-74.70975,43.15454],[-74.70961,43.15538],[-74.70981,43.15596],[-74.71265,43.15659],[-74.7145,43.15778],[-74.71527,43.15873],[-74.71588,43.15916],[-74.71637,43.15943],[-74.71775,43.15965],[-74.71826,43.16024],[-74.71836,43.16114],[-74.71802,43.16217],[-74.71824,43.16357],[-74.71801,43.16474],[-74.71759,43.16529],[-74.71669,43.16594],[-74.7136,43.16778],[-74.71298,43.16995],[-74.71266,43.17019],[-74.7101,43.171],[-74.70929,43.17186],[-74.70824,43.17253],[-74.70607,43.17311],[-74.7042,43.17283],[-74.70288,43.17308],[-74.70237,43.17254],[-74.70282,43.17218],[-74.70297,43.17169],[-74.70273,43.17133],[-74.70229,43.17129],[-74.70092,43.17217],[-74.69947,43.17245],[-74.69786,43.17318],[-74.69633,43.17352],[-74.69598,43.17418],[-74.69664,43.17485],[-74.69628,43.17564],[-74.696,43.17786],[-74.69627,43.17856],[-74.69621,43.1799],[-74.69674,43.17999],[-74.69729,43.17901],[-74.6996,43.17964],[-74.70031,43.18004],[-74.71737,43.18577],[-74.76387,43.20079],[-74.82584,43.22159],[-74.82551,43.21889],[-74.82969,43.21856],[-74.8304,43.22316],[-74.86303,43.23431],[-74.86624,43.23522],[-74.88012,43.2414]]]},"properties":{"GEOID":"36043011002","NAME":"Census Tract 110.02","STATE":"36","COUNTY":"043"}},{"type":"Feature","geometry":{"type":"Polygon","coordinates":[[[-73.95076,42.65381],[-73.95016,42.65349],[-73.95009,42.64638],[-73.94985,42.64636],[-73.95038,42.64555],[-73.95033,42.64477],[-73.95056,42.64445],[-73.95038,42.64406],[-73.95032,42.64178],[-73.94517,42.64169],[-73.94422,42.64139],[-73.94416,42.64196],[-73.93761,42.64183],[-73.93588,42.64358],[-73.93208,42.64277],[-73.92763,42.64423],[-73.92596,42.64255],[-73.92467,42.63908],[-73.92187,42.63941],[-73.91923,42.64015],[-73.91823,42.64549],[-73.91791,42.64563],[-73.91677,42.64783],[-73.92029,42.64897],[-73.9223,42.64932],[-73.9226,42.65274],[-73.92167,42.65306],[-73.91861,42.65517],[-73.91627,42.65883],[-73.92658,42.65976],[-73.92737,42.66348],[-73.93293,42.66243],[-73.93365,42.6636],[-73.93934,42.66231],[-73.93909,42.6611],[-73.93922,42.65968],[-73.94807,42.66247],[-73.95033,42.66267],[-73.95004,42.66209],[-73.95076,42.65381]]]},"properties":{"GEOID":"36001014503","NAME":"Census Tract 145.03","STATE":"36","COUNTY":"001"}},{"type":"Feature","geometry":{"type":"Polygon","coordinates":[[[-74.03837,42.74737],[-74.03852,42.74736],[-74.01477,42.73968],[-73.98941,42.73603],[-73.98783,42.73567],[-73.97652,42.73187],[-73.97061,42.72927],[-73.94412,42.71988],[-73.93745,42.71723],[-73.93234,42.71455],[-73.93194,42.71702],[-73.9329,42.71838],[-73.93551,42.72362],[-73.9375,42.7261],[-73.93899,42.73023],[-73.93925,42.73437],[-73.93978,42.73581],[-73.94261,42.74122],[-73.94206,42.74878],[-73.94368,42.75469],[-73.94388,42.75632],[-73.94367,42.75749],[-73.94268,42.75965],[-73.96028,42.75757],[-73.9939,42.75301],[-74.03837,42.74737]]]},"properties":{"GEOID":"36001014606","NAME":"Census Tract 146.06","STATE":"36","COUNTY":"001"}},{"type":"Feature","geometry":{"type":"Polygon","coordinates":[[[-73.97368,42.79436],[-73.96786,42.79004],[-73.96193,42.78984],[-73.93992,42.78817],[-73.94307,42.78918],[-73.94468,42.78994],[-73.95321,42.79302],[-73.95684,42.79527],[-73.95768,42.79862],[-73.95589,42.8016],[-73.95415,42.80318],[-73.95695,42.80254],[-73.96016,42.79977],[-73.97368,42.79436]]]},"properties":{"GEOID":"36093033200","NAME":"Census Tract 332","STATE":"36","COUNTY":"093"}},{"type":"Feature","geometry":{"type":"Polygon","coordinates":[[[-73.97039,42.78775],[-73.97105,42.78672],[-73.96563,42.78486],[-73.95637,42.78019],[-73.95588,42.77968],[-73.95605,42.7802],[-73.94756,42.78358],[-73.94007,42.78808],[-73.96193,42.78984],[-73.96786,42.79004],[-73.96825,42.79026],[-73.96943,42.78907],[-73.97039,42.78775]]]},"properties":{"GEOID":"36093033300","NAME":"Census Tract 333","STATE":"36","COUNTY":"093"}},{"type":"Feature","geometry":{"type":"Polygon","coordinates":[[[-73.93379,42.81657],[-73.93455,42.81547],[-73.92783,42.81335],[-73.92147,42.81104],[-73.91589,42.8148],[-73.91556,42.81677],[-73.91424,42.81667],[-73.91396,42.81854],[-73.91286,42.82016],[-73.91184,42.82125],[-73.91451,42.82256],[-73.91668,42.82099],[-73.91912,42.81985],[-73.92247,42.8201],[-73.92694,42.81991],[-73.93106,42.82065],[-73.93379,42.81657]]]},"properties":{"GEOID":"36093033400","NAME":"Census Tract 334","STATE":"36","COUNTY":"093"}},{"type":"Feature","geometry":{"type":"Polygon","coordinates":[[[-74.64076,42.96763],[-74.64161,42.96715],[-74.63798,42.96385],[-74.63478,42.96162],[-74.63132,42.95814],[-74.62897,42.95352],[-74.62827,42.951],[-74.62794,42.94851],[-74.62642,42.94588],[-74.62611,42.94426],[-74.62276,42.9409],[-74.62102,42.93827],[-74.62063,42.93737],[-74.61498,42.92995],[-74.61206,42.92573],[-74.61047,42.92266],[-74.6103,42.92188],[-74.60913,42.91992],[-74.60679,42.918],[-74.60429,42.91528],[-74.60244,42.9143],[-74.59804,42.91299],[-74.59276,42.912],[-74.58843,42.9107],[-74.58528,42.9091],[-74.58009,42.90783],[-74.5768,42.90843],[-74.57308,42.90958],[-74.56615,42.90966],[-74.56067,42.90883],[-74.55874,42.90797],[-74.55843,42.90812],[-74.55168,42.90636],[-74.54598,42.90444],[-74.54234,42.90171],[-74.54124,42.8999],[-74.54058,42.89933],[-74.53337,42.89623],[-74.5291,42.89511],[-74.52204,42.89533],[-74.51983,42.89471],[-74.51731,42.89445],[-74.51473,42.89496],[-74.50609,42.89581],[-74.50535,42.89573],[-74.50477,42.89544],[-74.50437,42.89491],[-74.50007,42.89537],[-74.49958,42.89557],[-74.48893,42.8966],[-74.47344,42.89779],[-74.48206,42.94339],[-74.48884,42.98512],[-74.54237,42.98553],[-74.58112,42.99627],[-74.58331,42.99707],[-74.60414,43.00323],[-74.60349,42.9867],[-74.60354,42.98453],[-74.60418,42.982],[-74.63034,42.97151],[-74.64076,42.96763]]]},"properties":{"GEOID":"36057072300","NAME":"Census Tract 723","STATE":"36","COUNTY":"057"}},{"type":"Feature","geometry":{"type":"Polygon","coordinates":[[[-74.70513,42.85158],[-74.70984,42.84761],[-74.6507,42.83005],[-74.61064,42.82222],[-74.59426,42.81878],[-74.56248,42.81292],[-74.55596,42.81067],[-74.5557,42.8109],[-74.54046,42.8479],[-74.54013,42.84831],[-74.5261,42.88187],[-74.52801,42.8824],[-74.52231,42.89071],[-74.5205,42.89492],[-74.52204,42.89533],[-74.5291,42.89511],[-74.53337,42.89623],[-74.54058,42.89933],[-74.54124,42.8999],[-74.54234,42.90171],[-74.54598,42.90444],[-74.55168,42.90636],[-74.55843,42.90812],[-74.55874,42.90797],[-74.56067,42.90883],[-74.56615,42.90966],[-74.57308,42.90958],[-74.5768,42.90843],[-74.58009,42.90783],[-74.58528,42.9091],[-74.58843,42.9107],[-74.59276,42.912],[-74.59804,42.91299],[-74.60244,42.9143],[-74.60429,42.91528],[-74.60679,42.918],[-74.60913,42.91992],[-74.6103,42.92188],[-74.61047,42.92266],[-74.61206,42.92573],[-74.61388,42.92836],[-74.64418,42.90214],[-74.64838,42.89862],[-74.65384,42.89443],[-74.69502,42.85987],[-74.70513,42.85158]]]},"properties":{"GEOID":"36057072600","NAME":"Census Tract 726","STATE":"36","COUNTY":"057"}},{"type":"Feature","geometry":{"type":"Polygon","coordinates":[[[-74.7599,43.04742],[-74.75922,43.04598],[-74.75907,43.04515],[-74.7593,43.04305],[-74.75924,43.04261],[-74.75881,43.04203],[-74.75816,43.04158],[-74.75389,43.04006],[-74.75227,43.03932],[-74.75096,43.03845],[-74.7496,43.03679],[-74.74705,43.03536],[-74.7461,43.03441],[-74.74381,43.03074],[-74.74336,43.02813],[-74.74277,43.02678],[-74.74246,43.02528],[-74.74182,43.02044],[-74.74028,43.01799],[-74.74024,43.01448],[-74.74081,43.01258],[-74.74094,43.01134],[-74.74059,43.00774],[-74.74154,43.00335],[-74.74242,43.00137],[-74.74372,42.99941],[-74.74188,42.9987],[-74.73745,42.99783],[-74.73374,42.9981],[-74.73192,42.99866],[-74.73067,42.99881],[-74.72574,42.99807],[-74.72223,42.9981],[-74.71557,42.9986],[-74.71377,42.99853],[-74.71157,42.99781],[-74.70928,42.99661],[-74.70815,42.99579],[-74.70709,42.99471],[-74.70631,42.99299],[-74.70574,42.99271],[-74.70308,42.99217],[-74.6998,42.99204],[-74.68876,42.99331],[-74.68242,42.99343],[-74.6777,42.99388],[-74.67225,42.99384],[-74.6697,42.9935],[-74.66265,42.99107],[-74.65414,42.98611],[-74.6532,42.985],[-74.65092,42.98386],[-74.64982,42.9816],[-74.64549,42.97704],[-74.64415,42.97307],[-74.64308,42.97087],[-74.64272,42.96925],[-74.64161,42.96715],[-74.64076,42.96763],[-74.63034,42.97151],[-74.60418,42.982],[-74.60354,42.98453],[-74.60349,42.9867],[-74.60414,43.00323],[-74.62937,43.01041],[-74.63835,43.01279],[-74.73776,43.04113],[-74.74958,43.04484],[-74.75566,43.04623],[-74.7599,43.04742]]]},"properties":{"GEOID":"36057072400","NAME":"Census Tract 724","STATE":"36","COUNTY":"057"}},{"type":"Feature","geometry":{"type":"Polygon","coordinates":[[[-74.76211,42.86968],[-74.7633,42.86324],[-74.73968,42.85612],[-74.70984,42.84761],[-74.65384,42.89443],[-74.64838,42.89862],[-74.64418,42.90214],[-74.61388,42.92836],[-74.62063,42.93737],[-74.62102,42.93827],[-74.62276,42.9409],[-74.62611,42.94426],[-74.62642,42.94588],[-74.62794,42.94851],[-74.62827,42.951],[-74.62897,42.95352],[-74.63132,42.95814],[-74.63478,42.96162],[-74.63798,42.96385],[-74.64161,42.96715],[-74.64272,42.96925],[-74.64308,42.97087],[-74.64415,42.97307],[-74.64549,42.97704],[-74.64982,42.9816],[-74.65092,42.98386],[-74.6532,42.985],[-74.65414,42.98611],[-74.66072,42.99007],[-74.66265,42.99107],[-74.6697,42.9935],[-74.67225,42.99384],[-74.6777,42.99388],[-74.68242,42.99343],[-74.68764,42.99338],[-74.6998,42.99204],[-74.70308,42.99217],[-74.70574,42.99271],[-74.70631,42.99299],[-74.70709,42.99471],[-74.70815,42.99579],[-74.70928,42.99661],[-74.71157,42.99781],[-74.71377,42.99853],[-74.71557,42.9986],[-74.72223,42.9981],[-74.72574,42.99807],[-74.73067,42.99881],[-74.73192,42.99866],[-74.73374,42.9981],[-74.73745,42.99783],[-74.74009,42.99832],[-74.74611,42.95964],[-74.75082,42.93413],[-74.75055,42.93277],[-74.75189,42.92355],[-74.75704,42.89573],[-74.76211,42.86968]]]},"properties":{"GEOID":"36057072500","NAME":"Census Tract 725","STATE":"36","COUNTY":"057"}},{"type":"Feature","geometry":{"type":"Polygon","coordinates":[[[-73.92346,42.80678],[-73.92395,42.80607],[-73.92087,42.80449],[-73.91952,42.80523],[-73.91512,42.80143],[-73.91513,42.80056],[-73.91422,42.79969],[-73.91671,42.79786],[-73.91673,42.7975],[-73.91577,42.79678],[-73.91367,42.79668],[-73.91502,42.79573],[-73.91497,42.79518],[-73.91554,42.79443],[-73.91442,42.79338],[-73.91197,42.79468],[-73.9098,42.79466],[-73.90772,42.79555],[-73.90506,42.79284],[-73.90441,42.79252],[-73.90235,42.79432],[-73.90149,42.79481],[-73.90043,42.79526],[-73.89722,42.79602],[-73.89813,42.79719],[-73.8978,42.7975],[-73.8985,42.79852],[-73.89887,42.79834],[-73.89914,42.79877],[-73.8993,42.79868],[-73.90044,42.80076],[-73.90094,42.80244],[-73.90006,42.80288],[-73.90204,42.80378],[-73.91467,42.80873],[-73.92073,42.81074],[-73.92346,42.80678]]]},"properties":{"GEOID":"36093020600","NAME":"Census Tract 206","STATE":"36","COUNTY":"093"}},{"type":"Feature","geometry":{"type":"Polygon","coordinates":[[[-73.92217,42.82057],[-73.92247,42.8201],[-73.91912,42.81985],[-73.91668,42.82099],[-73.91451,42.82256],[-73.90487,42.8178],[-73.90428,42.81773],[-73.90341,42.8182],[-73.90416,42.82267],[-73.90374,42.82249],[-73.90224,42.82417],[-73.90473,42.82544],[-73.9054,42.82866],[-73.90764,42.83041],[-73.90945,42.82711],[-73.9138,42.82845],[-73.91335,42.82908],[-73.91579,42.82999],[-73.92217,42.82057]]]},"properties":{"GEOID":"36093020101","NAME":"Census Tract 201.01","STATE":"36","COUNTY":"093"}},{"type":"Feature","geometry":{"type":"Polygon","coordinates":[[[-73.94786,42.80512],[-73.94652,42.80412],[-73.94354,42.80261],[-73.94215,42.80381],[-73.93906,42.80508],[-73.93493,42.80765],[-73.93808,42.81032],[-73.94199,42.80863],[-73.94399,42.81092],[-73.94752,42.80528],[-73.94786,42.80512]]]},"properties":{"GEOID":"36093021002","NAME":"Census Tract 210.02","STATE":"36","COUNTY":"093"}},{"type":"Feature","geometry":{"type":"Polygon","coordinates":[[[-73.92097,42.8114],[-73.92147,42.81104],[-73.91467,42.80873],[-73.90006,42.80288],[-73.90095,42.80744],[-73.9012,42.8078],[-73.90161,42.80951],[-73.90253,42.81494],[-73.90341,42.8182],[-73.90428,42.81773],[-73.90487,42.8178],[-73.91184,42.82125],[-73.91286,42.82016],[-73.91396,42.81854],[-73.91424,42.81667],[-73.91556,42.81677],[-73.91589,42.8148],[-73.92097,42.8114]]]},"properties":{"GEOID":"36093020500","NAME":"Census Tract 205","STATE":"36","COUNTY":"093"}},{"type":"Feature","geometry":{"type":"Polygon","coordinates":[[[-73.93808,42.81032],[-73.92733,42.80102],[-73.92087,42.80449],[-73.92395,42.80607],[-73.92073,42.81074],[-73.92783,42.81335],[-73.93299,42.81503],[-73.93433,42.813],[-73.93507,42.81228],[-73.93808,42.81032]]]},"properties":{"GEOID":"36093020800","NAME":"Census Tract 208","STATE":"36","COUNTY":"093"}},{"type":"Feature","geometry":{"type":"Polygon","coordinates":[[[-73.92733,42.80102],[-73.90972,42.78549],[-73.90846,42.78648],[-73.90671,42.79024],[-73.90441,42.79252],[-73.90506,42.79284],[-73.90772,42.79555],[-73.9098,42.79466],[-73.91197,42.79468],[-73.91442,42.79338],[-73.91554,42.79443],[-73.91497,42.79518],[-73.91502,42.79573],[-73.91367,42.79668],[-73.91577,42.79678],[-73.91673,42.7975],[-73.91671,42.79786],[-73.91422,42.79969],[-73.91513,42.80056],[-73.91512,42.80143],[-73.91952,42.80523],[-73.92733,42.80102]]]},"properties":{"GEOID":"36093020700","NAME":"Census Tract 207","STATE":"36","COUNTY":"093"}},{"type":"Feature","geometry":{"type":"Polygon","coordinates":[[[-73.94347,42.80268],[-73.94187,42.80181],[-73.9419,42.80164],[-73.93775,42.79984],[-73.93105,42.79771],[-73.92933,42.79946],[-73.92733,42.80102],[-73.93493,42.80765],[-73.93906,42.80508],[-73.94215,42.80381],[-73.94347,42.80268]]]},"properties":{"GEOID":"36093020900","NAME":"Census Tract 209","STATE":"36","COUNTY":"093"}},{"type":"Feature","geometry":{"type":"Polygon","coordinates":[[[-73.97506,42.7718],[-73.9752,42.77162],[-73.96207,42.76741],[-73.95679,42.76542],[-73.94447,42.75945],[-73.93808,42.75999],[-73.93375,42.7607],[-73.93867,42.76498],[-73.95206,42.77439],[-73.95637,42.78019],[-73.96059,42.78231],[-73.97277,42.77771],[-73.97506,42.7718]]]},"properties":{"GEOID":"36093033003","NAME":"Census Tract 330.03","STATE":"36","COUNTY":"093"}},{"type":"Feature","geometry":{"type":"Polygon","coordinates":[[[-74.02643,42.86437],[-74.02725,42.86406],[-74.02161,42.86131],[-74.02073,42.86054],[-74.02047,42.85984],[-74.02047,42.85923],[-74.02116,42.85765],[-74.02237,42.85604],[-74.02296,42.85415],[-74.02286,42.85342],[-74.02223,42.85241],[-74.02135,42.85156],[-74.01733,42.84882],[-74.01576,42.84827],[-74.01482,42.84815],[-74.01314,42.84831],[-74.00872,42.84952],[-74.00664,42.84983],[-74.00493,42.84968],[-74.00214,42.84864],[-74.0016,42.84777],[-74.00075,42.84554],[-74.00001,42.84267],[-73.99921,42.84153],[-73.99811,42.84138],[-73.99827,42.84088],[-73.99825,42.8397],[-73.998,42.8387],[-73.9971,42.83727],[-73.99577,42.83597],[-73.99451,42.83375],[-73.98915,42.82842],[-73.9859,42.82724],[-73.98243,42.82541],[-73.98179,42.82489],[-73.97972,42.82262],[-73.979,42.82099],[-73.97898,42.82028],[-73.977,42.81793],[-73.97538,42.8171],[-73.97301,42.81626],[-73.97271,42.81584],[-73.9717,42.81532],[-73.96896,42.81474],[-73.96808,42.81474],[-73.96642,42.81506],[-73.965,42.81561],[-73.96167,42.81774],[-73.96114,42.81834],[-73.96059,42.81974],[-73.95962,42.82067],[-73.95794,42.82104],[-73.95662,42.8209],[-73.95748,42.8217],[-73.96066,42.82204],[-73.96426,42.82333],[-73.96528,42.82346],[-73.96645,42.82338],[-73.96807,42.82358],[-73.97,42.82336],[-73.97073,42.82321],[-73.9721,42.82202],[-73.97266,42.82192],[-73.97349,42.82222],[-73.97281,42.82356],[-73.97393,42.82388],[-73.97207,42.82724],[-73.97605,42.8286],[-73.97531,42.82983],[-73.97747,42.83062],[-73.97565,42.8331],[-73.97877,42.83474],[-73.97822,42.83549],[-73.97686,42.83478],[-73.97591,42.83503],[-73.97504,42.83383],[-73.97364,42.83322],[-73.97126,42.83511],[-73.97719,42.8451],[-73.9783,42.8476],[-74.01004,42.85655],[-74.01268,42.85803],[-74.0142,42.85926],[-74.01565,42.86092],[-74.01659,42.86238],[-74.01687,42.86228],[-74.01858,42.86442],[-74.0207,42.86605],[-74.02443,42.86836],[-74.02472,42.8672],[-74.02466,42.86666],[-74.02563,42.86614],[-74.02584,42.86577],[-74.02633,42.8656],[-74.02631,42.86541],[-74.02666,42.86519],[-74.02646,42.86517],[-74.02642,42.86495],[-74.02679,42.86467],[-74.02643,42.86437]]]},"properties":{"GEOID":"36093032403","NAME":"Census Tract 324.03","STATE":"36","COUNTY":"093"}},{"type":"Feature","geometry":{"type":"Polygon","coordinates":[[[-73.93159,42.87107],[-73.93267,42.86908],[-73.92655,42.86811],[-73.92152,42.86758],[-73.91088,42.86719],[-73.90323,42.86714],[-73.90089,42.86728],[-73.89803,42.86673],[-73.90033,42.88476],[-73.90327,42.90429],[-73.90586,42.90114],[-73.90702,42.89999],[-73.91306,42.8963],[-73.9166,42.89542],[-73.91833,42.89476],[-73.91955,42.89375],[-73.92279,42.8901],[-73.92432,42.88808],[-73.92551,42.88547],[-73.93002,42.878],[-73.93037,42.87667],[-73.92995,42.8749],[-73.93,42.87438],[-73.93066,42.87257],[-73.93159,42.87107]]]},"properties":{"GEOID":"36093032502","NAME":"Census Tract 325.02","STATE":"36","COUNTY":"093"}},{"type":"Feature","geometry":{"type":"Polygon","coordinates":[[[-74.08725,42.89563],[-74.08699,42.89395],[-74.08012,42.86519],[-74.07906,42.86135],[-74.07756,42.8538],[-74.07502,42.84348],[-74.07408,42.83738],[-74.07177,42.82746],[-74.07142,42.82691],[-74.07032,42.82062],[-74.06682,42.80498],[-74.06643,42.80442],[-74.04238,42.7882],[-74.03399,42.78214],[-74.03167,42.78298],[-74.02807,42.78478],[-74.01628,42.79202],[-74.01677,42.79631],[-74.01506,42.79577],[-74.01127,42.79518],[-74.00482,42.79427],[-74.0008,42.79394],[-73.99809,42.79299],[-73.99694,42.79294],[-73.99699,42.7937],[-73.9973,42.79366],[-73.99972,42.79764],[-73.99801,42.7968],[-73.99691,42.79659],[-73.99557,42.79662],[-73.99339,42.79737],[-73.98324,42.80169],[-73.97197,42.81016],[-73.96706,42.8077],[-73.96543,42.80729],[-73.96457,42.80764],[-73.9644,42.80729],[-73.96389,42.8073],[-73.95971,42.80908],[-73.95198,42.8105],[-73.95267,42.81148],[-73.95258,42.81172],[-73.95299,42.81202],[-73.95282,42.81203],[-73.95326,42.81287],[-73.95216,42.81296],[-73.95171,42.81327],[-73.9515,42.81366],[-73.95136,42.81779],[-73.95107,42.81837],[-73.94882,42.81989],[-73.94977,42.81981],[-73.9551,42.82084],[-73.95794,42.82104],[-73.9589,42.82088],[-73.95962,42.82067],[-73.96019,42.82025],[-73.96145,42.81789],[-73.965,42.81561],[-73.96642,42.81506],[-73.96836,42.81473],[-73.97074,42.81504],[-73.97189,42.8154],[-73.97271,42.81584],[-73.97301,42.81626],[-73.97538,42.8171],[-73.977,42.81793],[-73.97898,42.82028],[-73.979,42.82099],[-73.97972,42.82262],[-73.98179,42.82489],[-73.98243,42.82541],[-73.9859,42.82724],[-73.98915,42.82842],[-73.99451,42.83375],[-73.99577,42.83597],[-73.9971,42.83727],[-73.998,42.8387],[-73.99825,42.8397],[-73.99827,42.84088],[-73.99811,42.84138],[-73.99921,42.84153],[-74.00001,42.84267],[-74.00075,42.84554],[-74.0016,42.84777],[-74.00214,42.84864],[-74.00493,42.84968],[-74.00664,42.84983],[-74.00872,42.84952],[-74.01314,42.84831],[-74.01482,42.84815],[-74.01576,42.84827],[-74.01733,42.84882],[-74.02135,42.85156],[-74.02223,42.85241],[-74.02286,42.85342],[-74.02296,42.85415],[-74.02237,42.85604],[-74.02116,42.85765],[-74.02047,42.85923],[-74.02047,42.85984],[-74.02073,42.86054],[-74.02161,42.86131],[-74.02741,42.86414],[-74.02971,42.86546],[-74.03065,42.86623],[-74.03122,42.86727],[-74.03187,42.87057],[-74.03487,42.87417],[-74.03702,42.87584],[-74.0387,42.87658],[-74.04099,42.87717],[-74.04236,42.87781],[-74.04277,42.87745],[-74.04449,42.87894],[-74.04742,42.88063],[-74.04873,42.88208],[-74.05056,42.88365],[-74.05204,42.88444],[-74.05387,42.88512],[-74.05492,42.88518],[-74.05665,42.88467],[-74.05943,42.8831],[-74.06108,42.88276],[-74.06133,42.8823],[-74.06165,42.8827],[-74.06244,42.8828],[-74.06538,42.88408],[-74.0649,42.8847],[-74.06771,42.88688],[-74.07042,42.88996],[-74.07355,42.89162],[-74.07667,42.89308],[-74.07969,42.89377],[-74.08153,42.89444],[-74.08366,42.89567],[-74.08484,42.89687],[-74.08725,42.89563]]]},"properties":{"GEOID":"36093032602","NAME":"Census Tract 326.02","STATE":"36","COUNTY":"093"}},{"type":"Feature","geometry":{"type":"Polygon","coordinates":[[[-73.93922,42.82444],[-73.93865,42.8231],[-73.93842,42.82306],[-73.93893,42.82174],[-73.93833,42.82135],[-73.93617,42.82196],[-73.93569,42.82152],[-73.92843,42.82015],[-73.92694,42.81991],[-73.92516,42.82002],[-73.92513,42.82029],[-73.92083,42.8267],[-73.9221,42.82712],[-73.92202,42.82728],[-73.91737,42.83506],[-73.91552,42.83698],[-73.91834,42.83911],[-73.91478,42.84089],[-73.91718,42.8437],[-73.92207,42.83988],[-73.92747,42.83367],[-73.93137,42.82857],[-73.93587,42.82667],[-73.93922,42.82444]]]},"properties":{"GEOID":"36093020200","NAME":"Census Tract 202","STATE":"36","COUNTY":"093"}},{"type":"Feature","geometry":{"type":"Polygon","coordinates":[[[-73.94399,42.81092],[-73.94199,42.80863],[-73.93812,42.8103],[-73.93593,42.81165],[-73.93433,42.813],[-73.93299,42.81503],[-73.93753,42.81608],[-73.94071,42.81622],[-73.94399,42.81092]]]},"properties":{"GEOID":"36093021001","NAME":"Census Tract 210.01","STATE":"36","COUNTY":"093"}},{"type":"Feature","geometry":{"type":"Polygon","coordinates":[[[-73.83325,42.35772],[-73.83283,42.35749],[-73.83305,42.35655],[-73.83276,42.3558],[-73.83169,42.35475],[-73.83202,42.35384],[-73.83161,42.35331],[-73.83087,42.35296],[-73.82905,42.34932],[-73.81726,42.35012],[-73.81642,42.35183],[-73.81567,42.35128],[-73.81263,42.34688],[-73.81142,42.34449],[-73.81073,42.34356],[-73.81042,42.34248],[-73.80151,42.34327],[-73.8012,42.34314],[-73.7966,42.34369],[-73.79654,42.34614],[-73.79693,42.34841],[-73.79677,42.34849],[-73.79599,42.3484],[-73.79512,42.34768],[-73.79408,42.3476],[-73.79261,42.34678],[-73.79209,42.34625],[-73.79044,42.34573],[-73.78799,42.34536],[-73.78982,42.3508],[-73.79097,42.35261],[-73.79286,42.355],[-73.79326,42.35619],[-73.79182,42.3589],[-73.79086,42.36023],[-73.79053,42.36143],[-73.79052,42.36323],[-73.79064,42.36496],[-73.79179,42.37121],[-73.79433,42.37508],[-73.79432,42.37682],[-73.81637,42.37817],[-73.81751,42.3769],[-73.81762,42.37653],[-73.81831,42.37622],[-73.81909,42.37628],[-73.81952,42.37585],[-73.81955,42.37414],[-73.81804,42.37406],[-73.81779,42.37364],[-73.81793,42.37326],[-73.81949,42.37188],[-73.82028,42.37145],[-73.82006,42.37053],[-73.82039,42.36977],[-73.82161,42.36973],[-73.82276,42.36879],[-73.82278,42.36795],[-73.82227,42.36765],[-73.82174,42.36662],[-73.82174,42.36617],[-73.82151,42.36602],[-73.8218,42.36565],[-73.82264,42.36521],[-73.8221,42.36448],[-73.82222,42.36377],[-73.82298,42.36297],[-73.82384,42.36276],[-73.82474,42.36341],[-73.82769,42.3639],[-73.82851,42.36367],[-73.82893,42.36309],[-73.82903,42.36245],[-73.82856,42.36159],[-73.82862,42.36129],[-73.82887,42.3611],[-73.83002,42.36137],[-73.83021,42.3612],[-73.82975,42.36026],[-73.82981,42.35975],[-73.8309,42.35863],[-73.83116,42.35866],[-73.8312,42.35895],[-73.83172,42.35882],[-73.83185,42.35844],[-73.83309,42.35809],[-73.83325,42.35772]]]},"properties":{"GEOID":"36039080700","NAME":"Census Tract 807","STATE":"36","COUNTY":"039"}},{"type":"Feature","geometry":{"type":"Polygon","coordinates":[[[-74.5557,42.8109],[-74.55596,42.81067],[-74.55408,42.80986],[-74.49548,42.78826],[-74.45491,42.77298],[-74.41138,42.77649],[-74.41232,42.78831],[-74.41492,42.81541],[-74.41633,42.83286],[-74.41679,42.83643],[-74.41912,42.86314],[-74.27762,42.86272],[-74.27663,42.86425],[-74.27559,42.86509],[-74.27313,42.86602],[-74.27181,42.86734],[-74.27108,42.86775],[-74.26899,42.86808],[-74.26644,42.86788],[-74.26443,42.86824],[-74.26402,42.86888],[-74.26436,42.86939],[-74.26524,42.87004],[-74.26849,42.87139],[-74.27092,42.87287],[-74.27173,42.87312],[-74.27343,42.87263],[-74.27443,42.87326],[-74.27505,42.87407],[-74.27522,42.87523],[-74.27578,42.87587],[-74.27819,42.88031],[-74.2791,42.8837],[-74.27901,42.88469],[-74.27855,42.88591],[-74.27593,42.88957],[-74.27579,42.89067],[-74.27629,42.89136],[-74.27743,42.89208],[-74.27823,42.89196],[-74.2797,42.89095],[-74.28164,42.88893],[-74.28278,42.88847],[-74.28378,42.88837],[-74.28519,42.8886],[-74.28642,42.88913],[-74.2871,42.88981],[-74.28785,42.89156],[-74.28797,42.8923],[-74.28759,42.89319],[-74.2854,42.89598],[-74.28457,42.89677],[-74.27947,42.89957],[-74.27269,42.90157],[-74.27159,42.90252],[-74.27061,42.9045],[-74.27055,42.90621],[-74.27119,42.90865],[-74.27237,42.91041],[-74.27297,42.9109],[-74.27305,42.91134],[-74.27391,42.91192],[-74.27495,42.91216],[-74.28226,42.9117],[-74.28343,42.91178],[-74.28516,42.91218],[-74.28594,42.91262],[-74.28658,42.91337],[-74.28674,42.914],[-74.28668,42.91511],[-74.28641,42.91605],[-74.28632,42.91765],[-74.286,42.91825],[-74.28604,42.91896],[-74.28704,42.92141],[-74.2881,42.92224],[-74.28871,42.92345],[-74.28922,42.92539],[-74.28918,42.92638],[-74.28806,42.92738],[-74.2846,42.92836],[-74.28095,42.92781],[-74.27961,42.92788],[-74.27905,42.9282],[-74.27832,42.92923],[-74.27807,42.93031],[-74.27813,42.93098],[-74.27919,42.93428],[-74.2809,42.93755],[-74.28197,42.93848],[-74.28447,42.93937],[-74.28731,42.93973],[-74.28987,42.94035],[-74.29293,42.94167],[-74.29449,42.94065],[-74.29657,42.93851],[-74.2964,42.93455],[-74.29992,42.93149],[-74.30872,42.93167],[-74.3096,42.9321],[-74.31346,42.93323],[-74.31872,42.93459],[-74.33282,42.9399],[-74.34489,42.94591],[-74.35168,42.94875],[-74.35349,42.94981],[-74.36829,42.95026],[-74.37188,42.94998],[-74.37553,42.94938],[-74.38045,42.94986],[-74.38949,42.94793],[-74.39758,42.94415],[-74.40423,42.94049],[-74.41094,42.93708],[-74.41361,42.93522],[-74.42192,42.93032],[-74.4256,42.92728],[-74.42897,42.92502],[-74.43824,42.92058],[-74.44289,42.91905],[-74.4452,42.91889],[-74.4459,42.91859],[-74.44714,42.91784],[-74.44995,42.91539],[-74.45801,42.91012],[-74.46003,42.90715],[-74.46029,42.90466],[-74.46086,42.90372],[-74.46195,42.90244],[-74.46654,42.89902],[-74.47203,42.8979],[-74.47607,42.89771],[-74.48893,42.8966],[-74.49958,42.89557],[-74.50007,42.89537],[-74.50437,42.89491],[-74.50477,42.89544],[-74.50535,42.89573],[-74.50609,42.89581],[-74.51473,42.89496],[-74.51731,42.89445],[-74.5205,42.89492],[-74.52231,42.89071],[-74.52801,42.8824],[-74.5261,42.88187],[-74.54013,42.84831],[-74.54046,42.8479],[-74.5557,42.8109]]]},"properties":{"GEOID":"36057072700","NAME":"Census Tract 727","STATE":"36","COUNTY":"057"}},{"type":"Feature","geometry":{"type":"Polygon","coordinates":[[[-74.1924,42.93961],[-74.19167,42.93933],[-74.19015,42.93988],[-74.18772,42.9395],[-74.18551,42.93967],[-74.18317,42.93805],[-74.17992,42.93766],[-74.17832,42.93713],[-74.17953,42.93847],[-74.17861,42.93834],[-74.17818,42.93845],[-74.17789,42.93881],[-74.17758,42.93947],[-74.17755,42.94099],[-74.17671,42.94213],[-74.17668,42.94288],[-74.17867,42.94584],[-74.1787,42.94652],[-74.17743,42.94878],[-74.17743,42.94945],[-74.17812,42.95022],[-74.17977,42.95022],[-74.18069,42.95054],[-74.17932,42.95324],[-74.17998,42.95304],[-74.17988,42.9533],[-74.18558,42.95517],[-74.18699,42.94448],[-74.18854,42.94177],[-74.18937,42.94082],[-74.19073,42.93987],[-74.1924,42.93961]]]},"properties":{"GEOID":"36057070600","NAME":"Census Tract 706","STATE":"36","COUNTY":"057"}},{"type":"Feature","geometry":{"type":"Polygon","coordinates":[[[-74.2893,42.98441],[-74.28626,42.96546],[-74.28386,42.94856],[-74.28351,42.94768],[-74.27973,42.95022],[-74.2783,42.9514],[-74.2717,42.95299],[-74.27043,42.9527],[-74.26576,42.95287],[-74.26382,42.95372],[-74.26235,42.95335],[-74.25685,42.9541],[-74.25571,42.95396],[-74.25366,42.95431],[-74.25307,42.95403],[-74.24957,42.95366],[-74.24174,42.95457],[-74.23416,42.95393],[-74.23312,42.95367],[-74.22811,42.95418],[-74.2253,42.95397],[-74.22116,42.95298],[-74.22211,42.95383],[-74.22057,42.95691],[-74.20742,42.95764],[-74.20512,42.95943],[-74.20501,42.96202],[-74.20562,42.96203],[-74.20553,42.96548],[-74.20484,42.96549],[-74.20489,42.96473],[-74.20189,42.96517],[-74.20188,42.96599],[-74.20027,42.96626],[-74.19834,42.96485],[-74.19712,42.96528],[-74.19685,42.96346],[-74.194,42.95885],[-74.19451,42.95846],[-74.1926,42.95811],[-74.18979,42.95695],[-74.18766,42.95643],[-74.18558,42.95517],[-74.18005,42.95335],[-74.17809,42.96104],[-74.17769,42.96119],[-74.17511,42.96031],[-74.17382,42.96072],[-74.1726,42.96139],[-74.17195,42.96248],[-74.17101,42.96274],[-74.17078,42.9623],[-74.17129,42.96209],[-74.17107,42.9607],[-74.17012,42.96004],[-74.16957,42.95923],[-74.16353,42.94484],[-74.16249,42.93777],[-74.16207,42.93617],[-74.16437,42.93425],[-74.16137,42.93317],[-74.16134,42.93288],[-74.16189,42.93276],[-74.16551,42.9296],[-74.16395,42.92888],[-74.16366,42.92918],[-74.16302,42.92897],[-74.16564,42.9261],[-74.1663,42.92642],[-74.16696,42.92576],[-74.17206,42.92794],[-74.17244,42.9277],[-74.17284,42.92701],[-74.17436,42.92571],[-74.1717,42.92505],[-74.17066,42.92461],[-74.1705,42.92432],[-74.16866,42.92373],[-74.16853,42.92408],[-74.16391,42.9231],[-74.16442,42.92271],[-74.1643,42.92186],[-74.16302,42.92097],[-74.16311,42.92075],[-74.16856,42.92301],[-74.1727,42.92431],[-74.17413,42.92507],[-74.17486,42.92527],[-74.17601,42.92428],[-74.17491,42.92395],[-74.17325,42.92301],[-74.17076,42.92199],[-74.16881,42.92162],[-74.16123,42.91902],[-74.15627,42.91789],[-74.15093,42.91841],[-74.14773,42.91918],[-74.14049,42.91794],[-74.13598,42.91526],[-74.12686,42.9117],[-74.11984,42.9107],[-74.11551,42.90977],[-74.111,42.90827],[-74.10585,42.90612],[-74.10483,42.90552],[-74.10146,42.90494],[-74.09848,42.90482],[-74.09643,42.90385],[-74.09228,42.90119],[-74.08484,42.89687],[-74.08388,42.89735],[-74.08515,42.90623],[-74.08632,42.91292],[-74.08659,42.91511],[-74.08646,42.91514],[-74.08696,42.91718],[-74.08811,42.92401],[-74.08826,42.92731],[-74.09237,42.95332],[-74.09381,42.95938],[-74.09747,42.98293],[-74.13032,42.98282],[-74.16295,42.98326],[-74.16655,42.98317],[-74.16693,42.98331],[-74.17256,42.98339],[-74.18819,42.98335],[-74.27198,42.98437],[-74.2893,42.98441]]]},"properties":{"GEOID":"36057072100","NAME":"Census Tract 721","STATE":"36","COUNTY":"057"}},{"type":"Feature","geometry":{"type":"Polygon","coordinates":[[[-74.21692,42.93262],[-74.21694,42.93242],[-74.2031,42.92258],[-74.19611,42.91903],[-74.18401,42.92703],[-74.18398,42.92778],[-74.186,42.93023],[-74.18748,42.93142],[-74.19244,42.93328],[-74.19362,42.93453],[-74.19257,42.93557],[-74.19249,42.93588],[-74.19434,42.93735],[-74.19459,42.9378],[-74.19461,42.93846],[-74.1943,42.93915],[-74.19389,42.93945],[-74.1924,42.93961],[-74.20134,42.94643],[-74.20489,42.94316],[-74.20539,42.94377],[-74.2113,42.94597],[-74.21377,42.94804],[-74.21375,42.94706],[-74.21592,42.93728],[-74.21669,42.93296],[-74.21692,42.93262]]]},"properties":{"GEOID":"36057070200","NAME":"Census Tract 702","STATE":"36","COUNTY":"057"}},{"type":"Feature","geometry":{"type":"Polygon","coordinates":[[[-74.41912,42.86314],[-74.41679,42.83643],[-74.41633,42.83286],[-74.41492,42.81541],[-74.41232,42.78831],[-74.41138,42.77649],[-74.32472,42.78343],[-74.28945,42.78381],[-74.26331,42.79653],[-74.26363,42.79675],[-74.26438,42.79806],[-74.26476,42.79895],[-74.26467,42.79966],[-74.26429,42.80012],[-74.26076,42.80114],[-74.25853,42.80239],[-74.25532,42.80606],[-74.25492,42.80714],[-74.25478,42.80848],[-74.25495,42.80981],[-74.25683,42.81221],[-74.20258,42.83907],[-74.201,42.83969],[-74.17882,42.85063],[-74.12422,42.87706],[-74.08484,42.89687],[-74.09228,42.90119],[-74.09643,42.90385],[-74.09848,42.90482],[-74.10146,42.90494],[-74.10483,42.90552],[-74.10585,42.90612],[-74.111,42.90827],[-74.11551,42.90977],[-74.11984,42.9107],[-74.12686,42.9117],[-74.13598,42.91526],[-74.14049,42.91794],[-74.14773,42.91918],[-74.15093,42.91841],[-74.15627,42.91789],[-74.16123,42.91902],[-74.16881,42.92162],[-74.17161,42.92228],[-74.17491,42.92395],[-74.17601,42.92428],[-74.18398,42.92778],[-74.18401,42.92703],[-74.19611,42.91903],[-74.2031,42.92258],[-74.21694,42.93242],[-74.21669,42.93296],[-74.21592,42.93728],[-74.21375,42.94706],[-74.21377,42.94804],[-74.21612,42.95016],[-74.22108,42.95298],[-74.2253,42.95397],[-74.22811,42.95418],[-74.23312,42.95367],[-74.23416,42.95393],[-74.24174,42.95457],[-74.24957,42.95366],[-74.25307,42.95403],[-74.25366,42.95431],[-74.25571,42.95396],[-74.25685,42.9541],[-74.26235,42.95335],[-74.26382,42.95372],[-74.26576,42.95287],[-74.27043,42.9527],[-74.2717,42.95299],[-74.2783,42.9514],[-74.28615,42.94573],[-74.28691,42.94573],[-74.28797,42.94497],[-74.29141,42.94332],[-74.29293,42.94167],[-74.28987,42.94035],[-74.28731,42.93973],[-74.28447,42.93937],[-74.28186,42.93842],[-74.2809,42.93755],[-74.27992,42.93585],[-74.27919,42.93428],[-74.27813,42.93098],[-74.27807,42.93031],[-74.27832,42.92923],[-74.27876,42.92846],[-74.27961,42.92788],[-74.28187,42.92789],[-74.2846,42.92836],[-74.28806,42.92738],[-74.28918,42.92638],[-74.28922,42.92539],[-74.28871,42.92345],[-74.2881,42.92224],[-74.28704,42.92141],[-74.28604,42.91896],[-74.286,42.91825],[-74.28632,42.91765],[-74.28641,42.91605],[-74.28668,42.91511],[-74.28674,42.914],[-74.28658,42.91337],[-74.28594,42.91262],[-74.28516,42.91218],[-74.28343,42.91178],[-74.28226,42.9117],[-74.27495,42.91216],[-74.27391,42.91192],[-74.27305,42.91134],[-74.27297,42.9109],[-74.27149,42.90927],[-74.2709,42.90787],[-74.27055,42.90621],[-74.27055,42.90491],[-74.27084,42.90382],[-74.27159,42.90252],[-74.27269,42.90157],[-74.27947,42.89957],[-74.28493,42.89648],[-74.28759,42.89319],[-74.28797,42.8923],[-74.28768,42.89094],[-74.2871,42.88981],[-74.28642,42.88913],[-74.28519,42.8886],[-74.28378,42.88837],[-74.28278,42.88847],[-74.28164,42.88893],[-74.2797,42.89095],[-74.27823,42.89196],[-74.27743,42.89208],[-74.27629,42.89136],[-74.27579,42.89067],[-74.27593,42.88957],[-74.27855,42.88591],[-74.27901,42.88469],[-74.2791,42.8837],[-74.27819,42.88031],[-74.27578,42.87587],[-74.27522,42.87523],[-74.27505,42.87407],[-74.27443,42.87326],[-74.27343,42.87263],[-74.27173,42.87312],[-74.27092,42.87287],[-74.26849,42.87139],[-74.26524,42.87004],[-74.26436,42.86939],[-74.26402,42.86888],[-74.26443,42.86824],[-74.26644,42.86788],[-74.26899,42.86808],[-74.27108,42.86775],[-74.27181,42.86734],[-74.27313,42.86602],[-74.27559,42.86509],[-74.27663,42.86425],[-74.27762,42.86272],[-74.41912,42.86314]]]},"properties":{"GEOID":"36057072800","NAME":"Census Tract 728","STATE":"36","COUNTY":"057"}},{"type":"Feature","geometry":{"type":"Polygon","coordinates":[[[-74.20123,42.94654],[-74.20134,42.94643],[-74.1924,42.93961],[-74.19187,42.93963],[-74.19037,42.94005],[-74.18879,42.94141],[-74.18699,42.94448],[-74.18657,42.94716],[-74.18696,42.94741],[-74.191,42.94433],[-74.19326,42.94608],[-74.19426,42.94771],[-74.19101,42.95028],[-74.19212,42.95114],[-74.19408,42.95167],[-74.19535,42.95035],[-74.19953,42.94829],[-74.20102,42.94696],[-74.20123,42.94654]]]},"properties":{"GEOID":"36057070300","NAME":"Census Tract 703","STATE":"36","COUNTY":"057"}},{"type":"Feature","geometry":{"type":"Polygon","coordinates":[[[-73.97662,43.15998],[-73.97224,43.12536],[-73.96721,43.09494],[-73.9648,43.07913],[-73.88922,43.08553],[-73.87918,43.08643],[-73.87329,43.08719],[-73.86211,43.08783],[-73.84241,43.08968],[-73.83934,43.0899],[-73.83911,43.08979],[-73.83711,43.09011],[-73.83075,43.09054],[-73.83355,43.0921],[-73.83746,43.09556],[-73.83791,43.09656],[-73.84086,43.10621],[-73.84352,43.11002],[-73.84388,43.1108],[-73.84382,43.11588],[-73.8453,43.11922],[-73.84617,43.12222],[-73.84659,43.1284],[-73.84747,43.1343],[-73.8474,43.13643],[-73.85367,43.14753],[-73.85399,43.1483],[-73.85442,43.15144],[-73.85895,43.15938],[-73.8609,43.16435],[-73.86298,43.16866],[-73.86472,43.17702],[-73.86436,43.17877],[-73.86299,43.18208],[-73.86269,43.18354],[-73.86262,43.18555],[-73.86293,43.18709],[-73.86413,43.18901],[-73.87942,43.18791],[-73.93253,43.18308],[-73.93992,43.17981],[-73.94847,43.17558],[-73.95635,43.17085],[-73.97662,43.15998]]]},"properties":{"GEOID":"36091060602","NAME":"Census Tract 606.02","STATE":"36","COUNTY":"091"}},{"type":"Feature","geometry":{"type":"Polygon","coordinates":[[[-73.83139,42.79421],[-73.8313,42.79227],[-73.82906,42.79018],[-73.82847,42.78488],[-73.82767,42.78378],[-73.82217,42.78028],[-73.80937,42.77887],[-73.79946,42.77888],[-73.79797,42.77948],[-73.79356,42.78258],[-73.78706,42.78968],[-73.78246,42.79178],[-73.77996,42.79218],[-73.77736,42.79178],[-73.76956,42.78628],[-73.76876,42.78588],[-73.76895,42.79773],[-73.77159,42.79502],[-73.77285,42.79443],[-73.77364,42.79438],[-73.78485,42.79673],[-73.78691,42.79693],[-73.78996,42.79627],[-73.79439,42.79416],[-73.79572,42.79324],[-73.79668,42.7972],[-73.79684,42.79951],[-73.79096,42.80049],[-73.79156,42.80257],[-73.7926,42.80425],[-73.79268,42.80535],[-73.79234,42.80633],[-73.79119,42.80715],[-73.79086,42.80766],[-73.79133,42.81055],[-73.79206,42.81287],[-73.79013,42.81357],[-73.79061,42.81479],[-73.79087,42.82091],[-73.79051,42.824],[-73.78947,42.82645],[-73.78973,42.8301],[-73.79067,42.83254],[-73.79148,42.83283],[-73.79398,42.83287],[-73.79402,42.84037],[-73.80969,42.84],[-73.81322,42.8386],[-73.82166,42.83627],[-73.8218,42.83551],[-73.82293,42.83334],[-73.82402,42.82998],[-73.82487,42.82809],[-73.82542,42.82539],[-73.82626,42.81528],[-73.82675,42.81325],[-73.82633,42.81134],[-73.82559,42.80926],[-73.82567,42.80758],[-73.82527,42.80549],[-73.826,42.80437],[-73.82614,42.80381],[-73.82597,42.80297],[-73.82549,42.80266],[-73.82591,42.80215],[-73.82692,42.79941],[-73.82861,42.79728],[-73.82919,42.79694],[-73.83086,42.79664],[-73.83086,42.79559],[-73.83139,42.79421]]]},"properties":{"GEOID":"36091062507","NAME":"Census Tract 625.07","STATE":"36","COUNTY":"091"}},{"type":"Feature","geometry":{"type":"Polygon","coordinates":[[[-73.82461,42.8928],[-73.82333,42.8923],[-73.822,42.89139],[-73.82125,42.89034],[-73.82102,42.88951],[-73.82021,42.85856],[-73.81125,42.85798],[-73.79725,42.85579],[-73.79432,42.855],[-73.7774,42.85568],[-73.7777,42.85638],[-73.7784,42.85633],[-73.77965,42.85755],[-73.78097,42.85787],[-73.78081,42.85834],[-73.78085,42.86289],[-73.79251,42.86521],[-73.79742,42.86732],[-73.79964,42.86771],[-73.80309,42.8712],[-73.80348,42.87182],[-73.80349,42.87288],[-73.80314,42.87469],[-73.80418,42.87717],[-73.8042,42.87911],[-73.80251,42.88084],[-73.79751,42.88374],[-73.79725,42.88622],[-73.79525,42.88612],[-73.79375,42.88658],[-73.79252,42.88749],[-73.79118,42.88884],[-73.78779,42.89037],[-73.78525,42.89062],[-73.78395,42.89054],[-73.78451,42.89116],[-73.78505,42.89246],[-73.78735,42.89549],[-73.78753,42.89676],[-73.78674,42.89853],[-73.79825,42.89358],[-73.80557,42.89185],[-73.80975,42.89169],[-73.82191,42.89283],[-73.82461,42.8928]]]},"properties":{"GEOID":"36091062509","NAME":"Census Tract 625.09","STATE":"36","COUNTY":"091"}},{"type":"Feature","geometry":{"type":"Polygon","coordinates":[[[-73.8647,43.17729],[-73.86285,43.1683],[-73.8609,43.16435],[-73.85895,43.15938],[-73.85442,43.15144],[-73.85399,43.1483],[-73.85367,43.14753],[-73.8474,43.13643],[-73.84747,43.1343],[-73.84659,43.1284],[-73.84617,43.12222],[-73.8453,43.11922],[-73.84382,43.11588],[-73.84392,43.11094],[-73.84352,43.11002],[-73.84086,43.10621],[-73.83775,43.09611],[-73.83683,43.09488],[-73.83309,43.09176],[-73.82871,43.08966],[-73.82669,43.09093],[-73.8242,43.09128],[-73.79841,43.0935],[-73.79571,43.09348],[-73.79258,43.094],[-73.789,43.09427],[-73.79034,43.09856],[-73.79185,43.09993],[-73.79012,43.10125],[-73.78983,43.101],[-73.78687,43.103],[-73.7851,43.10378],[-73.78125,43.10624],[-73.78079,43.10616],[-73.77877,43.10757],[-73.77558,43.10788],[-73.77558,43.1044],[-73.7778,43.10007],[-73.77995,43.09495],[-73.77067,43.0959],[-73.77098,43.09869],[-73.77079,43.09871],[-73.77088,43.10269],[-73.77241,43.10272],[-73.77239,43.10498],[-73.77751,43.13721],[-73.78395,43.17498],[-73.77845,43.17836],[-73.7869,43.193],[-73.79042,43.19266],[-73.79081,43.19277],[-73.81284,43.19176],[-73.86413,43.18901],[-73.86317,43.18754],[-73.86273,43.18648],[-73.86269,43.18354],[-73.86299,43.18208],[-73.86426,43.17905],[-73.8647,43.17729]]]},"properties":{"GEOID":"36091060601","NAME":"Census Tract 606.01","STATE":"36","COUNTY":"091"}},{"type":"Feature","geometry":{"type":"Polygon","coordinates":[[[-73.76327,42.65015],[-73.76336,42.65001],[-73.75721,42.64647],[-73.75547,42.64591],[-73.75275,42.64536],[-73.75191,42.64456],[-73.75164,42.64475],[-73.75025,42.64399],[-73.74764,42.64323],[-73.74656,42.64618],[-73.74176,42.65438],[-73.74036,42.65608],[-73.73943,42.6568],[-73.74283,42.65894],[-73.74166,42.66066],[-73.7439,42.66217],[-73.74339,42.66357],[-73.74412,42.66382],[-73.7446,42.66293],[-73.74573,42.66186],[-73.74673,42.66188],[-73.74716,42.66045],[-73.74927,42.65825],[-73.75005,42.65401],[-73.75088,42.65256],[-73.75357,42.65446],[-73.75894,42.65761],[-73.75961,42.65711],[-73.76174,42.65818],[-73.76326,42.65675],[-73.75898,42.65427],[-73.76327,42.65015]]]},"properties":{"GEOID":"36001001100","NAME":"Census Tract 11","STATE":"36","COUNTY":"001"}},{"type":"Feature","geometry":{"type":"Polygon","coordinates":[[[-73.71878,42.73655],[-73.71856,42.72948],[-73.71119,42.72716],[-73.70998,42.72716],[-73.70992,42.72679],[-73.709,42.7269],[-73.70954,42.7262],[-73.71093,42.72323],[-73.71124,42.7233],[-73.71145,42.72311],[-73.71359,42.72028],[-73.70744,42.72214],[-73.70595,42.72644],[-73.7062,42.72647],[-73.70596,42.72841],[-73.70479,42.7283],[-73.70354,42.73691],[-73.71182,42.73797],[-73.7127,42.73526],[-73.71384,42.73486],[-73.7139,42.73502],[-73.71461,42.73512],[-73.71516,42.73629],[-73.71878,42.73655]]]},"properties":{"GEOID":"36001013300","NAME":"Census Tract 133","STATE":"36","COUNTY":"001"}},{"type":"Feature","geometry":{"type":"Polygon","coordinates":[[[-73.71444,42.70873],[-73.71169,42.70772],[-73.71152,42.70797],[-73.71073,42.70752],[-73.70346,42.70558],[-73.70356,42.70948],[-73.69936,42.72148],[-73.70554,42.72276],[-73.71103,42.72095],[-73.71415,42.72021],[-73.7136,42.71964],[-73.71098,42.71796],[-73.71076,42.71811],[-73.70999,42.71764],[-73.71444,42.70873]]]},"properties":{"GEOID":"36001013400","NAME":"Census Tract 134","STATE":"36","COUNTY":"001"}},{"type":"Feature","geometry":{"type":"Polygon","coordinates":[[[-73.68866,42.74025],[-73.68544,42.73947],[-73.68171,42.73963],[-73.68051,42.74384],[-73.67978,42.74563],[-73.6797,42.74688],[-73.67914,42.74846],[-73.67648,42.75328],[-73.68251,42.75379],[-73.6825,42.75199],[-73.68726,42.75248],[-73.68706,42.75168],[-73.68866,42.74025]]]},"properties":{"GEOID":"36083040400","NAME":"Census Tract 404","STATE":"36","COUNTY":"083"}},{"type":"Feature","geometry":{"type":"Polygon","coordinates":[[[-73.68165,42.7398],[-73.68171,42.73963],[-73.67798,42.73939],[-73.67492,42.73897],[-73.67275,42.7467],[-73.6736,42.7471],[-73.67169,42.74884],[-73.67133,42.75073],[-73.67059,42.75278],[-73.67673,42.7529],[-73.67914,42.74846],[-73.6797,42.74688],[-73.67978,42.74563],[-73.68051,42.74384],[-73.68165,42.7398]]]},"properties":{"GEOID":"36083040500","NAME":"Census Tract 405","STATE":"36","COUNTY":"083"}},{"type":"Feature","geometry":{"type":"Polygon","coordinates":[[[-73.68459,42.72927],[-73.6849,42.72815],[-73.67811,42.72682],[-73.67806,42.72792],[-73.67492,42.73897],[-73.67798,42.73939],[-73.68171,42.73963],[-73.68459,42.72927]]]},"properties":{"GEOID":"36083040600","NAME":"Census Tract 406","STATE":"36","COUNTY":"083"}},{"type":"Feature","geometry":{"type":"Polygon","coordinates":[[[-73.69821,42.72512],[-73.69861,42.72379],[-73.68939,42.72271],[-73.68899,42.72161],[-73.68864,42.72214],[-73.688,42.72498],[-73.68906,42.72518],[-73.68859,42.72736],[-73.69233,42.72783],[-73.69263,42.72642],[-73.69756,42.72728],[-73.69821,42.72512]]]},"properties":{"GEOID":"36083040800","NAME":"Census Tract 408","STATE":"36","COUNTY":"083"}},{"type":"Feature","geometry":{"type":"Polygon","coordinates":[[[-73.89149,43.05562],[-73.89085,43.05236],[-73.889,43.0458],[-73.88892,43.04407],[-73.88953,43.04097],[-73.85849,43.0437],[-73.85416,43.04453],[-73.8504,43.04569],[-73.85027,43.04319],[-73.84988,43.04132],[-73.84895,43.0414],[-73.84887,43.04177],[-73.84851,43.04186],[-73.84203,43.04234],[-73.84189,43.0415],[-73.84104,43.04158],[-73.84458,43.06189],[-73.84507,43.06644],[-73.84657,43.0755],[-73.85531,43.07537],[-73.86638,43.0746],[-73.87082,43.07316],[-73.87612,43.07262],[-73.87966,43.07045],[-73.88106,43.06997],[-73.88393,43.06953],[-73.89094,43.06888],[-73.89028,43.06701],[-73.89021,43.06608],[-73.8908,43.06266],[-73.89149,43.05562]]]},"properties":{"GEOID":"36091061404","NAME":"Census Tract 614.04","STATE":"36","COUNTY":"091"}},{"type":"Feature","geometry":{"type":"Polygon","coordinates":[[[-73.6004,43.08387],[-73.59856,43.08297],[-73.59795,43.08367],[-73.59779,43.08443],[-73.59672,43.08451],[-73.59442,43.08635],[-73.59202,43.08586],[-73.59092,43.08737],[-73.58895,43.08891],[-73.58405,43.09053],[-73.58311,43.09065],[-73.5823,43.09377],[-73.5821,43.09388],[-73.58194,43.09507],[-73.57635,43.09459],[-73.57456,43.0969],[-73.57367,43.0984],[-73.57334,43.10008],[-73.57411,43.10338],[-73.57567,43.10761],[-73.57582,43.10861],[-73.58505,43.10796],[-73.5861,43.10454],[-73.58862,43.09818],[-73.59487,43.09903],[-73.59515,43.09455],[-73.59557,43.09259],[-73.59835,43.09305],[-73.60004,43.08403],[-73.6004,43.08387]]]},"properties":{"GEOID":"36091060902","NAME":"Census Tract 609.02","STATE":"36","COUNTY":"091"}},{"type":"Feature","geometry":{"type":"Polygon","coordinates":[[[-73.79185,43.09993],[-73.79034,43.09856],[-73.78904,43.09447],[-73.78838,43.09488],[-73.78572,43.09454],[-73.78431,43.09417],[-73.78231,43.0949],[-73.78126,43.09568],[-73.78088,43.09651],[-73.77939,43.09627],[-73.7778,43.10007],[-73.77558,43.1044],[-73.77558,43.10788],[-73.77877,43.10757],[-73.78079,43.10616],[-73.78125,43.10624],[-73.7851,43.10378],[-73.78687,43.103],[-73.78983,43.101],[-73.79012,43.10125],[-73.79185,43.09993]]]},"properties":{"GEOID":"36091061303","NAME":"Census Tract 613.03","STATE":"36","COUNTY":"091"}},{"type":"Feature","geometry":{"type":"Polygon","coordinates":[[[-73.9648,43.07913],[-73.96105,43.05425],[-73.95925,43.04476],[-73.95556,43.02096],[-73.95072,42.99213],[-73.92193,42.99464],[-73.92182,42.99433],[-73.91963,42.99491],[-73.88405,42.99798],[-73.88439,42.99916],[-73.88452,43.00311],[-73.88546,43.01036],[-73.88478,43.01294],[-73.88856,43.03811],[-73.88953,43.04097],[-73.88892,43.04407],[-73.889,43.0458],[-73.89085,43.05236],[-73.89148,43.0554],[-73.8908,43.06266],[-73.89021,43.06608],[-73.89028,43.06701],[-73.89094,43.06888],[-73.88393,43.06953],[-73.88106,43.06997],[-73.87966,43.07045],[-73.87612,43.07262],[-73.87082,43.07316],[-73.86638,43.0746],[-73.85531,43.07537],[-73.84657,43.0755],[-73.84822,43.08623],[-73.84881,43.08908],[-73.86211,43.08783],[-73.87329,43.08719],[-73.87918,43.08643],[-73.88922,43.08553],[-73.9648,43.07913]]]},"properties":{"GEOID":"36091061401","NAME":"Census Tract 614.01","STATE":"36","COUNTY":"091"}},{"type":"Feature","geometry":{"type":"Polygon","coordinates":[[[-74.11062,43.06675],[-74.1049,43.03055],[-74.10492,43.02889],[-74.10316,43.01935],[-74.0969,42.97938],[-74.01098,42.98712],[-73.95072,42.99213],[-73.95556,43.02096],[-73.95925,43.04476],[-73.96105,43.05425],[-73.9648,43.07913],[-74.11062,43.06675]]]},"properties":{"GEOID":"36091061500","NAME":"Census Tract 615","STATE":"36","COUNTY":"091"}},{"type":"Feature","geometry":{"type":"Polygon","coordinates":[[[-73.75154,42.6952],[-73.7513,42.69311],[-73.75075,42.69285],[-73.75053,42.69072],[-73.74941,42.69055],[-73.74832,42.6909],[-73.74833,42.69041],[-73.75049,42.69033],[-73.75032,42.68949],[-73.75096,42.68946],[-73.75042,42.68742],[-73.74964,42.68759],[-73.74806,42.68746],[-73.74824,42.68679],[-73.7436,42.68662],[-73.74278,42.68489],[-73.7434,42.68243],[-73.74676,42.68299],[-73.74636,42.68188],[-73.74489,42.68193],[-73.74497,42.68128],[-73.74574,42.68098],[-73.74303,42.67969],[-73.74312,42.67932],[-73.72619,42.67399],[-73.72326,42.67288],[-73.72206,42.67478],[-73.71636,42.68238],[-73.70646,42.69408],[-73.70292,42.6993],[-73.71905,42.70672],[-73.72031,42.70741],[-73.72027,42.70758],[-73.72504,42.70831],[-73.72495,42.70738],[-73.72314,42.70714],[-73.72377,42.70522],[-73.72417,42.70491],[-73.72359,42.70398],[-73.72456,42.70418],[-73.72446,42.70458],[-73.72476,42.70508],[-73.72906,42.70608],[-73.73116,42.70318],[-73.73426,42.70378],[-73.73516,42.70068],[-73.73616,42.70078],[-73.73762,42.69807],[-73.7386,42.69852],[-73.73922,42.69774],[-73.73959,42.697],[-73.74013,42.69493],[-73.74027,42.69353],[-73.74086,42.69364],[-73.74107,42.6929],[-73.74231,42.69322],[-73.7421,42.69402],[-73.7424,42.69409],[-73.74223,42.69474],[-73.74386,42.69538],[-73.74379,42.69568],[-73.74148,42.69689],[-73.74764,42.69671],[-73.74754,42.69486],[-73.74904,42.69489],[-73.74967,42.69539],[-73.75154,42.6952]]]},"properties":{"GEOID":"36001013602","NAME":"Census Tract 136.02","STATE":"36","COUNTY":"001"}},{"type":"Feature","geometry":{"type":"Polygon","coordinates":[[[-73.76203,42.73894],[-73.76215,42.73684],[-73.7592,42.73604],[-73.75587,42.7344],[-73.75188,42.73342],[-73.74589,42.73024],[-73.74312,42.72978],[-73.74022,42.72973],[-73.73708,42.72878],[-73.73561,42.73127],[-73.73087,42.73828],[-73.73283,42.73866],[-73.73545,42.73952],[-73.74057,42.74203],[-73.74788,42.74371],[-73.75816,42.74659],[-73.76081,42.74782],[-73.76105,42.74779],[-73.76167,42.74535],[-73.76203,42.73894]]]},"properties":{"GEOID":"36001013505","NAME":"Census Tract 135.05","STATE":"36","COUNTY":"001"}},{"type":"Feature","geometry":{"type":"Polygon","coordinates":[[[-73.66341,43.35725],[-73.66356,43.35644],[-73.65998,43.35325],[-73.6579,43.35023],[-73.65666,43.34966],[-73.6559,43.34964],[-73.65361,43.33659],[-73.64615,43.33721],[-73.64379,43.33703],[-73.63661,43.34033],[-73.62954,43.34115],[-73.63039,43.33988],[-73.62836,43.33917],[-73.62727,43.33447],[-73.63609,43.32663],[-73.63155,43.3271],[-73.63037,43.32106],[-73.6227,43.32188],[-73.61958,43.30496],[-73.61695,43.30525],[-73.60983,43.30654],[-73.6063,43.30647],[-73.60035,43.30669],[-73.59673,43.3064],[-73.59467,43.3057],[-73.59587,43.3122],[-73.59704,43.31718],[-73.60121,43.33927],[-73.60136,43.33929],[-73.6017,43.34188],[-73.60694,43.36869],[-73.60854,43.37781],[-73.63481,43.37483],[-73.63638,43.37362],[-73.63762,43.37299],[-73.63868,43.37275],[-73.64285,43.37376],[-73.64627,43.37485],[-73.64908,43.3702],[-73.65455,43.3649],[-73.65744,43.36138],[-73.65789,43.35994],[-73.65773,43.35868],[-73.66143,43.35884],[-73.66245,43.35837],[-73.66341,43.35725]]]},"properties":{"GEOID":"36113070603","NAME":"Census Tract 706.03","STATE":"36","COUNTY":"113"}},{"type":"Feature","geometry":{"type":"Polygon","coordinates":[[[-74.056,43.74461],[-74.05701,43.74451],[-74.05427,43.74395],[-74.05297,43.74335],[-74.04886,43.7404],[-74.04411,43.73845],[-74.04214,43.73805],[-74.0363,43.73752],[-74.02974,43.73813],[-74.02687,43.73787],[-74.02526,43.7373],[-74.02135,43.73541],[-74.02009,43.73403],[-74.01884,43.7319],[-74.01835,43.7305],[-74.01726,43.72843],[-74.01473,43.72598],[-74.01318,43.72507],[-74.01197,43.72375],[-74.01083,43.72184],[-74.00982,43.71958],[-74.00566,43.71366],[-74.00297,43.71218],[-73.99958,43.70943],[-73.99693,43.70812],[-73.99505,43.70607],[-73.9937,43.70556],[-73.99199,43.70526],[-73.98666,43.70287],[-73.98589,43.70236],[-73.98455,43.70088],[-73.98379,43.70045],[-73.98205,43.70035],[-73.98113,43.70055],[-73.97953,43.70138],[-73.97817,43.70294],[-73.97721,43.70333],[-73.97558,43.70348],[-73.97145,43.70255],[-73.96882,43.70118],[-73.96431,43.69933],[-73.96278,43.69903],[-73.96179,43.69924],[-73.96117,43.69957],[-73.95465,43.70485],[-73.95331,43.70619],[-73.9522,43.70679],[-73.95097,43.70798],[-73.94781,43.71212],[-73.94656,43.71294],[-73.94262,43.71497],[-73.94221,43.71503],[-73.93322,43.71007],[-73.9288,43.70939],[-73.92315,43.70564],[-73.91704,43.70401],[-73.91523,43.70282],[-73.91002,43.70001],[-73.90834,43.69786],[-73.90614,43.69649],[-73.90207,43.69298],[-73.90196,43.69271],[-73.89931,43.69071],[-73.8982,43.68974],[-73.8968,43.68789],[-73.89645,43.68678],[-73.89748,43.68463],[-73.89804,43.68314],[-73.89866,43.68056],[-73.90004,43.67742],[-73.90101,43.67336],[-73.901,43.67261],[-73.90003,43.66729],[-73.89911,43.66422],[-73.89781,43.66197],[-73.89681,43.66192],[-73.89489,43.66066],[-73.89367,43.66051],[-73.8897,43.66102],[-73.88757,43.66173],[-73.88568,43.66262],[-73.88385,43.66309],[-73.88231,43.66461],[-73.87987,43.66593],[-73.87804,43.66633],[-73.875,43.66612],[-73.87273,43.66647],[-73.87195,43.66677],[-73.87034,43.66782],[-73.86707,43.66914],[-73.86654,43.67093],[-73.86728,43.67247],[-73.86721,43.67377],[-73.86795,43.67666],[-73.86764,43.67834],[-73.86787,43.67938],[-73.86776,43.6799],[-73.86373,43.68389],[-73.86052,43.68486],[-73.85768,43.68667],[-73.85653,43.68769],[-73.85612,43.68832],[-73.856,43.6889],[-73.85658,43.69085],[-73.85656,43.69135],[-73.85449,43.69538],[-73.85392,43.69623],[-73.85095,43.69863],[-73.84924,43.7013],[-73.84898,43.70202],[-73.84762,43.69721],[-73.84681,43.69507],[-73.84588,43.69367],[-73.84433,43.69398],[-73.84296,43.69385],[-73.84125,43.69404],[-73.83758,43.69259],[-73.83443,43.6916],[-73.82996,43.69072],[-73.82793,43.69059],[-73.82608,43.69071],[-73.82191,43.69278],[-73.80567,43.67731],[-73.8028,43.67435],[-73.8029,43.66565],[-73.80346,43.66141],[-73.80243,43.65803],[-73.80134,43.65606],[-73.79936,43.65649],[-73.79716,43.65726],[-73.78723,43.662],[-73.78585,43.66311],[-73.78288,43.66659],[-73.78133,43.66763],[-73.77988,43.66817],[-73.77375,43.66967],[-73.77108,43.67081],[-73.77216,43.67122],[-73.77293,43.67196],[-73.77382,43.6734],[-73.77399,43.67507],[-73.77436,43.67559],[-73.77576,43.67593],[-73.77813,43.67608],[-73.78041,43.67652],[-73.78184,43.67748],[-73.785,43.67872],[-73.79201,43.68371],[-73.7929,43.68506],[-73.79336,43.68656],[-73.79506,43.68885],[-73.79567,43.69119],[-73.79502,43.69274],[-73.79447,43.6952],[-73.79356,43.69748],[-73.79359,43.69872],[-73.7939,43.69981],[-73.79485,43.70036],[-73.7951,43.7008],[-73.79516,43.70159],[-73.79434,43.70227],[-73.79451,43.70281],[-73.79508,43.70305],[-73.79586,43.7029],[-73.79626,43.70244],[-73.79703,43.7007],[-73.7975,43.70043],[-73.7988,43.70041],[-73.80062,43.70083],[-73.80377,43.70207],[-73.80583,43.70352],[-73.80604,43.70389],[-73.80558,43.70504],[-73.80562,43.70552],[-73.80709,43.70775],[-73.80808,43.71082],[-73.80927,43.71215],[-73.80987,43.71316],[-73.81021,43.71426],[-73.81022,43.71586],[-73.8116,43.71704],[-73.81432,43.72047],[-73.81452,43.72104],[-73.81349,43.72203],[-73.81363,43.72276],[-73.8132,43.72484],[-73.81252,43.72511],[-73.8121,43.72496],[-73.8114,43.72348],[-73.81106,43.72342],[-73.8108,43.72361],[-73.81064,43.72571],[-73.81022,43.72606],[-73.81075,43.72669],[-73.81175,43.72723],[-73.81187,43.72753],[-73.81144,43.72807],[-73.81061,43.72824],[-73.81076,43.72852],[-73.80974,43.72871],[-73.80878,43.72921],[-73.80788,43.72999],[-73.80769,43.7307],[-73.80808,43.73138],[-73.80785,43.73183],[-73.80836,43.73298],[-73.80799,43.73423],[-73.8072,43.73501],[-73.806,43.73522],[-73.80605,43.73558],[-73.80563,43.7362],[-73.80485,43.73605],[-73.80505,43.73524],[-73.80452,43.7353],[-73.80345,43.73662],[-73.804,43.73975],[-73.80316,43.74041],[-73.8024,43.74046],[-73.80181,43.74155],[-73.80217,43.74343],[-73.80206,43.74411],[-73.7991,43.74549],[-73.79677,43.74713],[-73.79556,43.74763],[-73.79395,43.74767],[-73.79285,43.74716],[-73.79229,43.74709],[-73.79125,43.74722],[-73.79094,43.74761],[-73.79049,43.7478],[-73.79021,43.74872],[-73.79018,43.74982],[-73.78974,43.75085],[-73.78999,43.75525],[-73.78939,43.75561],[-73.78917,43.75645],[-73.7895,43.75812],[-73.79026,43.75894],[-73.79084,43.76025],[-73.79083,43.76171],[-73.79023,43.76236],[-73.78954,43.76275],[-73.78771,43.76355],[-73.78481,43.7643],[-73.78266,43.76557],[-73.78279,43.76611],[-73.78252,43.76631],[-73.78255,43.7669],[-73.78315,43.76732],[-73.78336,43.76787],[-73.78401,43.7684],[-73.78407,43.76878],[-73.78388,43.76909],[-73.7842,43.76957],[-73.78431,43.77019],[-73.78521,43.77036],[-73.78538,43.77064],[-73.99109,43.75113],[-74.056,43.74461]]]},"properties":{"GEOID":"36113075002","NAME":"Census Tract 750.02","STATE":"36","COUNTY":"113"}},{"type":"Feature","geometry":{"type":"Polygon","coordinates":[[[-73.89781,43.66197],[-73.89739,43.66058],[-73.89606,43.65813],[-73.8957,43.65662],[-73.89466,43.65514],[-73.89391,43.65324],[-73.8936,43.65097],[-73.89378,43.64823],[-73.89248,43.64479],[-73.89256,43.64222],[-73.8919,43.63745],[-73.89098,43.63555],[-73.89154,43.63277],[-73.89046,43.62855],[-73.88595,43.62078],[-73.88532,43.61847],[-73.88152,43.61457],[-73.88128,43.61409],[-73.88152,43.6127],[-73.88099,43.60997],[-73.87725,43.60633],[-73.87582,43.60546],[-73.87331,43.6044],[-73.8724,43.60376],[-73.87149,43.60245],[-73.86911,43.59985],[-73.86576,43.59783],[-73.8642,43.59662],[-73.86264,43.5946],[-73.86121,43.59193],[-73.86175,43.59007],[-73.86238,43.58884],[-73.86267,43.58674],[-73.86177,43.58496],[-73.86013,43.58346],[-73.85938,43.57903],[-73.85808,43.57735],[-73.8578,43.57563],[-73.85549,43.57373],[-73.85544,43.57123],[-73.79873,43.60272],[-73.79704,43.6032],[-73.78715,43.60922],[-73.74486,43.6325],[-73.7474,43.63588],[-73.74826,43.63767],[-73.74997,43.63964],[-73.75221,43.64079],[-73.75367,43.64216],[-73.75648,43.64311],[-73.75778,43.6444],[-73.76025,43.64598],[-73.7603,43.64681],[-73.75996,43.64838],[-73.76101,43.64969],[-73.76208,43.65059],[-73.76188,43.65089],[-73.76082,43.65142],[-73.7606,43.6523],[-73.76067,43.65319],[-73.76167,43.65468],[-73.76182,43.65575],[-73.76139,43.65637],[-73.75893,43.65813],[-73.75857,43.65861],[-73.75852,43.66016],[-73.75965,43.66067],[-73.75972,43.66117],[-73.75914,43.6616],[-73.75749,43.66185],[-73.75753,43.66228],[-73.75796,43.66266],[-73.76579,43.66399],[-73.76843,43.6649],[-73.76896,43.66578],[-73.76924,43.66683],[-73.7672,43.66882],[-73.76695,43.66965],[-73.76721,43.67014],[-73.76782,43.67021],[-73.76909,43.66996],[-73.77108,43.67081],[-73.77375,43.66967],[-73.78086,43.66784],[-73.78288,43.66659],[-73.78585,43.66311],[-73.78723,43.662],[-73.79716,43.65726],[-73.79936,43.65649],[-73.80134,43.65606],[-73.80243,43.65803],[-73.80346,43.66141],[-73.8029,43.66565],[-73.8028,43.67435],[-73.80567,43.67731],[-73.82191,43.69278],[-73.82608,43.69071],[-73.82793,43.69059],[-73.82996,43.69072],[-73.83443,43.6916],[-73.83758,43.69259],[-73.84125,43.69404],[-73.84296,43.69385],[-73.84433,43.69398],[-73.84588,43.69367],[-73.84681,43.69507],[-73.84762,43.69721],[-73.84898,43.70202],[-73.84924,43.7013],[-73.85095,43.69863],[-73.85392,43.69623],[-73.85449,43.69538],[-73.85656,43.69135],[-73.85658,43.69085],[-73.856,43.6889],[-73.85612,43.68832],[-73.85653,43.68769],[-73.85768,43.68667],[-73.86052,43.68486],[-73.86373,43.68389],[-73.86776,43.6799],[-73.86787,43.67938],[-73.86764,43.67834],[-73.86795,43.67666],[-73.86721,43.67377],[-73.86728,43.67247],[-73.86654,43.67093],[-73.86678,43.66974],[-73.86723,43.669],[-73.87034,43.66782],[-73.87195,43.66677],[-73.87273,43.66647],[-73.875,43.66612],[-73.87804,43.66633],[-73.87987,43.66593],[-73.88231,43.66461],[-73.88385,43.66309],[-73.88568,43.66262],[-73.88757,43.66173],[-73.89004,43.66092],[-73.89407,43.66051],[-73.8953,43.66081],[-73.89681,43.66192],[-73.89781,43.66197]]]},"properties":{"GEOID":"36113075001","NAME":"Census Tract 750.01","STATE":"36","COUNTY":"113"}},{"type":"Feature","geometry":{"type":"Polygon","coordinates":[[[-73.77111,43.40814],[-73.76466,43.37282],[-73.73486,43.37572],[-73.73547,43.37716],[-73.7369,43.37879],[-73.73751,43.37922],[-73.73842,43.38193],[-73.73949,43.38291],[-73.73957,43.38352],[-73.73933,43.38404],[-73.73854,43.3845],[-73.73544,43.38543],[-73.73488,43.38612],[-73.73504,43.38704],[-73.73709,43.38766],[-73.73809,43.38771],[-73.73897,43.38773],[-73.74058,43.38728],[-73.7408,43.38794],[-73.74158,43.38826],[-73.74232,43.38935],[-73.74072,43.39004],[-73.7391,43.38999],[-73.73821,43.39032],[-73.73792,43.39125],[-73.73708,43.39168],[-73.73533,43.39446],[-73.73478,43.39474],[-73.73472,43.39561],[-73.73416,43.39672],[-73.73373,43.39706],[-73.72975,43.39914],[-73.72867,43.39943],[-73.72791,43.39989],[-73.72667,43.40003],[-73.72568,43.40064],[-73.72598,43.40143],[-73.72609,43.40261],[-73.72573,43.40328],[-73.72614,43.40393],[-73.72516,43.40504],[-73.72516,43.40564],[-73.7256,43.4058],[-73.72477,43.40632],[-73.72598,43.40726],[-73.7268,43.40701],[-73.72746,43.40708],[-73.72764,43.40725],[-73.72771,43.40808],[-73.72671,43.40998],[-73.72627,43.41184],[-73.72584,43.4124],[-73.72483,43.41281],[-73.72307,43.41304],[-73.72244,43.41338],[-73.72279,43.41505],[-73.72277,43.41686],[-73.7206,43.42603],[-73.72034,43.42849],[-73.72059,43.43079],[-73.72132,43.43319],[-73.72274,43.43569],[-73.7246,43.43803],[-73.72299,43.4387],[-73.72161,43.439],[-73.72135,43.43874],[-73.7214,43.43831],[-73.72109,43.43769],[-73.71957,43.43687],[-73.71924,43.43619],[-73.71778,43.43609],[-73.7169,43.43518],[-73.71571,43.4353],[-73.71553,43.43552],[-73.71465,43.43517],[-73.7144,43.4344],[-73.71346,43.43376],[-73.71292,43.43312],[-73.71052,43.43315],[-73.70852,43.43251],[-73.70756,43.43194],[-73.70571,43.43137],[-73.7041,43.43135],[-73.70175,43.43044],[-73.69985,43.43283],[-73.69716,43.4354],[-73.6942,43.43697],[-73.69313,43.43788],[-73.68428,43.44795],[-73.67952,43.45222],[-73.68245,43.48443],[-73.68263,43.48475],[-73.72194,43.50008],[-73.72309,43.50069],[-73.72915,43.50249],[-73.74845,43.50998],[-73.74929,43.50613],[-73.7498,43.50525],[-73.75029,43.505],[-73.75112,43.50501],[-73.75179,43.50543],[-73.75224,43.50635],[-73.75306,43.50632],[-73.75348,43.50608],[-73.75414,43.50494],[-73.75563,43.50348],[-73.75587,43.50303],[-73.75586,43.50256],[-73.75513,43.50127],[-73.75484,43.5],[-73.75396,43.49781],[-73.75431,43.4973],[-73.75514,43.49705],[-73.75556,43.49669],[-73.75519,43.49587],[-73.75422,43.49504],[-73.75438,43.49481],[-73.75565,43.49428],[-73.75603,43.49382],[-73.75601,43.49334],[-73.75524,43.4923],[-73.75529,43.49183],[-73.75581,43.49126],[-73.75712,43.49051],[-73.75762,43.4905],[-73.75879,43.49144],[-73.75978,43.49184],[-73.76203,43.49086],[-73.7623,43.49055],[-73.76216,43.48994],[-73.76055,43.48924],[-73.76034,43.48892],[-73.76048,43.48841],[-73.76129,43.48768],[-73.76251,43.48788],[-73.76406,43.48881],[-73.75297,43.40974],[-73.77111,43.40814]]]},"properties":{"GEOID":"36113072002","NAME":"Census Tract 720.02","STATE":"36","COUNTY":"113"}},{"type":"Feature","geometry":{"type":"Polygon","coordinates":[[[-73.74232,43.38935],[-73.74158,43.38826],[-73.7408,43.38794],[-73.74058,43.38728],[-73.73897,43.38773],[-73.73809,43.38771],[-73.73709,43.38766],[-73.73504,43.38704],[-73.73488,43.38612],[-73.73544,43.38543],[-73.73854,43.3845],[-73.73933,43.38404],[-73.73957,43.38352],[-73.73949,43.38291],[-73.73842,43.38193],[-73.73751,43.37922],[-73.7369,43.37879],[-73.73547,43.37716],[-73.73486,43.37572],[-73.69348,43.38006],[-73.69508,43.38846],[-73.68005,43.38997],[-73.68121,43.39675],[-73.68262,43.3966],[-73.68387,43.40487],[-73.69295,43.40397],[-73.6843,43.41231],[-73.68573,43.4221],[-73.679,43.44575],[-73.67952,43.45222],[-73.68428,43.44795],[-73.69313,43.43788],[-73.6942,43.43697],[-73.69716,43.4354],[-73.69985,43.43283],[-73.70175,43.43044],[-73.7041,43.43135],[-73.70571,43.43137],[-73.70756,43.43194],[-73.70852,43.43251],[-73.71052,43.43315],[-73.71292,43.43312],[-73.71346,43.43376],[-73.7144,43.4344],[-73.71465,43.43517],[-73.71553,43.43552],[-73.71571,43.4353],[-73.7169,43.43518],[-73.71778,43.43609],[-73.71924,43.43619],[-73.71957,43.43687],[-73.72109,43.43769],[-73.7214,43.43831],[-73.72135,43.43874],[-73.72161,43.439],[-73.72299,43.4387],[-73.7246,43.43803],[-73.72274,43.43569],[-73.72132,43.43319],[-73.72059,43.43079],[-73.72034,43.42849],[-73.7206,43.42603],[-73.72277,43.41686],[-73.72279,43.41505],[-73.72244,43.41338],[-73.72307,43.41304],[-73.72483,43.41281],[-73.72584,43.4124],[-73.72627,43.41184],[-73.72671,43.40998],[-73.72771,43.40808],[-73.72764,43.40725],[-73.72746,43.40708],[-73.7268,43.40701],[-73.72598,43.40726],[-73.72477,43.40632],[-73.7256,43.4058],[-73.72516,43.40564],[-73.72516,43.40504],[-73.72614,43.40393],[-73.72573,43.40328],[-73.72609,43.40261],[-73.72598,43.40143],[-73.72568,43.40064],[-73.72667,43.40003],[-73.72791,43.39989],[-73.72867,43.39943],[-73.72975,43.39914],[-73.73373,43.39706],[-73.73416,43.39672],[-73.73472,43.39561],[-73.73478,43.39474],[-73.73533,43.39446],[-73.73708,43.39168],[-73.73792,43.39125],[-73.73821,43.39032],[-73.7391,43.38999],[-73.74072,43.39004],[-73.74232,43.38935]]]},"properties":{"GEOID":"36113072001","NAME":"Census Tract 720.01","STATE":"36","COUNTY":"113"}},{"type":"Feature","geometry":{"type":"Polygon","coordinates":[[[-74.11925,42.55122],[-74.11462,42.53216],[-74.11355,42.52652],[-74.11171,42.51889],[-74.1072,42.49807],[-74.1003,42.46851],[-74.09262,42.43431],[-74.0922,42.43361],[-74.09067,42.42683],[-74.03643,42.43361],[-73.99957,42.43792],[-73.99264,42.43856],[-73.98416,42.43966],[-73.96379,42.44162],[-73.96673,42.46574],[-73.96804,42.47901],[-73.97409,42.52909],[-73.97425,42.53191],[-73.97552,42.54272],[-73.99627,42.54487],[-74.00104,42.56563],[-74.11925,42.55122]]]},"properties":{"GEOID":"36001014803","NAME":"Census Tract 148.03","STATE":"36","COUNTY":"001"}},{"type":"Feature","geometry":{"type":"Polygon","coordinates":[[[-73.84708,42.74641],[-73.84735,42.74616],[-73.84661,42.74575],[-73.84563,42.74468],[-73.84399,42.74368],[-73.84303,42.74347],[-73.83912,42.74367],[-73.83673,42.74299],[-73.83698,42.74174],[-73.83755,42.74114],[-73.8379,42.74029],[-73.83866,42.73939],[-73.83994,42.7372],[-73.84055,42.73666],[-73.83915,42.73553],[-73.83924,42.73456],[-73.83594,42.73259],[-73.83323,42.73031],[-73.82708,42.72868],[-73.82635,42.72938],[-73.82638,42.7327],[-73.80866,42.72438],[-73.81086,42.72318],[-73.80862,42.72213],[-73.8092,42.72027],[-73.80958,42.72002],[-73.81157,42.72038],[-73.81602,42.7207],[-73.81648,42.7193],[-73.81125,42.71562],[-73.80437,42.71993],[-73.80068,42.72334],[-73.7945,42.72768],[-73.79346,42.72869],[-73.79134,42.73006],[-73.78288,42.73833],[-73.7898,42.73879],[-73.79154,42.74007],[-73.79267,42.74238],[-73.79421,42.74649],[-73.79354,42.74787],[-73.79358,42.74856],[-73.794,42.74952],[-73.79342,42.75248],[-73.79521,42.7544],[-73.79708,42.75743],[-73.79728,42.75843],[-73.79809,42.75912],[-73.79865,42.76043],[-73.7999,42.76212],[-73.80263,42.76368],[-73.80273,42.76394],[-73.81216,42.76573],[-73.81383,42.76627],[-73.81861,42.76886],[-73.8249,42.77299],[-73.82592,42.77048],[-73.82718,42.76898],[-73.82975,42.76404],[-73.83071,42.76304],[-73.83163,42.75925],[-73.83604,42.758],[-73.83957,42.75799],[-73.83919,42.75595],[-73.83876,42.7508],[-73.83787,42.74854],[-73.84145,42.74783],[-73.84216,42.74659],[-73.84366,42.74727],[-73.84708,42.74641]]]},"properties":{"GEOID":"36001013703","NAME":"Census Tract 137.03","STATE":"36","COUNTY":"001"}},{"type":"Feature","geometry":{"type":"Polygon","coordinates":[[[-74.00767,42.59537],[-73.99627,42.54487],[-73.97226,42.54227],[-73.95709,42.54089],[-73.92299,42.53721],[-73.88554,42.53346],[-73.88319,42.53309],[-73.88256,42.53475],[-73.88141,42.53907],[-73.88122,42.54208],[-73.8801,42.54708],[-73.87799,42.5531],[-73.87678,42.55986],[-73.87508,42.56697],[-73.87514,42.57027],[-73.87466,42.57967],[-73.87515,42.58075],[-73.87513,42.58059],[-73.87739,42.58401],[-73.88079,42.58767],[-73.8855,42.598],[-73.88682,42.60309],[-73.88699,42.60695],[-73.88637,42.61369],[-73.88542,42.61767],[-73.88517,42.6208],[-73.88429,42.62396],[-73.88257,42.62758],[-73.88905,42.62921],[-73.89753,42.63165],[-73.90355,42.63239],[-73.9062,42.63188],[-73.90968,42.6298],[-73.91189,42.62897],[-73.9143,42.62874],[-73.91765,42.62915],[-73.91994,42.62901],[-73.93716,42.62485],[-73.94264,42.62402],[-73.94479,42.62422],[-73.94744,42.6251],[-73.94941,42.62619],[-73.95115,42.62657],[-73.95268,42.62638],[-73.96864,42.6227],[-73.96988,42.62287],[-73.97233,42.62404],[-73.97381,42.62396],[-73.97482,42.62356],[-73.97543,42.62275],[-73.97538,42.62015],[-73.97568,42.61803],[-73.97557,42.61694],[-73.97492,42.61528],[-73.97269,42.61268],[-73.97173,42.61098],[-73.9714,42.60997],[-73.97116,42.60752],[-73.97136,42.60662],[-73.97377,42.60089],[-73.9738,42.60022],[-73.97303,42.59672],[-73.97338,42.59552],[-73.97435,42.5944],[-73.97548,42.59377],[-73.97716,42.59336],[-73.98651,42.59292],[-73.98702,42.59364],[-73.98806,42.59588],[-73.98865,42.59641],[-73.99147,42.59766],[-73.99504,42.59893],[-73.99697,42.59931],[-73.99897,42.59922],[-74,42.59886],[-74.00072,42.59833],[-74.00259,42.59626],[-74.0032,42.59592],[-74.00499,42.59575],[-74.00666,42.59529],[-74.00767,42.59537]]]},"properties":{"GEOID":"36001014502","NAME":"Census Tract 145.02","STATE":"36","COUNTY":"001"}},{"type":"Feature","geometry":{"type":"Polygon","coordinates":[[[-73.77693,42.70629],[-73.77468,42.70223],[-73.7738,42.70122],[-73.76534,42.69538],[-73.76346,42.69347],[-73.76241,42.6918],[-73.76111,42.68714],[-73.76024,42.68493],[-73.75133,42.68209],[-73.75181,42.68321],[-73.75209,42.68723],[-73.7529,42.6907],[-73.75291,42.69339],[-73.75406,42.69636],[-73.75449,42.7049],[-73.75558,42.7053],[-73.7591,42.70592],[-73.7737,42.70708],[-73.77498,42.70699],[-73.77693,42.70629]]]},"properties":{"GEOID":"36001013706","NAME":"Census Tract 137.06","STATE":"36","COUNTY":"001"}},{"type":"Feature","geometry":{"type":"Polygon","coordinates":[[[-73.66682,43.32358],[-73.66645,43.32174],[-73.66623,43.32178],[-73.66615,43.3214],[-73.66512,43.31404],[-73.66386,43.30899],[-73.65939,43.30923],[-73.65599,43.30974],[-73.65216,43.31101],[-73.64969,43.31217],[-73.64649,43.31086],[-73.6464,43.31132],[-73.6512,43.32263],[-73.65167,43.32527],[-73.66682,43.32358]]]},"properties":{"GEOID":"36113070300","NAME":"Census Tract 703","STATE":"36","COUNTY":"113"}},{"type":"Feature","geometry":{"type":"Polygon","coordinates":[[[-74.21455,43.72871],[-74.18255,43.52088],[-73.9753,43.53476],[-73.92739,43.54516],[-73.89197,43.5645],[-73.86302,43.5821],[-73.86142,43.58324],[-73.86025,43.58371],[-73.86177,43.58496],[-73.86267,43.58674],[-73.86238,43.58884],[-73.86175,43.59007],[-73.86121,43.59193],[-73.86264,43.5946],[-73.8642,43.59662],[-73.86576,43.59783],[-73.86911,43.59985],[-73.87149,43.60245],[-73.8724,43.60376],[-73.87331,43.6044],[-73.87582,43.60546],[-73.87725,43.60633],[-73.88099,43.60997],[-73.88152,43.6127],[-73.88128,43.61409],[-73.88152,43.61457],[-73.88532,43.61847],[-73.88595,43.62078],[-73.89046,43.62855],[-73.89154,43.63277],[-73.89098,43.63555],[-73.8919,43.63745],[-73.89256,43.64222],[-73.89248,43.64479],[-73.89378,43.64823],[-73.8936,43.65097],[-73.89391,43.65324],[-73.89466,43.65514],[-73.8957,43.65662],[-73.89606,43.65813],[-73.89739,43.66058],[-73.89788,43.6622],[-73.89911,43.66422],[-73.90003,43.66729],[-73.901,43.67261],[-73.90101,43.67336],[-73.90004,43.67742],[-73.89866,43.68056],[-73.89804,43.68314],[-73.89748,43.68463],[-73.89645,43.68678],[-73.8968,43.68789],[-73.8982,43.68974],[-73.90196,43.69271],[-73.90207,43.69298],[-73.90614,43.69649],[-73.90834,43.69786],[-73.91037,43.70023],[-73.91523,43.70282],[-73.91704,43.70401],[-73.92315,43.70564],[-73.9288,43.70939],[-73.93322,43.71007],[-73.94177,43.71488],[-73.94262,43.71497],[-73.94781,43.71212],[-73.95097,43.70798],[-73.9522,43.70679],[-73.95331,43.70619],[-73.95465,43.70485],[-73.96117,43.69957],[-73.96179,43.69924],[-73.96278,43.69903],[-73.96431,43.69933],[-73.96882,43.70118],[-73.97145,43.70255],[-73.97558,43.70348],[-73.97721,43.70333],[-73.97817,43.70294],[-73.97953,43.70138],[-73.98113,43.70055],[-73.98205,43.70035],[-73.98379,43.70045],[-73.98455,43.70088],[-73.98589,43.70236],[-73.98666,43.70287],[-73.99199,43.70526],[-73.9937,43.70556],[-73.99505,43.70607],[-73.99693,43.70812],[-73.99958,43.70943],[-74.00297,43.71218],[-74.00566,43.71366],[-74.00982,43.71958],[-74.01083,43.72184],[-74.01197,43.72375],[-74.01318,43.72507],[-74.01473,43.72598],[-74.01726,43.72843],[-74.01835,43.7305],[-74.01884,43.7319],[-74.02009,43.73403],[-74.02135,43.73541],[-74.02526,43.7373],[-74.02687,43.73787],[-74.02974,43.73813],[-74.0363,43.73752],[-74.04214,43.73805],[-74.04411,43.73845],[-74.04886,43.7404],[-74.05297,43.74335],[-74.05427,43.74395],[-74.05701,43.74451],[-74.21455,43.72871]]]},"properties":{"GEOID":"36113074000","NAME":"Census Tract 740","STATE":"36","COUNTY":"113"}},{"type":"Feature","geometry":{"type":"Polygon","coordinates":[[[-73.8833,43.39799],[-73.88316,43.39702],[-73.88211,43.39508],[-73.88074,43.393],[-73.87859,43.39079],[-73.87823,43.3882],[-73.8778,43.38719],[-73.87602,43.38541],[-73.87457,43.3845],[-73.87315,43.38043],[-73.87287,43.37683],[-73.87147,43.37425],[-73.87098,43.37252],[-73.87218,43.36922],[-73.87329,43.36794],[-73.87457,43.36683],[-73.87516,43.36572],[-73.87537,43.36512],[-73.87543,43.36388],[-73.87514,43.36192],[-73.87473,43.36121],[-73.87336,43.35974],[-73.87071,43.35789],[-73.86569,43.35522],[-73.86475,43.35418],[-73.86432,43.35184],[-73.86462,43.34668],[-73.86404,43.3455],[-73.85917,43.34296],[-73.8542,43.33925],[-73.85329,43.33775],[-73.85341,43.33651],[-73.85431,43.33482],[-73.85688,43.33356],[-73.85809,43.33221],[-73.85899,43.33032],[-73.85898,43.32902],[-73.85865,43.32812],[-73.8549,43.32531],[-73.85401,43.32498],[-73.8496,43.32413],[-73.84319,43.31885],[-73.84242,43.31693],[-73.84243,43.31474],[-73.84217,43.31438],[-73.84036,43.31315],[-73.8397,43.31233],[-73.83844,43.30986],[-73.83813,43.30853],[-73.83692,43.30661],[-73.83546,43.30568],[-73.83347,43.30487],[-73.8307,43.30491],[-73.82722,43.30548],[-73.82583,43.30535],[-73.8251,43.30493],[-73.82461,43.30427],[-73.82479,43.2991],[-73.82545,43.29576],[-73.82653,43.29333],[-73.82719,43.28916],[-73.8275,43.28457],[-73.82722,43.28343],[-73.82546,43.27981],[-73.82511,43.27847],[-73.82515,43.27754],[-73.82608,43.27609],[-73.83265,43.27086],[-73.83384,43.26936],[-73.83557,43.26584],[-73.83581,43.25376],[-73.83509,43.25207],[-73.83492,43.251],[-73.83346,43.2493],[-73.82918,43.24797],[-73.82665,43.24569],[-73.82586,43.24558],[-73.82501,43.24578],[-73.82139,43.24762],[-73.82049,43.24865],[-73.82039,43.24959],[-73.81953,43.25064],[-73.81788,43.2509],[-73.81537,43.25099],[-73.81428,43.25069],[-73.8134,43.25088],[-73.81006,43.25054],[-73.80838,43.25095],[-73.8033,43.25032],[-73.79289,43.24624],[-73.78973,43.24442],[-73.78813,43.24305],[-73.78425,43.23908],[-73.77949,43.2349],[-73.77845,43.23352],[-73.77764,43.23146],[-73.7758,43.22797],[-73.77269,43.22473],[-73.77106,43.2234],[-73.76907,43.22234],[-73.7675,43.22212],[-73.76643,43.22224],[-73.76527,43.22278],[-73.76437,43.22368],[-73.76307,43.22636],[-73.76173,43.22981],[-73.76022,43.23186],[-73.75952,43.23246],[-73.75705,43.23352],[-73.75505,43.23484],[-73.75278,43.23605],[-73.75094,43.23734],[-73.74731,43.24041],[-73.74396,43.24272],[-73.74179,43.24605],[-73.74139,43.24877],[-73.74114,43.24938],[-73.74035,43.25007],[-73.7402,43.25074],[-73.73948,43.25211],[-73.74933,43.29872],[-73.76441,43.37285],[-73.76466,43.37282],[-73.77111,43.40814],[-73.81964,43.40389],[-73.8833,43.39799]]]},"properties":{"GEOID":"36113071000","NAME":"Census Tract 710","STATE":"36","COUNTY":"113"}},{"type":"Feature","geometry":{"type":"Polygon","coordinates":[[[-73.66272,43.30253],[-73.66053,43.29058],[-73.65306,43.29127],[-73.65066,43.28957],[-73.64186,43.29327],[-73.64276,43.30417],[-73.64106,43.30578],[-73.6426,43.30797],[-73.64401,43.30951],[-73.64796,43.30707],[-73.64896,43.306],[-73.65637,43.30515],[-73.66272,43.30253]]]},"properties":{"GEOID":"36113070100","NAME":"Census Tract 701","STATE":"36","COUNTY":"113"}},{"type":"Feature","geometry":{"type":"Polygon","coordinates":[[[-73.81452,43.7211],[-73.81432,43.72047],[-73.8116,43.71704],[-73.81022,43.71586],[-73.81021,43.71426],[-73.80987,43.71316],[-73.80927,43.71215],[-73.80808,43.71082],[-73.80709,43.70775],[-73.80562,43.70552],[-73.80558,43.70504],[-73.80604,43.70389],[-73.80583,43.70352],[-73.80377,43.70207],[-73.80062,43.70083],[-73.7988,43.70041],[-73.7975,43.70043],[-73.79703,43.7007],[-73.79626,43.70244],[-73.79586,43.7029],[-73.79508,43.70305],[-73.79451,43.70281],[-73.79434,43.70227],[-73.79516,43.70159],[-73.7951,43.7008],[-73.79485,43.70036],[-73.7939,43.69981],[-73.79359,43.69872],[-73.79356,43.69748],[-73.79447,43.6952],[-73.79502,43.69274],[-73.79567,43.69119],[-73.79506,43.68885],[-73.79336,43.68656],[-73.7929,43.68506],[-73.7918,43.68349],[-73.785,43.67872],[-73.78184,43.67748],[-73.78041,43.67652],[-73.77813,43.67608],[-73.77576,43.67593],[-73.77436,43.67559],[-73.77399,43.67507],[-73.77382,43.6734],[-73.7729,43.67191],[-73.77216,43.67122],[-73.76909,43.66996],[-73.76782,43.67021],[-73.76721,43.67014],[-73.76695,43.66965],[-73.7672,43.66882],[-73.76924,43.66683],[-73.76896,43.66578],[-73.76825,43.66478],[-73.76703,43.66455],[-73.76579,43.66399],[-73.75817,43.66271],[-73.75763,43.66247],[-73.75749,43.66185],[-73.75934,43.66153],[-73.75976,43.66101],[-73.75965,43.66067],[-73.75852,43.66016],[-73.75864,43.65846],[-73.76176,43.65591],[-73.76174,43.65487],[-73.76082,43.65356],[-73.7606,43.6523],[-73.76082,43.65142],[-73.76188,43.65089],[-73.76208,43.65059],[-73.76101,43.64969],[-73.75996,43.64838],[-73.76035,43.64632],[-73.76004,43.64572],[-73.75778,43.6444],[-73.75648,43.64311],[-73.75367,43.64216],[-73.75221,43.64079],[-73.74997,43.63964],[-73.74826,43.63767],[-73.7474,43.63588],[-73.74464,43.63223],[-73.7445,43.63161],[-73.74473,43.63114],[-73.74649,43.62869],[-73.7464,43.62806],[-73.74556,43.62663],[-73.74591,43.62587],[-73.74572,43.62467],[-73.74636,43.62371],[-73.73233,43.62745],[-73.72489,43.62915],[-73.71527,43.63199],[-73.68542,43.64004],[-73.64635,43.66252],[-73.6401,43.66623],[-73.63782,43.66784],[-73.63573,43.66868],[-73.63196,43.67089],[-73.63265,43.67838],[-73.60251,43.66636],[-73.52535,43.63607],[-73.52457,43.63645],[-73.52362,43.63586],[-73.52145,43.63573],[-73.52094,43.636],[-73.52066,43.63641],[-73.52071,43.63671],[-73.52115,43.63709],[-73.52114,43.63758],[-73.52043,43.63802],[-73.51881,43.63784],[-73.51852,43.63739],[-73.51772,43.63717],[-73.51709,43.63745],[-73.51568,43.63726],[-73.5144,43.63738],[-73.51364,43.63765],[-73.51328,43.63843],[-73.51345,43.63932],[-73.51374,43.63947],[-73.51515,43.6393],[-73.51606,43.63973],[-73.51591,43.64002],[-73.51557,43.63992],[-73.51514,43.6402],[-73.51484,43.64011],[-73.51478,43.64034],[-73.51427,43.64064],[-73.51331,43.64054],[-73.51278,43.64089],[-73.51231,43.64191],[-73.51237,43.6421],[-73.51311,43.64235],[-73.51314,43.64268],[-73.51287,43.64276],[-73.51248,43.64245],[-73.51223,43.64255],[-73.51218,43.64276],[-73.51262,43.64288],[-73.51245,43.64352],[-73.51172,43.64314],[-73.51174,43.64275],[-73.51136,43.64268],[-73.50842,43.64289],[-73.50686,43.64362],[-73.50646,43.64422],[-73.50653,43.64476],[-73.50596,43.6453],[-73.50584,43.64523],[-73.50613,43.64467],[-73.50578,43.64412],[-73.50509,43.64393],[-73.50406,43.64404],[-73.50384,43.64416],[-73.50397,43.64456],[-73.50364,43.64514],[-73.50368,43.64581],[-73.50351,43.64618],[-73.50377,43.64653],[-73.50348,43.6471],[-73.50283,43.64586],[-73.50276,43.64524],[-73.5021,43.64506],[-73.50175,43.64553],[-73.50112,43.64584],[-73.50142,43.64681],[-73.50124,43.6471],[-73.50131,43.64767],[-73.50094,43.64824],[-73.50193,43.64885],[-73.50199,43.64977],[-73.50227,43.65014],[-73.50271,43.65027],[-73.50236,43.65064],[-73.50272,43.65102],[-73.50242,43.65195],[-73.502,43.65189],[-73.50176,43.65142],[-73.50105,43.65202],[-73.50065,43.65195],[-73.49978,43.65135],[-73.49968,43.65082],[-73.49932,43.65091],[-73.49914,43.65066],[-73.49898,43.6507],[-73.49832,43.65126],[-73.49752,43.65128],[-73.49684,43.6518],[-73.49607,43.652],[-73.49619,43.65232],[-73.4967,43.65257],[-73.49664,43.6529],[-73.49709,43.65378],[-73.49704,43.65405],[-73.49445,43.65388],[-73.49431,43.65397],[-73.49435,43.65503],[-73.49341,43.65523],[-73.49333,43.65625],[-73.49289,43.6573],[-73.49368,43.65843],[-73.49387,43.65929],[-73.49444,43.66],[-73.49536,43.66031],[-73.4958,43.66096],[-73.49569,43.66143],[-73.49629,43.66131],[-73.49665,43.66167],[-73.49629,43.662],[-73.49579,43.66188],[-73.49569,43.66234],[-73.49548,43.66222],[-73.49499,43.66247],[-73.49449,43.66234],[-73.49422,43.6626],[-73.49304,43.66284],[-73.49326,43.66386],[-73.49316,43.66459],[-73.49379,43.66531],[-73.4936,43.66579],[-73.49401,43.66634],[-73.49325,43.66712],[-73.49337,43.66757],[-73.4929,43.66767],[-73.49267,43.66798],[-73.49272,43.66838],[-73.49314,43.66841],[-73.49336,43.66864],[-73.49263,43.66893],[-73.49279,43.66914],[-73.49252,43.66937],[-73.49265,43.6696],[-73.4925,43.66995],[-73.49283,43.67016],[-73.49449,43.66952],[-73.49622,43.67021],[-73.49656,43.67079],[-73.49648,43.67112],[-73.4967,43.67192],[-73.4965,43.67307],[-73.49532,43.67338],[-73.49449,43.67282],[-73.49348,43.67303],[-73.49328,43.67326],[-73.49292,43.67321],[-73.49268,43.67281],[-73.49208,43.67292],[-73.49209,43.67317],[-73.49164,43.67352],[-73.49145,43.67397],[-73.49163,43.67426],[-73.49225,43.67446],[-73.4923,43.67467],[-73.4918,43.67495],[-73.49083,43.67501],[-73.49036,43.6753],[-73.48974,43.67629],[-73.48896,43.67696],[-73.48821,43.67799],[-73.48721,43.67874],[-73.48668,43.67952],[-73.48656,43.67977],[-73.48667,43.68071],[-73.48621,43.68103],[-73.4858,43.68171],[-73.48603,43.68287],[-73.48652,43.68341],[-73.48548,43.68574],[-73.4858,43.68671],[-73.48531,43.68708],[-73.48406,43.6872],[-73.48356,43.68761],[-73.48356,43.68904],[-73.48404,43.68962],[-73.48383,43.69029],[-73.48409,43.6909],[-73.48419,43.69215],[-73.48396,43.6924],[-73.48287,43.6925],[-73.48235,43.69307],[-73.48257,43.69447],[-73.48216,43.69498],[-73.48237,43.69539],[-73.48207,43.69618],[-73.48106,43.69693],[-73.4804,43.69776],[-73.48061,43.69855],[-73.48047,43.69892],[-73.47864,43.69933],[-73.47804,43.69965],[-73.47674,43.6994],[-73.47642,43.69959],[-73.47645,43.70039],[-73.47585,43.70074],[-73.47544,43.70135],[-73.47523,43.7024],[-73.4755,43.70306],[-73.4764,43.70371],[-73.47565,43.70397],[-73.47584,43.70418],[-73.47552,43.70443],[-73.47467,43.70475],[-73.47436,43.7056],[-73.47394,43.70575],[-73.47394,43.70607],[-73.4744,43.70667],[-73.47413,43.70668],[-73.47371,43.70622],[-73.47313,43.70621],[-73.47194,43.70693],[-73.47237,43.70856],[-73.47297,43.70936],[-73.47494,43.711],[-73.47439,43.71092],[-73.4738,43.71117],[-73.47372,43.71139],[-73.47405,43.71162],[-73.474,43.712],[-73.47361,43.71248],[-73.47315,43.71259],[-73.4728,43.71414],[-73.47137,43.71519],[-73.47041,43.71559],[-73.47005,43.71616],[-73.47,43.71678],[-73.46978,43.71686],[-73.46964,43.71732],[-73.46994,43.71765],[-73.47033,43.7187],[-73.47017,43.71915],[-73.46963,43.71968],[-73.47044,43.72033],[-73.4709,43.7204],[-73.47098,43.72084],[-73.46957,43.72067],[-73.46821,43.72112],[-73.46667,43.72119],[-73.46713,43.72168],[-73.46732,43.72239],[-73.46803,43.723],[-73.46721,43.7243],[-73.4674,43.72475],[-73.46728,43.7252],[-73.46661,43.72556],[-73.46502,43.72547],[-73.46444,43.72525],[-73.46387,43.72584],[-73.46433,43.72647],[-73.46387,43.72729],[-73.46403,43.72778],[-73.46389,43.72809],[-73.46338,43.72823],[-73.46318,43.72848],[-73.46309,43.72909],[-73.46401,43.73029],[-73.46458,43.73028],[-73.46461,43.73094],[-73.46401,43.73105],[-73.46354,43.72998],[-73.46295,43.72946],[-73.46126,43.72872],[-73.46084,43.72899],[-73.46119,43.72954],[-73.461,43.72996],[-73.46045,43.7299],[-73.46033,43.72952],[-73.46002,43.72934],[-73.45937,43.72952],[-73.45926,43.72971],[-73.45923,43.73073],[-73.45969,43.73127],[-73.4616,43.73133],[-73.46162,43.73171],[-73.46077,43.7326],[-73.46149,43.73326],[-73.46245,43.73391],[-73.4634,43.73412],[-73.46371,43.73373],[-73.46438,43.73344],[-73.46422,43.73442],[-73.46394,43.73465],[-73.46305,43.73484],[-73.46272,43.73553],[-73.46236,43.73707],[-73.46277,43.73757],[-73.4632,43.73768],[-73.46293,43.73899],[-73.46229,43.73914],[-73.46181,43.73893],[-73.46158,43.73773],[-73.46037,43.73701],[-73.45985,43.73705],[-73.46024,43.73755],[-73.45989,43.73904],[-73.46009,43.74012],[-73.45998,43.74081],[-73.46113,43.74144],[-73.46117,43.74203],[-73.46153,43.7426],[-73.46086,43.74344],[-73.46152,43.74417],[-73.46155,43.74434],[-73.46118,43.74465],[-73.46104,43.7453],[-73.4615,43.746],[-73.46012,43.74733],[-73.46037,43.74752],[-73.46143,43.74764],[-73.46145,43.74803],[-73.46104,43.74838],[-73.46104,43.74876],[-73.46228,43.74922],[-73.4612,43.75057],[-73.46122,43.75088],[-73.46152,43.75105],[-73.46137,43.75183],[-73.46191,43.75185],[-73.46227,43.75214],[-73.46269,43.75184],[-73.46317,43.75199],[-73.46283,43.75245],[-73.46287,43.75323],[-73.46337,43.75356],[-73.46339,43.75403],[-73.46237,43.75579],[-73.46299,43.7564],[-73.46307,43.75705],[-73.46339,43.75722],[-73.46319,43.758],[-73.46387,43.75817],[-73.46436,43.75748],[-73.46589,43.75688],[-73.46612,43.75703],[-73.46591,43.75745],[-73.46607,43.75773],[-73.46668,43.75789],[-73.46672,43.75814],[-73.46669,43.75836],[-73.46628,43.75859],[-73.46573,43.75863],[-73.46566,43.75889],[-73.46466,43.75927],[-73.46373,43.75892],[-73.46287,43.75958],[-73.46081,43.76016],[-73.46027,43.76078],[-73.45904,43.76102],[-73.4578,43.76164],[-73.45725,43.76272],[-73.45749,43.76379],[-73.4577,43.76402],[-73.4589,43.76405],[-73.45909,43.76434],[-73.45874,43.76462],[-73.45767,43.76454],[-73.45735,43.76524],[-73.45819,43.7655],[-73.45868,43.76589],[-73.45934,43.76762],[-73.46029,43.76885],[-73.46123,43.76896],[-73.46151,43.76873],[-73.4617,43.76901],[-73.46307,43.76947],[-73.46429,43.76955],[-73.46521,43.77001],[-73.46644,43.77009],[-73.4672,43.77094],[-73.46827,43.77137],[-73.46999,43.7713],[-73.47131,43.77168],[-73.47122,43.77203],[-73.47157,43.77245],[-73.47091,43.77343],[-73.47096,43.77426],[-73.47078,43.77475],[-73.47106,43.77526],[-73.47089,43.77581],[-73.4698,43.77744],[-73.46834,43.77818],[-73.46689,43.77947],[-73.46655,43.78],[-73.46441,43.78099],[-73.46368,43.78166],[-73.46185,43.78155],[-73.46027,43.78179],[-73.45786,43.78333],[-73.45548,43.78593],[-73.45275,43.78786],[-73.45146,43.78948],[-73.45013,43.79067],[-73.44839,43.79302],[-73.44839,43.79347],[-73.44805,43.79418],[-73.4474,43.79421],[-73.44685,43.79463],[-73.44681,43.7949],[-73.44627,43.79493],[-73.44514,43.79575],[-73.44455,43.79582],[-73.44353,43.79709],[-73.44274,43.79717],[-73.43904,43.79906],[-73.43701,43.80058],[-73.43658,43.80142],[-73.43743,43.80297],[-73.43812,43.80369],[-73.4955,43.79932],[-73.49956,43.7987],[-73.62457,43.78611],[-73.73933,43.7752],[-73.75182,43.77381],[-73.78538,43.77064],[-73.78521,43.77036],[-73.78431,43.77019],[-73.7842,43.76957],[-73.78388,43.76909],[-73.78407,43.76878],[-73.78401,43.7684],[-73.78336,43.76787],[-73.78315,43.76732],[-73.78255,43.7669],[-73.78252,43.76631],[-73.78279,43.76611],[-73.78266,43.76557],[-73.78481,43.7643],[-73.78771,43.76355],[-73.78954,43.76275],[-73.79023,43.76236],[-73.79083,43.76171],[-73.79084,43.76025],[-73.79026,43.75894],[-73.7895,43.75812],[-73.78917,43.75645],[-73.78939,43.75561],[-73.78999,43.75525],[-73.78974,43.75085],[-73.79018,43.74982],[-73.79021,43.74872],[-73.79049,43.7478],[-73.79094,43.74761],[-73.79125,43.74722],[-73.79229,43.74709],[-73.79285,43.74716],[-73.79395,43.74767],[-73.79556,43.74763],[-73.79677,43.74713],[-73.7991,43.74549],[-73.80206,43.74411],[-73.80217,43.74343],[-73.80181,43.74155],[-73.8024,43.74046],[-73.80316,43.74041],[-73.804,43.73975],[-73.80345,43.73662],[-73.80452,43.7353],[-73.80505,43.73524],[-73.80485,43.73605],[-73.80563,43.7362],[-73.80605,43.73558],[-73.806,43.73522],[-73.8072,43.73501],[-73.80799,43.73423],[-73.80836,43.73298],[-73.80785,43.73183],[-73.80808,43.73138],[-73.80769,43.7307],[-73.80788,43.72999],[-73.80878,43.72921],[-73.80974,43.72871],[-73.81076,43.72852],[-73.81061,43.72824],[-73.81144,43.72807],[-73.81187,43.72753],[-73.81175,43.72723],[-73.81075,43.72669],[-73.81022,43.72606],[-73.81064,43.72571],[-73.8108,43.72361],[-73.81106,43.72342],[-73.8114,43.72348],[-73.8121,43.72496],[-73.81252,43.72511],[-73.8132,43.72484],[-73.81363,43.72276],[-73.81349,43.72203],[-73.81452,43.7211]]]},"properties":{"GEOID":"36113076000","NAME":"Census Tract 760","STATE":"36","COUNTY":"113"}},{"type":"Feature","geometry":{"type":"Polygon","coordinates":[[[-74.22421,43.24817],[-74.21884,43.20437],[-74.21764,43.19654],[-74.21727,43.19181],[-74.21572,43.18042],[-74.21297,43.15731],[-74.21265,43.15583],[-74.21279,43.14317],[-74.2126,43.12956],[-74.16552,43.13711],[-74.12273,43.14373],[-74.12809,43.17763],[-74.13096,43.19728],[-74.13121,43.19778],[-74.13214,43.20328],[-74.13676,43.23389],[-74.14015,43.25398],[-74.2068,43.24955],[-74.22421,43.24817]]]},"properties":{"GEOID":"36035970100","NAME":"Census Tract 9701","STATE":"36","COUNTY":"035"}},{"type":"Feature","geometry":{"type":"Polygon","coordinates":[[[-73.79536,42.66798],[-73.79535,42.66762],[-73.78815,42.66533],[-73.78892,42.66459],[-73.78416,42.66187],[-73.78242,42.6635],[-73.77984,42.66269],[-73.77742,42.66493],[-73.7908,42.67265],[-73.79467,42.66903],[-73.79536,42.66798]]]},"properties":{"GEOID":"36001000502","NAME":"Census Tract 5.02","STATE":"36","COUNTY":"001"}},{"type":"Feature","geometry":{"type":"Polygon","coordinates":[[[-73.91834,42.83911],[-73.91167,42.83396],[-73.9054,42.82866],[-73.90473,42.82544],[-73.90224,42.82417],[-73.90374,42.82249],[-73.90416,42.82267],[-73.90341,42.8182],[-73.90201,42.81249],[-73.90161,42.80951],[-73.9012,42.8078],[-73.90095,42.80744],[-73.90006,42.80288],[-73.89326,42.79902],[-73.89166,42.83627],[-73.89219,42.83938],[-73.89063,42.84652],[-73.89,42.84759],[-73.88843,42.849],[-73.88798,42.85018],[-73.89057,42.85028],[-73.89594,42.85108],[-73.89987,42.85088],[-73.90346,42.84988],[-73.90766,42.84688],[-73.91031,42.84571],[-73.91296,42.8449],[-73.91436,42.84463],[-73.9151,42.84481],[-73.91718,42.8437],[-73.91478,42.84089],[-73.91834,42.83911]]]},"properties":{"GEOID":"36093032000","NAME":"Census Tract 320","STATE":"36","COUNTY":"093"}},{"type":"Feature","geometry":{"type":"Polygon","coordinates":[[[-73.89318,42.80149],[-73.89326,42.79902],[-73.88819,42.79566],[-73.88525,42.79733],[-73.88192,42.79775],[-73.87966,42.79771],[-73.86977,42.79578],[-73.86482,42.79654],[-73.86058,42.79679],[-73.85674,42.79631],[-73.85319,42.79643],[-73.85047,42.79543],[-73.85026,42.79525],[-73.84994,42.79418],[-73.84931,42.7934],[-73.84877,42.79306],[-73.84738,42.79267],[-73.84656,42.79357],[-73.8445,42.79451],[-73.84511,42.7967],[-73.8452,42.7999],[-73.84739,42.80164],[-73.84787,42.8023],[-73.84778,42.80422],[-73.84627,42.80481],[-73.85274,42.81149],[-73.85629,42.8164],[-73.85847,42.81998],[-73.86677,42.82838],[-73.87586,42.83427],[-73.87966,42.84857],[-73.88177,42.85088],[-73.88798,42.85018],[-73.88843,42.849],[-73.89,42.84759],[-73.89063,42.84652],[-73.89219,42.83938],[-73.89166,42.83627],[-73.89318,42.80149]]]},"properties":{"GEOID":"36093032101","NAME":"Census Tract 321.01","STATE":"36","COUNTY":"093"}},{"type":"Feature","geometry":{"type":"Polygon","coordinates":[[[-73.88819,42.79566],[-73.88737,42.79518],[-73.88459,42.79447],[-73.88078,42.79383],[-73.87775,42.79355],[-73.87584,42.793],[-73.86928,42.78981],[-73.86747,42.78858],[-73.86376,42.78556],[-73.86218,42.78475],[-73.85956,42.78386],[-73.85513,42.78295],[-73.84952,42.78086],[-73.83711,42.77703],[-73.82755,42.77445],[-73.82513,42.77316],[-73.8096,42.77502],[-73.80937,42.77887],[-73.82217,42.78028],[-73.82767,42.78378],[-73.82847,42.78488],[-73.82906,42.79018],[-73.83217,42.79308],[-73.84157,42.79787],[-73.84627,42.80481],[-73.84778,42.80422],[-73.84787,42.8023],[-73.84739,42.80164],[-73.8452,42.7999],[-73.84511,42.7967],[-73.84447,42.79466],[-73.84456,42.79442],[-73.84656,42.79357],[-73.84738,42.79267],[-73.84877,42.79306],[-73.84931,42.7934],[-73.84994,42.79418],[-73.85026,42.79525],[-73.85047,42.79543],[-73.85348,42.79646],[-73.85674,42.79631],[-73.86058,42.79679],[-73.86482,42.79654],[-73.86977,42.79578],[-73.87867,42.79758],[-73.88192,42.79775],[-73.88525,42.79733],[-73.88819,42.79566]]]},"properties":{"GEOID":"36093032102","NAME":"Census Tract 321.02","STATE":"36","COUNTY":"093"}},{"type":"Feature","geometry":{"type":"Polygon","coordinates":[[[-73.97369,42.83923],[-73.96671,42.82733],[-73.96432,42.82661],[-73.95977,42.82412],[-73.95662,42.8209],[-73.95351,42.82063],[-73.94977,42.81981],[-73.94882,42.81989],[-73.94188,42.82295],[-73.94305,42.82346],[-73.94643,42.83045],[-73.94738,42.83195],[-73.94867,42.83333],[-73.95142,42.83529],[-73.96155,42.84087],[-73.96034,42.84244],[-73.9607,42.84265],[-73.95959,42.84542],[-73.95724,42.84417],[-73.95666,42.84776],[-73.95682,42.84797],[-73.95672,42.84838],[-73.95907,42.84866],[-73.95836,42.85311],[-73.95982,42.85322],[-73.96172,42.84904],[-73.9626,42.84921],[-73.9635,42.8479],[-73.96381,42.84807],[-73.96538,42.84595],[-73.96612,42.84578],[-73.96715,42.84699],[-73.96986,42.84359],[-73.96251,42.83965],[-73.96467,42.83725],[-73.97369,42.83923]]]},"properties":{"GEOID":"36093032200","NAME":"Census Tract 322","STATE":"36","COUNTY":"093"}},{"type":"Feature","geometry":{"type":"Polygon","coordinates":[[[-74.01645,42.86244],[-74.01659,42.86238],[-74.01565,42.86092],[-74.0142,42.85926],[-74.01268,42.85803],[-74.01004,42.85655],[-73.9783,42.8476],[-73.97719,42.8451],[-73.97369,42.83923],[-73.96467,42.83725],[-73.96251,42.83965],[-73.96986,42.84359],[-73.96715,42.84699],[-73.96612,42.84578],[-73.96538,42.84595],[-73.96381,42.84807],[-73.9635,42.8479],[-73.9626,42.84921],[-73.96172,42.84904],[-73.95982,42.85322],[-73.95836,42.85311],[-73.95907,42.84866],[-73.95672,42.84838],[-73.95682,42.84797],[-73.95666,42.84776],[-73.95724,42.84417],[-73.95959,42.84542],[-73.9607,42.84265],[-73.96034,42.84244],[-73.96155,42.84087],[-73.95396,42.8367],[-73.95017,42.83965],[-73.9484,42.84311],[-73.94773,42.8438],[-73.94537,42.8452],[-73.94492,42.84568],[-73.94286,42.84923],[-73.94187,42.85226],[-73.93604,42.85884],[-73.93332,42.86148],[-73.93293,42.86243],[-73.93287,42.86573],[-73.93267,42.86699],[-73.93285,42.86815],[-73.93267,42.86908],[-73.94071,42.87037],[-73.94354,42.87007],[-73.9452,42.86949],[-73.94856,42.86993],[-73.94902,42.8734],[-73.9489,42.87467],[-73.94918,42.87621],[-73.94919,42.87799],[-73.95112,42.87927],[-73.95542,42.88105],[-73.95596,42.8815],[-73.95613,42.88198],[-73.95703,42.88138],[-73.95742,42.88057],[-73.96242,42.88191],[-73.96279,42.88186],[-73.96686,42.8797],[-73.96833,42.8799],[-73.96879,42.8812],[-73.96959,42.88157],[-73.97941,42.88272],[-73.97894,42.88409],[-73.99834,42.88278],[-73.99791,42.88122],[-74.00485,42.87554],[-74.00697,42.87306],[-74.0108,42.87009],[-74.01189,42.86784],[-74.01445,42.8654],[-74.01645,42.86244]]]},"properties":{"GEOID":"36093032404","NAME":"Census Tract 324.04","STATE":"36","COUNTY":"093"}},{"type":"Feature","geometry":{"type":"Polygon","coordinates":[[[-73.95926,42.89922],[-73.9586,42.8968],[-73.95447,42.89088],[-73.95455,42.88771],[-73.95096,42.88632],[-73.94712,42.88138],[-73.94919,42.87799],[-73.94918,42.87621],[-73.9489,42.87467],[-73.94902,42.8734],[-73.94856,42.86993],[-73.9452,42.86949],[-73.94354,42.87007],[-73.94071,42.87037],[-73.93267,42.86908],[-73.93021,42.87359],[-73.92995,42.8749],[-73.93037,42.87667],[-73.93002,42.878],[-73.92551,42.88547],[-73.92432,42.88808],[-73.92279,42.8901],[-73.91955,42.89375],[-73.91833,42.89476],[-73.9166,42.89542],[-73.91306,42.8963],[-73.90702,42.89999],[-73.90586,42.90114],[-73.90327,42.90429],[-73.90439,42.91116],[-73.91846,42.91036],[-73.93449,42.90553],[-73.94567,42.90065],[-73.95432,42.89743],[-73.95546,42.89731],[-73.95926,42.89922]]]},"properties":{"GEOID":"36093032503","NAME":"Census Tract 325.03","STATE":"36","COUNTY":"093"}},{"type":"Feature","geometry":{"type":"Polygon","coordinates":[[[-74.03399,42.78214],[-74.00558,42.76149],[-74.00389,42.76295],[-74.00124,42.76406],[-74.00217,42.76522],[-74.00242,42.7659],[-74.00265,42.77],[-74.00338,42.77089],[-74.00461,42.77192],[-74.00477,42.77257],[-74.00427,42.77318],[-74.00342,42.77361],[-74.00297,42.77428],[-74.00341,42.77794],[-74.00329,42.78008],[-74.00277,42.78154],[-74.00201,42.78274],[-74.00012,42.78488],[-74.0005,42.78587],[-74.00026,42.78714],[-73.99641,42.78677],[-73.99392,42.78733],[-73.99694,42.79294],[-73.99809,42.79299],[-74.0008,42.79394],[-74.00482,42.79427],[-74.01127,42.79518],[-74.01506,42.79577],[-74.01677,42.79631],[-74.01628,42.79202],[-74.02807,42.78478],[-74.03167,42.78298],[-74.03399,42.78214]]]},"properties":{"GEOID":"36093032601","NAME":"Census Tract 326.01","STATE":"36","COUNTY":"093"}},{"type":"Feature","geometry":{"type":"Polygon","coordinates":[[[-73.99906,42.79722],[-73.99972,42.79764],[-73.9973,42.79366],[-73.99699,42.7937],[-73.99694,42.79294],[-73.99392,42.78733],[-73.98237,42.78987],[-73.98021,42.79004],[-73.97571,42.78784],[-73.97332,42.78712],[-73.97105,42.78672],[-73.96943,42.78907],[-73.96825,42.79026],[-73.97378,42.79431],[-73.97632,42.79644],[-73.97935,42.79853],[-73.98324,42.80169],[-73.99339,42.79737],[-73.99557,42.79662],[-73.99691,42.79659],[-73.99906,42.79722]]]},"properties":{"GEOID":"36093032700","NAME":"Census Tract 327","STATE":"36","COUNTY":"093"}},{"type":"Feature","geometry":{"type":"Polygon","coordinates":[[[-74.34563,43.05055],[-74.34619,43.04979],[-74.33974,43.04963],[-74.33916,43.04526],[-74.33482,43.04473],[-74.3312,43.04379],[-74.32559,43.04843],[-74.32634,43.05427],[-74.32549,43.05436],[-74.32537,43.05368],[-74.32412,43.05378],[-74.32422,43.05447],[-74.32353,43.05453],[-74.32364,43.05575],[-74.32415,43.05574],[-74.3242,43.05606],[-74.32652,43.05581],[-74.32659,43.05629],[-74.32842,43.0561],[-74.32827,43.05518],[-74.33695,43.05439],[-74.33711,43.05526],[-74.33902,43.05507],[-74.33944,43.05757],[-74.34109,43.05767],[-74.34355,43.05326],[-74.34563,43.05055]]]},"properties":{"GEOID":"36035970900","NAME":"Census Tract 9709","STATE":"36","COUNTY":"035"}},{"type":"Feature","geometry":{"type":"Polygon","coordinates":[[[-74.34158,43.07],[-74.34049,43.06383],[-74.3356,43.06432],[-74.33448,43.05802],[-74.33944,43.05757],[-74.33902,43.05507],[-74.33711,43.05526],[-74.33695,43.05439],[-74.32827,43.05518],[-74.32842,43.0561],[-74.32659,43.05629],[-74.32814,43.06852],[-74.3269,43.0687],[-74.32666,43.07061],[-74.32587,43.07216],[-74.32442,43.0738],[-74.32315,43.07462],[-74.32202,43.07505],[-74.32251,43.07558],[-74.32845,43.07512],[-74.32839,43.07274],[-74.32965,43.07269],[-74.33137,43.07367],[-74.33264,43.07242],[-74.33314,43.07156],[-74.33331,43.07087],[-74.34158,43.07]]]},"properties":{"GEOID":"36035971000","NAME":"Census Tract 9710","STATE":"36","COUNTY":"035"}},{"type":"Feature","geometry":{"type":"Polygon","coordinates":[[[-74.35452,43.06455],[-74.34838,43.06365],[-74.34698,43.06326],[-74.34686,43.05481],[-74.3438,43.05504],[-74.34269,43.05479],[-74.34109,43.05767],[-74.33957,43.05756],[-74.33448,43.05802],[-74.3356,43.06432],[-74.34049,43.06383],[-74.34158,43.07],[-74.35067,43.06894],[-74.35452,43.06455]]]},"properties":{"GEOID":"36035971100","NAME":"Census Tract 9711","STATE":"36","COUNTY":"035"}},{"type":"Feature","geometry":{"type":"Polygon","coordinates":[[[-74.37303,43.01967],[-74.37325,43.01902],[-74.37073,43.01805],[-74.37218,43.01595],[-74.37293,43.01265],[-74.3727,43.00641],[-74.36882,43.00654],[-74.36852,43.00196],[-74.36543,43.00066],[-74.36435,42.99992],[-74.36341,42.99705],[-74.36713,42.99602],[-74.36602,42.99378],[-74.36423,42.994],[-74.36042,42.99824],[-74.35553,42.99844],[-74.35558,42.99871],[-74.35632,42.99895],[-74.35815,42.9991],[-74.35866,42.99846],[-74.35987,42.99887],[-74.35663,43.00252],[-74.35388,43.0153],[-74.35321,43.0156],[-74.35338,43.01646],[-74.35092,43.01758],[-74.34893,43.01822],[-74.34902,43.01878],[-74.34967,43.01875],[-74.34982,43.01928],[-74.35397,43.01897],[-74.3546,43.0246],[-74.3549,43.02436],[-74.35893,43.03399],[-74.36023,43.03549],[-74.36011,43.03529],[-74.37087,43.03273],[-74.36766,43.02836],[-74.36679,43.02685],[-74.36786,43.02362],[-74.37035,43.02451],[-74.37303,43.01967]]]},"properties":{"GEOID":"36035971200","NAME":"Census Tract 9712","STATE":"36","COUNTY":"035"}},{"type":"Feature","geometry":{"type":"Polygon","coordinates":[[[-73.80273,42.76394],[-73.80263,42.76368],[-73.7998,42.762],[-73.79865,42.76043],[-73.79809,42.75912],[-73.79728,42.75843],[-73.79708,42.75743],[-73.79521,42.7544],[-73.79353,42.75272],[-73.7934,42.75201],[-73.79373,42.75122],[-73.794,42.74952],[-73.79358,42.74856],[-73.79354,42.74787],[-73.79411,42.74692],[-73.79419,42.74639],[-73.79234,42.74161],[-73.79154,42.74007],[-73.79076,42.73937],[-73.7898,42.73879],[-73.76215,42.73684],[-73.76167,42.74535],[-73.76105,42.74779],[-73.76167,42.74858],[-73.76645,42.75178],[-73.7681,42.7527],[-73.77405,42.75537],[-73.78604,42.75965],[-73.79655,42.76266],[-73.80273,42.76394]]]},"properties":{"GEOID":"36001013507","NAME":"Census Tract 135.07","STATE":"36","COUNTY":"001"}},{"type":"Feature","geometry":{"type":"Polygon","coordinates":[[[-73.70731,42.72254],[-73.70744,42.72214],[-73.70554,42.72276],[-73.69936,42.72148],[-73.69756,42.72728],[-73.69726,42.72878],[-73.69466,42.73208],[-73.69679,42.73261],[-73.69667,42.73292],[-73.69682,42.7331],[-73.69808,42.73263],[-73.69815,42.73364],[-73.69894,42.73627],[-73.70006,42.73628],[-73.70354,42.73691],[-73.70479,42.7283],[-73.70596,42.72841],[-73.7062,42.72647],[-73.70595,42.72644],[-73.70731,42.72254]]]},"properties":{"GEOID":"36001013200","NAME":"Census Tract 132","STATE":"36","COUNTY":"001"}},{"type":"Feature","geometry":{"type":"Polygon","coordinates":[[[-73.93897,42.70008],[-73.93417,42.69788],[-73.93357,42.69558],[-73.92867,42.69258],[-73.92977,42.68998],[-73.93227,42.68948],[-73.93147,42.68808],[-73.92897,42.68818],[-73.92827,42.68858],[-73.92817,42.68918],[-73.92757,42.68998],[-73.92387,42.69188],[-73.92277,42.69208],[-73.92057,42.69099],[-73.91927,42.68953],[-73.91733,42.68839],[-73.91477,42.68763],[-73.91465,42.68719],[-73.91543,42.68594],[-73.91543,42.68534],[-73.91494,42.68458],[-73.91348,42.68345],[-73.91025,42.68246],[-73.90872,42.68295],[-73.90827,42.6829],[-73.90817,42.68279],[-73.90873,42.68179],[-73.90865,42.68127],[-73.90832,42.68085],[-73.90728,42.68057],[-73.90623,42.67876],[-73.90522,42.67979],[-73.90415,42.68159],[-73.90257,42.68301],[-73.90186,42.68397],[-73.90061,42.68895],[-73.89986,42.69011],[-73.89821,42.69111],[-73.89336,42.69251],[-73.89239,42.69301],[-73.89101,42.69407],[-73.88808,42.6976],[-73.89304,42.69883],[-73.89927,42.69931],[-73.90084,42.69963],[-73.9152,42.70583],[-73.91788,42.70657],[-73.92119,42.70711],[-73.92242,42.70769],[-73.92409,42.70649],[-73.92527,42.70597],[-73.93758,42.70308],[-73.93757,42.70268],[-73.93897,42.70008]]]},"properties":{"GEOID":"36001014615","NAME":"Census Tract 146.15","STATE":"36","COUNTY":"001"}},{"type":"Feature","geometry":{"type":"Polygon","coordinates":[[[-73.79684,42.79951],[-73.79668,42.7972],[-73.79572,42.79324],[-73.79439,42.79416],[-73.78996,42.79627],[-73.78691,42.79693],[-73.78485,42.79673],[-73.77364,42.79438],[-73.77285,42.79443],[-73.77159,42.79502],[-73.76902,42.79763],[-73.76935,42.81949],[-73.76867,42.8255],[-73.76922,42.82757],[-73.76965,42.83181],[-73.76962,42.84026],[-73.77204,42.84009],[-73.77777,42.83898],[-73.78401,42.84003],[-73.79103,42.83991],[-73.79402,42.84037],[-73.79398,42.83287],[-73.79148,42.83283],[-73.79072,42.8326],[-73.78985,42.83054],[-73.78954,42.82867],[-73.78948,42.82636],[-73.79051,42.824],[-73.79087,42.82091],[-73.79061,42.81479],[-73.79013,42.81357],[-73.79206,42.81287],[-73.79133,42.81055],[-73.79086,42.80766],[-73.79119,42.80715],[-73.79234,42.80633],[-73.79268,42.80535],[-73.7926,42.80425],[-73.79156,42.80257],[-73.79096,42.80049],[-73.79684,42.79951]]]},"properties":{"GEOID":"36091062506","NAME":"Census Tract 625.06","STATE":"36","COUNTY":"091"}},{"type":"Feature","geometry":{"type":"Polygon","coordinates":[[[-73.69946,42.74946],[-73.6994,42.74877],[-73.69879,42.74699],[-73.69743,42.74473],[-73.6967,42.74404],[-73.69551,42.74336],[-73.69452,42.74203],[-73.6936,42.74151],[-73.6937,42.74123],[-73.695,42.74109],[-73.69779,42.74003],[-73.69851,42.73918],[-73.69909,42.73736],[-73.69894,42.73627],[-73.69815,42.73364],[-73.69808,42.73263],[-73.69682,42.7331],[-73.69667,42.73292],[-73.69679,42.73261],[-73.69466,42.73208],[-73.69016,42.73528],[-73.68896,42.73828],[-73.68706,42.75168],[-73.68726,42.75248],[-73.68436,42.75788],[-73.68436,42.76078],[-73.68756,42.76068],[-73.69096,42.75878],[-73.69236,42.75828],[-73.69336,42.75838],[-73.69456,42.75908],[-73.69564,42.75863],[-73.69726,42.75708],[-73.69776,42.75599],[-73.69756,42.7543],[-73.69946,42.74946]]]},"properties":{"GEOID":"36001013100","NAME":"Census Tract 131","STATE":"36","COUNTY":"001"}},{"type":"Feature","geometry":{"type":"Polygon","coordinates":[[[-73.75659,42.76055],[-73.75665,42.76041],[-73.75475,42.75999],[-73.74106,42.75821],[-73.7374,42.75735],[-73.71619,42.75049],[-73.70434,42.74553],[-73.70286,42.74896],[-73.70216,42.75171],[-73.70526,42.75222],[-73.70417,42.75454],[-73.70296,42.75788],[-73.70605,42.75895],[-73.70963,42.76098],[-73.70994,42.76144],[-73.71037,42.76137],[-73.72333,42.76412],[-73.72391,42.7641],[-73.72484,42.76451],[-73.73118,42.76568],[-73.73172,42.766],[-73.73056,42.76906],[-73.72876,42.77132],[-73.72969,42.77364],[-73.72987,42.7751],[-73.73093,42.77809],[-73.73114,42.77919],[-73.73001,42.78487],[-73.7306,42.78508],[-73.73006,42.78758],[-73.72306,42.79217],[-73.72096,42.79288],[-73.72066,42.79238],[-73.71986,42.79248],[-73.71976,42.79208],[-73.71916,42.79168],[-73.71896,42.79128],[-73.71716,42.79058],[-73.71486,42.78898],[-73.71465,42.78938],[-73.71409,42.78957],[-73.71492,42.79106],[-73.71516,42.79278],[-73.71227,42.79377],[-73.71066,42.79408],[-73.71136,42.79518],[-73.71236,42.79598],[-73.71986,42.80128],[-73.72036,42.80228],[-73.72056,42.80308],[-73.72036,42.80418],[-73.71986,42.80488],[-73.71776,42.80628],[-73.71666,42.80818],[-73.71716,42.80928],[-73.71886,42.81028],[-73.72016,42.81148],[-73.72136,42.81308],[-73.72216,42.81968],[-73.72266,42.82068],[-73.72366,42.82148],[-73.72546,42.82228],[-73.72666,42.82258],[-73.72836,42.82228],[-73.73167,42.82131],[-73.73048,42.81877],[-73.73038,42.81775],[-73.73171,42.81248],[-73.73374,42.80702],[-73.73382,42.80557],[-73.7334,42.80078],[-73.73399,42.79613],[-73.73457,42.79399],[-73.73581,42.79209],[-73.73969,42.78736],[-73.74311,42.78469],[-73.74523,42.78235],[-73.74771,42.7791],[-73.75149,42.77551],[-73.7532,42.77196],[-73.75409,42.76765],[-73.75659,42.76055]]]},"properties":{"GEOID":"36001013503","NAME":"Census Tract 135.03","STATE":"36","COUNTY":"001"}},{"type":"Feature","geometry":{"type":"Polygon","coordinates":[[[-73.77135,42.64565],[-73.77061,42.64526],[-73.76535,42.64388],[-73.76611,42.64222],[-73.76187,42.63973],[-73.76049,42.64259],[-73.75925,42.64226],[-73.7565,42.64624],[-73.75804,42.64685],[-73.76196,42.64919],[-73.76371,42.6476],[-73.76467,42.64784],[-73.76577,42.64766],[-73.76904,42.64945],[-73.77056,42.64664],[-73.77135,42.64565]]]},"properties":{"GEOID":"36001002300","NAME":"Census Tract 23","STATE":"36","COUNTY":"001"}},{"type":"Feature","geometry":{"type":"Polygon","coordinates":[[[-73.65249,42.45674],[-73.64482,42.41296],[-73.64306,42.40256],[-73.64226,42.39646],[-73.64182,42.39572],[-73.64195,42.39544],[-73.64099,42.395],[-73.63994,42.39502],[-73.63966,42.39429],[-73.63858,42.39324],[-73.63807,42.39306],[-73.63798,42.39279],[-73.63895,42.39233],[-73.63849,42.39135],[-73.63857,42.39113],[-73.63924,42.39082],[-73.63914,42.39026],[-73.63769,42.39006],[-73.63651,42.39037],[-73.63556,42.39],[-73.63544,42.38985],[-73.6358,42.38894],[-73.63501,42.38815],[-73.63398,42.38769],[-73.63271,42.38642],[-73.63213,42.38651],[-73.63131,42.38748],[-73.63043,42.38743],[-73.63017,42.38692],[-73.63023,42.38583],[-73.6286,42.38383],[-73.62882,42.38254],[-73.62963,42.38225],[-73.62995,42.38185],[-73.62996,42.38142],[-73.62957,42.38119],[-73.62957,42.38078],[-73.63083,42.38086],[-73.63148,42.38044],[-73.63169,42.37946],[-73.63157,42.37894],[-73.63097,42.37849],[-73.6309,42.37772],[-73.63119,42.37749],[-73.63096,42.37543],[-73.63189,42.37448],[-73.63259,42.37441],[-73.63278,42.37414],[-73.63279,42.37356],[-73.63228,42.37289],[-73.63215,42.37205],[-73.63259,42.37136],[-73.63243,42.37033],[-73.633,42.36986],[-73.63273,42.36943],[-73.63201,42.3695],[-73.63187,42.36921],[-73.63238,42.36846],[-73.63258,42.3667],[-73.63308,42.3658],[-73.6164,42.36428],[-73.60233,42.36263],[-73.57719,42.36028],[-73.55603,42.35874],[-73.53662,42.35789],[-73.525,42.35709],[-73.52281,42.36284],[-73.52117,42.38074],[-73.5209,42.38846],[-73.52116,42.3985],[-73.5219,42.40575],[-73.52209,42.41133],[-73.52237,42.4325],[-73.52169,42.44285],[-73.52005,42.46078],[-73.52069,42.49221],[-73.55279,42.48838],[-73.58078,42.48471],[-73.65046,42.47771],[-73.65008,42.47659],[-73.64956,42.47608],[-73.64995,42.475],[-73.64958,42.47215],[-73.64999,42.47061],[-73.65118,42.46947],[-73.65209,42.46778],[-73.65217,42.46721],[-73.6513,42.46398],[-73.64976,42.45995],[-73.65249,42.45674]]]},"properties":{"GEOID":"36021000300","NAME":"Census Tract 3","STATE":"36","COUNTY":"021"}},{"type":"Feature","geometry":{"type":"Polygon","coordinates":[[[-73.79433,42.37718],[-73.79433,42.37508],[-73.79179,42.37121],[-73.79064,42.36496],[-73.79052,42.36323],[-73.79053,42.36143],[-73.79086,42.36023],[-73.79182,42.3589],[-73.79326,42.35619],[-73.79286,42.355],[-73.79097,42.35261],[-73.78982,42.3508],[-73.78834,42.34675],[-73.78735,42.34262],[-73.73764,42.35747],[-73.73689,42.35575],[-73.73683,42.35476],[-73.73548,42.3522],[-73.73495,42.34664],[-73.7358,42.34614],[-73.73766,42.34579],[-73.73884,42.34566],[-73.74067,42.34589],[-73.74175,42.3458],[-73.74253,42.34485],[-73.74375,42.34192],[-73.71921,42.34589],[-73.72058,42.36347],[-73.72034,42.37604],[-73.71995,42.38453],[-73.72022,42.38914],[-73.71967,42.42723],[-73.723,42.44022],[-73.71799,42.47075],[-73.74957,42.46744],[-73.78372,42.46423],[-73.7785,42.46329],[-73.77737,42.4627],[-73.77626,42.46182],[-73.77553,42.46071],[-73.77549,42.46022],[-73.77587,42.46008],[-73.77648,42.46023],[-73.77756,42.46095],[-73.77804,42.46097],[-73.77853,42.46007],[-73.77854,42.45923],[-73.77832,42.45805],[-73.77768,42.45629],[-73.77717,42.45529],[-73.77599,42.45414],[-73.77596,42.45367],[-73.77667,42.45292],[-73.77651,42.45227],[-73.77553,42.45152],[-73.7742,42.45147],[-73.77397,42.45056],[-73.77367,42.44404],[-73.77445,42.43527],[-73.77582,42.42994],[-73.77724,42.42589],[-73.78464,42.40731],[-73.78661,42.39919],[-73.7882,42.39424],[-73.79189,42.3877],[-73.79272,42.38591],[-73.79395,42.38047],[-73.79433,42.37718]]]},"properties":{"GEOID":"36021000500","NAME":"Census Tract 5","STATE":"36","COUNTY":"021"}},{"type":"Feature","geometry":{"type":"Polygon","coordinates":[[[-73.52169,42.44285],[-73.52178,42.44149],[-73.49976,42.43851],[-73.48534,42.43706],[-73.44372,42.43383],[-73.38221,42.42944],[-73.35243,42.51002],[-73.37892,42.50763],[-73.44863,42.5002],[-73.49763,42.49524],[-73.4999,42.49476],[-73.52069,42.49221],[-73.52005,42.46078],[-73.52169,42.44285]]]},"properties":{"GEOID":"36021000100","NAME":"Census Tract 1","STATE":"36","COUNTY":"021"}},{"type":"Feature","geometry":{"type":"Polygon","coordinates":[[[-74.77423,43.08227],[-74.7742,43.07847],[-74.77016,43.0749],[-74.76936,43.07228],[-74.77015,43.06915],[-74.76984,43.06568],[-74.76569,43.06235],[-74.76419,43.06165],[-74.7626,43.06031],[-74.76194,43.05942],[-74.762,43.05896],[-74.76261,43.05859],[-74.76339,43.05845],[-74.76361,43.05796],[-74.76379,43.05685],[-74.76324,43.0531],[-74.76186,43.04978],[-74.7599,43.04742],[-74.75566,43.04623],[-74.74958,43.04484],[-74.73776,43.04113],[-74.72684,43.03801],[-74.63835,43.01279],[-74.60661,43.00398],[-74.58331,42.99707],[-74.58112,42.99627],[-74.54237,42.98553],[-74.48884,42.98512],[-74.49956,43.05464],[-74.50293,43.07431],[-74.54641,43.08913],[-74.55027,43.12669],[-74.56082,43.21989],[-74.53466,43.22811],[-74.59829,43.25007],[-74.713,43.289],[-74.7077,43.25007],[-74.70765,43.24742],[-74.69615,43.17953],[-74.69628,43.17869],[-74.696,43.17786],[-74.69628,43.17564],[-74.69664,43.17485],[-74.69598,43.17418],[-74.69633,43.17352],[-74.69786,43.17318],[-74.69947,43.17245],[-74.70092,43.17217],[-74.70229,43.17129],[-74.70273,43.17133],[-74.70297,43.17169],[-74.70282,43.17218],[-74.70237,43.17254],[-74.70288,43.17308],[-74.7042,43.17283],[-74.70607,43.17311],[-74.70824,43.17253],[-74.70929,43.17186],[-74.7101,43.171],[-74.71266,43.17019],[-74.71298,43.16995],[-74.7136,43.16778],[-74.71669,43.16594],[-74.71759,43.16529],[-74.71801,43.16474],[-74.71824,43.16357],[-74.71802,43.16217],[-74.71836,43.16114],[-74.71826,43.16024],[-74.71775,43.15965],[-74.71637,43.15943],[-74.71588,43.15916],[-74.71527,43.15873],[-74.7145,43.15778],[-74.71265,43.15659],[-74.70981,43.15596],[-74.70961,43.15538],[-74.70975,43.15454],[-74.71151,43.15357],[-74.71165,43.15341],[-74.71152,43.15279],[-74.71098,43.15205],[-74.7085,43.15105],[-74.70792,43.15012],[-74.70809,43.14967],[-74.70898,43.1493],[-74.71063,43.14963],[-74.71343,43.14881],[-74.71938,43.14847],[-74.72088,43.14775],[-74.72147,43.14726],[-74.72336,43.14513],[-74.72418,43.14504],[-74.72625,43.1456],[-74.72697,43.14562],[-74.73069,43.14442],[-74.73238,43.14419],[-74.73398,43.14423],[-74.735,43.14344],[-74.73545,43.1425],[-74.73534,43.14138],[-74.73434,43.14008],[-74.73242,43.13846],[-74.73166,43.13702],[-74.7319,43.13625],[-74.73278,43.1348],[-74.73293,43.13339],[-74.73278,43.13281],[-74.73117,43.13129],[-74.73074,43.12945],[-74.73045,43.12889],[-74.72825,43.12671],[-74.72825,43.12531],[-74.73148,43.1236],[-74.73307,43.12463],[-74.73378,43.12481],[-74.73568,43.12484],[-74.73833,43.12436],[-74.73911,43.12393],[-74.73955,43.12312],[-74.73848,43.12159],[-74.73843,43.12117],[-74.73856,43.12085],[-74.73973,43.12019],[-74.74151,43.11991],[-74.74349,43.11993],[-74.74636,43.12172],[-74.74768,43.122],[-74.74921,43.12151],[-74.75096,43.12045],[-74.75427,43.12012],[-74.75612,43.11967],[-74.75793,43.11986],[-74.75872,43.11975],[-74.75895,43.11956],[-74.75902,43.11849],[-74.75837,43.11772],[-74.75727,43.11716],[-74.75695,43.11649],[-74.75778,43.11464],[-74.75852,43.11408],[-74.75969,43.11384],[-74.7616,43.11404],[-74.76427,43.11462],[-74.76647,43.11466],[-74.76786,43.1145],[-74.7692,43.11409],[-74.7699,43.11334],[-74.77015,43.1125],[-74.77,43.11201],[-74.76895,43.11094],[-74.76752,43.1102],[-74.76731,43.10974],[-74.76781,43.10897],[-74.7683,43.10751],[-74.76963,43.10548],[-74.76963,43.10455],[-74.76942,43.1041],[-74.7684,43.10285],[-74.76886,43.10199],[-74.76974,43.10158],[-74.76752,43.09645],[-74.76702,43.09612],[-74.76683,43.09572],[-74.76711,43.09477],[-74.76647,43.0935],[-74.76579,43.09307],[-74.76607,43.09178],[-74.76581,43.09013],[-74.76617,43.08953],[-74.76747,43.0889],[-74.76959,43.08836],[-74.77019,43.08792],[-74.77027,43.08728],[-74.76994,43.08573],[-74.77067,43.08504],[-74.77226,43.08451],[-74.77373,43.08338],[-74.77423,43.08227]]]},"properties":{"GEOID":"36035970500","NAME":"Census Tract 9705","STATE":"36","COUNTY":"035"}},{"type":"Feature","geometry":{"type":"Polygon","coordinates":[[[-73.65138,43.29008],[-73.64966,43.28294],[-73.64857,43.28288],[-73.63298,43.28672],[-73.62682,43.28973],[-73.62631,43.29032],[-73.62314,43.29138],[-73.62345,43.29398],[-73.62153,43.29416],[-73.62146,43.30475],[-73.62444,43.30423],[-73.62815,43.30386],[-73.63306,43.30631],[-73.63594,43.307],[-73.63773,43.30672],[-73.64106,43.30578],[-73.64276,43.30417],[-73.64186,43.29327],[-73.65066,43.28957],[-73.65138,43.29008]]]},"properties":{"GEOID":"36091060200","NAME":"Census Tract 602","STATE":"36","COUNTY":"091"}},{"type":"Feature","geometry":{"type":"Polygon","coordinates":[[[-73.72717,42.85372],[-73.72725,42.8535],[-73.72663,42.85323],[-73.72449,42.84803],[-73.72431,42.8463],[-73.72447,42.84463],[-73.72405,42.84359],[-73.72042,42.84085],[-73.71997,42.84016],[-73.71807,42.82914],[-73.71391,42.82863],[-73.71294,42.82828],[-73.70898,42.82606],[-73.7083,42.82611],[-73.70633,42.82562],[-73.65966,42.81898],[-73.66302,42.82544],[-73.66424,42.82898],[-73.66439,42.83034],[-73.66616,42.83433],[-73.66775,42.83653],[-73.66934,42.83789],[-73.67061,42.83974],[-73.67145,42.84197],[-73.67195,42.84386],[-73.6724,42.84984],[-73.67324,42.85404],[-73.67376,42.85546],[-73.6759,42.85857],[-73.67381,42.86676],[-73.67338,42.87049],[-73.67352,42.87194],[-73.67324,42.87534],[-73.67454,42.87753],[-73.67619,42.87931],[-73.67978,42.88227],[-73.68025,42.88365],[-73.68069,42.88422],[-73.68076,42.88558],[-73.68187,42.8872],[-73.68323,42.8906],[-73.68401,42.89089],[-73.68445,42.89159],[-73.68453,42.8931],[-73.68368,42.89659],[-73.68391,42.89857],[-73.68365,42.90131],[-73.68435,42.9002],[-73.68447,42.89957],[-73.68415,42.89761],[-73.68533,42.89242],[-73.68522,42.8916],[-73.68493,42.89119],[-73.686,42.89093],[-73.68633,42.89044],[-73.68568,42.88978],[-73.68539,42.88889],[-73.68609,42.88777],[-73.68687,42.88713],[-73.68987,42.88902],[-73.69003,42.88858],[-73.69087,42.88788],[-73.69448,42.88555],[-73.6968,42.88499],[-73.7115,42.88614],[-73.71398,42.88597],[-73.7165,42.88533],[-73.71794,42.88469],[-73.71974,42.8835],[-73.72086,42.88241],[-73.72189,42.88076],[-73.72552,42.87202],[-73.72609,42.87007],[-73.72633,42.86771],[-73.72677,42.85569],[-73.72717,42.85372]]]},"properties":{"GEOID":"36091062404","NAME":"Census Tract 624.04","STATE":"36","COUNTY":"091"}},{"type":"Feature","geometry":{"type":"Polygon","coordinates":[[[-74.00039,43.38685],[-73.9274,43.31591],[-73.92896,43.29592],[-73.92662,43.27142],[-73.82523,43.27892],[-73.82546,43.27981],[-73.82722,43.28343],[-73.8275,43.28457],[-73.82719,43.28916],[-73.82653,43.29333],[-73.82545,43.29576],[-73.82479,43.2991],[-73.82461,43.30427],[-73.8251,43.30493],[-73.82583,43.30535],[-73.82722,43.30548],[-73.8307,43.30491],[-73.83347,43.30487],[-73.83546,43.30568],[-73.83692,43.30661],[-73.83813,43.30853],[-73.83844,43.30986],[-73.8397,43.31233],[-73.84036,43.31315],[-73.84217,43.31438],[-73.84243,43.31474],[-73.84242,43.31693],[-73.84319,43.31885],[-73.8496,43.32413],[-73.85401,43.32498],[-73.8549,43.32531],[-73.85865,43.32812],[-73.85898,43.32902],[-73.85899,43.33032],[-73.85809,43.33221],[-73.85688,43.33356],[-73.85431,43.33482],[-73.85341,43.33651],[-73.85329,43.33775],[-73.8542,43.33925],[-73.85917,43.34296],[-73.86404,43.3455],[-73.86462,43.34668],[-73.86432,43.35184],[-73.86475,43.35418],[-73.86569,43.35522],[-73.87071,43.35789],[-73.87336,43.35974],[-73.87473,43.36121],[-73.87514,43.36192],[-73.87543,43.36388],[-73.87537,43.36512],[-73.87516,43.36572],[-73.87457,43.36683],[-73.87329,43.36794],[-73.87218,43.36922],[-73.87098,43.37252],[-73.87147,43.37425],[-73.87287,43.37683],[-73.87315,43.38043],[-73.87457,43.3845],[-73.87602,43.38541],[-73.8778,43.38719],[-73.87823,43.3882],[-73.87859,43.39079],[-73.88074,43.393],[-73.88211,43.39508],[-73.88316,43.39702],[-73.8833,43.39799],[-73.88414,43.39804],[-74.00039,43.38685]]]},"properties":{"GEOID":"36091060501","NAME":"Census Tract 605.01","STATE":"36","COUNTY":"091"}},{"type":"Feature","geometry":{"type":"Polygon","coordinates":[[[-73.67894,43.25937],[-73.67906,43.25915],[-73.67753,43.25875],[-73.67153,43.25802],[-73.66984,43.25795],[-73.6663,43.25822],[-73.65803,43.25925],[-73.65568,43.26162],[-73.61089,43.26584],[-73.61058,43.2652],[-73.60944,43.26392],[-73.60747,43.26197],[-73.60613,43.26094],[-73.60554,43.26072],[-73.60371,43.26064],[-73.60015,43.26155],[-73.5983,43.26149],[-73.59651,43.26062],[-73.59593,43.25998],[-73.59557,43.25899],[-73.59317,43.26255],[-73.59026,43.26462],[-73.59236,43.26715],[-73.59473,43.26877],[-73.596,43.26912],[-73.59968,43.26846],[-73.60066,43.2685],[-73.60098,43.26985],[-73.60044,43.27205],[-73.60024,43.27881],[-73.60004,43.27976],[-73.59714,43.28411],[-73.59497,43.29134],[-73.59273,43.29508],[-73.59063,43.29627],[-73.58922,43.29741],[-73.58855,43.29941],[-73.58882,43.30054],[-73.59219,43.304],[-73.59471,43.30593],[-73.59467,43.3057],[-73.59673,43.3064],[-73.60142,43.30672],[-73.6063,43.30647],[-73.60983,43.30654],[-73.61695,43.30525],[-73.62146,43.30475],[-73.62153,43.29416],[-73.62345,43.29398],[-73.62314,43.29138],[-73.62631,43.29032],[-73.62682,43.28973],[-73.63298,43.28672],[-73.64839,43.28289],[-73.64966,43.28294],[-73.65138,43.29008],[-73.65306,43.29127],[-73.66046,43.29057],[-73.66451,43.29086],[-73.66625,43.29151],[-73.66745,43.29174],[-73.66991,43.29118],[-73.67093,43.29056],[-73.67149,43.28968],[-73.67219,43.286],[-73.67328,43.28276],[-73.67324,43.28212],[-73.67139,43.2806],[-73.66858,43.2788],[-73.66502,43.27507],[-73.66209,43.27364],[-73.66182,43.27319],[-73.66191,43.272],[-73.6632,43.26925],[-73.66483,43.26742],[-73.66704,43.26542],[-73.6697,43.26395],[-73.6721,43.26316],[-73.67448,43.26292],[-73.67592,43.26315],[-73.6767,43.26349],[-73.67894,43.25937]]]},"properties":{"GEOID":"36091060102","NAME":"Census Tract 601.02","STATE":"36","COUNTY":"091"}},{"type":"Feature","geometry":{"type":"Polygon","coordinates":[[[-74.37633,43.05518],[-74.37663,43.05478],[-74.37593,43.05463],[-74.37623,43.05425],[-74.37525,43.05406],[-74.37508,43.05447],[-74.37436,43.05433],[-74.37453,43.05391],[-74.37342,43.05368],[-74.37326,43.0541],[-74.3729,43.05403],[-74.37307,43.05361],[-74.37277,43.05355],[-74.37261,43.05397],[-74.37155,43.05376],[-74.37167,43.05332],[-74.37138,43.05396],[-74.37109,43.0539],[-74.37082,43.05437],[-74.36948,43.0541],[-74.36961,43.05393],[-74.36913,43.05383],[-74.36854,43.05456],[-74.36446,43.05364],[-74.3663,43.05125],[-74.36523,43.0507],[-74.36296,43.05054],[-74.36136,43.05002],[-74.36159,43.04827],[-74.35741,43.0486],[-74.35686,43.04667],[-74.35351,43.04689],[-74.35293,43.04272],[-74.34992,43.04432],[-74.34641,43.04951],[-74.34363,43.05314],[-74.34269,43.05479],[-74.3438,43.05504],[-74.34686,43.05481],[-74.34698,43.06326],[-74.34838,43.06365],[-74.35452,43.06455],[-74.36259,43.05547],[-74.3649,43.05562],[-74.36687,43.05687],[-74.36547,43.05883],[-74.3725,43.06082],[-74.37661,43.05523],[-74.37633,43.05518]]]},"properties":{"GEOID":"36035970700","NAME":"Census Tract 9707","STATE":"36","COUNTY":"035"}},{"type":"Feature","geometry":{"type":"Polygon","coordinates":[[[-74.41589,42.98473],[-74.38836,42.98457],[-74.38717,42.9865],[-74.38628,42.98756],[-74.38723,42.98818],[-74.38669,42.98982],[-74.38463,42.98919],[-74.38175,42.99198],[-74.37119,42.99321],[-74.37504,42.99276],[-74.37432,42.98956],[-74.36829,42.98928],[-74.36885,42.99339],[-74.36602,42.99378],[-74.36713,42.99602],[-74.36341,42.99705],[-74.36435,42.99992],[-74.36543,43.00066],[-74.36852,43.00196],[-74.36882,43.00654],[-74.3727,43.00641],[-74.37293,43.01265],[-74.37218,43.01595],[-74.37073,43.01805],[-74.37325,43.01902],[-74.37041,43.02447],[-74.3701,43.02452],[-74.36786,43.02362],[-74.36679,43.02685],[-74.36766,43.02836],[-74.37087,43.03273],[-74.38076,43.02258],[-74.38326,43.0182],[-74.38524,43.01549],[-74.38618,43.00012],[-74.38606,43.00003],[-74.3871,43.00008],[-74.38889,42.99938],[-74.39212,42.99666],[-74.39576,42.99615],[-74.39957,42.99494],[-74.40064,42.99568],[-74.40144,42.99441],[-74.40847,42.99297],[-74.40994,42.99255],[-74.41043,42.9922],[-74.41135,42.99262],[-74.41108,42.99215],[-74.41071,42.99194],[-74.41096,42.99085],[-74.41217,42.98973],[-74.41273,42.98881],[-74.41345,42.98866],[-74.41168,42.98688],[-74.41261,42.98644],[-74.41242,42.98632],[-74.41589,42.98473]]]},"properties":{"GEOID":"36035971300","NAME":"Census Tract 9713","STATE":"36","COUNTY":"035"}},{"type":"Feature","geometry":{"type":"Polygon","coordinates":[[[-74.32237,43.21468],[-74.30428,43.09143],[-74.30143,43.09287],[-74.29922,43.09346],[-74.29714,43.0936],[-74.29235,43.09318],[-74.28776,43.09414],[-74.28618,43.095],[-74.28548,43.09516],[-74.2843,43.09507],[-74.28298,43.09435],[-74.2802,43.09329],[-74.2791,43.09469],[-74.277,43.0986],[-74.27181,43.09883],[-74.26922,43.09921],[-74.26889,43.09901],[-74.26866,43.09855],[-74.26677,43.0996],[-74.26625,43.0995],[-74.26577,43.09908],[-74.26578,43.0984],[-74.26549,43.0978],[-74.26432,43.0986],[-74.26354,43.09879],[-74.2628,43.09849],[-74.2624,43.09799],[-74.26151,43.09786],[-74.26126,43.09792],[-74.26102,43.09846],[-74.26134,43.0989],[-74.26111,43.0993],[-74.26077,43.09893],[-74.26057,43.09906],[-74.26043,43.09887],[-74.26075,43.09797],[-74.26044,43.09748],[-74.25814,43.09748],[-74.25815,43.09774],[-74.25795,43.09779],[-74.25695,43.09762],[-74.2568,43.0974],[-74.2558,43.09787],[-74.25444,43.09901],[-74.25199,43.10163],[-74.24992,43.10312],[-74.24782,43.1038],[-74.24342,43.10384],[-74.23684,43.1033],[-74.23017,43.10255],[-74.227,43.10142],[-74.22304,43.09852],[-74.22052,43.09455],[-74.21877,43.08646],[-74.21749,43.08517],[-74.21466,43.08382],[-74.2107,43.08332],[-74.20903,43.08345],[-74.21253,43.10507],[-74.21279,43.14317],[-74.21265,43.15583],[-74.21297,43.15731],[-74.21572,43.18042],[-74.21727,43.19181],[-74.21764,43.19654],[-74.21884,43.20437],[-74.2209,43.2214],[-74.32237,43.21468]]]},"properties":{"GEOID":"36035970200","NAME":"Census Tract 9702","STATE":"36","COUNTY":"035"}},{"type":"Feature","geometry":{"type":"Polygon","coordinates":[[[-73.88953,43.04097],[-73.88856,43.03811],[-73.88478,43.01294],[-73.88546,43.01036],[-73.88452,43.00311],[-73.88439,42.99916],[-73.88405,42.99798],[-73.86091,42.99991],[-73.86177,43.00786],[-73.85822,43.01029],[-73.85915,43.01043],[-73.85952,43.01068],[-73.86011,43.01215],[-73.86194,43.01392],[-73.86364,43.0151],[-73.86341,43.01547],[-73.86782,43.01861],[-73.86787,43.01984],[-73.86628,43.02324],[-73.86644,43.02597],[-73.86307,43.0258],[-73.85826,43.02505],[-73.85675,43.01515],[-73.85326,43.01451],[-73.84855,43.01491],[-73.84773,43.015],[-73.84719,43.01635],[-73.84463,43.01625],[-73.84547,43.01518],[-73.84528,43.01279],[-73.84087,43.01213],[-73.84058,43.00781],[-73.84046,43.00782],[-73.83952,43.00143],[-73.83522,43.00173],[-73.83837,43.02482],[-73.84104,43.04158],[-73.84189,43.0415],[-73.84203,43.04234],[-73.84851,43.04186],[-73.84887,43.04177],[-73.84895,43.0414],[-73.84988,43.04132],[-73.85027,43.04319],[-73.8504,43.04569],[-73.85416,43.04453],[-73.85849,43.0437],[-73.88953,43.04097]]]},"properties":{"GEOID":"36091061403","NAME":"Census Tract 614.03","STATE":"36","COUNTY":"091"}},{"type":"Feature","geometry":{"type":"Polygon","coordinates":[[[-73.9009,42.88863],[-73.89807,42.86734],[-73.89743,42.86885],[-73.89605,42.87681],[-73.89541,42.87846],[-73.89113,42.88408],[-73.88948,42.88589],[-73.88745,42.88736],[-73.88503,42.8885],[-73.8835,42.88878],[-73.88199,42.88872],[-73.87958,42.88795],[-73.87871,42.88864],[-73.87657,42.88888],[-73.875,42.88967],[-73.87194,42.88694],[-73.86975,42.88604],[-73.86177,42.88559],[-73.85447,42.88542],[-73.8509,42.88599],[-73.8365,42.89052],[-73.82461,42.8928],[-73.82191,42.89283],[-73.82249,42.8932],[-73.82174,42.8931],[-73.82135,42.89337],[-73.81879,42.89769],[-73.8185,42.89893],[-73.81922,42.90139],[-73.82358,42.90989],[-73.8221,42.91053],[-73.82184,42.91108],[-73.82201,42.91586],[-73.82249,42.91841],[-73.82292,42.92265],[-73.83084,42.92227],[-73.83461,42.9216],[-73.86699,42.91778],[-73.86766,42.91639],[-73.86798,42.91491],[-73.86864,42.91348],[-73.86862,42.91277],[-73.86901,42.91191],[-73.87415,42.90756],[-73.89707,42.89061],[-73.90077,42.88903],[-73.9009,42.88863]]]},"properties":{"GEOID":"36091062601","NAME":"Census Tract 626.01","STATE":"36","COUNTY":"091"}},{"type":"Feature","geometry":{"type":"Polygon","coordinates":[[[-73.72266,42.82068],[-73.72216,42.81968],[-73.72136,42.81308],[-73.72016,42.81148],[-73.71886,42.81028],[-73.71716,42.80928],[-73.71666,42.80818],[-73.71776,42.80628],[-73.71986,42.80488],[-73.72036,42.80418],[-73.72056,42.80308],[-73.71986,42.80128],[-73.71366,42.79698],[-73.71136,42.79518],[-73.71066,42.79408],[-73.70996,42.79338],[-73.70896,42.78768],[-73.70316,42.78248],[-73.69786,42.77878],[-73.69136,42.77578],[-73.69026,42.77548],[-73.68836,42.77548],[-73.68726,42.77708],[-73.68346,42.77911],[-73.68187,42.78096],[-73.6814,42.7819],[-73.68116,42.78298],[-73.68006,42.78358],[-73.67676,42.78328],[-73.67666,42.78368],[-73.67931,42.78637],[-73.68026,42.78708],[-73.68019,42.78749],[-73.68124,42.78891],[-73.68187,42.79023],[-73.68247,42.79024],[-73.68267,42.79045],[-73.68339,42.79061],[-73.68638,42.79047],[-73.68543,42.79321],[-73.68675,42.79608],[-73.68513,42.79701],[-73.68165,42.79601],[-73.67979,42.79486],[-73.67863,42.79474],[-73.67669,42.79552],[-73.67522,42.79664],[-73.67508,42.79603],[-73.67256,42.79538],[-73.67216,42.79618],[-73.66736,42.80018],[-73.66486,42.80048],[-73.66356,42.80088],[-73.66226,42.80198],[-73.66136,42.80298],[-73.65846,42.80908],[-73.65956,42.81288],[-73.66016,42.81678],[-73.65966,42.81898],[-73.70633,42.82562],[-73.7083,42.82611],[-73.71116,42.82562],[-73.71671,42.82426],[-73.72095,42.82384],[-73.72146,42.82238],[-73.72266,42.82068]]]},"properties":{"GEOID":"36091062700","NAME":"Census Tract 627","STATE":"36","COUNTY":"091"}},{"type":"Feature","geometry":{"type":"Polygon","coordinates":[[[-73.69508,43.38846],[-73.69348,43.38006],[-73.65219,43.3844],[-73.65098,43.38495],[-73.64753,43.38743],[-73.64454,43.39059],[-73.64146,43.39265],[-73.63908,43.39519],[-73.6375,43.396],[-73.63635,43.39628],[-73.61564,43.39814],[-73.61249,43.39879],[-73.61986,43.43715],[-73.62354,43.4578],[-73.62811,43.48167],[-73.62838,43.48168],[-73.62885,43.48232],[-73.62911,43.48227],[-73.62895,43.48448],[-73.62874,43.48483],[-73.62894,43.48639],[-73.64301,43.48645],[-73.65686,43.47477],[-73.66868,43.47933],[-73.66869,43.47909],[-73.66899,43.4796],[-73.66983,43.4796],[-73.66989,43.47981],[-73.68263,43.48475],[-73.68245,43.48443],[-73.679,43.44575],[-73.68573,43.4221],[-73.6843,43.41231],[-73.69295,43.40397],[-73.68387,43.40487],[-73.68262,43.3966],[-73.68121,43.39675],[-73.68005,43.38997],[-73.69508,43.38846]]]},"properties":{"GEOID":"36113070602","NAME":"Census Tract 706.02","STATE":"36","COUNTY":"113"}},{"type":"Feature","geometry":{"type":"Polygon","coordinates":[[[-73.699,42.91087],[-73.69926,42.91049],[-73.6943,42.90814],[-73.69233,42.90691],[-73.69119,42.90582],[-73.69006,42.90413],[-73.68871,42.90127],[-73.6884,42.90009],[-73.68851,42.89705],[-73.68889,42.89666],[-73.68895,42.8956],[-73.6898,42.89255],[-73.68987,42.88902],[-73.68687,42.88713],[-73.68609,42.88777],[-73.68538,42.88895],[-73.68568,42.88978],[-73.68633,42.89044],[-73.68625,42.89071],[-73.686,42.89093],[-73.68493,42.89119],[-73.68522,42.8916],[-73.68533,42.89242],[-73.68415,42.89761],[-73.68414,42.89821],[-73.68445,42.89901],[-73.68435,42.9002],[-73.68365,42.90131],[-73.68307,42.90378],[-73.68236,42.90544],[-73.67984,42.90854],[-73.67938,42.90946],[-73.67938,42.91128],[-73.67891,42.91221],[-73.68248,42.91228],[-73.68538,42.90938],[-73.68699,42.90981],[-73.68597,42.91183],[-73.69067,42.91309],[-73.69139,42.91131],[-73.69536,42.91202],[-73.69839,42.9117],[-73.699,42.91087]]]},"properties":{"GEOID":"36091062200","NAME":"Census Tract 622","STATE":"36","COUNTY":"091"}},{"type":"Feature","geometry":{"type":"Polygon","coordinates":[[[-73.75985,42.52943],[-73.76113,42.52632],[-73.75894,42.52631],[-73.75904,42.52616],[-73.75478,42.52577],[-73.7464,42.52658],[-73.7428,42.52839],[-73.74262,42.53297],[-73.74213,42.53318],[-73.74222,42.5346],[-73.74284,42.53472],[-73.743,42.53603],[-73.74022,42.53554],[-73.73942,42.53436],[-73.73818,42.53372],[-73.73658,42.53383],[-73.73446,42.53408],[-73.73289,42.53611],[-73.73095,42.53682],[-73.73077,42.53718],[-73.73379,42.53603],[-73.73421,42.53556],[-73.7342,42.53502],[-73.73467,42.53465],[-73.73782,42.53423],[-73.73913,42.53504],[-73.73911,42.53554],[-73.73956,42.53582],[-73.74023,42.53752],[-73.74055,42.53769],[-73.74267,42.53766],[-73.74288,42.53938],[-73.74397,42.53945],[-73.7448,42.53973],[-73.74547,42.54048],[-73.74869,42.54295],[-73.74867,42.54322],[-73.7491,42.54345],[-73.75061,42.54396],[-73.75679,42.54297],[-73.75831,42.53421],[-73.75985,42.52943]]]},"properties":{"GEOID":"36083052503","NAME":"Census Tract 525.03","STATE":"36","COUNTY":"083"}},{"type":"Feature","geometry":{"type":"Polygon","coordinates":[[[-73.62139,42.51423],[-73.62156,42.51376],[-73.62139,42.51247],[-73.61879,42.51233],[-73.61887,42.51196],[-73.61855,42.51142],[-73.61904,42.51082],[-73.61922,42.51012],[-73.61742,42.51009],[-73.61691,42.50985],[-73.6169,42.50954],[-73.6181,42.50866],[-73.61817,42.50842],[-73.61794,42.50818],[-73.61702,42.50823],[-73.61631,42.50788],[-73.61597,42.50685],[-73.61609,42.50571],[-73.61631,42.50532],[-73.61711,42.50456],[-73.61747,42.50448],[-73.61578,42.50415],[-73.61603,42.5038],[-73.6155,42.50389],[-73.61432,42.50425],[-73.61147,42.50784],[-73.61133,42.50842],[-73.60509,42.50883],[-73.60136,42.51776],[-73.60529,42.52393],[-73.60745,42.52199],[-73.60773,42.52111],[-73.60919,42.52091],[-73.61008,42.52053],[-73.6117,42.52052],[-73.61171,42.51965],[-73.6114,42.51901],[-73.61166,42.51807],[-73.6112,42.51734],[-73.61205,42.51717],[-73.61255,42.51734],[-73.61342,42.51704],[-73.61421,42.51744],[-73.61466,42.51807],[-73.61531,42.51802],[-73.61564,42.51717],[-73.61701,42.51742],[-73.61971,42.51595],[-73.62112,42.51489],[-73.62139,42.51423]]]},"properties":{"GEOID":"36083052602","NAME":"Census Tract 526.02","STATE":"36","COUNTY":"083"}},{"type":"Feature","geometry":{"type":"Polygon","coordinates":[[[-73.50807,42.4949],[-73.50846,42.49373],[-73.4999,42.49476],[-73.49763,42.49524],[-73.44863,42.5002],[-73.37892,42.50763],[-73.35243,42.51002],[-73.31251,42.61771],[-73.37449,42.61308],[-73.38623,42.6119],[-73.46721,42.60603],[-73.47623,42.58099],[-73.48393,42.56148],[-73.49712,42.52531],[-73.50171,42.51356],[-73.50284,42.50997],[-73.50559,42.50275],[-73.50807,42.4949]]]},"properties":{"GEOID":"36083052603","NAME":"Census Tract 526.03","STATE":"36","COUNTY":"083"}},{"type":"Feature","geometry":{"type":"Polygon","coordinates":[[[-73.68204,42.71885],[-73.68227,42.71847],[-73.67481,42.71591],[-73.67192,42.71434],[-73.67117,42.71347],[-73.67068,42.71191],[-73.66969,42.71067],[-73.66355,42.70943],[-73.66108,42.70621],[-73.65706,42.70217],[-73.65471,42.70128],[-73.65267,42.70001],[-73.65285,42.70238],[-73.65326,42.70417],[-73.65315,42.70485],[-73.65553,42.71895],[-73.65638,42.71868],[-73.65695,42.71877],[-73.65713,42.71899],[-73.65707,42.71985],[-73.65662,42.72028],[-73.6562,42.72199],[-73.65629,42.72269],[-73.65944,42.72356],[-73.66033,42.72347],[-73.66107,42.72298],[-73.6614,42.72202],[-73.66147,42.72089],[-73.66177,42.72075],[-73.66289,42.72157],[-73.66343,42.72299],[-73.664,42.72323],[-73.66478,42.72321],[-73.66504,42.72295],[-73.66538,42.72162],[-73.66647,42.72068],[-73.66736,42.72033],[-73.66902,42.72009],[-73.67019,42.72017],[-73.67043,42.72058],[-73.67011,42.72112],[-73.67155,42.72175],[-73.67348,42.72187],[-73.6754,42.72172],[-73.67519,42.72096],[-73.67532,42.72089],[-73.67738,42.72075],[-73.67849,42.72008],[-73.67945,42.71974],[-73.68124,42.71992],[-73.68177,42.71955],[-73.68204,42.71885]]]},"properties":{"GEOID":"36083041200","NAME":"Census Tract 412","STATE":"36","COUNTY":"083"}},{"type":"Feature","geometry":{"type":"Polygon","coordinates":[[[-73.67813,42.72671],[-73.67847,42.72574],[-73.67398,42.72489],[-73.67443,42.72364],[-73.67643,42.72402],[-73.67646,42.72218],[-73.67569,42.72209],[-73.6754,42.72172],[-73.67348,42.72187],[-73.67155,42.72175],[-73.67011,42.72112],[-73.67043,42.72058],[-73.67019,42.72017],[-73.66866,42.72013],[-73.66708,42.72039],[-73.66647,42.72068],[-73.66526,42.72181],[-73.66494,42.72311],[-73.66417,42.72325],[-73.66336,42.72294],[-73.66283,42.72149],[-73.66208,42.72086],[-73.66162,42.72076],[-73.661,42.72308],[-73.66012,42.72355],[-73.65944,42.72356],[-73.65623,42.72263],[-73.6562,42.72199],[-73.65662,42.72028],[-73.65707,42.71985],[-73.65713,42.71899],[-73.65695,42.71877],[-73.65638,42.71868],[-73.65553,42.71895],[-73.65622,42.72345],[-73.65682,42.73062],[-73.6567,42.73188],[-73.65814,42.73966],[-73.66069,42.73853],[-73.6633,42.73769],[-73.66442,42.73756],[-73.67492,42.73897],[-73.67806,42.72792],[-73.67813,42.72671]]]},"properties":{"GEOID":"36083041300","NAME":"Census Tract 413","STATE":"36","COUNTY":"083"}},{"type":"Feature","geometry":{"type":"Polygon","coordinates":[[[-73.65164,43.32508],[-73.6512,43.32263],[-73.6464,43.31132],[-73.64649,43.31086],[-73.64401,43.30951],[-73.64364,43.31357],[-73.64034,43.31359],[-73.64105,43.31726],[-73.63089,43.31808],[-73.62177,43.31686],[-73.6227,43.32188],[-73.63037,43.32106],[-73.63155,43.3271],[-73.65164,43.32508]]]},"properties":{"GEOID":"36113070400","NAME":"Census Tract 704","STATE":"36","COUNTY":"113"}},{"type":"Feature","geometry":{"type":"Polygon","coordinates":[[[-73.64397,43.30983],[-73.64401,43.30951],[-73.6426,43.30797],[-73.64106,43.30578],[-73.6368,43.30694],[-73.63526,43.30691],[-73.63306,43.30631],[-73.62815,43.30386],[-73.61958,43.30496],[-73.62177,43.31686],[-73.63089,43.31808],[-73.64105,43.31726],[-73.64034,43.31359],[-73.64364,43.31357],[-73.64397,43.30983]]]},"properties":{"GEOID":"36113070500","NAME":"Census Tract 705","STATE":"36","COUNTY":"113"}},{"type":"Feature","geometry":{"type":"Polygon","coordinates":[[[-73.75081,43.53385],[-73.75068,43.53353],[-73.74897,43.53345],[-73.74824,43.53303],[-73.74829,43.53259],[-73.74939,43.53095],[-73.74912,43.52971],[-73.74937,43.52861],[-73.749,43.52832],[-73.74738,43.5285],[-73.74661,43.52731],[-73.7453,43.52718],[-73.74506,43.52696],[-73.74533,43.52672],[-73.74732,43.52661],[-73.74764,43.52624],[-73.74742,43.52559],[-73.74564,43.52447],[-73.74559,43.52422],[-73.74588,43.52373],[-73.74749,43.52318],[-73.7483,43.52347],[-73.74888,43.52411],[-73.74924,43.52411],[-73.74949,43.52385],[-73.74916,43.52332],[-73.74825,43.52271],[-73.74719,43.52231],[-73.74556,43.52216],[-73.74532,43.52196],[-73.7454,43.52169],[-73.74643,43.52144],[-73.74753,43.5215],[-73.74856,43.52223],[-73.74917,43.52229],[-73.7502,43.52198],[-73.75063,43.52145],[-73.7506,43.52091],[-73.75015,43.5206],[-73.74614,43.51989],[-73.7463,43.51954],[-73.74704,43.51901],[-73.74907,43.51813],[-73.74921,43.51792],[-73.74902,43.51764],[-73.74824,43.51752],[-73.74638,43.51805],[-73.74611,43.51794],[-73.74609,43.5176],[-73.74725,43.51687],[-73.74923,43.51619],[-73.74943,43.51581],[-73.74902,43.51527],[-73.74842,43.51506],[-73.74653,43.51538],[-73.74583,43.51522],[-73.74577,43.51469],[-73.74741,43.51206],[-73.74845,43.50998],[-73.74651,43.50922],[-73.72915,43.50249],[-73.72309,43.50069],[-73.72194,43.50008],[-73.66989,43.47981],[-73.66983,43.4796],[-73.66899,43.4796],[-73.66869,43.47909],[-73.66868,43.47933],[-73.65686,43.47477],[-73.64301,43.48645],[-73.62894,43.48639],[-73.62989,43.48777],[-73.6302,43.48784],[-73.63052,43.48825],[-73.63043,43.48915],[-73.63202,43.49126],[-73.63228,43.49195],[-73.63194,43.49288],[-73.63236,43.49336],[-73.6322,43.4938],[-73.63236,43.49403],[-73.6331,43.49474],[-73.6335,43.49454],[-73.63422,43.49507],[-73.6348,43.49605],[-73.63592,43.49603],[-73.63677,43.49693],[-73.63655,43.49699],[-73.63672,43.49744],[-73.636,43.49832],[-73.63471,43.49831],[-73.63372,43.4975],[-73.63253,43.49704],[-73.63177,43.49711],[-73.63164,43.49733],[-73.63326,43.49816],[-73.63362,43.49852],[-73.63593,43.49946],[-73.63621,43.49982],[-73.63621,43.50013],[-73.63513,43.5016],[-73.63503,43.5024],[-73.63471,43.50218],[-73.63414,43.50071],[-73.63313,43.50063],[-73.63246,43.50123],[-73.63244,43.50155],[-73.63346,43.50203],[-73.63335,43.50257],[-73.6328,43.50241],[-73.6327,43.50254],[-73.63326,43.50531],[-73.63286,43.50531],[-73.63148,43.50456],[-73.63124,43.50459],[-73.63199,43.50584],[-73.63248,43.5062],[-73.63327,43.50783],[-73.63284,43.50882],[-73.63215,43.50954],[-73.63248,43.5104],[-73.63235,43.51199],[-73.63176,43.51309],[-73.63174,43.51396],[-73.63084,43.51474],[-73.63079,43.51527],[-73.63025,43.51598],[-73.62948,43.51749],[-73.62943,43.51799],[-73.6289,43.51881],[-73.62857,43.51893],[-73.62815,43.51881],[-73.62795,43.51933],[-73.62762,43.51905],[-73.62699,43.51922],[-73.62686,43.51944],[-73.62707,43.51995],[-73.62693,43.52012],[-73.62657,43.51981],[-73.62652,43.51945],[-73.62615,43.51921],[-73.62582,43.51924],[-73.62583,43.51958],[-73.62511,43.51914],[-73.62518,43.5194],[-73.62571,43.5197],[-73.62599,43.51966],[-73.62661,43.52017],[-73.62683,43.5213],[-73.62654,43.52162],[-73.62599,43.52177],[-73.62517,43.52147],[-73.62417,43.52147],[-73.62376,43.52085],[-73.62333,43.52092],[-73.62343,43.52049],[-73.62396,43.52044],[-73.62435,43.52015],[-73.62383,43.51989],[-73.62388,43.51926],[-73.62367,43.51908],[-73.62342,43.51925],[-73.62218,43.51909],[-73.62162,43.51919],[-73.62065,43.51977],[-73.62003,43.52042],[-73.61928,43.52038],[-73.61896,43.52058],[-73.6189,43.52382],[-73.61873,43.52419],[-73.61897,43.52537],[-73.61875,43.526],[-73.61895,43.52894],[-73.61824,43.53001],[-73.61796,43.53453],[-73.61746,43.53533],[-73.61698,43.53709],[-73.61707,43.53732],[-73.61586,43.53821],[-73.61578,43.53858],[-73.61476,43.5395],[-73.61472,43.53988],[-73.61595,43.53945],[-73.61574,43.54032],[-73.61471,43.54084],[-73.61419,43.54167],[-73.61344,43.54198],[-73.61284,43.5418],[-73.61221,43.54242],[-73.61156,43.54385],[-73.61156,43.5446],[-73.61191,43.54454],[-73.61218,43.54473],[-73.61194,43.54509],[-73.6119,43.54595],[-73.61158,43.5463],[-73.61128,43.54631],[-73.61145,43.54542],[-73.61127,43.54518],[-73.61037,43.54592],[-73.61023,43.54673],[-73.60923,43.54813],[-73.60944,43.54879],[-73.6088,43.55039],[-73.60834,43.55095],[-73.60757,43.55124],[-73.60699,43.55187],[-73.60694,43.55246],[-73.6074,43.55302],[-73.60864,43.55377],[-73.60947,43.55364],[-73.60951,43.55381],[-73.60904,43.55424],[-73.61013,43.55542],[-73.61082,43.55571],[-73.61108,43.55527],[-73.61147,43.55521],[-73.61195,43.55543],[-73.61227,43.55532],[-73.6124,43.555],[-73.61281,43.5549],[-73.61315,43.55511],[-73.61324,43.5555],[-73.61288,43.55595],[-73.61356,43.5562],[-73.61413,43.55611],[-73.61439,43.5568],[-73.61412,43.55711],[-73.6142,43.5578],[-73.61295,43.55874],[-73.61222,43.5587],[-73.61167,43.55975],[-73.61101,43.5605],[-73.61098,43.56107],[-73.61195,43.56181],[-73.61198,43.56218],[-73.61237,43.56228],[-73.61258,43.56276],[-73.61319,43.5628],[-73.61319,43.56306],[-73.61258,43.56343],[-73.61194,43.5635],[-73.61163,43.56393],[-73.61109,43.56388],[-73.61072,43.56445],[-73.60964,43.56462],[-73.60917,43.56455],[-73.6088,43.5636],[-73.6075,43.56378],[-73.60683,43.56536],[-73.60593,43.56642],[-73.60606,43.5667],[-73.60683,43.56679],[-73.6068,43.56708],[-73.60565,43.56756],[-73.60488,43.56748],[-73.60428,43.56793],[-73.60396,43.56796],[-73.60336,43.56763],[-73.60327,43.56776],[-73.60352,43.56816],[-73.60303,43.56846],[-73.60286,43.56842],[-73.60273,43.56801],[-73.60199,43.56799],[-73.60164,43.56722],[-73.60062,43.56727],[-73.59924,43.56783],[-73.59818,43.56746],[-73.593,43.56865],[-73.5927,43.56842],[-73.59218,43.56842],[-73.58883,43.56942],[-73.58762,43.57154],[-73.58681,43.57176],[-73.58504,43.57184],[-73.58462,43.57214],[-73.58477,43.57265],[-73.5832,43.57339],[-73.58301,43.57335],[-73.58293,43.57298],[-73.58234,43.57307],[-73.58246,43.5741],[-73.58178,43.57405],[-73.58188,43.57365],[-73.58163,43.5734],[-73.58086,43.57371],[-73.58038,43.57459],[-73.58026,43.57545],[-73.58039,43.57683],[-73.57992,43.57714],[-73.57928,43.57711],[-73.57885,43.5767],[-73.57793,43.577],[-73.57713,43.57943],[-73.57772,43.57965],[-73.57783,43.57996],[-73.57814,43.57994],[-73.58001,43.57912],[-73.58055,43.57908],[-73.58087,43.57873],[-73.58192,43.5786],[-73.58209,43.57891],[-73.58154,43.57914],[-73.58161,43.57977],[-73.58195,43.58007],[-73.58156,43.58058],[-73.58152,43.581],[-73.58071,43.58103],[-73.58063,43.58199],[-73.58042,43.5821],[-73.58011,43.58186],[-73.58008,43.58214],[-73.57965,43.58219],[-73.57922,43.5817],[-73.57893,43.5817],[-73.57883,43.58235],[-73.5784,43.58279],[-73.57724,43.58258],[-73.57749,43.58128],[-73.57719,43.58115],[-73.5758,43.5817],[-73.57554,43.58209],[-73.57505,43.58213],[-73.57515,43.58233],[-73.57643,43.58257],[-73.57618,43.5835],[-73.57565,43.58371],[-73.57528,43.58349],[-73.57404,43.58333],[-73.57426,43.58397],[-73.57407,43.58491],[-73.57339,43.585],[-73.57257,43.58465],[-73.57205,43.58507],[-73.57193,43.58576],[-73.57235,43.58636],[-73.57197,43.58661],[-73.57174,43.58721],[-73.57055,43.58749],[-73.56959,43.58803],[-73.5697,43.58835],[-73.56957,43.58872],[-73.56976,43.58895],[-73.56924,43.58939],[-73.56915,43.5901],[-73.56891,43.59031],[-73.56833,43.59035],[-73.56819,43.5906],[-73.5668,43.59063],[-73.56606,43.59136],[-73.56578,43.59197],[-73.56635,43.59298],[-73.56624,43.59462],[-73.5652,43.59581],[-73.56563,43.59661],[-73.5651,43.59732],[-73.5652,43.59778],[-73.56503,43.59815],[-73.56425,43.59836],[-73.56468,43.59774],[-73.56447,43.59756],[-73.56406,43.5977],[-73.56312,43.5989],[-73.56112,43.60057],[-73.56038,43.60081],[-73.5596,43.60197],[-73.5574,43.60294],[-73.55714,43.60323],[-73.55704,43.60382],[-73.55591,43.60454],[-73.55519,43.60465],[-73.55546,43.60523],[-73.55503,43.60612],[-73.55528,43.60643],[-73.55534,43.60726],[-73.55435,43.60805],[-73.55344,43.60793],[-73.55356,43.60837],[-73.55338,43.60862],[-73.55374,43.60897],[-73.55345,43.60984],[-73.55321,43.61],[-73.55262,43.60991],[-73.55071,43.61102],[-73.55021,43.61142],[-73.55016,43.6117],[-73.54993,43.61152],[-73.5496,43.61168],[-73.54949,43.61227],[-73.54902,43.61288],[-73.54837,43.61461],[-73.54754,43.61502],[-73.5471,43.6163],[-73.54529,43.61751],[-73.54507,43.61791],[-73.5442,43.61814],[-73.5428,43.62128],[-73.53904,43.62567],[-73.53836,43.62615],[-73.53756,43.62641],[-73.53699,43.62708],[-73.53647,43.62727],[-73.53604,43.62713],[-73.53506,43.62811],[-73.53253,43.62971],[-73.53188,43.63065],[-73.53023,43.63165],[-73.5297,43.63218],[-73.52858,43.63273],[-73.52815,43.63391],[-73.52708,43.63528],[-73.52714,43.63589],[-73.52679,43.63601],[-73.52584,43.63563],[-73.52555,43.63573],[-73.52535,43.63607],[-73.60251,43.66636],[-73.63265,43.67838],[-73.63196,43.67089],[-73.63573,43.66868],[-73.63782,43.66784],[-73.6401,43.66623],[-73.64635,43.66252],[-73.68542,43.64004],[-73.71527,43.63199],[-73.72489,43.62915],[-73.73066,43.62786],[-73.74233,43.62482],[-73.74636,43.62371],[-73.74698,43.62309],[-73.74713,43.62242],[-73.74661,43.62072],[-73.74429,43.61999],[-73.7443,43.61981],[-73.7454,43.61922],[-73.74559,43.6188],[-73.74554,43.61776],[-73.74514,43.61703],[-73.74454,43.61653],[-73.74314,43.61656],[-73.74284,43.61632],[-73.74208,43.61529],[-73.74171,43.61392],[-73.73903,43.6114],[-73.73764,43.60983],[-73.73689,43.60941],[-73.73589,43.60938],[-73.73499,43.60877],[-73.73373,43.60859],[-73.73059,43.60726],[-73.7283,43.60484],[-73.72688,43.60234],[-73.72729,43.60113],[-73.72835,43.60043],[-73.72925,43.59872],[-73.72958,43.59735],[-73.73,43.59653],[-73.73084,43.59546],[-73.73173,43.59529],[-73.73201,43.59458],[-73.73086,43.5933],[-73.72861,43.5932],[-73.72826,43.59257],[-73.72837,43.5919],[-73.72868,43.59143],[-73.73037,43.59012],[-73.73081,43.58927],[-73.73039,43.58799],[-73.73097,43.58632],[-73.73076,43.58483],[-73.73094,43.58365],[-73.73029,43.58083],[-73.73139,43.57798],[-73.73018,43.57404],[-73.73063,43.57158],[-73.73092,43.56855],[-73.73072,43.56648],[-73.73142,43.56601],[-73.73196,43.56455],[-73.73211,43.56333],[-73.73249,43.56269],[-73.73306,43.56262],[-73.734,43.56302],[-73.7356,43.56298],[-73.73679,43.56246],[-73.73863,43.56062],[-73.73888,43.55999],[-73.73889,43.55889],[-73.73792,43.55609],[-73.73841,43.55506],[-73.739,43.55488],[-73.74008,43.55499],[-73.7401,43.5563],[-73.7399,43.55693],[-73.74016,43.55735],[-73.74137,43.55734],[-73.74217,43.55693],[-73.74238,43.55601],[-73.74206,43.55541],[-73.73985,43.55413],[-73.73874,43.55376],[-73.73851,43.55329],[-73.73875,43.55297],[-73.73946,43.55285],[-73.73978,43.55243],[-73.74045,43.55017],[-73.74185,43.54893],[-73.74241,43.5475],[-73.74233,43.54683],[-73.74191,43.54646],[-73.74097,43.54635],[-73.7406,43.54666],[-73.74038,43.54748],[-73.73986,43.54777],[-73.73867,43.54804],[-73.7384,43.54787],[-73.73829,43.54749],[-73.74006,43.54526],[-73.74237,43.54426],[-73.74286,43.54429],[-73.7431,43.54451],[-73.74314,43.5454],[-73.74345,43.54562],[-73.74427,43.54535],[-73.74464,43.54497],[-73.74489,43.54406],[-73.74559,43.54343],[-73.74577,43.54285],[-73.74351,43.54174],[-73.74326,43.54127],[-73.7434,43.54073],[-73.74444,43.5406],[-73.74572,43.54117],[-73.74669,43.54129],[-73.74737,43.54119],[-73.74798,43.54072],[-73.74802,43.5402],[-73.74737,43.53952],[-73.74719,43.53899],[-73.74762,43.53793],[-73.74757,43.53746],[-73.74695,43.53677],[-73.74676,43.53588],[-73.74599,43.53522],[-73.7459,43.5347],[-73.74747,43.53356],[-73.74802,43.53364],[-73.74937,43.53436],[-73.75027,43.53434],[-73.75081,43.53385]]]},"properties":{"GEOID":"36113078000","NAME":"Census Tract 780","STATE":"36","COUNTY":"113"}},{"type":"Feature","geometry":{"type":"Polygon","coordinates":[[[-73.88537,43.40288],[-73.88501,43.40155],[-73.88344,43.39858],[-73.8833,43.39799],[-73.81964,43.40389],[-73.75297,43.40974],[-73.76406,43.48881],[-73.76251,43.48788],[-73.76129,43.48768],[-73.76048,43.48841],[-73.76034,43.48892],[-73.76055,43.48924],[-73.76216,43.48994],[-73.7623,43.49055],[-73.76203,43.49086],[-73.75978,43.49184],[-73.75879,43.49144],[-73.75762,43.4905],[-73.75712,43.49051],[-73.756,43.49113],[-73.75537,43.49171],[-73.75524,43.4923],[-73.75601,43.49334],[-73.75603,43.49382],[-73.75565,43.49428],[-73.75438,43.49481],[-73.75422,43.49504],[-73.75519,43.49587],[-73.75556,43.49669],[-73.75514,43.49705],[-73.75431,43.4973],[-73.75396,43.49781],[-73.75484,43.5],[-73.75513,43.50127],[-73.75586,43.50256],[-73.75579,43.50326],[-73.75414,43.50494],[-73.75348,43.50608],[-73.75306,43.50632],[-73.75212,43.50631],[-73.75179,43.50543],[-73.75112,43.50501],[-73.75029,43.505],[-73.7498,43.50525],[-73.74929,43.50613],[-73.74854,43.50979],[-73.74741,43.51206],[-73.74577,43.51469],[-73.74598,43.51534],[-73.74822,43.51503],[-73.74902,43.51527],[-73.74943,43.51581],[-73.74923,43.51619],[-73.74725,43.51687],[-73.74609,43.5176],[-73.74611,43.51794],[-73.74638,43.51805],[-73.74824,43.51752],[-73.74902,43.51764],[-73.74921,43.51792],[-73.74907,43.51813],[-73.74704,43.51901],[-73.7463,43.51954],[-73.74616,43.51994],[-73.75015,43.5206],[-73.75051,43.52079],[-73.75065,43.52112],[-73.75035,43.52187],[-73.7494,43.52227],[-73.74856,43.52223],[-73.74787,43.52167],[-73.74708,43.52143],[-73.74535,43.52174],[-73.74536,43.52204],[-73.74571,43.52221],[-73.74719,43.52231],[-73.74825,43.52271],[-73.74916,43.52332],[-73.74949,43.52385],[-73.74924,43.52411],[-73.74888,43.52411],[-73.7483,43.52347],[-73.74749,43.52318],[-73.74588,43.52373],[-73.74559,43.52422],[-73.74564,43.52447],[-73.74742,43.52559],[-73.74764,43.52624],[-73.74732,43.52661],[-73.74533,43.52672],[-73.74506,43.52696],[-73.7453,43.52718],[-73.74661,43.52731],[-73.74738,43.5285],[-73.749,43.52832],[-73.74937,43.52861],[-73.74912,43.52971],[-73.74939,43.53095],[-73.74821,43.53292],[-73.74844,43.53324],[-73.74897,43.53345],[-73.75068,43.53353],[-73.75079,43.53395],[-73.75027,43.53434],[-73.74937,43.53436],[-73.74802,43.53364],[-73.74747,43.53356],[-73.7459,43.5347],[-73.74599,43.53522],[-73.74676,43.53588],[-73.74695,43.53677],[-73.74757,43.53746],[-73.74762,43.53793],[-73.74719,43.53899],[-73.74737,43.53952],[-73.74802,43.5402],[-73.74798,43.54072],[-73.74737,43.54119],[-73.74669,43.54129],[-73.74572,43.54117],[-73.74444,43.5406],[-73.7434,43.54073],[-73.74326,43.54127],[-73.74351,43.54174],[-73.74577,43.54285],[-73.74559,43.54343],[-73.74489,43.54406],[-73.74464,43.54497],[-73.74427,43.54535],[-73.74345,43.54562],[-73.74314,43.5454],[-73.7431,43.54451],[-73.74286,43.54429],[-73.74237,43.54426],[-73.74006,43.54526],[-73.73829,43.54749],[-73.7384,43.54787],[-73.73867,43.54804],[-73.73986,43.54777],[-73.74038,43.54748],[-73.7406,43.54666],[-73.74097,43.54635],[-73.74191,43.54646],[-73.74233,43.54683],[-73.74241,43.5475],[-73.74185,43.54893],[-73.74045,43.55017],[-73.73978,43.55243],[-73.73946,43.55285],[-73.73875,43.55297],[-73.73851,43.55329],[-73.73874,43.55376],[-73.73985,43.55413],[-73.74206,43.55541],[-73.74238,43.55601],[-73.74217,43.55693],[-73.74137,43.55734],[-73.74016,43.55735],[-73.7399,43.55693],[-73.7401,43.5563],[-73.74008,43.55499],[-73.739,43.55488],[-73.73841,43.55506],[-73.73792,43.55609],[-73.73889,43.55889],[-73.73888,43.55999],[-73.73863,43.56062],[-73.73679,43.56246],[-73.7356,43.56298],[-73.734,43.56302],[-73.73306,43.56262],[-73.73249,43.56269],[-73.73211,43.56333],[-73.73196,43.56455],[-73.73142,43.56601],[-73.73072,43.56648],[-73.73092,43.56855],[-73.73063,43.57158],[-73.73018,43.57404],[-73.73139,43.57798],[-73.73029,43.58083],[-73.73094,43.58365],[-73.73076,43.58483],[-73.73097,43.58632],[-73.73039,43.58799],[-73.73081,43.58927],[-73.73037,43.59012],[-73.72868,43.59143],[-73.72837,43.5919],[-73.72826,43.59257],[-73.72861,43.5932],[-73.73086,43.5933],[-73.73201,43.59458],[-73.73173,43.59529],[-73.73084,43.59546],[-73.73,43.59653],[-73.72958,43.59735],[-73.72925,43.59872],[-73.72835,43.60043],[-73.72729,43.60113],[-73.72688,43.60234],[-73.7283,43.60484],[-73.73059,43.60726],[-73.73373,43.60859],[-73.73499,43.60877],[-73.73589,43.60938],[-73.73689,43.60941],[-73.73764,43.60983],[-73.73903,43.6114],[-73.74171,43.61392],[-73.74208,43.61529],[-73.74284,43.61632],[-73.74314,43.61656],[-73.74454,43.61653],[-73.74527,43.61721],[-73.74562,43.61812],[-73.74553,43.619],[-73.74529,43.61932],[-73.7443,43.61981],[-73.74429,43.61999],[-73.74661,43.62072],[-73.74717,43.62274],[-73.74572,43.62467],[-73.74591,43.62587],[-73.74556,43.62663],[-73.7464,43.62806],[-73.74649,43.62869],[-73.7445,43.63161],[-73.74453,43.63203],[-73.74486,43.6325],[-73.78715,43.60922],[-73.79704,43.6032],[-73.79873,43.60272],[-73.85544,43.57123],[-73.85541,43.56931],[-73.85484,43.56686],[-73.85436,43.56613],[-73.85296,43.56499],[-73.84889,43.56328],[-73.84418,43.56222],[-73.8407,43.56059],[-73.83694,43.55854],[-73.8353,43.55688],[-73.83356,43.55576],[-73.83218,43.55284],[-73.83199,43.55183],[-73.83094,43.54932],[-73.83015,43.54828],[-73.82744,43.5458],[-73.8268,43.54386],[-73.82616,43.54295],[-73.82619,43.54031],[-73.82656,43.53945],[-73.82665,43.53735],[-73.82606,43.53694],[-73.82541,43.53604],[-73.82393,43.53547],[-73.8218,43.53314],[-73.82148,43.53258],[-73.82115,43.53058],[-73.8195,43.526],[-73.81677,43.5215],[-73.81667,43.51937],[-73.8174,43.5172],[-73.81752,43.5156],[-73.81658,43.5144],[-73.81222,43.51128],[-73.81023,43.50749],[-73.80941,43.50416],[-73.80827,43.50229],[-73.80627,43.50007],[-73.80578,43.49928],[-73.8055,43.49696],[-73.80568,43.49606],[-73.80708,43.49298],[-73.80743,43.4912],[-73.80797,43.48961],[-73.80795,43.48732],[-73.8084,43.48651],[-73.80963,43.48555],[-73.81374,43.48403],[-73.81505,43.48281],[-73.8155,43.48158],[-73.81629,43.48079],[-73.81693,43.48044],[-73.82306,43.47853],[-73.82586,43.47708],[-73.83015,43.47715],[-73.83868,43.47318],[-73.83966,43.47291],[-73.84234,43.47125],[-73.8441,43.46909],[-73.84547,43.46816],[-73.84627,43.46722],[-73.84669,43.4658],[-73.84688,43.4636],[-73.84814,43.46137],[-73.85005,43.4603],[-73.85086,43.45951],[-73.85154,43.45915],[-73.85169,43.45877],[-73.85145,43.45795],[-73.85041,43.45665],[-73.85039,43.45592],[-73.85162,43.45472],[-73.85689,43.45208],[-73.85991,43.44653],[-73.8618,43.4444],[-73.86367,43.44312],[-73.86747,43.4417],[-73.8687,43.44089],[-73.86898,43.44025],[-73.86895,43.43948],[-73.86838,43.43753],[-73.86741,43.43567],[-73.86699,43.43351],[-73.86771,43.42935],[-73.86827,43.42855],[-73.86969,43.42741],[-73.87464,43.42461],[-73.87553,43.42354],[-73.88025,43.4195],[-73.88062,43.41856],[-73.8806,43.41793],[-73.88013,43.41718],[-73.8791,43.41642],[-73.87682,43.41576],[-73.87518,43.41396],[-73.87507,43.41339],[-73.87612,43.4111],[-73.87738,43.40948],[-73.88082,43.40666],[-73.88451,43.40479],[-73.88514,43.40395],[-73.88537,43.40288]]]},"properties":{"GEOID":"36113073000","NAME":"Census Tract 730","STATE":"36","COUNTY":"113"}},{"type":"Feature","geometry":{"type":"Polygon","coordinates":[[[-73.98321,42.80172],[-73.98063,42.80266],[-73.97778,42.80312],[-73.97568,42.80315],[-73.97194,42.80269],[-73.96665,42.80242],[-73.96254,42.80265],[-73.96009,42.80245],[-73.95801,42.80256],[-73.95566,42.80364],[-73.95487,42.80458],[-73.95296,42.80512],[-73.95415,42.80318],[-73.95307,42.80328],[-73.94919,42.80481],[-73.94786,42.80512],[-73.94752,42.80528],[-73.94605,42.80752],[-73.94071,42.81622],[-73.94153,42.81625],[-73.94141,42.81798],[-73.94206,42.81978],[-73.94377,42.82218],[-73.94882,42.81989],[-73.95107,42.81837],[-73.95136,42.81779],[-73.9515,42.81366],[-73.95216,42.81296],[-73.95326,42.81287],[-73.95282,42.81203],[-73.95299,42.81202],[-73.95258,42.81172],[-73.95267,42.81148],[-73.95198,42.8105],[-73.95971,42.80908],[-73.96389,42.8073],[-73.9644,42.80729],[-73.96457,42.80764],[-73.96543,42.80729],[-73.96706,42.8077],[-73.97197,42.81016],[-73.98321,42.80172]]]},"properties":{"GEOID":"36093033500","NAME":"Census Tract 335","STATE":"36","COUNTY":"093"}},{"type":"Feature","geometry":{"type":"Polygon","coordinates":[[[-73.69611,43.34962],[-73.69637,43.34963],[-73.69053,43.3431],[-73.6892,43.34134],[-73.68454,43.33149],[-73.68262,43.32784],[-73.68027,43.32412],[-73.67659,43.31926],[-73.67533,43.31946],[-73.67317,43.32086],[-73.67273,43.32136],[-73.67222,43.32135],[-73.67132,43.32219],[-73.67001,43.32259],[-73.66944,43.32331],[-73.6672,43.32426],[-73.66573,43.32456],[-73.66431,43.32591],[-73.66337,43.32523],[-73.66225,43.32403],[-73.65167,43.32527],[-73.65149,43.32509],[-73.63609,43.32663],[-73.62727,43.33447],[-73.62836,43.33917],[-73.63039,43.33988],[-73.62954,43.34115],[-73.63661,43.34033],[-73.64379,43.33703],[-73.64615,43.33721],[-73.65361,43.33659],[-73.6559,43.34964],[-73.65666,43.34966],[-73.6579,43.35023],[-73.65998,43.35325],[-73.66356,43.35644],[-73.66341,43.35725],[-73.66445,43.3558],[-73.66604,43.35268],[-73.66654,43.35217],[-73.66761,43.35177],[-73.66967,43.35172],[-73.67163,43.3514],[-73.67298,43.35089],[-73.67527,43.34952],[-73.67593,43.34958],[-73.67897,43.35057],[-73.68028,43.35008],[-73.68507,43.34938],[-73.68793,43.34866],[-73.68973,43.34794],[-73.69291,43.35025],[-73.69367,43.35035],[-73.69611,43.34962]]]},"properties":{"GEOID":"36113070701","NAME":"Census Tract 707.01","STATE":"36","COUNTY":"113"}},{"type":"Feature","geometry":{"type":"Polygon","coordinates":[[[-73.82591,42.67759],[-73.82583,42.67731],[-73.82462,42.67691],[-73.79535,42.66762],[-73.79527,42.66823],[-73.79496,42.66871],[-73.79057,42.67286],[-73.78993,42.67289],[-73.78877,42.67225],[-73.78744,42.67348],[-73.78658,42.67457],[-73.78511,42.67578],[-73.79165,42.68149],[-73.79436,42.67976],[-73.79769,42.67664],[-73.82037,42.68971],[-73.82112,42.68913],[-73.82051,42.68866],[-73.81821,42.68781],[-73.817,42.68704],[-73.81634,42.68625],[-73.81642,42.68558],[-73.81712,42.68492],[-73.8198,42.68444],[-73.82075,42.68362],[-73.82064,42.68264],[-73.81928,42.68152],[-73.81904,42.68093],[-73.81916,42.68047],[-73.82033,42.67955],[-73.82108,42.67857],[-73.8221,42.67809],[-73.82308,42.67789],[-73.82558,42.67799],[-73.82591,42.67759]]]},"properties":{"GEOID":"36001000403","NAME":"Census Tract 4.03","STATE":"36","COUNTY":"001"}},{"type":"Feature","geometry":{"type":"Polygon","coordinates":[[[-73.7808,42.67876],[-73.77516,42.67604],[-73.77561,42.67519],[-73.77655,42.67418],[-73.76821,42.66922],[-73.77111,42.66648],[-73.76156,42.66094],[-73.75612,42.66607],[-73.75723,42.66686],[-73.7574,42.66738],[-73.75612,42.66884],[-73.75454,42.67011],[-73.75563,42.67086],[-73.75801,42.67163],[-73.76152,42.67161],[-73.76295,42.67195],[-73.76688,42.67415],[-73.77197,42.67763],[-73.77905,42.68113],[-73.7808,42.67876]]]},"properties":{"GEOID":"36001000700","NAME":"Census Tract 7","STATE":"36","COUNTY":"001"}},{"type":"Feature","geometry":{"type":"Polygon","coordinates":[[[-73.84213,42.68986],[-73.82127,42.68328],[-73.82653,42.67754],[-73.82583,42.67731],[-73.82591,42.67759],[-73.82558,42.67799],[-73.82308,42.67789],[-73.8221,42.67809],[-73.82108,42.67857],[-73.82033,42.67955],[-73.81916,42.68047],[-73.81904,42.68093],[-73.81928,42.68152],[-73.82064,42.68264],[-73.82075,42.68362],[-73.82037,42.68409],[-73.81962,42.6845],[-73.81712,42.68492],[-73.8167,42.68519],[-73.81633,42.68584],[-73.81647,42.68648],[-73.81759,42.68746],[-73.82051,42.68866],[-73.82112,42.68913],[-73.82037,42.68971],[-73.82087,42.69004],[-73.8264,42.69228],[-73.83064,42.69326],[-73.83002,42.6944],[-73.82785,42.69638],[-73.83116,42.69868],[-73.83477,42.70152],[-73.84213,42.68986]]]},"properties":{"GEOID":"36001000404","NAME":"Census Tract 4.04","STATE":"36","COUNTY":"001"}},{"type":"Feature","geometry":{"type":"Polygon","coordinates":[[[-73.78026,42.67162],[-73.77512,42.66707],[-73.77984,42.66269],[-73.7743,42.66091],[-73.77285,42.66229],[-73.77076,42.66105],[-73.76817,42.66269],[-73.76694,42.66402],[-73.77964,42.67141],[-73.78026,42.67162]]]},"properties":{"GEOID":"36001000600","NAME":"Census Tract 6","STATE":"36","COUNTY":"001"}},{"type":"Feature","geometry":{"type":"Polygon","coordinates":[[[-73.57889,43.58193],[-73.5789,43.58176],[-73.57537,43.58019],[-73.48581,43.53493],[-73.48488,43.53413],[-73.48172,43.53505],[-73.47914,43.53637],[-73.4719,43.54106],[-73.4689,43.54266],[-73.46187,43.5457],[-73.45377,43.54961],[-73.44529,43.55543],[-73.44162,43.5575],[-73.43482,43.56331],[-73.43314,43.5651],[-73.43219,43.56682],[-73.432,43.56927],[-73.43174,43.57013],[-73.42898,43.57621],[-73.42897,43.57721],[-73.42941,43.57953],[-73.42919,43.58073],[-73.42748,43.5827],[-73.4267,43.58299],[-73.42864,43.58399],[-73.42978,43.58527],[-73.43095,43.58704],[-73.43123,43.58829],[-73.43033,43.59053],[-73.42688,43.59521],[-73.42498,43.59878],[-73.42242,43.60156],[-73.42162,43.60302],[-73.42172,43.60448],[-73.42215,43.60651],[-73.42382,43.61099],[-73.42371,43.61236],[-73.41783,43.62059],[-73.41767,43.62169],[-73.41782,43.6225],[-73.41832,43.62332],[-73.42691,43.63314],[-73.42791,43.63443],[-73.42842,43.63545],[-73.42858,43.63654],[-73.42695,43.64053],[-73.42646,43.6426],[-73.42522,43.64429],[-73.42403,43.6454],[-73.41939,43.64749],[-73.41857,43.64805],[-73.41551,43.65245],[-73.41519,43.65347],[-73.41509,43.65671],[-73.41455,43.65821],[-73.41368,43.65973],[-73.41211,43.66166],[-73.40973,43.66656],[-73.40806,43.66944],[-73.40778,43.67252],[-73.40413,43.68134],[-73.40348,43.6847],[-73.40393,43.68622],[-73.4049,43.68753],[-73.40524,43.68837],[-73.40474,43.69021],[-73.40329,43.69213],[-73.40219,43.69301],[-73.39833,43.69463],[-73.39695,43.69553],[-73.39552,43.69683],[-73.39372,43.6992],[-73.39276,43.70204],[-73.39179,43.70348],[-73.38981,43.70572],[-73.38876,43.70641],[-73.38817,43.70851],[-73.38588,43.71134],[-73.38296,43.71406],[-73.37776,43.71771],[-73.37061,43.72533],[-73.36992,43.72879],[-73.37035,43.73274],[-73.37024,43.73345],[-73.37072,43.73557],[-73.37033,43.74223],[-73.36994,43.74385],[-73.36961,43.74447],[-73.36688,43.74766],[-73.36594,43.74974],[-73.36526,43.75],[-73.36507,43.75054],[-73.36282,43.75308],[-73.36012,43.75682],[-73.35947,43.75809],[-73.35464,43.76456],[-73.35329,43.76696],[-73.35126,43.76982],[-73.35076,43.77139],[-73.351,43.77243],[-73.3544,43.77637],[-73.35536,43.77793],[-73.35752,43.78556],[-73.35815,43.78647],[-73.36221,43.78996],[-73.36406,43.79122],[-73.36693,43.79267],[-73.371,43.79513],[-73.37679,43.79916],[-73.37719,43.80041],[-73.37789,43.80488],[-73.37856,43.80697],[-73.37928,43.80848],[-73.43812,43.80369],[-73.43668,43.80179],[-73.43661,43.80127],[-73.43701,43.80058],[-73.43904,43.79906],[-73.44001,43.79867],[-73.44046,43.79827],[-73.44274,43.79717],[-73.44353,43.79709],[-73.44455,43.79582],[-73.44514,43.79575],[-73.44627,43.79493],[-73.44681,43.7949],[-73.44685,43.79463],[-73.4474,43.79421],[-73.44805,43.79418],[-73.44839,43.79347],[-73.44839,43.79302],[-73.45013,43.79067],[-73.45146,43.78948],[-73.45275,43.78786],[-73.45548,43.78593],[-73.45786,43.78333],[-73.46027,43.78179],[-73.46185,43.78155],[-73.46368,43.78166],[-73.46441,43.78099],[-73.46655,43.78],[-73.46689,43.77947],[-73.46834,43.77818],[-73.4698,43.77744],[-73.47089,43.77581],[-73.47106,43.77526],[-73.4708,43.77447],[-73.47096,43.77426],[-73.47091,43.77343],[-73.47157,43.77245],[-73.47122,43.77203],[-73.47131,43.77168],[-73.46999,43.7713],[-73.46827,43.77137],[-73.4672,43.77094],[-73.46644,43.77009],[-73.46521,43.77001],[-73.46429,43.76955],[-73.46307,43.76947],[-73.4617,43.76901],[-73.46151,43.76873],[-73.46123,43.76896],[-73.46029,43.76885],[-73.45934,43.76762],[-73.45868,43.76589],[-73.45819,43.7655],[-73.45735,43.76524],[-73.45767,43.76454],[-73.45874,43.76462],[-73.45909,43.76434],[-73.4589,43.76405],[-73.4577,43.76402],[-73.45749,43.76379],[-73.45725,43.76272],[-73.4578,43.76164],[-73.45904,43.76102],[-73.46027,43.76078],[-73.46081,43.76016],[-73.46287,43.75958],[-73.46373,43.75892],[-73.46466,43.75927],[-73.46566,43.75889],[-73.46573,43.75863],[-73.46628,43.75859],[-73.46669,43.75836],[-73.46672,43.75814],[-73.46668,43.75789],[-73.46607,43.75773],[-73.46591,43.75745],[-73.46612,43.75703],[-73.46589,43.75688],[-73.46436,43.75748],[-73.46387,43.75817],[-73.46319,43.758],[-73.46339,43.75722],[-73.46307,43.75705],[-73.46299,43.7564],[-73.46237,43.75579],[-73.46339,43.75403],[-73.46337,43.75356],[-73.46287,43.75323],[-73.46283,43.75245],[-73.46317,43.75199],[-73.46269,43.75184],[-73.46227,43.75214],[-73.46191,43.75185],[-73.46137,43.75183],[-73.46152,43.75105],[-73.46122,43.75088],[-73.4612,43.75057],[-73.46228,43.74922],[-73.46104,43.74876],[-73.46104,43.74838],[-73.46145,43.74803],[-73.46143,43.74764],[-73.46037,43.74752],[-73.46012,43.74733],[-73.4615,43.746],[-73.46104,43.7453],[-73.46118,43.74465],[-73.46155,43.74434],[-73.46152,43.74417],[-73.46086,43.74344],[-73.46153,43.7426],[-73.46117,43.74203],[-73.46113,43.74144],[-73.45998,43.74081],[-73.46009,43.74012],[-73.45989,43.73904],[-73.46024,43.73755],[-73.45985,43.73705],[-73.46037,43.73701],[-73.46158,43.73773],[-73.46181,43.73893],[-73.46229,43.73914],[-73.46293,43.73899],[-73.4632,43.73768],[-73.46277,43.73757],[-73.46236,43.73707],[-73.46272,43.73553],[-73.46305,43.73484],[-73.46394,43.73465],[-73.46422,43.73442],[-73.46438,43.73344],[-73.46371,43.73373],[-73.4634,43.73412],[-73.46245,43.73391],[-73.46149,43.73326],[-73.46077,43.7326],[-73.46162,43.73171],[-73.4616,43.73133],[-73.45969,43.73127],[-73.45923,43.73073],[-73.45926,43.72971],[-73.45937,43.72952],[-73.46002,43.72934],[-73.46033,43.72952],[-73.46045,43.7299],[-73.461,43.72996],[-73.46119,43.72954],[-73.46084,43.72899],[-73.46126,43.72872],[-73.46295,43.72946],[-73.46354,43.72998],[-73.46401,43.73105],[-73.46461,43.73094],[-73.46458,43.73028],[-73.46401,43.73029],[-73.46309,43.72909],[-73.46318,43.72848],[-73.46338,43.72823],[-73.46389,43.72809],[-73.46403,43.72778],[-73.46387,43.72729],[-73.46433,43.72647],[-73.46387,43.72584],[-73.46444,43.72525],[-73.46502,43.72547],[-73.46661,43.72556],[-73.46728,43.7252],[-73.4674,43.72475],[-73.46721,43.7243],[-73.46803,43.723],[-73.46732,43.72239],[-73.46713,43.72168],[-73.46667,43.72119],[-73.46821,43.72112],[-73.46957,43.72067],[-73.47098,43.72084],[-73.4709,43.7204],[-73.47044,43.72033],[-73.46963,43.71968],[-73.47017,43.71915],[-73.47033,43.7187],[-73.46994,43.71765],[-73.46964,43.71732],[-73.46978,43.71686],[-73.47,43.71678],[-73.47005,43.71616],[-73.47041,43.71559],[-73.47137,43.71519],[-73.4728,43.71414],[-73.47315,43.71259],[-73.47361,43.71248],[-73.474,43.712],[-73.47405,43.71162],[-73.47372,43.71139],[-73.4738,43.71117],[-73.47439,43.71092],[-73.47494,43.711],[-73.47297,43.70936],[-73.47237,43.70856],[-73.47194,43.70693],[-73.47313,43.70621],[-73.47371,43.70622],[-73.47413,43.70668],[-73.4744,43.70667],[-73.47394,43.70607],[-73.47394,43.70575],[-73.47436,43.7056],[-73.47467,43.70475],[-73.47552,43.70443],[-73.47584,43.70418],[-73.47565,43.70397],[-73.4764,43.70371],[-73.4755,43.70306],[-73.47523,43.7024],[-73.47544,43.70135],[-73.47585,43.70074],[-73.47645,43.70039],[-73.47642,43.69959],[-73.47674,43.6994],[-73.47804,43.69965],[-73.47864,43.69933],[-73.48047,43.69892],[-73.48061,43.69855],[-73.4804,43.69776],[-73.48106,43.69693],[-73.48207,43.69618],[-73.48237,43.69539],[-73.48216,43.69498],[-73.48257,43.69447],[-73.48235,43.69307],[-73.48287,43.6925],[-73.48396,43.6924],[-73.48419,43.69215],[-73.48409,43.6909],[-73.48383,43.69029],[-73.48404,43.68962],[-73.48356,43.68904],[-73.48356,43.68761],[-73.48406,43.6872],[-73.48531,43.68708],[-73.4858,43.68671],[-73.48548,43.68574],[-73.48652,43.68341],[-73.48603,43.68287],[-73.4858,43.68171],[-73.48621,43.68103],[-73.48667,43.68071],[-73.48656,43.67977],[-73.48668,43.67952],[-73.48721,43.67874],[-73.48821,43.67799],[-73.48896,43.67696],[-73.48974,43.67629],[-73.49036,43.6753],[-73.49083,43.67501],[-73.4918,43.67495],[-73.4923,43.67467],[-73.49225,43.67446],[-73.49163,43.67426],[-73.49145,43.67397],[-73.49164,43.67352],[-73.49209,43.67317],[-73.49208,43.67292],[-73.49268,43.67281],[-73.49292,43.67321],[-73.49328,43.67326],[-73.49348,43.67303],[-73.49449,43.67282],[-73.49532,43.67338],[-73.4965,43.67307],[-73.4967,43.67192],[-73.49648,43.67112],[-73.49656,43.67079],[-73.49622,43.67021],[-73.49449,43.66952],[-73.49283,43.67016],[-73.4925,43.66995],[-73.49265,43.6696],[-73.49252,43.66937],[-73.49279,43.66914],[-73.49263,43.66893],[-73.49336,43.66864],[-73.49314,43.66841],[-73.49272,43.66838],[-73.49267,43.66798],[-73.4929,43.66767],[-73.49337,43.66757],[-73.49325,43.66712],[-73.49401,43.66634],[-73.4936,43.66579],[-73.49379,43.66531],[-73.49316,43.66459],[-73.49326,43.66386],[-73.49304,43.66284],[-73.49422,43.6626],[-73.49449,43.66234],[-73.49499,43.66247],[-73.49548,43.66222],[-73.49569,43.66234],[-73.49579,43.66188],[-73.49629,43.662],[-73.49665,43.66167],[-73.49629,43.66131],[-73.49569,43.66143],[-73.4958,43.66096],[-73.49536,43.66031],[-73.49444,43.66],[-73.49387,43.65929],[-73.49368,43.65843],[-73.49289,43.6573],[-73.49333,43.65625],[-73.49331,43.6554],[-73.49352,43.65516],[-73.49435,43.65503],[-73.49431,43.65397],[-73.49445,43.65388],[-73.49704,43.65405],[-73.49709,43.65378],[-73.49664,43.6529],[-73.4967,43.65257],[-73.49619,43.65232],[-73.49607,43.652],[-73.49684,43.6518],[-73.49752,43.65128],[-73.49832,43.65126],[-73.49898,43.6507],[-73.49914,43.65066],[-73.49932,43.65091],[-73.49968,43.65082],[-73.49978,43.65135],[-73.50065,43.65195],[-73.50105,43.65202],[-73.50176,43.65142],[-73.502,43.65189],[-73.50242,43.65195],[-73.50272,43.65102],[-73.50236,43.65064],[-73.50271,43.65027],[-73.50227,43.65014],[-73.50199,43.64977],[-73.50193,43.64885],[-73.50094,43.64824],[-73.50131,43.64767],[-73.50124,43.6471],[-73.50142,43.64681],[-73.50112,43.64584],[-73.50175,43.64553],[-73.5021,43.64506],[-73.50276,43.64524],[-73.50283,43.64586],[-73.50348,43.6471],[-73.50377,43.64653],[-73.50351,43.64618],[-73.50368,43.64581],[-73.50364,43.64514],[-73.50397,43.64456],[-73.50384,43.64416],[-73.50406,43.64404],[-73.50509,43.64393],[-73.50578,43.64412],[-73.50613,43.64467],[-73.50584,43.64523],[-73.50596,43.6453],[-73.50653,43.64476],[-73.50646,43.64422],[-73.50686,43.64362],[-73.50842,43.64289],[-73.51136,43.64268],[-73.51174,43.64275],[-73.51172,43.64314],[-73.51251,43.64349],[-73.51262,43.64288],[-73.51218,43.64276],[-73.51223,43.64255],[-73.51248,43.64245],[-73.51287,43.64276],[-73.51314,43.64268],[-73.51311,43.64235],[-73.51237,43.6421],[-73.51231,43.64191],[-73.51278,43.64089],[-73.51331,43.64054],[-73.51427,43.64064],[-73.51478,43.64034],[-73.51484,43.64011],[-73.51514,43.6402],[-73.51557,43.63992],[-73.51591,43.64002],[-73.51606,43.63973],[-73.51515,43.6393],[-73.51374,43.63947],[-73.51345,43.63932],[-73.51327,43.63896],[-73.51339,43.63801],[-73.51364,43.63765],[-73.51427,43.63741],[-73.51568,43.63726],[-73.51697,43.63746],[-73.51772,43.63717],[-73.51852,43.63739],[-73.51881,43.63784],[-73.52043,43.63802],[-73.52114,43.63758],[-73.52115,43.63709],[-73.52071,43.63671],[-73.52066,43.63641],[-73.52094,43.636],[-73.52145,43.63573],[-73.52362,43.63586],[-73.52457,43.63645],[-73.52523,43.63622],[-73.52567,43.63566],[-73.5262,43.63569],[-73.52679,43.63601],[-73.52714,43.63589],[-73.52708,43.63528],[-73.52815,43.63391],[-73.52858,43.63273],[-73.5297,43.63218],[-73.53023,43.63165],[-73.53188,43.63065],[-73.53253,43.62971],[-73.53506,43.62811],[-73.53604,43.62713],[-73.53647,43.62727],[-73.53699,43.62708],[-73.53756,43.62641],[-73.53836,43.62615],[-73.53904,43.62567],[-73.5428,43.62128],[-73.5442,43.61814],[-73.54507,43.61791],[-73.54529,43.61751],[-73.5471,43.6163],[-73.54754,43.61502],[-73.54837,43.61461],[-73.54902,43.61288],[-73.54949,43.61227],[-73.5496,43.61168],[-73.54993,43.61152],[-73.55016,43.6117],[-73.55021,43.61142],[-73.55071,43.61102],[-73.55262,43.60991],[-73.55321,43.61],[-73.55345,43.60984],[-73.55374,43.60897],[-73.55338,43.60862],[-73.55356,43.60837],[-73.55344,43.60793],[-73.55435,43.60805],[-73.55534,43.60726],[-73.55528,43.60643],[-73.55503,43.60612],[-73.55546,43.60523],[-73.55519,43.60465],[-73.55591,43.60454],[-73.55704,43.60382],[-73.55714,43.60323],[-73.5574,43.60294],[-73.5596,43.60197],[-73.56038,43.60081],[-73.56112,43.60057],[-73.56312,43.5989],[-73.56406,43.5977],[-73.56447,43.59756],[-73.56468,43.59774],[-73.56425,43.59836],[-73.56503,43.59815],[-73.5652,43.59778],[-73.5651,43.59732],[-73.56563,43.59661],[-73.5652,43.59581],[-73.56624,43.59462],[-73.56635,43.59298],[-73.56582,43.59179],[-73.56652,43.5908],[-73.56706,43.59055],[-73.56819,43.5906],[-73.56833,43.59035],[-73.56891,43.59031],[-73.56915,43.5901],[-73.56924,43.58939],[-73.56976,43.58895],[-73.56957,43.58872],[-73.5697,43.58835],[-73.56959,43.58803],[-73.57055,43.58749],[-73.57174,43.58721],[-73.57197,43.58661],[-73.57235,43.58636],[-73.57193,43.58576],[-73.57205,43.58507],[-73.57257,43.58465],[-73.57339,43.585],[-73.57407,43.58491],[-73.57426,43.58397],[-73.57404,43.58333],[-73.57528,43.58349],[-73.57565,43.58371],[-73.57618,43.5835],[-73.57643,43.58257],[-73.57515,43.58233],[-73.57505,43.58213],[-73.57554,43.58209],[-73.5758,43.5817],[-73.57719,43.58115],[-73.57749,43.58128],[-73.57718,43.58248],[-73.57738,43.58265],[-73.57794,43.58259],[-73.5784,43.58279],[-73.57883,43.58235],[-73.57889,43.58193]]]},"properties":{"GEOID":"36115082002","NAME":"Census Tract 820.02","STATE":"36","COUNTY":"115"}},{"type":"Feature","geometry":{"type":"Polygon","coordinates":[[[-73.47057,43.54167],[-73.46498,43.51159],[-73.46357,43.49792],[-73.45767,43.47169],[-73.37498,43.48003],[-73.37496,43.47987],[-73.37453,43.47991],[-73.33884,43.48375],[-73.24779,43.49187],[-73.24711,43.50789],[-73.24706,43.51492],[-73.24672,43.51533],[-73.24675,43.51554],[-73.24807,43.51599],[-73.24804,43.51636],[-73.24684,43.51725],[-73.24672,43.51888],[-73.24763,43.51924],[-73.2476,43.52052],[-73.2466,43.52121],[-73.2465,43.52146],[-73.2477,43.52317],[-73.24682,43.52462],[-73.24682,43.52578],[-73.24544,43.52686],[-73.24337,43.52773],[-73.24233,43.52864],[-73.24189,43.52942],[-73.24268,43.5301],[-73.24265,43.53072],[-73.24145,43.53205],[-73.24139,43.53235],[-73.24274,43.53399],[-73.24254,43.53438],[-73.24172,43.5344],[-73.24158,43.53496],[-73.24183,43.53508],[-73.24284,43.53477],[-73.24353,43.53541],[-73.24441,43.53881],[-73.24492,43.53925],[-73.24639,43.53975],[-73.24671,43.54035],[-73.24646,43.54096],[-73.24659,43.54186],[-73.24781,43.54281],[-73.24955,43.54306],[-73.25013,43.54343],[-73.24994,43.54487],[-73.24916,43.54528],[-73.24822,43.54494],[-73.24781,43.54505],[-73.24781,43.54542],[-73.24819,43.54579],[-73.24986,43.54613],[-73.24919,43.54665],[-73.24925,43.5472],[-73.25003,43.54752],[-73.25003,43.54793],[-73.24927,43.54846],[-73.24921,43.5489],[-73.24996,43.54937],[-73.24992,43.54972],[-73.25041,43.55043],[-73.25022,43.55079],[-73.24861,43.55121],[-73.24867,43.5515],[-73.24916,43.55175],[-73.24898,43.55242],[-73.24842,43.55258],[-73.24845,43.55288],[-73.24877,43.55315],[-73.24864,43.55386],[-73.25144,43.55539],[-73.25449,43.5556],[-73.2544,43.55628],[-73.2526,43.55644],[-73.2526,43.55685],[-73.25383,43.55843],[-73.25556,43.5599],[-73.25559,43.56095],[-73.25593,43.56189],[-73.25835,43.56305],[-73.25819,43.56429],[-73.25863,43.56495],[-73.26074,43.56653],[-73.26115,43.56579],[-73.26181,43.56555],[-73.26208,43.5657],[-73.2619,43.56614],[-73.26236,43.56728],[-73.2631,43.56767],[-73.26401,43.56759],[-73.2646,43.5682],[-73.26457,43.56863],[-73.2641,43.56888],[-73.26416,43.56914],[-73.26649,43.56987],[-73.26665,43.56978],[-73.26668,43.56916],[-73.26753,43.569],[-73.26794,43.56914],[-73.26783,43.56948],[-73.26751,43.56968],[-73.26754,43.56998],[-73.26801,43.56992],[-73.26827,43.56967],[-73.26899,43.56993],[-73.26929,43.57051],[-73.26835,43.57045],[-73.26815,43.57072],[-73.26746,43.57087],[-73.26755,43.57113],[-73.26845,43.57143],[-73.26753,43.57181],[-73.26793,43.57225],[-73.2697,43.57177],[-73.27119,43.57206],[-73.27166,43.57243],[-73.27375,43.57266],[-73.27632,43.57341],[-73.27651,43.57355],[-73.27642,43.57433],[-73.27655,43.57447],[-73.27737,43.57442],[-73.27781,43.57463],[-73.27875,43.57406],[-73.27973,43.57424],[-73.28029,43.57356],[-73.28086,43.57358],[-73.28108,43.57417],[-73.28095,43.57541],[-73.2813,43.57758],[-73.28205,43.57813],[-73.28359,43.57808],[-73.28491,43.57927],[-73.28583,43.57893],[-73.2879,43.5787],[-73.28916,43.57834],[-73.29004,43.57767],[-73.29111,43.57786],[-73.29174,43.57852],[-73.29202,43.57859],[-73.29413,43.57847],[-73.29447,43.57831],[-73.29429,43.57779],[-73.29451,43.57715],[-73.29529,43.57678],[-73.29572,43.57715],[-73.29567,43.57863],[-73.29732,43.57937],[-73.29726,43.57969],[-73.29523,43.58172],[-73.29423,43.58244],[-73.29211,43.58454],[-73.29211,43.58488],[-73.29236,43.58514],[-73.29419,43.58578],[-73.29694,43.58731],[-73.29691,43.58767],[-73.29591,43.58865],[-73.29384,43.59198],[-73.29328,43.59255],[-73.29236,43.59575],[-73.29276,43.5966],[-73.29268,43.59709],[-73.29206,43.59817],[-73.29102,43.59924],[-73.29116,43.59988],[-73.29216,43.60057],[-73.29265,43.60134],[-73.2927,43.60196],[-73.29222,43.60255],[-73.29308,43.60385],[-73.29371,43.60436],[-73.29374,43.6052],[-73.295,43.60605],[-73.29528,43.60685],[-73.29642,43.6076],[-73.2967,43.60863],[-73.29786,43.60943],[-73.29802,43.61003],[-73.2983,43.61021],[-73.29988,43.61039],[-73.30028,43.61081],[-73.30088,43.61074],[-73.30161,43.6095],[-73.30211,43.60939],[-73.30277,43.60978],[-73.30277,43.61007],[-73.30242,43.61046],[-73.30224,43.61179],[-73.30085,43.61346],[-73.3012,43.61508],[-73.30113,43.61602],[-73.30032,43.61732],[-73.30038,43.6178],[-73.30085,43.6184],[-73.30246,43.61963],[-73.30299,43.62052],[-73.30296,43.621],[-73.30208,43.62311],[-73.30208,43.62436],[-73.30255,43.62571],[-73.30413,43.62706],[-73.30674,43.6284],[-73.30747,43.628],[-73.30949,43.62507],[-73.31023,43.62423],[-73.31061,43.62411],[-73.31183,43.62423],[-73.31281,43.6246],[-73.31313,43.62551],[-73.31552,43.62655],[-73.31678,43.62678],[-73.31731,43.62708],[-73.31757,43.62736],[-73.31769,43.62843],[-73.31785,43.6285],[-73.31832,43.6285],[-73.31993,43.62733],[-73.32072,43.62726],[-73.32389,43.62763],[-73.32449,43.62751],[-73.32594,43.62646],[-73.3277,43.62591],[-73.33129,43.62607],[-73.33208,43.62717],[-73.33368,43.62802],[-73.33419,43.62799],[-73.33431,43.62788],[-73.33422,43.62692],[-73.33736,43.62632],[-73.33781,43.62609],[-73.33803,43.62544],[-73.34007,43.62465],[-73.34158,43.62474],[-73.34218,43.62607],[-73.34284,43.62651],[-73.3441,43.62637],[-73.34517,43.62586],[-73.34699,43.62416],[-73.34762,43.62251],[-73.34822,43.62171],[-73.34875,43.62146],[-73.34999,43.62163],[-73.35123,43.6225],[-73.35261,43.62409],[-73.35364,43.62593],[-73.35427,43.62619],[-73.35729,43.62591],[-73.35846,43.62542],[-73.35911,43.6246],[-73.36374,43.62392],[-73.36556,43.62344],[-73.36717,43.62362],[-73.36827,43.62459],[-73.3689,43.62471],[-73.3711,43.62476],[-73.37189,43.62449],[-73.37246,43.62367],[-73.37249,43.62275],[-73.37164,43.6214],[-73.36987,43.61971],[-73.36984,43.61939],[-73.36993,43.61909],[-73.3711,43.61811],[-73.37295,43.61601],[-73.37456,43.61468],[-73.3756,43.61335],[-73.37604,43.6126],[-73.37604,43.61212],[-73.37456,43.61093],[-73.37424,43.61086],[-73.37423,43.6102],[-73.37456,43.61017],[-73.37528,43.60955],[-73.37604,43.6093],[-73.37635,43.6091],[-73.37639,43.60882],[-73.37407,43.60798],[-73.37316,43.60725],[-73.37238,43.60601],[-73.37247,43.60485],[-73.37291,43.60389],[-73.37344,43.60329],[-73.37764,43.60023],[-73.37775,43.59966],[-73.37719,43.59882],[-73.37737,43.5984],[-73.38027,43.5979],[-73.3811,43.59841],[-73.3816,43.59849],[-73.38349,43.59737],[-73.38354,43.5968],[-73.38273,43.59545],[-73.38245,43.59416],[-73.38171,43.59296],[-73.38214,43.59182],[-73.38241,43.59158],[-73.38352,43.59131],[-73.38583,43.59143],[-73.3869,43.59077],[-73.38704,43.58946],[-73.38625,43.58841],[-73.38432,43.58733],[-73.38293,43.58708],[-73.38247,43.58658],[-73.38243,43.58606],[-73.38262,43.58563],[-73.38343,43.58473],[-73.38525,43.58326],[-73.3849,43.58205],[-73.38341,43.58055],[-73.38271,43.5792],[-73.38328,43.5772],[-73.38434,43.5754],[-73.38613,43.5748],[-73.38974,43.57468],[-73.39079,43.57418],[-73.39189,43.57295],[-73.39191,43.57253],[-73.39134,43.57085],[-73.39167,43.57012],[-73.39312,43.5696],[-73.39517,43.56962],[-73.39542,43.56859],[-73.39577,43.56809],[-73.39712,43.5679],[-73.39813,43.56807],[-73.40215,43.56955],[-73.40305,43.57022],[-73.40391,43.57033],[-73.40563,43.57118],[-73.40806,43.57286],[-73.41697,43.57773],[-73.41863,43.57935],[-73.42038,43.58149],[-73.42216,43.58213],[-73.42687,43.58301],[-73.42798,43.58224],[-73.42919,43.58073],[-73.42941,43.57953],[-73.42897,43.57721],[-73.42898,43.57621],[-73.43174,43.57013],[-73.432,43.56927],[-73.4323,43.56647],[-73.43314,43.5651],[-73.43482,43.56331],[-73.44162,43.5575],[-73.44529,43.55543],[-73.45377,43.54961],[-73.46187,43.5457],[-73.4689,43.54266],[-73.47057,43.54167]]]},"properties":{"GEOID":"36115082001","NAME":"Census Tract 820.01","STATE":"36","COUNTY":"115"}},{"type":"Feature","geometry":{"type":"Polygon","coordinates":[[[-73.52335,42.36144],[-73.525,42.35709],[-73.42534,42.34968],[-73.4239,42.34274],[-73.41427,42.34247],[-73.38221,42.42944],[-73.47926,42.43652],[-73.49976,42.43851],[-73.52178,42.44149],[-73.52236,42.43301],[-73.52229,42.41904],[-73.5219,42.40575],[-73.52116,42.3985],[-73.5209,42.38846],[-73.52117,42.38074],[-73.52281,42.36284],[-73.52335,42.36144]]]},"properties":{"GEOID":"36021000200","NAME":"Census Tract 2","STATE":"36","COUNTY":"021"}},{"type":"Feature","geometry":{"type":"Polygon","coordinates":[[[-74.38783,42.67303],[-74.33529,42.64624],[-74.31891,42.64204],[-74.31671,42.64109],[-74.30556,42.63858],[-74.2657,42.62824],[-74.26918,42.67293],[-74.26471,42.67373],[-74.26436,42.67397],[-74.26384,42.67534],[-74.26304,42.67643],[-74.26348,42.67687],[-74.2631,42.67725],[-74.26321,42.67746],[-74.26282,42.67847],[-74.26223,42.67908],[-74.2621,42.67994],[-74.2608,42.68068],[-74.26044,42.68127],[-74.26049,42.68152],[-74.26081,42.68165],[-74.26097,42.6825],[-74.26155,42.68358],[-74.26129,42.68498],[-74.26079,42.68559],[-74.26017,42.68576],[-74.25823,42.68565],[-74.2536,42.68735],[-74.25072,42.68802],[-74.2492,42.68862],[-74.24818,42.68927],[-74.24707,42.68952],[-74.24461,42.69085],[-74.24452,42.69231],[-74.24465,42.69241],[-74.24332,42.6934],[-74.24317,42.69403],[-74.24256,42.69461],[-74.2427,42.69467],[-74.24162,42.69662],[-74.24202,42.69685],[-74.24186,42.69708],[-74.24204,42.69717],[-74.24205,42.69787],[-74.24278,42.69798],[-74.2431,42.69783],[-74.24392,42.69827],[-74.24203,42.70272],[-74.24207,42.70503],[-74.24235,42.70557],[-74.24203,42.70651],[-74.24217,42.70675],[-74.24114,42.70812],[-74.24109,42.70869],[-74.24075,42.70921],[-74.24118,42.70977],[-74.24209,42.71618],[-74.24306,42.71668],[-74.27229,42.71427],[-74.27077,42.71954],[-74.27784,42.71947],[-74.28735,42.72945],[-74.30533,42.7474],[-74.30666,42.75007],[-74.30655,42.75064],[-74.30593,42.75149],[-74.30481,42.75219],[-74.30148,42.75347],[-74.29317,42.75576],[-74.28983,42.75634],[-74.28699,42.75669],[-74.28373,42.7568],[-74.27544,42.75679],[-74.26972,42.75737],[-74.2675,42.75686],[-74.26527,42.75581],[-74.26398,42.75555],[-74.25964,42.7567],[-74.2588,42.75713],[-74.2583,42.75783],[-74.25803,42.75877],[-74.25523,42.76075],[-74.25282,42.76349],[-74.25155,42.76565],[-74.25169,42.76687],[-74.25349,42.77008],[-74.25441,42.77224],[-74.25472,42.77366],[-74.2547,42.77471],[-74.25438,42.77601],[-74.2535,42.77725],[-74.25163,42.78089],[-74.25065,42.78213],[-74.24957,42.78288],[-74.24866,42.78381],[-74.24806,42.78457],[-74.24773,42.78547],[-74.24813,42.78689],[-74.24874,42.78758],[-74.24957,42.78827],[-74.25181,42.78912],[-74.25327,42.79018],[-74.25388,42.7945],[-74.25444,42.7953],[-74.25655,42.79587],[-74.25965,42.7952],[-74.26116,42.79519],[-74.2619,42.79545],[-74.26331,42.79653],[-74.28945,42.78381],[-74.32472,42.78343],[-74.3388,42.78224],[-74.35406,42.75009],[-74.35859,42.74097],[-74.3687,42.71922],[-74.38154,42.69011],[-74.38172,42.68873],[-74.38783,42.67303]]]},"properties":{"GEOID":"36095740100","NAME":"Census Tract 7401","STATE":"36","COUNTY":"095"}},{"type":"Feature","geometry":{"type":"Polygon","coordinates":[[[-74.6973,42.50763],[-74.69986,42.50605],[-74.6189,42.42439],[-74.58886,42.41258],[-74.56228,42.46829],[-74.54164,42.45972],[-74.49932,42.44273],[-74.47621,42.43243],[-74.47351,42.43139],[-74.45024,42.43263],[-74.44886,42.43459],[-74.44856,42.43551],[-74.4488,42.43787],[-74.43428,42.43877],[-74.43463,42.44203],[-74.43556,42.4423],[-74.43578,42.44261],[-74.4357,42.44332],[-74.43631,42.4436],[-74.43569,42.4441],[-74.43505,42.4438],[-74.43519,42.44759],[-74.43678,42.4656],[-74.42923,42.48044],[-74.41364,42.48962],[-74.41481,42.50193],[-74.36203,42.50188],[-74.35489,42.52343],[-74.3546,42.52516],[-74.35323,42.52875],[-74.34822,42.54528],[-74.37388,42.55866],[-74.37461,42.56218],[-74.37869,42.57684],[-74.37591,42.58025],[-74.37517,42.58029],[-74.37458,42.58103],[-74.37323,42.58165],[-74.37127,42.58188],[-74.37011,42.58173],[-74.36873,42.58101],[-74.36759,42.58081],[-74.3669,42.58091],[-74.36612,42.58055],[-74.36508,42.57963],[-74.36416,42.57755],[-74.36325,42.57703],[-74.36195,42.57665],[-74.35936,42.57631],[-74.3568,42.57637],[-74.35599,42.57685],[-74.35452,42.57932],[-74.35275,42.58046],[-74.35145,42.581],[-74.34985,42.58078],[-74.34866,42.58037],[-74.34787,42.58055],[-74.34759,42.58104],[-74.34738,42.58307],[-74.34773,42.58364],[-74.34921,42.58446],[-74.34924,42.58509],[-74.34873,42.58551],[-74.34827,42.58562],[-74.34383,42.58601],[-74.34315,42.58665],[-74.34291,42.58798],[-74.34385,42.58938],[-74.34371,42.58998],[-74.34403,42.59038],[-74.3447,42.5909],[-74.34572,42.59106],[-74.34706,42.59198],[-74.34821,42.59248],[-74.34864,42.59304],[-74.34909,42.59328],[-74.34926,42.59369],[-74.34995,42.59401],[-74.35041,42.59457],[-74.35164,42.59478],[-74.35332,42.59457],[-74.35453,42.59511],[-74.35523,42.59481],[-74.35712,42.59507],[-74.36037,42.59467],[-74.3618,42.59472],[-74.36259,42.59487],[-74.36329,42.59528],[-74.3648,42.59466],[-74.36578,42.59462],[-74.36611,42.59478],[-74.36636,42.5956],[-74.36785,42.59654],[-74.36879,42.59667],[-74.36913,42.59712],[-74.37034,42.59792],[-74.37161,42.59851],[-74.37212,42.59902],[-74.37255,42.59912],[-74.37272,42.59932],[-74.37274,42.6005],[-74.37325,42.60103],[-74.37412,42.60126],[-74.37471,42.60192],[-74.3766,42.60256],[-74.37925,42.60487],[-74.38121,42.60524],[-74.382,42.60496],[-74.38361,42.60566],[-74.38445,42.60565],[-74.38509,42.60612],[-74.38654,42.60666],[-74.38754,42.60752],[-74.38849,42.60793],[-74.38856,42.60836],[-74.38967,42.60884],[-74.39027,42.6088],[-74.39026,42.60845],[-74.3908,42.60841],[-74.39106,42.60807],[-74.39155,42.6079],[-74.39206,42.60794],[-74.39254,42.6076],[-74.39314,42.60786],[-74.39434,42.60789],[-74.39562,42.60945],[-74.39617,42.61079],[-74.39742,42.61191],[-74.3976,42.6132],[-74.39828,42.61404],[-74.39833,42.61454],[-74.3986,42.61483],[-74.39858,42.61536],[-74.39886,42.61577],[-74.39885,42.61674],[-74.39899,42.61735],[-74.39921,42.61755],[-74.39934,42.61936],[-74.39974,42.61977],[-74.40045,42.62005],[-74.40227,42.62254],[-74.40322,42.62279],[-74.40427,42.62355],[-74.40403,42.62402],[-74.40455,42.62437],[-74.40452,42.62488],[-74.40548,42.62566],[-74.40622,42.62713],[-74.40692,42.62731],[-74.407,42.62782],[-74.40751,42.62833],[-74.40891,42.62847],[-74.40937,42.62969],[-74.40988,42.62994],[-74.41029,42.63073],[-74.41065,42.6309],[-74.41093,42.63136],[-74.41201,42.63177],[-74.41201,42.63219],[-74.41239,42.63223],[-74.41266,42.63263],[-74.41299,42.63276],[-74.41298,42.6337],[-74.41347,42.6342],[-74.41373,42.63487],[-74.4137,42.63552],[-74.41455,42.63695],[-74.41451,42.63756],[-74.41468,42.63785],[-74.4168,42.63975],[-74.41706,42.63974],[-74.41786,42.64033],[-74.41864,42.64121],[-74.42197,42.64268],[-74.42292,42.64336],[-74.42474,42.64404],[-74.42643,42.64427],[-74.42842,42.6453],[-74.4306,42.64512],[-74.43136,42.64489],[-74.43751,42.63981],[-74.48829,42.61324],[-74.53562,42.58811],[-74.54678,42.58239],[-74.55298,42.56845],[-74.55962,42.55426],[-74.52764,42.54176],[-74.53546,42.5252],[-74.62461,42.54751],[-74.62914,42.54847],[-74.6973,42.50763]]]},"properties":{"GEOID":"36095740600","NAME":"Census Tract 7406","STATE":"36","COUNTY":"095"}},{"type":"Feature","geometry":{"type":"Polygon","coordinates":[[[-73.79489,42.72743],[-73.79166,42.72438],[-73.7824,42.71258],[-73.77693,42.70629],[-73.77498,42.70699],[-73.7737,42.70708],[-73.7591,42.70592],[-73.75558,42.7053],[-73.75449,42.7049],[-73.75543,42.70977],[-73.75533,42.71859],[-73.75555,42.72022],[-73.75654,42.72233],[-73.75936,42.72509],[-73.76008,42.7261],[-73.76042,42.72883],[-73.76203,42.73148],[-73.76231,42.73233],[-73.76215,42.73684],[-73.78288,42.73833],[-73.79012,42.73109],[-73.79134,42.73006],[-73.79346,42.72869],[-73.79489,42.72743]]]},"properties":{"GEOID":"36001013707","NAME":"Census Tract 137.07","STATE":"36","COUNTY":"001"}},{"type":"Feature","geometry":{"type":"Polygon","coordinates":[[[-73.85998,42.73653],[-73.85022,42.72846],[-73.85162,42.72793],[-73.84836,42.72506],[-73.85038,42.7236],[-73.84934,42.72256],[-73.85055,42.72174],[-73.8486,42.71988],[-73.85537,42.71538],[-73.84915,42.71219],[-73.83293,42.70208],[-73.82395,42.70785],[-73.82251,42.70856],[-73.85252,42.73486],[-73.85998,42.73653]]]},"properties":{"GEOID":"36001013901","NAME":"Census Tract 139.01","STATE":"36","COUNTY":"001"}},{"type":"Feature","geometry":{"type":"Polygon","coordinates":[[[-73.83293,42.70208],[-73.82526,42.69739],[-73.82306,42.69634],[-73.81269,42.6905],[-73.80084,42.68844],[-73.80031,42.68905],[-73.80928,42.69694],[-73.80292,42.70087],[-73.80251,42.70142],[-73.79878,42.7038],[-73.80289,42.70744],[-73.80452,42.70966],[-73.81125,42.71562],[-73.82251,42.70856],[-73.82395,42.70785],[-73.83293,42.70208]]]},"properties":{"GEOID":"36001014001","NAME":"Census Tract 140.01","STATE":"36","COUNTY":"001"}},{"type":"Feature","geometry":{"type":"Polygon","coordinates":[[[-73.80919,42.697],[-73.80243,42.69085],[-73.79973,42.68869],[-73.79463,42.68835],[-73.79286,42.68803],[-73.79264,42.68818],[-73.79201,42.68787],[-73.78723,42.68702],[-73.78705,42.68713],[-73.78604,42.6862],[-73.78665,42.68583],[-73.78504,42.68502],[-73.78559,42.68444],[-73.77993,42.68184],[-73.77929,42.68327],[-73.77862,42.68299],[-73.77795,42.68528],[-73.7781,42.68569],[-73.79878,42.7038],[-73.80251,42.70142],[-73.80292,42.70087],[-73.80919,42.697]]]},"properties":{"GEOID":"36001014002","NAME":"Census Tract 140.02","STATE":"36","COUNTY":"001"}},{"type":"Feature","geometry":{"type":"Polygon","coordinates":[[[-73.88699,42.60695],[-73.88682,42.60309],[-73.88643,42.60126],[-73.88411,42.60169],[-73.88317,42.6021],[-73.88091,42.60362],[-73.87633,42.60627],[-73.87456,42.60709],[-73.83926,42.61988],[-73.83854,42.61878],[-73.82514,42.62367],[-73.82411,42.6242],[-73.82079,42.62449],[-73.82093,42.62511],[-73.82144,42.62635],[-73.82571,42.62482],[-73.83598,42.62417],[-73.84026,42.62432],[-73.8795,42.63283],[-73.8818,42.62934],[-73.88384,42.62503],[-73.88492,42.62182],[-73.88517,42.6208],[-73.88542,42.61767],[-73.88637,42.61369],[-73.88699,42.60695]]]},"properties":{"GEOID":"36001014202","NAME":"Census Tract 142.02","STATE":"36","COUNTY":"001"}},{"type":"Feature","geometry":{"type":"MultiPolygon","coordinates":[[[[-73.97552,42.54272],[-73.97425,42.53191],[-73.97409,42.52909],[-73.96804,42.47901],[-73.96673,42.46574],[-73.96379,42.44162],[-73.93326,42.44481],[-73.83676,42.45859],[-73.81244,42.46118],[-73.81597,42.46357],[-73.81591,42.46745],[-73.81627,42.46757],[-73.81624,42.46839],[-73.8172,42.46888],[-73.81782,42.46984],[-73.81803,42.46837],[-73.82009,42.46849],[-73.82087,42.4682],[-73.8216,42.471],[-73.82087,42.47153],[-73.81995,42.47155],[-73.81946,42.47114],[-73.81823,42.47125],[-73.81989,42.4802],[-73.81971,42.48559],[-73.81993,42.48834],[-73.82034,42.48828],[-73.82087,42.49545],[-73.82267,42.49537],[-73.82367,42.49639],[-73.8254,42.49573],[-73.82641,42.49697],[-73.82718,42.49734],[-73.82575,42.49839],[-73.82684,42.49969],[-73.82526,42.50039],[-73.82504,42.50141],[-73.82451,42.502],[-73.82329,42.50248],[-73.82181,42.50154],[-73.82155,42.50158],[-73.82141,42.50048],[-73.81969,42.49434],[-73.81956,42.49192],[-73.81912,42.49192],[-73.81909,42.49136],[-73.81973,42.49134],[-73.81957,42.49108],[-73.81962,42.49054],[-73.81984,42.49054],[-73.81757,42.48824],[-73.81379,42.48359],[-73.81278,42.48111],[-73.80148,42.48222],[-73.80017,42.47379],[-73.80054,42.47363],[-73.80025,42.46991],[-73.79961,42.46907],[-73.79993,42.46863],[-73.79961,42.46847],[-73.79956,42.46314],[-73.80008,42.46249],[-73.78372,42.46423],[-73.78414,42.46751],[-73.78571,42.47163],[-73.78608,42.47525],[-73.78605,42.48383],[-73.78555,42.48721],[-73.78497,42.48901],[-73.78138,42.49592],[-73.78088,42.49731],[-73.77708,42.504],[-73.76668,42.51805],[-73.76377,42.52113],[-73.87043,42.53172],[-73.88554,42.53346],[-73.97552,42.54272]]],[[[-73.80941,42.4615],[-73.80789,42.46166],[-73.80592,42.46586],[-73.80609,42.46587],[-73.80568,42.46732],[-73.80828,42.46733],[-73.80852,42.46452],[-73.80941,42.4615]]]]},"properties":{"GEOID":"36001014401","NAME":"Census Tract 144.01","STATE":"36","COUNTY":"001"}},{"type":"Feature","geometry":{"type":"Polygon","coordinates":[[[-73.82698,42.49749],[-73.82718,42.49734],[-73.82641,42.49697],[-73.8254,42.49573],[-73.82367,42.49639],[-73.82267,42.49537],[-73.82087,42.49545],[-73.82034,42.48828],[-73.81993,42.48834],[-73.81971,42.48559],[-73.81989,42.4802],[-73.81823,42.47125],[-73.81946,42.47114],[-73.81995,42.47155],[-73.82087,42.47153],[-73.8216,42.471],[-73.82087,42.4682],[-73.82009,42.46849],[-73.81803,42.46837],[-73.81782,42.46984],[-73.8172,42.46888],[-73.81624,42.46839],[-73.81627,42.46757],[-73.81591,42.46745],[-73.81597,42.46357],[-73.81244,42.46118],[-73.80941,42.4615],[-73.80852,42.46452],[-73.80828,42.46733],[-73.80568,42.46732],[-73.80609,42.46587],[-73.80592,42.46586],[-73.80789,42.46166],[-73.80008,42.46249],[-73.79956,42.46314],[-73.79961,42.46847],[-73.79993,42.46863],[-73.79961,42.46907],[-73.80025,42.46991],[-73.80054,42.47363],[-73.80017,42.47379],[-73.80148,42.48222],[-73.81278,42.48111],[-73.81379,42.48359],[-73.81757,42.48824],[-73.81984,42.49054],[-73.81962,42.49054],[-73.81957,42.49108],[-73.81973,42.49134],[-73.81909,42.49136],[-73.81912,42.49192],[-73.81956,42.49192],[-73.81969,42.49434],[-73.82141,42.50048],[-73.82155,42.50158],[-73.82181,42.50154],[-73.82329,42.50248],[-73.82451,42.502],[-73.82504,42.50141],[-73.82526,42.50039],[-73.82684,42.49969],[-73.82575,42.49839],[-73.82698,42.49749]]]},"properties":{"GEOID":"36001014402","NAME":"Census Tract 144.02","STATE":"36","COUNTY":"001"}},{"type":"Feature","geometry":{"type":"Polygon","coordinates":[[[-73.87261,42.76754],[-73.87088,42.76656],[-73.86366,42.76351],[-73.86189,42.76197],[-73.85903,42.76083],[-73.85748,42.75976],[-73.85459,42.7568],[-73.85468,42.75529],[-73.85577,42.75365],[-73.85536,42.75172],[-73.85367,42.75027],[-73.85014,42.74782],[-73.84735,42.74616],[-73.84693,42.74653],[-73.84366,42.74727],[-73.84216,42.74659],[-73.84145,42.74783],[-73.83787,42.74854],[-73.83876,42.7508],[-73.83919,42.75595],[-73.83957,42.75799],[-73.83604,42.758],[-73.83163,42.75925],[-73.83071,42.76304],[-73.82975,42.76404],[-73.82718,42.76898],[-73.82592,42.77048],[-73.8248,42.7732],[-73.87129,42.76749],[-73.87261,42.76754]]]},"properties":{"GEOID":"36001013802","NAME":"Census Tract 138.02","STATE":"36","COUNTY":"001"}},{"type":"Feature","geometry":{"type":"Polygon","coordinates":[[[-73.66386,43.30899],[-73.66272,43.30253],[-73.65637,43.30515],[-73.64896,43.306],[-73.64796,43.30707],[-73.64401,43.30951],[-73.64593,43.31062],[-73.64969,43.31217],[-73.65216,43.31101],[-73.65599,43.30974],[-73.65939,43.30923],[-73.66386,43.30899]]]},"properties":{"GEOID":"36113070200","NAME":"Census Tract 702","STATE":"36","COUNTY":"113"}},{"type":"Feature","geometry":{"type":"Polygon","coordinates":[[[-74.18255,43.52088],[-74.16726,43.42037],[-74.1601,43.37153],[-73.88414,43.39804],[-73.8833,43.39799],[-73.88344,43.39858],[-73.8852,43.40206],[-73.88537,43.40288],[-73.88514,43.40395],[-73.88451,43.40479],[-73.88082,43.40666],[-73.87738,43.40948],[-73.87612,43.4111],[-73.87507,43.41339],[-73.87518,43.41396],[-73.87682,43.41576],[-73.8791,43.41642],[-73.88013,43.41718],[-73.8806,43.41793],[-73.88062,43.41856],[-73.88025,43.4195],[-73.87553,43.42354],[-73.87464,43.42461],[-73.86969,43.42741],[-73.86827,43.42855],[-73.86771,43.42935],[-73.86699,43.43351],[-73.86741,43.43567],[-73.86838,43.43753],[-73.86895,43.43948],[-73.86898,43.44025],[-73.8687,43.44089],[-73.86747,43.4417],[-73.86367,43.44312],[-73.8618,43.4444],[-73.85991,43.44653],[-73.85689,43.45208],[-73.85162,43.45472],[-73.85039,43.45592],[-73.85041,43.45665],[-73.85145,43.45795],[-73.85169,43.45877],[-73.85154,43.45915],[-73.85086,43.45951],[-73.85005,43.4603],[-73.84814,43.46137],[-73.84688,43.4636],[-73.84669,43.4658],[-73.84627,43.46722],[-73.84547,43.46816],[-73.8441,43.46909],[-73.84234,43.47125],[-73.83966,43.47291],[-73.83868,43.47318],[-73.83015,43.47715],[-73.82586,43.47708],[-73.82306,43.47853],[-73.81693,43.48044],[-73.81629,43.48079],[-73.8155,43.48158],[-73.81505,43.48281],[-73.81374,43.48403],[-73.80963,43.48555],[-73.8084,43.48651],[-73.80795,43.48732],[-73.80797,43.48961],[-73.80743,43.4912],[-73.80708,43.49298],[-73.80568,43.49606],[-73.8055,43.49696],[-73.80578,43.49928],[-73.80627,43.50007],[-73.80827,43.50229],[-73.80941,43.50416],[-73.81023,43.50749],[-73.81222,43.51128],[-73.81658,43.5144],[-73.81752,43.5156],[-73.8174,43.5172],[-73.81667,43.51937],[-73.81677,43.5215],[-73.8195,43.526],[-73.82115,43.53058],[-73.82148,43.53258],[-73.8218,43.53314],[-73.82393,43.53547],[-73.82541,43.53604],[-73.82606,43.53694],[-73.82665,43.53735],[-73.82656,43.53945],[-73.82619,43.54031],[-73.82616,43.54295],[-73.8268,43.54386],[-73.82744,43.5458],[-73.83015,43.54828],[-73.83094,43.54932],[-73.83199,43.55183],[-73.83218,43.55284],[-73.83356,43.55576],[-73.8353,43.55688],[-73.83694,43.55854],[-73.8407,43.56059],[-73.84418,43.56222],[-73.84889,43.56328],[-73.85022,43.56375],[-73.85296,43.56499],[-73.85436,43.56613],[-73.85518,43.5678],[-73.85541,43.56931],[-73.85549,43.57373],[-73.8578,43.57563],[-73.85808,43.57735],[-73.85938,43.57903],[-73.86025,43.58371],[-73.86142,43.58324],[-73.86302,43.5821],[-73.89197,43.5645],[-73.92739,43.54516],[-73.9753,43.53476],[-74.18255,43.52088]]]},"properties":{"GEOID":"36113073500","NAME":"Census Tract 735","STATE":"36","COUNTY":"113"}},{"type":"Feature","geometry":{"type":"Polygon","coordinates":[[[-73.76441,43.37285],[-73.74933,43.29872],[-73.73948,43.25211],[-73.73815,43.25413],[-73.73773,43.25533],[-73.73771,43.25597],[-73.73791,43.25673],[-73.7392,43.25904],[-73.73995,43.26129],[-73.74017,43.2644],[-73.73958,43.26589],[-73.73806,43.26712],[-73.73284,43.26988],[-73.72892,43.27129],[-73.72537,43.27212],[-73.72167,43.27269],[-73.71383,43.27326],[-73.71076,43.27372],[-73.70985,43.27416],[-73.70842,43.27525],[-73.70768,43.27593],[-73.70608,43.27823],[-73.70487,43.27903],[-73.70233,43.27908],[-73.69843,43.27835],[-73.69597,43.27854],[-73.69484,43.27918],[-73.69429,43.27976],[-73.69282,43.28261],[-73.69651,43.28574],[-73.70024,43.28541],[-73.70094,43.28571],[-73.70286,43.28586],[-73.70296,43.2862],[-73.70347,43.28664],[-73.704,43.286],[-73.70425,43.28633],[-73.70509,43.28669],[-73.70531,43.28746],[-73.70461,43.28942],[-73.70519,43.29014],[-73.70584,43.29017],[-73.70569,43.29051],[-73.7058,43.29075],[-73.70604,43.29092],[-73.70666,43.29083],[-73.70668,43.29044],[-73.70771,43.29085],[-73.7079,43.29156],[-73.70825,43.29196],[-73.70967,43.29279],[-73.71018,43.29283],[-73.71097,43.29249],[-73.71137,43.29261],[-73.71142,43.29298],[-73.71107,43.29307],[-73.71143,43.29341],[-73.71156,43.29333],[-73.71158,43.29364],[-73.71126,43.29376],[-73.71105,43.29414],[-73.71122,43.29497],[-73.71144,43.29516],[-73.7134,43.29531],[-73.71344,43.29548],[-73.71268,43.29594],[-73.71339,43.29645],[-73.71428,43.29674],[-73.71496,43.29659],[-73.71554,43.29731],[-73.71692,43.29793],[-73.71965,43.29825],[-73.72071,43.29881],[-73.72082,43.29925],[-73.72112,43.29944],[-73.7211,43.30008],[-73.72166,43.3006],[-73.72164,43.30118],[-73.72194,43.30144],[-73.72189,43.30186],[-73.7225,43.30214],[-73.72257,43.30235],[-73.72297,43.30243],[-73.72337,43.30226],[-73.724,43.30253],[-73.72441,43.30306],[-73.72479,43.30298],[-73.7248,43.30369],[-73.72527,43.30382],[-73.72543,43.30411],[-73.72391,43.30446],[-73.72118,43.30449],[-73.70612,43.30278],[-73.7069,43.30985],[-73.70598,43.31151],[-73.70451,43.31318],[-73.70208,43.31711],[-73.70054,43.31902],[-73.70087,43.31935],[-73.70228,43.3199],[-73.7031,43.31972],[-73.70345,43.31994],[-73.70408,43.3199],[-73.70453,43.32036],[-73.7055,43.32028],[-73.70575,43.3218],[-73.70709,43.32222],[-73.7073,43.32292],[-73.70856,43.32319],[-73.70892,43.32346],[-73.70893,43.32376],[-73.70929,43.32417],[-73.71031,43.32471],[-73.71131,43.32391],[-73.71223,43.32431],[-73.71235,43.32457],[-73.71274,43.32443],[-73.71264,43.32402],[-73.71398,43.32372],[-73.71487,43.32389],[-73.71584,43.32353],[-73.71645,43.32396],[-73.71695,43.32389],[-73.71681,43.3241],[-73.71726,43.32432],[-73.71781,43.32422],[-73.71787,43.32441],[-73.71817,43.32425],[-73.71839,43.32446],[-73.72289,43.32434],[-73.72335,43.32398],[-73.72518,43.32362],[-73.72606,43.32386],[-73.72678,43.32375],[-73.72687,43.32399],[-73.72676,43.32433],[-73.72629,43.32454],[-73.72527,43.32438],[-73.7253,43.32517],[-73.7256,43.32572],[-73.72541,43.32633],[-73.7251,43.32643],[-73.72501,43.32677],[-73.72455,43.32666],[-73.72342,43.32744],[-73.72438,43.32768],[-73.72442,43.32851],[-73.72405,43.3295],[-73.72406,43.33103],[-73.72293,43.33154],[-73.72117,43.33165],[-73.72144,43.33204],[-73.72117,43.33239],[-73.72139,43.33261],[-73.72107,43.33282],[-73.72125,43.33337],[-73.72093,43.33348],[-73.72105,43.33377],[-73.72076,43.334],[-73.72157,43.33493],[-73.72153,43.33523],[-73.72259,43.33529],[-73.72508,43.33621],[-73.72406,43.33938],[-73.72234,43.34243],[-73.72167,43.34324],[-73.71974,43.34429],[-73.71671,43.34516],[-73.71528,43.34808],[-73.71451,43.35045],[-73.71282,43.35327],[-73.71216,43.35404],[-73.70939,43.35625],[-73.70896,43.35588],[-73.70835,43.35582],[-73.70816,43.35557],[-73.70772,43.35571],[-73.70659,43.35548],[-73.70598,43.35483],[-73.70484,43.35511],[-73.70417,43.35442],[-73.70372,43.35444],[-73.70356,43.35379],[-73.70318,43.35336],[-73.7018,43.35298],[-73.70114,43.35308],[-73.70073,43.35142],[-73.69978,43.35067],[-73.70016,43.35033],[-73.69775,43.34974],[-73.70312,43.3558],[-73.70394,43.35724],[-73.70433,43.35859],[-73.7044,43.35971],[-73.70422,43.36097],[-73.70169,43.3693],[-73.70142,43.37296],[-73.70174,43.37573],[-73.70273,43.37904],[-73.76441,43.37285]]]},"properties":{"GEOID":"36113070900","NAME":"Census Tract 709","STATE":"36","COUNTY":"113"}},{"type":"Feature","geometry":{"type":"Polygon","coordinates":[[[-73.80582,42.64494],[-73.79048,42.63755],[-73.78989,42.63795],[-73.79167,42.63895],[-73.79029,42.64047],[-73.79005,42.64058],[-73.7896,42.64034],[-73.78836,42.64162],[-73.78929,42.64215],[-73.78666,42.64465],[-73.80196,42.65197],[-73.8051,42.64868],[-73.80176,42.64749],[-73.80399,42.6459],[-73.80582,42.64494]]]},"properties":{"GEOID":"36001001902","NAME":"Census Tract 19.02","STATE":"36","COUNTY":"001"}},{"type":"Feature","geometry":{"type":"Polygon","coordinates":[[[-73.78666,42.64483],[-73.78679,42.64472],[-73.78492,42.64385],[-73.78281,42.64373],[-73.78158,42.64406],[-73.77834,42.64542],[-73.77356,42.64679],[-73.77267,42.64733],[-73.77142,42.64558],[-73.76984,42.64786],[-73.76771,42.65244],[-73.77741,42.65799],[-73.78289,42.65283],[-73.78499,42.65295],[-73.78572,42.64577],[-73.78666,42.64483]]]},"properties":{"GEOID":"36001002100","NAME":"Census Tract 21","STATE":"36","COUNTY":"001"}},{"type":"Feature","geometry":{"type":"Polygon","coordinates":[[[-73.76323,42.63848],[-73.76031,42.63684],[-73.75865,42.63831],[-73.75715,42.63741],[-73.75621,42.63805],[-73.75597,42.63851],[-73.75067,42.63702],[-73.74764,42.64323],[-73.75025,42.64399],[-73.75164,42.64475],[-73.75191,42.64456],[-73.75275,42.64536],[-73.7565,42.64624],[-73.75925,42.64226],[-73.76049,42.64259],[-73.76194,42.63961],[-73.76323,42.63848]]]},"properties":{"GEOID":"36001002500","NAME":"Census Tract 25","STATE":"36","COUNTY":"001"}},{"type":"Feature","geometry":{"type":"Polygon","coordinates":[[[-73.97877,42.83474],[-73.97565,42.8331],[-73.97747,42.83062],[-73.97531,42.82983],[-73.97605,42.8286],[-73.97207,42.82724],[-73.97393,42.82388],[-73.97281,42.82356],[-73.97349,42.82222],[-73.97266,42.82192],[-73.9721,42.82202],[-73.97073,42.82321],[-73.9678,42.82357],[-73.96449,42.82338],[-73.96066,42.82204],[-73.95748,42.8217],[-73.95977,42.82412],[-73.96432,42.82661],[-73.96671,42.82733],[-73.97126,42.83511],[-73.97364,42.83322],[-73.97504,42.83383],[-73.97591,42.83503],[-73.97686,42.83478],[-73.97822,42.83549],[-73.97877,42.83474]]]},"properties":{"GEOID":"36093032300","NAME":"Census Tract 323","STATE":"36","COUNTY":"093"}},{"type":"Feature","geometry":{"type":"Polygon","coordinates":[[[-73.95355,42.83709],[-73.95396,42.8367],[-73.94931,42.83388],[-73.94738,42.83195],[-73.94643,42.83045],[-73.94305,42.82346],[-73.94188,42.82295],[-73.94017,42.82368],[-73.93857,42.82498],[-73.93587,42.82667],[-73.93137,42.82857],[-73.92747,42.83367],[-73.92207,42.83988],[-73.91718,42.8437],[-73.9151,42.84481],[-73.91436,42.84463],[-73.91296,42.8449],[-73.91031,42.84571],[-73.90766,42.84688],[-73.90346,42.84988],[-73.89987,42.85088],[-73.89594,42.85108],[-73.89803,42.86673],[-73.90089,42.86728],[-73.90323,42.86714],[-73.91088,42.86719],[-73.92152,42.86758],[-73.92655,42.86811],[-73.93267,42.86908],[-73.93285,42.86815],[-73.93267,42.86699],[-73.93287,42.86573],[-73.93293,42.86243],[-73.93332,42.86148],[-73.93604,42.85884],[-73.94187,42.85226],[-73.94286,42.84923],[-73.94492,42.84568],[-73.94537,42.8452],[-73.94773,42.8438],[-73.9484,42.84311],[-73.95017,42.83965],[-73.95355,42.83709]]]},"properties":{"GEOID":"36093032402","NAME":"Census Tract 324.02","STATE":"36","COUNTY":"093"}},{"type":"Feature","geometry":{"type":"Polygon","coordinates":[[[-73.93451,42.99361],[-73.93427,42.99315],[-73.93137,42.97519],[-73.93102,42.97467],[-73.92854,42.95678],[-73.92622,42.94564],[-73.9171,42.94654],[-73.9113,42.94789],[-73.90936,42.94866],[-73.90622,42.95102],[-73.90496,42.95166],[-73.89384,42.95356],[-73.85597,42.95673],[-73.86112,42.94841],[-73.86248,42.94552],[-73.87014,42.91927],[-73.87559,42.90971],[-73.87415,42.90756],[-73.86901,42.91191],[-73.86862,42.91277],[-73.86864,42.91348],[-73.86798,42.91491],[-73.86766,42.91639],[-73.86699,42.91778],[-73.83461,42.9216],[-73.83084,42.92227],[-73.82292,42.92265],[-73.82416,42.92879],[-73.8299,42.96431],[-73.83305,42.9859],[-73.83326,42.98644],[-73.83522,43.00173],[-73.8411,43.00132],[-73.84046,42.99968],[-73.84012,42.99786],[-73.84016,42.99716],[-73.84068,42.99554],[-73.84578,42.99513],[-73.8592,42.99422],[-73.86005,42.99998],[-73.91803,42.99507],[-73.92007,42.99485],[-73.92182,42.99433],[-73.92193,42.99464],[-73.93451,42.99361]]]},"properties":{"GEOID":"36091061701","NAME":"Census Tract 617.01","STATE":"36","COUNTY":"091"}},{"type":"Feature","geometry":{"type":"Polygon","coordinates":[[[-73.86792,43.01963],[-73.86777,43.01854],[-73.86341,43.01547],[-73.86364,43.0151],[-73.86194,43.01392],[-73.86011,43.01215],[-73.85952,43.01068],[-73.85915,43.01043],[-73.85822,43.01029],[-73.86177,43.00786],[-73.86098,43.00013],[-73.86091,42.99991],[-73.86005,42.99998],[-73.8592,42.99422],[-73.84068,42.99554],[-73.84016,42.99716],[-73.84012,42.99786],[-73.84046,42.99968],[-73.8411,43.00132],[-73.83952,43.00143],[-73.84046,43.00782],[-73.84058,43.00781],[-73.84087,43.01213],[-73.84528,43.01279],[-73.84547,43.01518],[-73.84463,43.01625],[-73.84719,43.01635],[-73.84773,43.015],[-73.84855,43.01491],[-73.85326,43.01451],[-73.85675,43.01515],[-73.85826,43.02505],[-73.86232,43.0257],[-73.86644,43.02597],[-73.86628,43.02324],[-73.86792,43.01963]]]},"properties":{"GEOID":"36091061800","NAME":"Census Tract 618","STATE":"36","COUNTY":"091"}},{"type":"Feature","geometry":{"type":"Polygon","coordinates":[[[-73.66404,42.93421],[-73.66043,42.93253],[-73.65968,42.93336],[-73.65065,42.93828],[-73.64714,42.93899],[-73.63995,42.93942],[-73.63771,42.94012],[-73.63625,42.94079],[-73.63401,42.94234],[-73.63324,42.94318],[-73.6323,42.94438],[-73.63124,42.94632],[-73.62932,42.9515],[-73.62888,42.95546],[-73.64875,42.95962],[-73.64919,42.95891],[-73.64883,42.95496],[-73.64802,42.95046],[-73.64847,42.9472],[-73.65963,42.94113],[-73.65989,42.94072],[-73.66118,42.93987],[-73.66013,42.93971],[-73.66126,42.9368],[-73.66404,42.93421]]]},"properties":{"GEOID":"36091062100","NAME":"Census Tract 621","STATE":"36","COUNTY":"091"}},{"type":"Feature","geometry":{"type":"Polygon","coordinates":[[[-74.0969,42.97938],[-74.09381,42.95938],[-74.09298,42.95587],[-74.08805,42.95533],[-74.05546,42.95328],[-74.04227,42.94835],[-74.03693,42.94498],[-74.03291,42.94313],[-74.02283,42.94012],[-74.01769,42.93839],[-74.00958,42.93514],[-74.00838,42.9345],[-74.00653,42.93407],[-74.00638,42.93385],[-73.99455,42.92733],[-73.97684,42.9159],[-73.96479,42.90206],[-73.95546,42.89731],[-73.95432,42.89743],[-73.94567,42.90065],[-73.93449,42.90553],[-73.91848,42.91036],[-73.91888,42.91121],[-73.91922,42.91491],[-73.92622,42.94564],[-73.92854,42.95678],[-73.93102,42.97467],[-73.93137,42.97519],[-73.93427,42.99315],[-73.93451,42.99361],[-73.95708,42.99148],[-74.01098,42.98712],[-74.0969,42.97938]]]},"properties":{"GEOID":"36091061600","NAME":"Census Tract 616","STATE":"36","COUNTY":"091"}},{"type":"Feature","geometry":{"type":"Polygon","coordinates":[[[-73.64163,42.59036],[-73.64199,42.58912],[-73.63507,42.5899],[-73.63406,42.59019],[-73.62331,42.59065],[-73.60465,42.59312],[-73.58375,42.59537],[-73.56934,42.5974],[-73.56604,42.59761],[-73.5643,42.59796],[-73.53847,42.6007],[-73.52252,42.60276],[-73.51866,42.6029],[-73.52045,42.60456],[-73.52131,42.60435],[-73.52206,42.60442],[-73.52544,42.60626],[-73.52754,42.60703],[-73.53004,42.60759],[-73.53541,42.60768],[-73.539,42.6087],[-73.54141,42.60966],[-73.54875,42.61144],[-73.55097,42.61227],[-73.55365,42.61223],[-73.55742,42.61251],[-73.5584,42.61278],[-73.56065,42.61398],[-73.56516,42.61477],[-73.56469,42.61512],[-73.56468,42.61657],[-73.56525,42.6177],[-73.56516,42.61891],[-73.56542,42.61952],[-73.56535,42.62071],[-73.56564,42.62086],[-73.56569,42.62136],[-73.56618,42.62189],[-73.56565,42.62285],[-73.56506,42.62474],[-73.565,42.62573],[-73.56633,42.62556],[-73.56748,42.62476],[-73.56858,42.6243],[-73.57419,42.62267],[-73.57557,42.62279],[-73.57667,42.62457],[-73.57828,42.62462],[-73.57937,42.62383],[-73.58489,42.62248],[-73.58679,42.62128],[-73.59013,42.62093],[-73.59301,42.62236],[-73.59316,42.62299],[-73.59295,42.62386],[-73.59382,42.62476],[-73.59418,42.62708],[-73.59483,42.62829],[-73.59573,42.62917],[-73.59816,42.63089],[-73.6003,42.63198],[-73.60137,42.63419],[-73.60472,42.63799],[-73.60619,42.63898],[-73.60687,42.63971],[-73.60846,42.6434],[-73.61051,42.64239],[-73.61281,42.64155],[-73.61364,42.64054],[-73.61463,42.64015],[-73.61542,42.64031],[-73.61728,42.64167],[-73.61799,42.64198],[-73.62053,42.64201],[-73.62628,42.64305],[-73.63227,42.62496],[-73.63453,42.61706],[-73.63457,42.61615],[-73.6351,42.61499],[-73.64163,42.59036]]]},"properties":{"GEOID":"36083052204","NAME":"Census Tract 522.04","STATE":"36","COUNTY":"083"}},{"type":"Feature","geometry":{"type":"Polygon","coordinates":[[[-73.62628,42.64305],[-73.62053,42.64201],[-73.61799,42.64198],[-73.61728,42.64167],[-73.61542,42.64031],[-73.61463,42.64015],[-73.61364,42.64054],[-73.61281,42.64155],[-73.61051,42.64239],[-73.60846,42.6434],[-73.60687,42.63971],[-73.60619,42.63898],[-73.60472,42.63799],[-73.60137,42.63419],[-73.6003,42.63198],[-73.59816,42.63089],[-73.59573,42.62917],[-73.59483,42.62829],[-73.59418,42.62708],[-73.59382,42.62476],[-73.59295,42.62386],[-73.59316,42.62299],[-73.59301,42.62236],[-73.59013,42.62093],[-73.58679,42.62128],[-73.58489,42.62248],[-73.57937,42.62383],[-73.57828,42.62462],[-73.57667,42.62457],[-73.57557,42.62279],[-73.57419,42.62267],[-73.56858,42.6243],[-73.56748,42.62476],[-73.56633,42.62556],[-73.565,42.62573],[-73.56506,42.62474],[-73.56565,42.62285],[-73.56618,42.62189],[-73.56569,42.62136],[-73.56564,42.62086],[-73.56535,42.62071],[-73.56542,42.61952],[-73.56516,42.61891],[-73.56525,42.6177],[-73.56468,42.61657],[-73.56469,42.61512],[-73.56516,42.61477],[-73.56065,42.61398],[-73.5584,42.61278],[-73.55742,42.61251],[-73.55365,42.61223],[-73.55097,42.61227],[-73.54875,42.61144],[-73.54141,42.60966],[-73.539,42.6087],[-73.53541,42.60768],[-73.53004,42.60759],[-73.52754,42.60703],[-73.52544,42.60626],[-73.52206,42.60442],[-73.52131,42.60435],[-73.52045,42.60456],[-73.51866,42.6029],[-73.50113,42.6035],[-73.46721,42.60603],[-73.4669,42.60656],[-73.46396,42.61592],[-73.46354,42.61706],[-73.46322,42.61715],[-73.46343,42.61771],[-73.46201,42.6227],[-73.46167,42.6255],[-73.45797,42.63806],[-73.45038,42.66683],[-73.49961,42.66055],[-73.52223,42.65897],[-73.55937,42.65418],[-73.56699,42.65301],[-73.59814,42.657],[-73.61495,42.65948],[-73.62079,42.65987],[-73.62628,42.64305]]]},"properties":{"GEOID":"36083052203","NAME":"Census Tract 522.03","STATE":"36","COUNTY":"083"}},{"type":"Feature","geometry":{"type":"Polygon","coordinates":[[[-73.72232,42.44441],[-73.723,42.44022],[-73.71967,42.42723],[-73.72008,42.39798],[-73.71789,42.39788],[-73.71108,42.40562],[-73.70932,42.40722],[-73.70855,42.40764],[-73.70441,42.40835],[-73.69172,42.40558],[-73.69128,42.40629],[-73.6902,42.40712],[-73.68931,42.40756],[-73.6881,42.40774],[-73.68395,42.407],[-73.6833,42.40674],[-73.68199,42.40562],[-73.68099,42.4061],[-73.67531,42.40634],[-73.67325,42.40617],[-73.66211,42.4116],[-73.66099,42.41172],[-73.65993,42.41173],[-73.6584,42.41141],[-73.65191,42.4085],[-73.65055,42.40832],[-73.6493,42.40843],[-73.64841,42.40876],[-73.64778,42.40924],[-73.64598,42.41205],[-73.64482,42.41296],[-73.65249,42.45674],[-73.64976,42.45995],[-73.6513,42.46398],[-73.65217,42.46721],[-73.65209,42.46778],[-73.65118,42.46947],[-73.64999,42.47061],[-73.64958,42.47215],[-73.64995,42.475],[-73.64956,42.47608],[-73.65008,42.47659],[-73.65046,42.47771],[-73.71799,42.47075],[-73.72232,42.44441]]]},"properties":{"GEOID":"36021000402","NAME":"Census Tract 4.02","STATE":"36","COUNTY":"021"}},{"type":"Feature","geometry":{"type":"Polygon","coordinates":[[[-73.37496,43.47987],[-73.37026,43.45465],[-73.36381,43.41833],[-73.37141,43.41775],[-73.36688,43.39374],[-73.36554,43.39448],[-73.36236,43.39538],[-73.35792,43.39787],[-73.35672,43.40095],[-73.35474,43.40361],[-73.35413,43.40408],[-73.34762,43.40614],[-73.34119,43.40689],[-73.33894,43.4091],[-73.33649,43.40994],[-73.33449,43.41095],[-73.32724,43.41281],[-73.3266,43.41313],[-73.32406,43.41533],[-73.32095,43.41635],[-73.31835,43.41934],[-73.31723,43.42036],[-73.31442,43.42193],[-73.3125,43.42326],[-73.31097,43.42394],[-73.30926,43.42568],[-73.30647,43.42692],[-73.30514,43.42806],[-73.30417,43.42998],[-73.30432,43.43024],[-73.30383,43.43304],[-73.30401,43.43588],[-73.30366,43.4389],[-73.29975,43.43711],[-73.2888,43.43097],[-73.28723,43.42981],[-73.28,43.42114],[-73.2765,43.41554],[-73.27624,43.41456],[-73.27622,43.4133],[-73.27567,43.41303],[-73.27533,43.41343],[-73.27545,43.41422],[-73.27479,43.41504],[-73.27343,43.41485],[-73.27234,43.41368],[-73.27096,43.41309],[-73.27069,43.41267],[-73.2709,43.41182],[-73.27032,43.41135],[-73.26984,43.41145],[-73.26823,43.41264],[-73.26704,43.41294],[-73.26672,43.41285],[-73.26536,43.41164],[-73.26384,43.41126],[-73.26301,43.41066],[-73.26213,43.40859],[-73.26205,43.40689],[-73.26244,43.40575],[-73.26117,43.40536],[-73.26067,43.40502],[-73.25986,43.40501],[-73.25874,43.4056],[-73.25789,43.40525],[-73.25735,43.40431],[-73.25697,43.40424],[-73.25655,43.40458],[-73.25678,43.40495],[-73.25672,43.40521],[-73.25606,43.40547],[-73.25524,43.40552],[-73.25467,43.40528],[-73.25444,43.40422],[-73.25322,43.40411],[-73.25101,43.4048],[-73.2484,43.47063],[-73.24779,43.49187],[-73.33884,43.48375],[-73.37496,43.47987]]]},"properties":{"GEOID":"36115084001","NAME":"Census Tract 840.01","STATE":"36","COUNTY":"115"}},{"type":"Feature","geometry":{"type":"Polygon","coordinates":[[[-73.60166,43.34191],[-73.60136,43.33929],[-73.60121,43.33927],[-73.5966,43.31527],[-73.59412,43.31553],[-73.5942,43.31569],[-73.58619,43.3165],[-73.576,43.31595],[-73.5758,43.31415],[-73.57202,43.31458],[-73.57014,43.30455],[-73.56901,43.30484],[-73.5686,43.30311],[-73.56558,43.30299],[-73.56828,43.29965],[-73.56906,43.2997],[-73.56784,43.29399],[-73.55338,43.29549],[-73.54568,43.3032],[-73.54586,43.3033],[-73.54569,43.30388],[-73.54619,43.3044],[-73.54612,43.30456],[-73.5472,43.30487],[-73.54698,43.30564],[-73.54709,43.30581],[-73.54779,43.30617],[-73.54886,43.30618],[-73.54887,43.30684],[-73.54917,43.30739],[-73.55007,43.3078],[-73.55016,43.30922],[-73.54967,43.30956],[-73.54934,43.30952],[-73.54873,43.31035],[-73.54829,43.31064],[-73.54903,43.31128],[-73.54919,43.3117],[-73.5484,43.31181],[-73.54823,43.31258],[-73.5484,43.31313],[-73.54825,43.31337],[-73.55001,43.31368],[-73.55058,43.31415],[-73.55064,43.31476],[-73.55006,43.31518],[-73.55009,43.31578],[-73.5498,43.31605],[-73.55007,43.31655],[-73.54984,43.31677],[-73.55043,43.31714],[-73.5503,43.31732],[-73.54989,43.31725],[-73.54966,43.31772],[-73.55004,43.31791],[-73.55033,43.31841],[-73.5505,43.32036],[-73.55103,43.32062],[-73.55221,43.32076],[-73.55246,43.32107],[-73.55267,43.32223],[-73.55297,43.32235],[-73.55283,43.32258],[-73.55294,43.32276],[-73.55337,43.32284],[-73.55356,43.32253],[-73.5539,43.32257],[-73.5538,43.32307],[-73.55403,43.32312],[-73.55397,43.32349],[-73.55458,43.32387],[-73.55496,43.32378],[-73.55557,43.32405],[-73.55549,43.32438],[-73.55583,43.32442],[-73.55585,43.3247],[-73.55648,43.32519],[-73.55705,43.3252],[-73.55805,43.32368],[-73.55895,43.32322],[-73.55977,43.32341],[-73.56038,43.32304],[-73.56037,43.32273],[-73.56068,43.32261],[-73.56107,43.32273],[-73.56224,43.32255],[-73.56228,43.3227],[-73.56279,43.32271],[-73.5622,43.32347],[-73.56287,43.32387],[-73.56273,43.32399],[-73.56307,43.32445],[-73.56372,43.32441],[-73.56401,43.32482],[-73.56486,43.32532],[-73.56484,43.32579],[-73.56439,43.32669],[-73.56518,43.32732],[-73.56533,43.32775],[-73.565,43.328],[-73.565,43.32869],[-73.56445,43.32898],[-73.56379,43.3302],[-73.56377,43.33068],[-73.56474,43.33286],[-73.56547,43.33335],[-73.56431,43.33406],[-73.56393,43.33399],[-73.56369,43.33459],[-73.56467,43.33562],[-73.56446,43.33572],[-73.56445,43.33603],[-73.56408,43.336],[-73.56405,43.33643],[-73.56433,43.33668],[-73.56599,43.33658],[-73.56612,43.33707],[-73.56656,43.33745],[-73.56662,43.33776],[-73.56699,43.33786],[-73.56694,43.33869],[-73.56779,43.33876],[-73.56833,43.33911],[-73.5693,43.33902],[-73.56988,43.33938],[-73.5707,43.33908],[-73.57088,43.33948],[-73.57139,43.33941],[-73.57141,43.33893],[-73.571,43.3385],[-73.57117,43.33787],[-73.57165,43.33791],[-73.57199,43.33763],[-73.57296,43.33752],[-73.57298,43.33717],[-73.57336,43.33705],[-73.57308,43.33688],[-73.57318,43.33651],[-73.57297,43.33638],[-73.5733,43.33596],[-73.57455,43.33555],[-73.57431,43.33542],[-73.57437,43.33527],[-73.57473,43.33498],[-73.57546,43.33478],[-73.57577,43.33438],[-73.57633,43.33477],[-73.57761,43.33481],[-73.57788,43.33452],[-73.57857,43.33475],[-73.57902,43.33457],[-73.57924,43.33489],[-73.57993,43.33492],[-73.58053,43.33527],[-73.58122,43.33514],[-73.58254,43.33434],[-73.58319,43.3348],[-73.58288,43.33513],[-73.5833,43.33553],[-73.58404,43.3354],[-73.58428,43.33584],[-73.58488,43.33603],[-73.58454,43.33631],[-73.58388,43.33635],[-73.58378,43.33689],[-73.58535,43.33704],[-73.58524,43.33728],[-73.58445,43.33754],[-73.5847,43.33783],[-73.58426,43.33784],[-73.58401,43.33808],[-73.58462,43.3381],[-73.58487,43.33887],[-73.58432,43.3391],[-73.58416,43.33893],[-73.58379,43.33902],[-73.58417,43.33958],[-73.5841,43.33978],[-73.58356,43.33947],[-73.58321,43.33949],[-73.58312,43.33968],[-73.58363,43.34027],[-73.58333,43.34042],[-73.5828,43.34015],[-73.5825,43.34072],[-73.58254,43.34135],[-73.58308,43.34083],[-73.58408,43.34107],[-73.58504,43.34167],[-73.58597,43.34161],[-73.5862,43.34156],[-73.58656,43.34086],[-73.58686,43.34094],[-73.58697,43.34063],[-73.58762,43.34047],[-73.58788,43.34069],[-73.58904,43.34055],[-73.589,43.34022],[-73.58952,43.34035],[-73.59017,43.33984],[-73.59032,43.33933],[-73.59072,43.33965],[-73.59096,43.33955],[-73.59144,43.33861],[-73.59203,43.33825],[-73.59282,43.33868],[-73.59283,43.33826],[-73.5932,43.33814],[-73.59337,43.33788],[-73.59328,43.33768],[-73.59381,43.33744],[-73.5938,43.337],[-73.59417,43.33682],[-73.59481,43.33691],[-73.59518,43.3372],[-73.59514,43.33759],[-73.59492,43.33747],[-73.59467,43.33788],[-73.59488,43.33815],[-73.59608,43.33816],[-73.59699,43.33779],[-73.59791,43.33814],[-73.59836,43.33795],[-73.5985,43.33823],[-73.59847,43.33887],[-73.5981,43.33922],[-73.59784,43.34018],[-73.59635,43.34146],[-73.59652,43.34308],[-73.5968,43.34337],[-73.59779,43.34355],[-73.59929,43.34319],[-73.60166,43.34191]]]},"properties":{"GEOID":"36115080301","NAME":"Census Tract 803.01","STATE":"36","COUNTY":"115"}},{"type":"Feature","geometry":{"type":"Polygon","coordinates":[[[-73.36678,43.39377],[-73.36335,43.37509],[-73.36195,43.36836],[-73.35726,43.3423],[-73.25329,43.353],[-73.25308,43.35471],[-73.2533,43.35583],[-73.25318,43.35771],[-73.2533,43.36121],[-73.25315,43.36274],[-73.25283,43.36349],[-73.25267,43.37029],[-73.25235,43.37299],[-73.25101,43.4048],[-73.25322,43.40411],[-73.25444,43.40422],[-73.25467,43.40528],[-73.25524,43.40552],[-73.25606,43.40547],[-73.25672,43.40521],[-73.25678,43.40495],[-73.25655,43.40458],[-73.25697,43.40424],[-73.25735,43.40431],[-73.25789,43.40525],[-73.25874,43.4056],[-73.25986,43.40501],[-73.26067,43.40502],[-73.26117,43.40536],[-73.26244,43.40575],[-73.26205,43.40689],[-73.26213,43.40859],[-73.26301,43.41066],[-73.26384,43.41126],[-73.26536,43.41164],[-73.26672,43.41285],[-73.26704,43.41294],[-73.26823,43.41264],[-73.26984,43.41145],[-73.27032,43.41135],[-73.2709,43.41182],[-73.27069,43.41267],[-73.27096,43.41309],[-73.27234,43.41368],[-73.27343,43.41485],[-73.27479,43.41504],[-73.27545,43.41422],[-73.27533,43.41343],[-73.27567,43.41303],[-73.27622,43.4133],[-73.27624,43.41456],[-73.2765,43.41554],[-73.28,43.42114],[-73.28723,43.42981],[-73.2888,43.43097],[-73.29975,43.43711],[-73.30366,43.4389],[-73.30401,43.43588],[-73.30383,43.43304],[-73.30432,43.43024],[-73.30417,43.42998],[-73.30514,43.42806],[-73.30647,43.42692],[-73.30926,43.42568],[-73.31097,43.42394],[-73.3125,43.42326],[-73.31442,43.42193],[-73.31723,43.42036],[-73.31835,43.41934],[-73.32095,43.41635],[-73.32406,43.41533],[-73.3266,43.41313],[-73.32724,43.41281],[-73.33449,43.41095],[-73.33649,43.40994],[-73.33894,43.4091],[-73.34119,43.40689],[-73.34762,43.40614],[-73.35413,43.40408],[-73.35474,43.40361],[-73.35672,43.40095],[-73.35792,43.39787],[-73.36236,43.39538],[-73.36554,43.39448],[-73.36678,43.39377]]]},"properties":{"GEOID":"36115084002","NAME":"Census Tract 840.02","STATE":"36","COUNTY":"115"}},{"type":"Feature","geometry":{"type":"Polygon","coordinates":[[[-73.63677,43.49693],[-73.63592,43.49603],[-73.6348,43.49605],[-73.63422,43.49507],[-73.6335,43.49454],[-73.6331,43.49474],[-73.63236,43.49403],[-73.6322,43.4938],[-73.63236,43.49336],[-73.63194,43.49288],[-73.63228,43.49195],[-73.63202,43.49126],[-73.63043,43.48915],[-73.63052,43.48825],[-73.6302,43.48784],[-73.62989,43.48777],[-73.62894,43.48639],[-73.62874,43.48483],[-73.62895,43.48448],[-73.62911,43.48227],[-73.62885,43.48232],[-73.62838,43.48168],[-73.62811,43.48167],[-73.62354,43.4578],[-73.61986,43.43715],[-73.60961,43.3837],[-73.54436,43.39046],[-73.55082,43.42388],[-73.55722,43.46138],[-73.5477,43.46339],[-73.47274,43.47027],[-73.4577,43.47185],[-73.46357,43.49792],[-73.46498,43.51159],[-73.47057,43.54167],[-73.4719,43.54106],[-73.47914,43.53637],[-73.48172,43.53505],[-73.48488,43.53413],[-73.48581,43.53493],[-73.57537,43.58019],[-73.5789,43.58176],[-73.57922,43.5817],[-73.57965,43.58219],[-73.58008,43.58214],[-73.58011,43.58186],[-73.58058,43.58205],[-73.58071,43.58103],[-73.58152,43.581],[-73.58156,43.58058],[-73.58195,43.58007],[-73.58161,43.57977],[-73.58154,43.57914],[-73.582,43.57903],[-73.58215,43.57878],[-73.58135,43.57857],[-73.58087,43.57873],[-73.58055,43.57908],[-73.58001,43.57912],[-73.57849,43.57987],[-73.57783,43.57996],[-73.57772,43.57965],[-73.57716,43.57952],[-73.57725,43.57869],[-73.57793,43.577],[-73.57885,43.5767],[-73.57928,43.57711],[-73.57992,43.57714],[-73.58039,43.57683],[-73.58026,43.57545],[-73.58038,43.57459],[-73.58051,43.57411],[-73.58123,43.57344],[-73.58176,43.57348],[-73.58178,43.57405],[-73.58198,43.57417],[-73.58246,43.5741],[-73.58234,43.57307],[-73.58293,43.57298],[-73.58301,43.57335],[-73.5832,43.57339],[-73.58477,43.57265],[-73.58462,43.57214],[-73.58504,43.57184],[-73.58681,43.57176],[-73.58762,43.57154],[-73.58883,43.56942],[-73.59218,43.56842],[-73.5927,43.56842],[-73.593,43.56865],[-73.59818,43.56746],[-73.59924,43.56783],[-73.60062,43.56727],[-73.60164,43.56722],[-73.60199,43.56799],[-73.60273,43.56801],[-73.60286,43.56842],[-73.60303,43.56846],[-73.60352,43.56816],[-73.60327,43.56776],[-73.60336,43.56763],[-73.60396,43.56796],[-73.60428,43.56793],[-73.60488,43.56748],[-73.60565,43.56756],[-73.6068,43.56708],[-73.60683,43.56679],[-73.60606,43.5667],[-73.60593,43.56642],[-73.60683,43.56536],[-73.6075,43.56378],[-73.6088,43.5636],[-73.60917,43.56455],[-73.60964,43.56462],[-73.61072,43.56445],[-73.61109,43.56388],[-73.61163,43.56393],[-73.61194,43.5635],[-73.61258,43.56343],[-73.61319,43.56306],[-73.61319,43.5628],[-73.61258,43.56276],[-73.61237,43.56228],[-73.61198,43.56218],[-73.61195,43.56181],[-73.61098,43.56107],[-73.61101,43.5605],[-73.61167,43.55975],[-73.61222,43.5587],[-73.61295,43.55874],[-73.6142,43.5578],[-73.61412,43.55711],[-73.61439,43.5568],[-73.61413,43.55611],[-73.61356,43.5562],[-73.61288,43.55595],[-73.61324,43.5555],[-73.61315,43.55511],[-73.61281,43.5549],[-73.6124,43.555],[-73.61227,43.55532],[-73.61195,43.55543],[-73.61147,43.55521],[-73.61108,43.55527],[-73.61082,43.55571],[-73.61013,43.55542],[-73.60904,43.55424],[-73.60951,43.55381],[-73.60947,43.55364],[-73.60864,43.55377],[-73.6074,43.55302],[-73.60694,43.55246],[-73.60699,43.55187],[-73.60757,43.55124],[-73.60834,43.55095],[-73.6088,43.55039],[-73.60944,43.54879],[-73.60923,43.54813],[-73.61023,43.54673],[-73.61037,43.54592],[-73.61127,43.54518],[-73.61145,43.54542],[-73.61128,43.54631],[-73.61158,43.5463],[-73.6119,43.54595],[-73.61194,43.54509],[-73.61218,43.54473],[-73.61191,43.54454],[-73.61156,43.5446],[-73.61156,43.54385],[-73.61221,43.54242],[-73.61284,43.5418],[-73.61344,43.54198],[-73.61419,43.54167],[-73.61471,43.54084],[-73.61574,43.54032],[-73.61595,43.53945],[-73.61472,43.53988],[-73.61476,43.5395],[-73.61578,43.53858],[-73.61586,43.53821],[-73.61707,43.53732],[-73.61698,43.53709],[-73.61746,43.53533],[-73.61796,43.53453],[-73.61824,43.53001],[-73.61895,43.52894],[-73.61875,43.526],[-73.61897,43.52537],[-73.61873,43.52419],[-73.6189,43.52382],[-73.61896,43.52058],[-73.61928,43.52038],[-73.62003,43.52042],[-73.62065,43.51977],[-73.62162,43.51919],[-73.62218,43.51909],[-73.62342,43.51925],[-73.62367,43.51908],[-73.62388,43.51926],[-73.62383,43.51989],[-73.62435,43.52015],[-73.62396,43.52044],[-73.62343,43.52049],[-73.62333,43.52092],[-73.62376,43.52085],[-73.62417,43.52147],[-73.62517,43.52147],[-73.62613,43.52176],[-73.62683,43.5213],[-73.62668,43.52028],[-73.62599,43.51966],[-73.62571,43.5197],[-73.62518,43.5194],[-73.62511,43.51914],[-73.62583,43.51958],[-73.62582,43.51924],[-73.62615,43.51921],[-73.62652,43.51945],[-73.62657,43.51981],[-73.62693,43.52012],[-73.62707,43.51995],[-73.62686,43.51944],[-73.62699,43.51922],[-73.62762,43.51905],[-73.62795,43.51933],[-73.62815,43.51881],[-73.62865,43.51893],[-73.62901,43.51868],[-73.63025,43.51598],[-73.63079,43.51527],[-73.63084,43.51474],[-73.63174,43.51396],[-73.63176,43.51309],[-73.63235,43.51199],[-73.63248,43.5104],[-73.63215,43.50954],[-73.63284,43.50882],[-73.63326,43.50802],[-73.63313,43.50731],[-73.63248,43.5062],[-73.63199,43.50584],[-73.63124,43.50459],[-73.63148,43.50456],[-73.63286,43.50531],[-73.63326,43.50531],[-73.6327,43.50254],[-73.6328,43.50241],[-73.63335,43.50257],[-73.63346,43.50203],[-73.63244,43.50155],[-73.63246,43.50123],[-73.63313,43.50063],[-73.63414,43.50071],[-73.63471,43.50218],[-73.63503,43.5024],[-73.63513,43.5016],[-73.63621,43.50013],[-73.63621,43.49982],[-73.63593,43.49946],[-73.63362,43.49852],[-73.63161,43.49727],[-73.63198,43.49704],[-73.63253,43.49704],[-73.63372,43.4975],[-73.63471,43.49831],[-73.636,43.49832],[-73.63672,43.49744],[-73.63655,43.49699],[-73.63677,43.49693]]]},"properties":{"GEOID":"36115081001","NAME":"Census Tract 810.01","STATE":"36","COUNTY":"115"}},{"type":"Feature","geometry":{"type":"Polygon","coordinates":[[[-73.55722,43.46138],[-73.55082,43.42388],[-73.54436,43.39046],[-73.4869,43.39618],[-73.48664,43.3948],[-73.48618,43.39536],[-73.48593,43.39604],[-73.48466,43.39633],[-73.48398,43.39704],[-73.48413,43.39797],[-73.48592,43.39818],[-73.48637,43.39896],[-73.4871,43.39886],[-73.4873,43.39902],[-73.48689,43.39966],[-73.48673,43.40093],[-73.48586,43.40346],[-73.48509,43.40365],[-73.48559,43.4044],[-73.48443,43.40477],[-73.48451,43.40582],[-73.46237,43.40801],[-73.44443,43.41016],[-73.43956,43.41048],[-73.41749,43.41276],[-73.37428,43.41732],[-73.37141,43.41775],[-73.36381,43.41833],[-73.37026,43.45465],[-73.37498,43.48003],[-73.45391,43.47205],[-73.45767,43.47169],[-73.4577,43.47185],[-73.47274,43.47027],[-73.5477,43.46339],[-73.55722,43.46138]]]},"properties":{"GEOID":"36115081002","NAME":"Census Tract 810.02","STATE":"36","COUNTY":"115"}},{"type":"Feature","geometry":{"type":"Polygon","coordinates":[[[-73.60961,43.3837],[-73.60694,43.36869],[-73.6017,43.34188],[-73.59929,43.34319],[-73.59779,43.34355],[-73.5968,43.34337],[-73.59652,43.34308],[-73.59635,43.34146],[-73.59784,43.34018],[-73.5981,43.33922],[-73.59847,43.33887],[-73.5985,43.33823],[-73.59836,43.33795],[-73.59791,43.33814],[-73.59699,43.33779],[-73.59608,43.33816],[-73.59488,43.33815],[-73.59467,43.33788],[-73.59492,43.33747],[-73.59514,43.33759],[-73.59518,43.3372],[-73.59481,43.33691],[-73.59417,43.33682],[-73.5938,43.337],[-73.59381,43.33744],[-73.59328,43.33768],[-73.59337,43.33788],[-73.5932,43.33814],[-73.59283,43.33826],[-73.59282,43.33868],[-73.59203,43.33825],[-73.59144,43.33861],[-73.59096,43.33955],[-73.59072,43.33965],[-73.59032,43.33933],[-73.59017,43.33984],[-73.58952,43.34035],[-73.589,43.34022],[-73.58904,43.34055],[-73.58788,43.34069],[-73.58762,43.34047],[-73.58697,43.34063],[-73.58686,43.34094],[-73.58656,43.34086],[-73.5862,43.34156],[-73.58597,43.34161],[-73.58504,43.34167],[-73.58408,43.34107],[-73.58308,43.34083],[-73.58254,43.34135],[-73.5825,43.34072],[-73.5828,43.34015],[-73.58333,43.34042],[-73.58363,43.34027],[-73.58312,43.33968],[-73.58321,43.33949],[-73.58356,43.33947],[-73.5841,43.33978],[-73.58417,43.33958],[-73.58379,43.33902],[-73.58416,43.33893],[-73.58432,43.3391],[-73.58487,43.33887],[-73.58462,43.3381],[-73.58401,43.33808],[-73.58426,43.33784],[-73.5847,43.33783],[-73.58445,43.33754],[-73.58524,43.33728],[-73.58535,43.33704],[-73.58378,43.33689],[-73.58388,43.33635],[-73.58454,43.33631],[-73.58488,43.33603],[-73.58428,43.33584],[-73.58404,43.3354],[-73.5833,43.33553],[-73.58288,43.33513],[-73.58319,43.3348],[-73.58254,43.33434],[-73.58122,43.33514],[-73.58053,43.33527],[-73.57993,43.33492],[-73.57924,43.33489],[-73.57902,43.33457],[-73.57857,43.33475],[-73.57788,43.33452],[-73.57761,43.33481],[-73.57633,43.33477],[-73.57577,43.33438],[-73.57546,43.33478],[-73.57473,43.33498],[-73.57437,43.33527],[-73.57431,43.33542],[-73.57455,43.33555],[-73.5733,43.33596],[-73.57297,43.33638],[-73.57318,43.33651],[-73.57308,43.33688],[-73.57336,43.33705],[-73.57298,43.33717],[-73.57296,43.33752],[-73.57199,43.33763],[-73.57165,43.33791],[-73.57117,43.33787],[-73.571,43.3385],[-73.57141,43.33893],[-73.57145,43.33933],[-73.57105,43.3395],[-73.57081,43.33942],[-73.5707,43.33908],[-73.56996,43.33939],[-73.5693,43.33902],[-73.56833,43.33911],[-73.56779,43.33876],[-73.56696,43.3387],[-73.56685,43.33836],[-73.56699,43.33786],[-73.56662,43.33776],[-73.56656,43.33745],[-73.56612,43.33707],[-73.56599,43.33658],[-73.56433,43.33668],[-73.56405,43.33643],[-73.56408,43.336],[-73.56445,43.33603],[-73.56446,43.33572],[-73.56467,43.33562],[-73.56372,43.33467],[-73.56371,43.33426],[-73.56393,43.33399],[-73.56431,43.33406],[-73.56547,43.33331],[-73.56474,43.33286],[-73.56377,43.33068],[-73.56379,43.3302],[-73.56445,43.32898],[-73.565,43.32869],[-73.565,43.328],[-73.56533,43.32775],[-73.56518,43.32732],[-73.56439,43.32669],[-73.56484,43.32579],[-73.56486,43.32532],[-73.56401,43.32482],[-73.56372,43.32441],[-73.56307,43.32445],[-73.56273,43.32399],[-73.56287,43.32387],[-73.5622,43.32347],[-73.56279,43.32271],[-73.56228,43.3227],[-73.56224,43.32255],[-73.56107,43.32273],[-73.56068,43.32261],[-73.56037,43.32273],[-73.56038,43.32304],[-73.55977,43.32341],[-73.55895,43.32322],[-73.55805,43.32368],[-73.55705,43.3252],[-73.55648,43.32519],[-73.55585,43.3247],[-73.55583,43.32442],[-73.55549,43.32438],[-73.55557,43.32405],[-73.55496,43.32378],[-73.55458,43.32387],[-73.55397,43.32349],[-73.55403,43.32312],[-73.5538,43.32307],[-73.5539,43.32257],[-73.55356,43.32253],[-73.55337,43.32284],[-73.55294,43.32276],[-73.55283,43.32258],[-73.55297,43.32235],[-73.55267,43.32223],[-73.55246,43.32107],[-73.55221,43.32076],[-73.55103,43.32062],[-73.5505,43.32036],[-73.55033,43.31841],[-73.55004,43.31791],[-73.54966,43.31772],[-73.54989,43.31725],[-73.5503,43.31732],[-73.55043,43.31714],[-73.54984,43.31677],[-73.55007,43.31655],[-73.5498,43.31605],[-73.55009,43.31578],[-73.55006,43.31518],[-73.55064,43.31476],[-73.55058,43.31415],[-73.55001,43.31368],[-73.54825,43.31337],[-73.5484,43.31313],[-73.54823,43.31258],[-73.5484,43.31181],[-73.54919,43.3117],[-73.54903,43.31128],[-73.54829,43.31064],[-73.54873,43.31035],[-73.54934,43.30952],[-73.54967,43.30956],[-73.55016,43.30922],[-73.55007,43.3078],[-73.54917,43.30739],[-73.54887,43.30684],[-73.54886,43.30618],[-73.54779,43.30617],[-73.54709,43.30581],[-73.54715,43.3048],[-73.54618,43.30461],[-73.54619,43.3044],[-73.54569,43.30388],[-73.54586,43.3033],[-73.54568,43.3032],[-73.55338,43.29549],[-73.53275,43.29745],[-73.46993,43.30399],[-73.4726,43.31819],[-73.47262,43.31913],[-73.47531,43.33446],[-73.4869,43.39618],[-73.51448,43.39351],[-73.60961,43.3837]]]},"properties":{"GEOID":"36115080302","NAME":"Census Tract 803.02","STATE":"36","COUNTY":"115"}},{"type":"Feature","geometry":{"type":"Polygon","coordinates":[[[-73.60098,43.26985],[-73.60066,43.2685],[-73.59968,43.26846],[-73.596,43.26912],[-73.59473,43.26877],[-73.59236,43.26715],[-73.59021,43.26455],[-73.58905,43.26368],[-73.58722,43.25971],[-73.58686,43.25752],[-73.58695,43.2559],[-73.58786,43.2535],[-73.59082,43.25007],[-73.59204,43.24936],[-73.59708,43.24444],[-73.59764,43.24319],[-73.59748,43.24095],[-73.59497,43.23479],[-73.5942,43.2334],[-73.59312,43.23216],[-73.59161,43.23151],[-73.59061,43.23139],[-73.5893,43.23084],[-73.58772,43.22957],[-73.58596,43.22743],[-73.58506,43.22545],[-73.58428,43.22235],[-73.58219,43.21999],[-73.58155,43.2189],[-73.58146,43.21667],[-73.58101,43.21361],[-73.57967,43.21114],[-73.57922,43.20967],[-73.57928,43.20891],[-73.57985,43.20756],[-73.58091,43.20575],[-73.58265,43.20347],[-73.5832,43.20227],[-73.58355,43.19983],[-73.58531,43.19445],[-73.58581,43.19237],[-73.58553,43.19114],[-73.58235,43.18964],[-73.5821,43.18848],[-73.58218,43.18721],[-73.582,43.1861],[-73.58131,43.18498],[-73.58091,43.18374],[-73.581,43.18249],[-73.58353,43.17772],[-73.58384,43.17684],[-73.58767,43.17392],[-73.58864,43.17303],[-73.58928,43.17199],[-73.58984,43.17047],[-73.58955,43.16884],[-73.58918,43.16816],[-73.58743,43.16664],[-73.5846,43.16645],[-73.58383,43.16613],[-73.5833,43.16557],[-73.5831,43.1647],[-73.58381,43.1636],[-73.58394,43.16238],[-73.58365,43.16168],[-73.5814,43.15876],[-73.58036,43.15643],[-73.53105,43.16121],[-73.53094,43.16732],[-73.53012,43.17048],[-73.53081,43.17988],[-73.52957,43.24743],[-73.53004,43.26646],[-73.52984,43.27452],[-73.53104,43.27439],[-73.53271,43.28303],[-73.53597,43.28997],[-73.53522,43.29721],[-73.55338,43.29549],[-73.57,43.2789],[-73.57821,43.27163],[-73.57924,43.2711],[-73.5835,43.27053],[-73.58541,43.27076],[-73.5863,43.27119],[-73.58698,43.27179],[-73.58768,43.27336],[-73.58928,43.27533],[-73.59048,43.2782],[-73.59176,43.27966],[-73.5923,43.28071],[-73.59239,43.28207],[-73.59086,43.28752],[-73.5905,43.29143],[-73.59508,43.2909],[-73.59714,43.28411],[-73.60004,43.27976],[-73.60024,43.27881],[-73.60049,43.27151],[-73.60098,43.26985]]]},"properties":{"GEOID":"36115088002","NAME":"Census Tract 880.02","STATE":"36","COUNTY":"115"}},{"type":"Feature","geometry":{"type":"Polygon","coordinates":[[[-73.59244,43.28177],[-73.59234,43.28084],[-73.59203,43.28009],[-73.59048,43.2782],[-73.58928,43.27533],[-73.58768,43.27336],[-73.5871,43.27195],[-73.58647,43.2713],[-73.58516,43.27069],[-73.5838,43.27051],[-73.579,43.27117],[-73.57821,43.27163],[-73.576,43.27365],[-73.57639,43.27314],[-73.57,43.2789],[-73.55338,43.29549],[-73.5905,43.29143],[-73.59086,43.28752],[-73.59244,43.28177]]]},"properties":{"GEOID":"36115088001","NAME":"Census Tract 880.01","STATE":"36","COUNTY":"115"}},{"type":"Feature","geometry":{"type":"Polygon","coordinates":[[[-73.74178,42.65436],[-73.73925,42.65314],[-73.7386,42.6525],[-73.73834,42.65185],[-73.7384,42.65102],[-73.74009,42.64737],[-73.74059,42.64543],[-73.73981,42.64624],[-73.73097,42.64389],[-73.73027,42.64548],[-73.7291,42.64526],[-73.72924,42.64476],[-73.72828,42.64458],[-73.72829,42.64373],[-73.72812,42.64378],[-73.72744,42.64562],[-73.72763,42.64619],[-73.72753,42.64653],[-73.72722,42.64685],[-73.72581,42.64646],[-73.7252,42.64751],[-73.72499,42.64738],[-73.72392,42.64921],[-73.72922,42.65007],[-73.72713,42.6539],[-73.72812,42.65399],[-73.72831,42.6534],[-73.72936,42.65215],[-73.73163,42.65167],[-73.73348,42.65217],[-73.73263,42.65359],[-73.73083,42.65742],[-73.72396,42.65963],[-73.72183,42.65996],[-73.72304,42.66157],[-73.72418,42.66243],[-73.72913,42.66505],[-73.73086,42.66328],[-73.74036,42.65608],[-73.74178,42.65436]]]},"properties":{"GEOID":"36083051601","NAME":"Census Tract 516.01","STATE":"36","COUNTY":"083"}},{"type":"Feature","geometry":{"type":"Polygon","coordinates":[[[-73.73302,42.65287],[-73.73348,42.65217],[-73.73163,42.65167],[-73.72948,42.65213],[-73.72831,42.6534],[-73.72812,42.65399],[-73.72756,42.65403],[-73.72207,42.65233],[-73.72245,42.65182],[-73.72134,42.65148],[-73.72103,42.65204],[-73.71927,42.6515],[-73.71858,42.65281],[-73.71865,42.65408],[-73.71925,42.65442],[-73.71914,42.65489],[-73.71953,42.65576],[-73.72117,42.65807],[-73.7202,42.65835],[-73.7158,42.65695],[-73.71369,42.65563],[-73.71303,42.65625],[-73.7086,42.65486],[-73.70599,42.65422],[-73.70507,42.65421],[-73.70412,42.65377],[-73.70273,42.65361],[-73.70272,42.65627],[-73.7032,42.65883],[-73.70239,42.66301],[-73.70254,42.66412],[-73.7024,42.66617],[-73.70344,42.66623],[-73.70548,42.66778],[-73.71013,42.6691],[-73.71029,42.66939],[-73.71087,42.66936],[-73.71073,42.66971],[-73.71134,42.6699],[-73.71327,42.66735],[-73.71431,42.66548],[-73.72496,42.67018],[-73.72913,42.66505],[-73.72418,42.66243],[-73.72304,42.66157],[-73.72183,42.65996],[-73.72396,42.65963],[-73.73083,42.65742],[-73.73302,42.65287]]]},"properties":{"GEOID":"36083051602","NAME":"Census Tract 516.02","STATE":"36","COUNTY":"083"}},{"type":"Feature","geometry":{"type":"Polygon","coordinates":[[[-73.73479,42.6364],[-73.7349,42.6361],[-73.73471,42.6352],[-73.73394,42.63202],[-73.73369,42.6318],[-73.7294,42.62952],[-73.72886,42.6295],[-73.72833,42.62879],[-73.72631,42.62721],[-73.72236,42.62513],[-73.71886,42.62235],[-73.71924,42.62174],[-73.71919,42.62142],[-73.7186,42.62052],[-73.71731,42.61714],[-73.72052,42.61691],[-73.72066,42.61549],[-73.72527,42.61516],[-73.72543,42.61434],[-73.72585,42.61406],[-73.72628,42.61425],[-73.72657,42.61509],[-73.72844,42.61484],[-73.72942,42.61607],[-73.73039,42.61562],[-73.72485,42.60885],[-73.723,42.6074],[-73.71438,42.60295],[-73.70819,42.59708],[-73.70405,42.59871],[-73.70159,42.59943],[-73.69995,42.59946],[-73.69809,42.5992],[-73.69698,42.60074],[-73.69607,42.60334],[-73.69612,42.60528],[-73.69535,42.60803],[-73.69546,42.61041],[-73.6961,42.61177],[-73.69555,42.61241],[-73.69569,42.6134],[-73.69526,42.61383],[-73.69489,42.61479],[-73.69417,42.61549],[-73.6944,42.61718],[-73.69365,42.61804],[-73.69413,42.62038],[-73.70203,42.61952],[-73.70083,42.62447],[-73.70055,42.62643],[-73.70059,42.62908],[-73.70113,42.6322],[-73.7011,42.63489],[-73.70076,42.6365],[-73.69756,42.64722],[-73.69878,42.6475],[-73.69931,42.64586],[-73.70253,42.6463],[-73.7024,42.64729],[-73.71107,42.64837],[-73.71123,42.64815],[-73.71083,42.64743],[-73.72392,42.64921],[-73.72499,42.64738],[-73.7252,42.64751],[-73.72581,42.64646],[-73.72722,42.64685],[-73.72753,42.64653],[-73.72763,42.64619],[-73.72744,42.64562],[-73.72812,42.64378],[-73.72829,42.64373],[-73.72828,42.64458],[-73.72924,42.64476],[-73.7291,42.64526],[-73.73027,42.64548],[-73.73479,42.6364]]]},"properties":{"GEOID":"36083052406","NAME":"Census Tract 524.06","STATE":"36","COUNTY":"083"}},{"type":"Feature","geometry":{"type":"Polygon","coordinates":[[[-73.76138,42.60727],[-73.76156,42.60358],[-73.76127,42.60078],[-73.75827,42.58988],[-73.75726,42.58718],[-73.75437,42.58258],[-73.75237,42.57668],[-73.71998,42.58028],[-73.71902,42.58415],[-73.72045,42.59196],[-73.71998,42.59519],[-73.71953,42.59675],[-73.71801,42.60487],[-73.723,42.6074],[-73.72447,42.60847],[-73.73136,42.61672],[-73.73968,42.62431],[-73.74304,42.62896],[-73.74487,42.61728],[-73.75256,42.61418],[-73.75956,42.61418],[-73.76127,42.61038],[-73.76138,42.60727]]]},"properties":{"GEOID":"36083052408","NAME":"Census Tract 524.08","STATE":"36","COUNTY":"083"}},{"type":"Feature","geometry":{"type":"Polygon","coordinates":[[[-73.72045,42.59196],[-73.71902,42.58415],[-73.71998,42.58028],[-73.70412,42.58225],[-73.70429,42.58144],[-73.70385,42.58137],[-73.70381,42.58162],[-73.70189,42.5814],[-73.70187,42.58189],[-73.70103,42.582],[-73.69666,42.58346],[-73.69512,42.5822],[-73.69403,42.58309],[-73.69436,42.58333],[-73.68271,42.58469],[-73.68318,42.5868],[-73.6827,42.58872],[-73.6832,42.58952],[-73.6833,42.59005],[-73.68271,42.59255],[-73.68254,42.59472],[-73.68344,42.59928],[-73.68365,42.59947],[-73.68456,42.59923],[-73.69332,42.59879],[-73.69496,42.59832],[-73.6956,42.5984],[-73.69707,42.59903],[-73.69995,42.59946],[-73.70135,42.59947],[-73.70405,42.59871],[-73.70819,42.59708],[-73.71438,42.60295],[-73.71801,42.60487],[-73.71953,42.59675],[-73.71998,42.59519],[-73.72045,42.59196]]]},"properties":{"GEOID":"36083052407","NAME":"Census Tract 524.07","STATE":"36","COUNTY":"083"}},{"type":"Feature","geometry":{"type":"Polygon","coordinates":[[[-73.69748,42.72768],[-73.69756,42.72728],[-73.69263,42.72642],[-73.69233,42.72783],[-73.68696,42.7272],[-73.68508,42.72757],[-73.68171,42.73963],[-73.68544,42.73947],[-73.68867,42.74016],[-73.68896,42.73828],[-73.69016,42.73528],[-73.69466,42.73208],[-73.69724,42.72882],[-73.69748,42.72768]]]},"properties":{"GEOID":"36083040701","NAME":"Census Tract 407.01","STATE":"36","COUNTY":"083"}},{"type":"Feature","geometry":{"type":"Polygon","coordinates":[[[-73.69059,42.67734],[-73.69072,42.67659],[-73.6881,42.67581],[-73.68489,42.67455],[-73.68541,42.67293],[-73.68681,42.67126],[-73.68414,42.66816],[-73.68315,42.66753],[-73.68256,42.66663],[-73.67911,42.66676],[-73.67767,42.66818],[-73.67661,42.66846],[-73.6728,42.67018],[-73.66814,42.67175],[-73.66479,42.67063],[-73.66058,42.66858],[-73.65861,42.66807],[-73.654,42.66729],[-73.6517,42.66743],[-73.64739,42.66862],[-73.64444,42.66851],[-73.64308,42.66781],[-73.64373,42.66964],[-73.64251,42.67265],[-73.64101,42.67239],[-73.63979,42.67281],[-73.63906,42.6739],[-73.63704,42.67555],[-73.63601,42.6767],[-73.63468,42.67905],[-73.63424,42.6803],[-73.63454,42.68132],[-73.63303,42.68651],[-73.6343,42.68723],[-73.63756,42.69061],[-73.63848,42.6901],[-73.64053,42.69025],[-73.64293,42.69079],[-73.64478,42.69163],[-73.64923,42.69188],[-73.6542,42.69344],[-73.65489,42.69345],[-73.65621,42.69438],[-73.65637,42.69551],[-73.65713,42.6966],[-73.65873,42.69702],[-73.65963,42.69749],[-73.68774,42.69558],[-73.68696,42.6928],[-73.68698,42.6916],[-73.69059,42.67734]]]},"properties":{"GEOID":"36083052306","NAME":"Census Tract 523.06","STATE":"36","COUNTY":"083"}},{"type":"Feature","geometry":{"type":"Polygon","coordinates":[[[-73.65945,42.69741],[-73.65873,42.69702],[-73.65713,42.6966],[-73.65637,42.69551],[-73.65621,42.69438],[-73.65489,42.69345],[-73.6542,42.69344],[-73.64923,42.69188],[-73.64478,42.69163],[-73.64293,42.69079],[-73.64053,42.69025],[-73.63848,42.6901],[-73.63756,42.69061],[-73.6343,42.68723],[-73.63303,42.68651],[-73.63385,42.68376],[-73.63117,42.68332],[-73.63079,42.6845],[-73.63007,42.68508],[-73.62839,42.68368],[-73.62691,42.68109],[-73.62684,42.68035],[-73.62719,42.67856],[-73.62548,42.6742],[-73.62202,42.6709],[-73.62063,42.67001],[-73.61795,42.67068],[-73.6177,42.67128],[-73.61117,42.69424],[-73.61021,42.69824],[-73.60846,42.70338],[-73.63248,42.70058],[-73.63405,42.70058],[-73.64466,42.69918],[-73.64616,42.69918],[-73.65236,42.69848],[-73.65945,42.69741]]]},"properties":{"GEOID":"36083052305","NAME":"Census Tract 523.05","STATE":"36","COUNTY":"083"}},{"type":"Feature","geometry":{"type":"Polygon","coordinates":[[[-73.74299,42.62919],[-73.74304,42.62896],[-73.74264,42.62828],[-73.73968,42.62431],[-73.73195,42.61728],[-73.73039,42.61562],[-73.72942,42.61607],[-73.72844,42.61484],[-73.72657,42.61509],[-73.72628,42.61425],[-73.72585,42.61406],[-73.72543,42.61434],[-73.72527,42.61516],[-73.72066,42.61549],[-73.72052,42.61691],[-73.71731,42.61714],[-73.7186,42.62052],[-73.71919,42.62142],[-73.71924,42.62174],[-73.71886,42.62235],[-73.72236,42.62513],[-73.72631,42.62721],[-73.72833,42.62879],[-73.72886,42.6295],[-73.7294,42.62952],[-73.73394,42.63202],[-73.73387,42.63188],[-73.74261,42.63158],[-73.74299,42.62919]]]},"properties":{"GEOID":"36083052405","NAME":"Census Tract 524.05","STATE":"36","COUNTY":"083"}},{"type":"Feature","geometry":{"type":"Polygon","coordinates":[[[-73.68906,42.72518],[-73.688,42.72501],[-73.68864,42.72214],[-73.68899,42.72161],[-73.68865,42.72107],[-73.68761,42.72029],[-73.68589,42.71989],[-73.68227,42.71847],[-73.68177,42.71955],[-73.68124,42.71992],[-73.67945,42.71974],[-73.67849,42.72008],[-73.67738,42.72075],[-73.67519,42.72096],[-73.67555,42.722],[-73.67646,42.72218],[-73.67643,42.72402],[-73.67443,42.72364],[-73.67398,42.72489],[-73.67847,42.72574],[-73.67811,42.72682],[-73.6849,42.72815],[-73.68508,42.72757],[-73.68639,42.72726],[-73.68859,42.72736],[-73.68906,42.72518]]]},"properties":{"GEOID":"36083040702","NAME":"Census Tract 407.02","STATE":"36","COUNTY":"083"}},{"type":"Feature","geometry":{"type":"Polygon","coordinates":[[[-73.68915,42.69981],[-73.68774,42.69558],[-73.65945,42.69741],[-73.65236,42.69848],[-73.65267,42.70001],[-73.65471,42.70128],[-73.65706,42.70217],[-73.66108,42.70621],[-73.66355,42.70943],[-73.67028,42.71072],[-73.67196,42.71042],[-73.67512,42.70824],[-73.68194,42.70572],[-73.684,42.70433],[-73.68324,42.70342],[-73.68319,42.70279],[-73.68413,42.70247],[-73.68548,42.70251],[-73.68684,42.70159],[-73.68731,42.70247],[-73.68828,42.70248],[-73.68902,42.70062],[-73.68915,42.69981]]]},"properties":{"GEOID":"36083041101","NAME":"Census Tract 411.01","STATE":"36","COUNTY":"083"}},{"type":"Feature","geometry":{"type":"Polygon","coordinates":[[[-73.68887,42.70415],[-73.6886,42.70374],[-73.68446,42.70411],[-73.68145,42.70599],[-73.67512,42.70824],[-73.67196,42.71042],[-73.67075,42.71072],[-73.66969,42.71067],[-73.67068,42.71191],[-73.67117,42.71347],[-73.67192,42.71434],[-73.67481,42.71591],[-73.68438,42.71921],[-73.68628,42.71557],[-73.68636,42.71316],[-73.68705,42.71176],[-73.68753,42.7113],[-73.68757,42.71012],[-73.68834,42.70576],[-73.68827,42.70496],[-73.68885,42.70455],[-73.68887,42.70415]]]},"properties":{"GEOID":"36083041102","NAME":"Census Tract 411.02","STATE":"36","COUNTY":"083"}},{"type":"Feature","geometry":{"type":"MultiPolygon","coordinates":[[[[-74.36892,43.0482],[-74.37012,43.04674],[-74.35893,43.03399],[-74.3549,43.02436],[-74.3546,43.0246],[-74.35397,43.01897],[-74.3491,43.01933],[-74.34947,43.0218],[-74.35114,43.02167],[-74.3514,43.0229],[-74.34973,43.0231],[-74.35018,43.02417],[-74.3519,43.02363],[-74.35325,43.02571],[-74.35181,43.02691],[-74.35141,43.02622],[-74.35011,43.02641],[-74.3505,43.02703],[-74.34587,43.0275],[-74.34598,43.02964],[-74.34585,43.0302],[-74.34431,43.03306],[-74.34462,43.0333],[-74.34213,43.03535],[-74.34188,43.03506],[-74.34029,43.03634],[-74.34003,43.03708],[-74.33922,43.03721],[-74.33471,43.04087],[-74.33458,43.04002],[-74.32837,43.04221],[-74.32869,43.04346],[-74.33157,43.04386],[-74.33482,43.04473],[-74.33916,43.04526],[-74.33974,43.04963],[-74.34619,43.04979],[-74.34992,43.04432],[-74.35293,43.04272],[-74.35351,43.04689],[-74.35686,43.04667],[-74.35741,43.0486],[-74.36159,43.04827],[-74.36136,43.05002],[-74.36265,43.05046],[-74.36523,43.0507],[-74.3663,43.05125],[-74.36892,43.0482]]],[[[-74.34887,43.01915],[-74.3488,43.01874],[-74.34823,43.01879],[-74.34818,43.01827],[-74.3414,43.01891],[-74.34163,43.02026],[-74.33977,43.02042],[-74.33957,43.01907],[-74.3389,43.01908],[-74.34084,43.03342],[-74.34318,43.03347],[-74.34438,43.03213],[-74.3438,43.03191],[-74.3445,43.03069],[-74.34508,43.03091],[-74.34555,43.02981],[-74.3448,43.02976],[-74.34489,43.02915],[-74.34563,43.0292],[-74.34549,43.02639],[-74.34638,43.02524],[-74.34726,43.02447],[-74.34649,43.01936],[-74.34887,43.01915]]]]},"properties":{"GEOID":"36035970800","NAME":"Census Tract 9708","STATE":"36","COUNTY":"035"}},{"type":"Feature","geometry":{"type":"Polygon","coordinates":[[[-73.77725,42.65814],[-73.77741,42.65799],[-73.76771,42.65244],[-73.76629,42.65381],[-73.76205,42.65132],[-73.75898,42.65427],[-73.76567,42.65812],[-73.76786,42.65888],[-73.76788,42.65905],[-73.7697,42.66048],[-73.77285,42.66229],[-73.77725,42.65814]]]},"properties":{"GEOID":"36001001400","NAME":"Census Tract 14","STATE":"36","COUNTY":"001"}},{"type":"Feature","geometry":{"type":"Polygon","coordinates":[[[-73.78873,42.65327],[-73.78876,42.65314],[-73.78289,42.65283],[-73.7743,42.66091],[-73.77984,42.66269],[-73.78774,42.65523],[-73.78873,42.65327]]]},"properties":{"GEOID":"36001001500","NAME":"Census Tract 15","STATE":"36","COUNTY":"001"}},{"type":"Feature","geometry":{"type":"Polygon","coordinates":[[[-73.80717,42.6601],[-73.80819,42.6591],[-73.80408,42.65742],[-73.80616,42.65467],[-73.80649,42.6539],[-73.80196,42.65197],[-73.80174,42.6525],[-73.80008,42.65431],[-73.79851,42.65548],[-73.78815,42.66533],[-73.79823,42.66853],[-73.8024,42.66458],[-73.80146,42.66392],[-73.80227,42.66312],[-73.80189,42.6628],[-73.8027,42.66216],[-73.80454,42.66263],[-73.80717,42.6601]]]},"properties":{"GEOID":"36001001700","NAME":"Census Tract 17","STATE":"36","COUNTY":"001"}},{"type":"Feature","geometry":{"type":"Polygon","coordinates":[[[-73.80181,42.65235],[-73.80196,42.65197],[-73.78679,42.64472],[-73.78572,42.64577],[-73.78499,42.65295],[-73.79102,42.65333],[-73.79869,42.65533],[-73.80008,42.65431],[-73.80181,42.65235]]]},"properties":{"GEOID":"36001001901","NAME":"Census Tract 19.01","STATE":"36","COUNTY":"001"}},{"type":"Feature","geometry":{"type":"Polygon","coordinates":[[[-73.5966,43.31527],[-73.59608,43.3129],[-73.59357,43.31352],[-73.58954,43.31351],[-73.58778,43.31321],[-73.5857,43.31231],[-73.58479,43.31152],[-73.58368,43.30952],[-73.57856,43.30377],[-73.57419,43.30073],[-73.57258,43.30023],[-73.57058,43.29991],[-73.56968,43.29949],[-73.56944,43.29912],[-73.56986,43.29819],[-73.56891,43.29893],[-73.56906,43.2997],[-73.56828,43.29965],[-73.56558,43.30299],[-73.5686,43.30311],[-73.56901,43.30484],[-73.57014,43.30455],[-73.57202,43.31458],[-73.5758,43.31415],[-73.576,43.31595],[-73.58619,43.3165],[-73.5942,43.31569],[-73.59412,43.31553],[-73.5966,43.31527]]]},"properties":{"GEOID":"36115080200","NAME":"Census Tract 802","STATE":"36","COUNTY":"115"}},{"type":"Feature","geometry":{"type":"Polygon","coordinates":[[[-73.77817,42.64247],[-73.77764,42.63911],[-73.777,42.63906],[-73.77696,42.63873],[-73.77776,42.63591],[-73.77674,42.63571],[-73.77555,42.63516],[-73.77493,42.63423],[-73.77632,42.62973],[-73.77676,42.62675],[-73.77676,42.62545],[-73.77551,42.62531],[-73.77565,42.62522],[-73.77477,42.62418],[-73.77337,42.62279],[-73.77216,42.62235],[-73.7715,42.6217],[-73.77119,42.62171],[-73.77077,42.6221],[-73.76865,42.62083],[-73.76856,42.62027],[-73.76682,42.62056],[-73.76437,42.62015],[-73.76405,42.61949],[-73.76505,42.6152],[-73.76431,42.61512],[-73.76351,42.61586],[-73.76207,42.61391],[-73.75974,42.61379],[-73.75297,42.62868],[-73.75116,42.63608],[-73.75067,42.63702],[-73.75597,42.63851],[-73.75621,42.63805],[-73.75715,42.63741],[-73.75865,42.63831],[-73.76031,42.63684],[-73.76323,42.63848],[-73.76187,42.63973],[-73.76611,42.64222],[-73.76535,42.64388],[-73.77142,42.64558],[-73.77214,42.6451],[-73.77817,42.64247]]]},"properties":{"GEOID":"36001002600","NAME":"Census Tract 26","STATE":"36","COUNTY":"001"}},{"type":"Feature","geometry":{"type":"Polygon","coordinates":[[[-73.6957,42.76814],[-73.69456,42.75908],[-73.69396,42.75868],[-73.69336,42.75838],[-73.69236,42.75828],[-73.69096,42.75878],[-73.68756,42.76068],[-73.68436,42.76078],[-73.68436,42.76388],[-73.68376,42.76668],[-73.68186,42.77158],[-73.67846,42.77888],[-73.67676,42.78328],[-73.68006,42.78358],[-73.68116,42.78298],[-73.6814,42.7819],[-73.68187,42.78096],[-73.68346,42.77911],[-73.68726,42.77708],[-73.68836,42.77548],[-73.69026,42.77548],[-73.69136,42.77578],[-73.69376,42.77698],[-73.69448,42.77561],[-73.69434,42.77507],[-73.69445,42.77413],[-73.69473,42.77385],[-73.69461,42.77373],[-73.69515,42.77204],[-73.69511,42.77117],[-73.69442,42.77007],[-73.69504,42.76967],[-73.6957,42.76814]]]},"properties":{"GEOID":"36001012700","NAME":"Census Tract 127","STATE":"36","COUNTY":"001"}},{"type":"Feature","geometry":{"type":"Polygon","coordinates":[[[-73.43332,42.95857],[-73.43316,42.95824],[-73.43062,42.95865],[-73.42685,42.95851],[-73.42542,42.95709],[-73.42492,42.95599],[-73.42123,42.95493],[-73.42066,42.9549],[-73.41635,42.95667],[-73.4121,42.95738],[-73.40821,42.95693],[-73.40558,42.95612],[-73.40451,42.95549],[-73.40399,42.95487],[-73.40445,42.95417],[-73.4048,42.95321],[-73.40479,42.95272],[-73.40384,42.95148],[-73.40323,42.95124],[-73.40132,42.95226],[-73.39807,42.95309],[-73.39734,42.95298],[-73.39514,42.95329],[-73.39347,42.95309],[-73.3921,42.95259],[-73.38969,42.95059],[-73.38947,42.94979],[-73.38952,42.9489],[-73.3889,42.94824],[-73.38443,42.94722],[-73.38338,42.94735],[-73.38177,42.94824],[-73.38054,42.94812],[-73.37966,42.9478],[-73.37904,42.94716],[-73.37856,42.94623],[-73.37851,42.94532],[-73.37916,42.94444],[-73.38024,42.94374],[-73.36807,42.94405],[-73.27429,42.94365],[-73.27417,42.94903],[-73.27326,42.96343],[-73.27251,42.98209],[-73.27184,42.99562],[-73.27143,43.00008],[-73.26978,43.03598],[-73.26622,43.08716],[-73.2746,43.08366],[-73.3105,43.06759],[-73.32013,43.06352],[-73.33289,43.04164],[-73.37387,43.0389],[-73.37836,43.03887],[-73.38106,43.03431],[-73.38457,43.0298],[-73.38651,43.02805],[-73.38838,43.02224],[-73.38905,43.01932],[-73.38937,43.01166],[-73.38854,43.00563],[-73.3895,43.00185],[-73.38853,43.00009],[-73.388,42.99529],[-73.38623,42.9915],[-73.38612,42.99092],[-73.38631,42.99043],[-73.38968,42.98781],[-73.39347,42.98212],[-73.39347,42.98178],[-73.39377,42.98169],[-73.39456,42.98048],[-73.39747,42.97767],[-73.39926,42.97435],[-73.40016,42.97348],[-73.40296,42.97152],[-73.40478,42.96891],[-73.40639,42.96826],[-73.41171,42.96703],[-73.41731,42.96465],[-73.42032,42.96307],[-73.42506,42.96308],[-73.42854,42.96208],[-73.43154,42.96039],[-73.43197,42.96001],[-73.43243,42.95908],[-73.43332,42.95857]]]},"properties":{"GEOID":"36115092000","NAME":"Census Tract 920","STATE":"36","COUNTY":"115"}},{"type":"Feature","geometry":{"type":"Polygon","coordinates":[[[-73.63495,42.94161],[-73.63546,42.94129],[-73.62456,42.94122],[-73.58735,42.94208],[-73.51732,42.94336],[-73.513,42.95588],[-73.5122,42.95715],[-73.51106,42.95764],[-73.51109,42.97194],[-73.51275,42.98158],[-73.50532,42.98551],[-73.49417,42.9872],[-73.49429,42.99123],[-73.49063,42.9931],[-73.49048,42.99452],[-73.49018,42.99531],[-73.48818,43.01128],[-73.48532,43.0149],[-73.47823,43.01842],[-73.47768,43.01973],[-73.47637,43.02522],[-73.47484,43.02888],[-73.47373,43.03357],[-73.47359,43.03461],[-73.47374,43.03486],[-73.47323,43.03621],[-73.4734,43.03727],[-73.47451,43.03953],[-73.47411,43.04304],[-73.4734,43.04446],[-73.47246,43.04513],[-73.46975,43.0525],[-73.46836,43.05485],[-73.46686,43.06248],[-73.46195,43.0654],[-73.46095,43.06621],[-73.45998,43.06766],[-73.4591,43.07016],[-73.45894,43.07079],[-73.46152,43.07477],[-73.4617,43.08933],[-73.45758,43.0987],[-73.45929,43.09902],[-73.45981,43.09894],[-73.46022,43.09862],[-73.46022,43.09809],[-73.45924,43.09621],[-73.45953,43.09547],[-73.46045,43.09429],[-73.46276,43.09321],[-73.46381,43.09316],[-73.46932,43.09008],[-73.47069,43.08995],[-73.47145,43.09023],[-73.47267,43.09134],[-73.47513,43.09166],[-73.47765,43.09235],[-73.48499,43.09164],[-73.48795,43.09014],[-73.4899,43.0896],[-73.49332,43.09058],[-73.49566,43.09087],[-73.49636,43.09071],[-73.49653,43.09045],[-73.49614,43.08949],[-73.49512,43.08853],[-73.49534,43.086],[-73.49581,43.0856],[-73.49701,43.08507],[-73.50015,43.08499],[-73.50218,43.08588],[-73.50553,43.08652],[-73.50734,43.08842],[-73.50848,43.08931],[-73.51145,43.09014],[-73.51311,43.09027],[-73.51749,43.09002],[-73.5221,43.08879],[-73.52486,43.08879],[-73.52618,43.08933],[-73.52672,43.09022],[-73.52654,43.09134],[-73.5237,43.09565],[-73.52281,43.09627],[-73.52079,43.09699],[-73.51987,43.0977],[-73.5187,43.09923],[-73.51848,43.09999],[-73.51853,43.10066],[-73.5191,43.10108],[-73.5204,43.10142],[-73.52277,43.10136],[-73.523,43.10119],[-73.52362,43.09958],[-73.52424,43.09894],[-73.52584,43.09903],[-73.52844,43.09794],[-73.5296,43.09783],[-73.53117,43.09811],[-73.5329,43.09938],[-73.53674,43.10057],[-73.53778,43.10108],[-73.53789,43.10204],[-73.53715,43.10332],[-73.53702,43.10395],[-73.53331,43.10623],[-73.53275,43.10729],[-73.53286,43.10856],[-73.53266,43.11028],[-73.53326,43.11263],[-73.53312,43.11652],[-73.53365,43.11753],[-73.53543,43.11914],[-73.53788,43.1196],[-73.54171,43.11948],[-73.54416,43.11923],[-73.5451,43.11846],[-73.547,43.11785],[-73.54984,43.11779],[-73.55508,43.11868],[-73.55702,43.11872],[-73.55883,43.11846],[-73.56016,43.11793],[-73.56292,43.11552],[-73.56427,43.11484],[-73.56497,43.1147],[-73.5673,43.11576],[-73.56817,43.11569],[-73.56976,43.11501],[-73.57083,43.11421],[-73.57186,43.11326],[-73.57345,43.1107],[-73.57477,43.10925],[-73.57565,43.10756],[-73.57461,43.10506],[-73.57356,43.10148],[-73.57334,43.10008],[-73.57367,43.0984],[-73.57456,43.0969],[-73.57612,43.09499],[-73.57823,43.09063],[-73.57827,43.0885],[-73.57799,43.08765],[-73.57757,43.08673],[-73.57586,43.08493],[-73.57546,43.08398],[-73.5753,43.0825],[-73.57556,43.08131],[-73.57582,43.08041],[-73.57663,43.07948],[-73.57732,43.07816],[-73.57891,43.07641],[-73.58112,43.07301],[-73.58176,43.07019],[-73.58171,43.06869],[-73.58082,43.06514],[-73.57863,43.06061],[-73.57789,43.05867],[-73.57788,43.05689],[-73.57815,43.05579],[-73.57866,43.05485],[-73.58086,43.05259],[-73.58583,43.04973],[-73.58638,43.04855],[-73.587,43.04265],[-73.59075,43.03582],[-73.59158,43.03196],[-73.59154,43.02942],[-73.59087,43.02324],[-73.5913,43.02113],[-73.59311,43.01543],[-73.59533,43.01061],[-73.59711,43.00762],[-73.604,43.00252],[-73.60512,43.00138],[-73.60586,43.00008],[-73.6067,42.99924],[-73.60759,42.99479],[-73.60857,42.98385],[-73.60886,42.98283],[-73.60928,42.98224],[-73.61033,42.98134],[-73.62456,42.97426],[-73.62635,42.97366],[-73.62882,42.97249],[-73.63014,42.97163],[-73.63112,42.97062],[-73.63147,42.96974],[-73.63037,42.96479],[-73.62979,42.96261],[-73.62907,42.96097],[-73.62871,42.95915],[-73.62901,42.95365],[-73.62965,42.95027],[-73.63124,42.94632],[-73.6323,42.94438],[-73.63324,42.94318],[-73.63495,42.94161]]]},"properties":{"GEOID":"36115094000","NAME":"Census Tract 940","STATE":"36","COUNTY":"115"}},{"type":"Feature","geometry":{"type":"Polygon","coordinates":[[[-73.59608,43.3129],[-73.59471,43.30593],[-73.59219,43.304],[-73.58882,43.30054],[-73.58855,43.29941],[-73.58922,43.29741],[-73.59063,43.29627],[-73.59273,43.29508],[-73.59497,43.29134],[-73.59508,43.2909],[-73.57495,43.29303],[-73.56784,43.29399],[-73.56891,43.29893],[-73.56986,43.29819],[-73.56944,43.29912],[-73.56968,43.29949],[-73.57058,43.29991],[-73.57258,43.30023],[-73.57419,43.30073],[-73.57856,43.30377],[-73.58368,43.30952],[-73.58479,43.31152],[-73.5857,43.31231],[-73.58778,43.31321],[-73.58954,43.31351],[-73.59357,43.31352],[-73.59608,43.3129]]]},"properties":{"GEOID":"36115080100","NAME":"Census Tract 801","STATE":"36","COUNTY":"115"}},{"type":"Feature","geometry":{"type":"Polygon","coordinates":[[[-73.39419,43.21738],[-73.38606,43.17435],[-73.39346,43.17378],[-73.38806,43.14632],[-73.38708,43.14623],[-73.3855,43.14573],[-73.38498,43.14485],[-73.38449,43.14453],[-73.38231,43.14435],[-73.38153,43.14363],[-73.3809,43.14257],[-73.3798,43.14217],[-73.37894,43.14222],[-73.37629,43.14379],[-73.37613,43.1446],[-73.37758,43.14485],[-73.37824,43.1454],[-73.37812,43.14578],[-73.37709,43.14609],[-73.3753,43.14628],[-73.37264,43.14596],[-73.36922,43.14527],[-73.36724,43.14542],[-73.36568,43.14506],[-73.36377,43.14368],[-73.36198,43.14103],[-73.35896,43.13872],[-73.35694,43.13549],[-73.3556,43.13481],[-73.35499,43.13423],[-73.35413,43.13403],[-73.35327,43.13356],[-73.35211,43.13236],[-73.35137,43.13079],[-73.35092,43.12756],[-73.348,43.12321],[-73.34754,43.12179],[-73.34758,43.12078],[-73.3481,43.11842],[-73.34788,43.11681],[-73.34732,43.11624],[-73.34514,43.11522],[-73.34642,43.11111],[-73.34619,43.10942],[-73.3465,43.1092],[-73.34821,43.10901],[-73.34945,43.1064],[-73.35048,43.10565],[-73.35084,43.10488],[-73.35063,43.10299],[-73.35024,43.10222],[-73.34872,43.10072],[-73.34719,43.10047],[-73.3462,43.09994],[-73.34609,43.09925],[-73.34668,43.09811],[-73.34679,43.09698],[-73.34658,43.09666],[-73.34539,43.09588],[-73.34478,43.09501],[-73.3447,43.09456],[-73.34566,43.09295],[-73.34584,43.09188],[-73.3454,43.09109],[-73.34612,43.0878],[-73.34588,43.08752],[-73.34541,43.08749],[-73.34428,43.08828],[-73.34381,43.08806],[-73.34364,43.08761],[-73.34358,43.08663],[-73.34401,43.08509],[-73.34486,43.08369],[-73.34528,43.08252],[-73.34528,43.08162],[-73.34609,43.08007],[-73.34588,43.0792],[-73.34367,43.07648],[-73.34352,43.075],[-73.34516,43.07258],[-73.34539,43.07133],[-73.34617,43.07052],[-73.34603,43.0696],[-73.34564,43.06946],[-73.34511,43.06967],[-73.34457,43.07099],[-73.3432,43.07178],[-73.34011,43.07161],[-73.33771,43.0721],[-73.33613,43.07175],[-73.33451,43.07227],[-73.33326,43.07297],[-73.33177,43.07309],[-73.3306,43.07341],[-73.3298,43.07387],[-73.32789,43.07677],[-73.32447,43.07861],[-73.32216,43.07918],[-73.32057,43.08029],[-73.31837,43.08088],[-73.31501,43.08235],[-73.31362,43.08328],[-73.31301,43.08326],[-73.31114,43.08452],[-73.31191,43.08637],[-73.31171,43.08699],[-73.30845,43.08925],[-73.3042,43.08994],[-73.30376,43.09025],[-73.30218,43.09244],[-73.30203,43.09318],[-73.30261,43.09405],[-73.30285,43.09505],[-73.30254,43.09652],[-73.303,43.09895],[-73.30276,43.09986],[-73.29985,43.10038],[-73.29914,43.10086],[-73.29844,43.10106],[-73.29674,43.10108],[-73.29428,43.10154],[-73.29184,43.10143],[-73.28936,43.10232],[-73.28768,43.10188],[-73.28524,43.10158],[-73.28342,43.09983],[-73.28171,43.09914],[-73.27839,43.09824],[-73.27472,43.09779],[-73.27263,43.09791],[-73.27148,43.09844],[-73.26992,43.10006],[-73.26989,43.10059],[-73.27182,43.10231],[-73.27209,43.10422],[-73.2729,43.10563],[-73.27254,43.10635],[-73.27155,43.10708],[-73.26989,43.10712],[-73.26628,43.10687],[-73.26503,43.10624],[-73.25916,43.21685],[-73.2587,43.23055],[-73.28889,43.22772],[-73.37416,43.21917],[-73.37895,43.21888],[-73.39419,43.21738]]]},"properties":{"GEOID":"36115090000","NAME":"Census Tract 900","STATE":"36","COUNTY":"115"}},{"type":"Feature","geometry":{"type":"Polygon","coordinates":[[[-73.4617,43.08933],[-73.46152,43.07477],[-73.46097,43.07396],[-73.45691,43.07389],[-73.45458,43.07347],[-73.45228,43.07248],[-73.44907,43.07248],[-73.44523,43.06955],[-73.4428,43.0674],[-73.43695,43.06179],[-73.4322,43.06163],[-73.42871,43.06117],[-73.42707,43.0606],[-73.42514,43.05875],[-73.42341,43.05796],[-73.42209,43.05691],[-73.42037,43.05177],[-73.41975,43.05083],[-73.41898,43.05044],[-73.41727,43.05021],[-73.41495,43.04956],[-73.41015,43.04797],[-73.40823,43.0471],[-73.40774,43.04615],[-73.40827,43.0435],[-73.40786,43.04188],[-73.40429,43.03948],[-73.40183,43.03735],[-73.40075,43.03611],[-73.38945,43.03744],[-73.38957,43.03815],[-73.38044,43.03894],[-73.37841,43.03876],[-73.37825,43.03891],[-73.37387,43.0389],[-73.33289,43.04164],[-73.32013,43.06352],[-73.3105,43.06759],[-73.2746,43.08366],[-73.26622,43.08716],[-73.26504,43.10615],[-73.26628,43.10687],[-73.26989,43.10712],[-73.27155,43.10708],[-73.27254,43.10635],[-73.2729,43.10563],[-73.27209,43.10422],[-73.27182,43.10231],[-73.26998,43.1008],[-73.26987,43.1002],[-73.27148,43.09844],[-73.27263,43.09791],[-73.27472,43.09779],[-73.27839,43.09824],[-73.28015,43.09867],[-73.28373,43.09998],[-73.28524,43.10158],[-73.28768,43.10188],[-73.28936,43.10232],[-73.29184,43.10143],[-73.29428,43.10154],[-73.29674,43.10108],[-73.29844,43.10106],[-73.29914,43.10086],[-73.29985,43.10038],[-73.30276,43.09986],[-73.303,43.09895],[-73.30254,43.09652],[-73.30285,43.09505],[-73.30261,43.09405],[-73.30203,43.09318],[-73.30218,43.09244],[-73.30376,43.09025],[-73.3042,43.08994],[-73.30845,43.08925],[-73.31171,43.08699],[-73.31191,43.08637],[-73.31114,43.08452],[-73.31301,43.08326],[-73.31362,43.08328],[-73.31501,43.08235],[-73.31837,43.08088],[-73.32057,43.08029],[-73.32216,43.07918],[-73.32447,43.07861],[-73.32789,43.07677],[-73.3298,43.07387],[-73.3306,43.07341],[-73.33177,43.07309],[-73.33326,43.07297],[-73.33451,43.07227],[-73.33613,43.07175],[-73.33771,43.0721],[-73.34011,43.07161],[-73.3432,43.07178],[-73.34457,43.07099],[-73.34511,43.06967],[-73.34592,43.06951],[-73.34617,43.07052],[-73.34539,43.07133],[-73.34516,43.07258],[-73.34352,43.075],[-73.34367,43.07648],[-73.34588,43.0792],[-73.34609,43.08007],[-73.34528,43.08162],[-73.34528,43.08252],[-73.34486,43.08369],[-73.34401,43.08509],[-73.34358,43.08663],[-73.34364,43.08761],[-73.34381,43.08806],[-73.34428,43.08828],[-73.34541,43.08749],[-73.34588,43.08752],[-73.34612,43.0878],[-73.3454,43.09109],[-73.34584,43.09188],[-73.34566,43.09295],[-73.3447,43.09456],[-73.34478,43.09501],[-73.34539,43.09588],[-73.34658,43.09666],[-73.34679,43.09698],[-73.34668,43.09811],[-73.34609,43.09925],[-73.3462,43.09994],[-73.34719,43.10047],[-73.34872,43.10072],[-73.35024,43.10222],[-73.35063,43.10299],[-73.35084,43.10488],[-73.35048,43.10565],[-73.34945,43.1064],[-73.34821,43.10901],[-73.3465,43.1092],[-73.34619,43.10942],[-73.34642,43.11111],[-73.34514,43.11522],[-73.34732,43.11624],[-73.34788,43.11681],[-73.3481,43.11842],[-73.34758,43.12078],[-73.34754,43.12179],[-73.348,43.12321],[-73.35092,43.12756],[-73.35137,43.13079],[-73.35211,43.13236],[-73.35327,43.13356],[-73.35413,43.13403],[-73.35499,43.13423],[-73.3556,43.13481],[-73.35694,43.13549],[-73.35896,43.13872],[-73.36198,43.14103],[-73.36377,43.14368],[-73.36568,43.14506],[-73.36724,43.14542],[-73.36922,43.14527],[-73.37264,43.14596],[-73.3753,43.14628],[-73.37709,43.14609],[-73.37812,43.14578],[-73.37824,43.1454],[-73.37758,43.14485],[-73.37613,43.1446],[-73.37629,43.14379],[-73.37894,43.14222],[-73.3798,43.14217],[-73.3809,43.14257],[-73.38153,43.14363],[-73.38231,43.14435],[-73.38449,43.14453],[-73.38498,43.14485],[-73.3855,43.14573],[-73.38976,43.1468],[-73.39188,43.14634],[-73.39444,43.14525],[-73.39633,43.14487],[-73.3976,43.14518],[-73.40019,43.14503],[-73.40391,43.14549],[-73.4062,43.145],[-73.40977,43.14199],[-73.41072,43.14078],[-73.41503,43.13994],[-73.41662,43.13916],[-73.41831,43.13724],[-73.4188,43.13628],[-73.419,43.13525],[-73.4202,43.13393],[-73.42126,43.13225],[-73.42203,43.13171],[-73.4233,43.13134],[-73.42393,43.13055],[-73.42436,43.13031],[-73.42596,43.12988],[-73.42744,43.12905],[-73.42756,43.12878],[-73.42736,43.12756],[-73.42677,43.12655],[-73.42648,43.12525],[-73.42502,43.12307],[-73.42426,43.12122],[-73.4207,43.11798],[-73.41704,43.11588],[-73.4167,43.11532],[-73.41665,43.11465],[-73.41673,43.11384],[-73.41709,43.11327],[-73.42085,43.11094],[-73.42124,43.11046],[-73.42127,43.10943],[-73.4215,43.109],[-73.42344,43.10737],[-73.42521,43.10629],[-73.42634,43.10382],[-73.42854,43.1017],[-73.42973,43.10097],[-73.43076,43.10064],[-73.43439,43.10056],[-73.43807,43.09994],[-73.44112,43.09802],[-73.44352,43.09702],[-73.44518,43.09705],[-73.45162,43.09785],[-73.45462,43.09782],[-73.45758,43.0987],[-73.4617,43.08933]]]},"properties":{"GEOID":"36115091000","NAME":"Census Tract 910","STATE":"36","COUNTY":"115"}},{"type":"Feature","geometry":{"type":"Polygon","coordinates":[[[-73.59105,43.13752],[-73.59087,43.13468],[-73.58983,43.1315],[-73.5886,43.12963],[-73.58655,43.12814],[-73.58608,43.12735],[-73.58584,43.12655],[-73.58596,43.12508],[-73.58557,43.12456],[-73.5856,43.12367],[-73.58259,43.12142],[-73.57905,43.12019],[-73.57723,43.11898],[-73.57639,43.11792],[-73.57587,43.11688],[-73.57547,43.11474],[-73.57556,43.11327],[-73.57593,43.11206],[-73.57611,43.11046],[-73.57565,43.10756],[-73.57477,43.10925],[-73.57345,43.1107],[-73.57186,43.11326],[-73.56976,43.11501],[-73.56853,43.11565],[-73.5673,43.11576],[-73.56497,43.1147],[-73.56427,43.11484],[-73.56292,43.11552],[-73.56016,43.11793],[-73.55883,43.11846],[-73.55702,43.11872],[-73.55508,43.11868],[-73.54984,43.11779],[-73.547,43.11785],[-73.5451,43.11846],[-73.54416,43.11923],[-73.54171,43.11948],[-73.53788,43.1196],[-73.53543,43.11914],[-73.53508,43.11892],[-73.53365,43.11753],[-73.53309,43.11634],[-73.53326,43.11263],[-73.53266,43.11028],[-73.53286,43.10856],[-73.53278,43.10709],[-73.53349,43.1061],[-73.53702,43.10395],[-73.53715,43.10332],[-73.53789,43.10204],[-73.53778,43.10108],[-73.53674,43.10057],[-73.5329,43.09938],[-73.53117,43.09811],[-73.5296,43.09783],[-73.52844,43.09794],[-73.52584,43.09903],[-73.52424,43.09894],[-73.52362,43.09958],[-73.523,43.10119],[-73.52277,43.10136],[-73.5204,43.10142],[-73.5191,43.10108],[-73.51853,43.10066],[-73.51857,43.09956],[-73.51945,43.09815],[-73.5205,43.09716],[-73.52281,43.09627],[-73.52354,43.09582],[-73.52654,43.09134],[-73.52675,43.09039],[-73.5266,43.08985],[-73.52602,43.08919],[-73.52514,43.08884],[-73.52151,43.08887],[-73.51704,43.09007],[-73.51311,43.09027],[-73.51145,43.09014],[-73.50848,43.08931],[-73.50734,43.08842],[-73.50553,43.08652],[-73.50218,43.08588],[-73.50015,43.08499],[-73.49733,43.08501],[-73.49581,43.0856],[-73.49522,43.08626],[-73.49512,43.08853],[-73.49614,43.08949],[-73.49653,43.09037],[-73.49636,43.09071],[-73.49544,43.09088],[-73.49372,43.09066],[-73.4906,43.08967],[-73.48968,43.08962],[-73.48795,43.09014],[-73.48499,43.09164],[-73.47765,43.09235],[-73.47513,43.09166],[-73.47293,43.09141],[-73.47232,43.09112],[-73.47145,43.09023],[-73.47069,43.08995],[-73.46968,43.08998],[-73.46715,43.09118],[-73.46381,43.09316],[-73.46276,43.09321],[-73.46032,43.09439],[-73.45942,43.09565],[-73.45924,43.09621],[-73.46027,43.0983],[-73.46016,43.09872],[-73.45981,43.09894],[-73.45893,43.099],[-73.45462,43.09782],[-73.45162,43.09785],[-73.44518,43.09705],[-73.44352,43.09702],[-73.44112,43.09802],[-73.43807,43.09994],[-73.43439,43.10056],[-73.43022,43.10076],[-73.42854,43.1017],[-73.42646,43.10368],[-73.42521,43.10629],[-73.42344,43.10737],[-73.4215,43.109],[-73.4213,43.1093],[-73.42128,43.11029],[-73.42107,43.11073],[-73.41727,43.1131],[-73.41681,43.11365],[-73.41667,43.1142],[-73.4167,43.11532],[-73.41704,43.11588],[-73.4207,43.11798],[-73.42426,43.12122],[-73.42502,43.12307],[-73.42648,43.12525],[-73.42677,43.12655],[-73.42736,43.12756],[-73.42756,43.12878],[-73.42744,43.12905],[-73.42596,43.12988],[-73.42436,43.13031],[-73.42393,43.13055],[-73.4233,43.13134],[-73.42203,43.13171],[-73.42126,43.13225],[-73.4202,43.13393],[-73.419,43.13525],[-73.4188,43.13628],[-73.41831,43.13724],[-73.41662,43.13916],[-73.41503,43.13994],[-73.41072,43.14078],[-73.40977,43.14199],[-73.4062,43.145],[-73.40391,43.14549],[-73.40019,43.14503],[-73.3976,43.14518],[-73.39633,43.14487],[-73.39444,43.14525],[-73.39188,43.14634],[-73.38994,43.14678],[-73.38806,43.14632],[-73.39346,43.17378],[-73.38606,43.17435],[-73.3926,43.20892],[-73.41683,43.2062],[-73.41751,43.20533],[-73.41853,43.20343],[-73.4192,43.20131],[-73.42007,43.20026],[-73.42059,43.20011],[-73.42109,43.19898],[-73.42192,43.19841],[-73.42307,43.19809],[-73.4259,43.19643],[-73.42699,43.19654],[-73.42722,43.19693],[-73.42713,43.19721],[-73.42739,43.19732],[-73.42799,43.19674],[-73.42898,43.19475],[-73.42973,43.194],[-73.42992,43.19356],[-73.42853,43.19229],[-73.42753,43.19197],[-73.42711,43.19154],[-73.42695,43.18947],[-73.42711,43.189],[-73.42776,43.18852],[-73.42802,43.18793],[-73.42913,43.18699],[-73.4293,43.18716],[-73.42968,43.18675],[-73.4299,43.18682],[-73.42977,43.18737],[-73.43023,43.18678],[-73.43411,43.18638],[-73.46247,43.18447],[-73.45378,43.16561],[-73.49598,43.16128],[-73.49956,43.1611],[-73.5311,43.15821],[-73.53105,43.16121],[-73.58036,43.15643],[-73.58012,43.15448],[-73.58021,43.15288],[-73.58257,43.14987],[-73.58489,43.14792],[-73.58677,43.14547],[-73.59075,43.13949],[-73.59105,43.13752]]]},"properties":{"GEOID":"36115089000","NAME":"Census Tract 890","STATE":"36","COUNTY":"115"}},{"type":"Feature","geometry":{"type":"Polygon","coordinates":[[[-73.70778,42.77499],[-73.70787,42.7749],[-73.7058,42.77331],[-73.70508,42.77209],[-73.70494,42.77128],[-73.70515,42.76773],[-73.70504,42.76658],[-73.70357,42.76297],[-73.70366,42.76183],[-73.70393,42.76112],[-73.70447,42.76038],[-73.70605,42.75895],[-73.70296,42.75788],[-73.70417,42.75454],[-73.70526,42.75222],[-73.70083,42.75135],[-73.69886,42.75114],[-73.69756,42.7543],[-73.69776,42.75599],[-73.69726,42.75708],[-73.69564,42.75863],[-73.69456,42.75908],[-73.69576,42.76798],[-73.69504,42.76967],[-73.69442,42.77007],[-73.69511,42.77117],[-73.6951,42.77232],[-73.69461,42.77373],[-73.70008,42.77444],[-73.70381,42.77403],[-73.70408,42.77378],[-73.70411,42.77291],[-73.70486,42.77289],[-73.70508,42.77345],[-73.7073,42.77539],[-73.70778,42.77499]]]},"properties":{"GEOID":"36001012800","NAME":"Census Tract 128","STATE":"36","COUNTY":"001"}},{"type":"Feature","geometry":{"type":"Polygon","coordinates":[[[-73.72246,42.79248],[-73.72292,42.79224],[-73.71528,42.78575],[-73.71341,42.78377],[-73.71169,42.78126],[-73.71081,42.77823],[-73.70979,42.77647],[-73.70787,42.7749],[-73.7073,42.77539],[-73.70508,42.77345],[-73.70486,42.77289],[-73.70411,42.77291],[-73.70408,42.77378],[-73.70388,42.774],[-73.70227,42.77424],[-73.70008,42.77444],[-73.69473,42.77385],[-73.69445,42.77413],[-73.69434,42.77507],[-73.69448,42.77561],[-73.69376,42.77698],[-73.69786,42.77878],[-73.70316,42.78248],[-73.70896,42.78768],[-73.70996,42.79338],[-73.71066,42.79408],[-73.71227,42.79377],[-73.71516,42.79278],[-73.71492,42.79106],[-73.71409,42.78957],[-73.71465,42.78938],[-73.71486,42.78898],[-73.71716,42.79058],[-73.71896,42.79128],[-73.71916,42.79168],[-73.71976,42.79208],[-73.71986,42.79248],[-73.72066,42.79238],[-73.72096,42.79288],[-73.72246,42.79248]]]},"properties":{"GEOID":"36001012900","NAME":"Census Tract 129","STATE":"36","COUNTY":"001"}},{"type":"Feature","geometry":{"type":"Polygon","coordinates":[[[-73.73162,42.76638],[-73.73172,42.766],[-73.73118,42.76568],[-73.72484,42.76451],[-73.72391,42.7641],[-73.72333,42.76412],[-73.71037,42.76137],[-73.70994,42.76144],[-73.70963,42.76098],[-73.70605,42.75895],[-73.70436,42.7605],[-73.70376,42.76148],[-73.70361,42.7621],[-73.70367,42.76336],[-73.70504,42.76658],[-73.70515,42.76773],[-73.70494,42.77128],[-73.70508,42.77209],[-73.70554,42.77296],[-73.70627,42.77379],[-73.70941,42.7761],[-73.71022,42.77702],[-73.71088,42.77842],[-73.71169,42.78126],[-73.71282,42.78302],[-73.71433,42.78485],[-73.72292,42.79224],[-73.72526,42.79088],[-73.73006,42.78758],[-73.7306,42.78508],[-73.73001,42.78487],[-73.73114,42.77919],[-73.73093,42.77809],[-73.72987,42.7751],[-73.72969,42.77364],[-73.72876,42.77132],[-73.73056,42.76906],[-73.73162,42.76638]]]},"properties":{"GEOID":"36001013000","NAME":"Census Tract 130","STATE":"36","COUNTY":"001"}},{"type":"Feature","geometry":{"type":"Polygon","coordinates":[[[-73.92513,42.82029],[-73.92516,42.82002],[-73.92247,42.8201],[-73.91579,42.82999],[-73.91335,42.82908],[-73.9138,42.82845],[-73.90945,42.82711],[-73.90764,42.83041],[-73.91167,42.83396],[-73.91552,42.83698],[-73.91737,42.83506],[-73.92202,42.82728],[-73.9221,42.82712],[-73.92083,42.8267],[-73.92513,42.82029]]]},"properties":{"GEOID":"36093020102","NAME":"Census Tract 201.02","STATE":"36","COUNTY":"093"}},{"type":"Feature","geometry":{"type":"Polygon","coordinates":[[[-74.09298,42.95587],[-74.09237,42.95332],[-74.08826,42.92731],[-74.08811,42.92401],[-74.08696,42.91718],[-74.08646,42.91514],[-74.08659,42.91511],[-74.08632,42.91292],[-74.0843,42.90043],[-74.08388,42.89735],[-74.08484,42.89687],[-74.08366,42.89567],[-74.08153,42.89444],[-74.07969,42.89377],[-74.07667,42.89308],[-74.07042,42.88996],[-74.06771,42.88688],[-74.0649,42.8847],[-74.06538,42.88408],[-74.06244,42.8828],[-74.06165,42.8827],[-74.06133,42.8823],[-74.06108,42.88276],[-74.05943,42.8831],[-74.05665,42.88467],[-74.05492,42.88518],[-74.05342,42.88498],[-74.05091,42.88386],[-74.04973,42.88302],[-74.04742,42.88063],[-74.04449,42.87894],[-74.04287,42.87751],[-74.04236,42.87781],[-74.04099,42.87717],[-74.0387,42.87658],[-74.03702,42.87584],[-74.03487,42.87417],[-74.03187,42.87057],[-74.03122,42.86727],[-74.03091,42.8665],[-74.02971,42.86546],[-74.02741,42.86414],[-74.02643,42.86437],[-74.02679,42.86467],[-74.02642,42.86495],[-74.02646,42.86517],[-74.02666,42.86519],[-74.02631,42.86541],[-74.02633,42.8656],[-74.02584,42.86577],[-74.02563,42.86614],[-74.02466,42.86666],[-74.02472,42.8672],[-74.02443,42.86836],[-74.01965,42.86529],[-74.01858,42.86442],[-74.01687,42.86228],[-74.01645,42.86244],[-74.01445,42.8654],[-74.01189,42.86784],[-74.0108,42.87009],[-74.00697,42.87306],[-74.00485,42.87554],[-73.99791,42.88122],[-73.99834,42.88278],[-73.97894,42.88409],[-73.97941,42.88272],[-73.96959,42.88157],[-73.96879,42.8812],[-73.96833,42.8799],[-73.96686,42.8797],[-73.96279,42.88186],[-73.96242,42.88191],[-73.95742,42.88057],[-73.95703,42.88138],[-73.95613,42.88198],[-73.95596,42.8815],[-73.95542,42.88105],[-73.95112,42.87927],[-73.94919,42.87799],[-73.94712,42.88138],[-73.95096,42.88632],[-73.95455,42.88771],[-73.95447,42.89088],[-73.9586,42.8968],[-73.95926,42.89922],[-73.96479,42.90206],[-73.97684,42.9159],[-73.99455,42.92733],[-74.00638,42.93385],[-74.00653,42.93407],[-74.00838,42.9345],[-74.00958,42.93514],[-74.01769,42.93839],[-74.02283,42.94012],[-74.03291,42.94313],[-74.03693,42.94498],[-74.04227,42.94835],[-74.05546,42.95328],[-74.08805,42.95533],[-74.09298,42.95587]]]},"properties":{"GEOID":"36093032504","NAME":"Census Tract 325.04","STATE":"36","COUNTY":"093"}},{"type":"Feature","geometry":{"type":"Polygon","coordinates":[[[-74.50796,42.67214],[-74.50389,42.66981],[-74.50198,42.66956],[-74.49854,42.66951],[-74.49778,42.66994],[-74.49751,42.67045],[-74.49757,42.67097],[-74.49805,42.67154],[-74.49672,42.67276],[-74.49547,42.67317],[-74.49484,42.67369],[-74.49479,42.67512],[-74.49528,42.67525],[-74.49545,42.67563],[-74.49445,42.67566],[-74.49308,42.67604],[-74.49932,42.67648],[-74.50145,42.67625],[-74.5028,42.67582],[-74.50419,42.67507],[-74.50796,42.67214]]]},"properties":{"GEOID":"36095740300","NAME":"Census Tract 7403","STATE":"36","COUNTY":"095"}},{"type":"Feature","geometry":{"type":"Polygon","coordinates":[[[-74.43136,42.64489],[-74.43007,42.64522],[-74.42842,42.6453],[-74.42643,42.64427],[-74.42474,42.64404],[-74.42292,42.64336],[-74.42197,42.64268],[-74.41864,42.64121],[-74.41786,42.64033],[-74.41706,42.63974],[-74.4168,42.63975],[-74.41468,42.63785],[-74.41451,42.63756],[-74.41455,42.63695],[-74.4137,42.63552],[-74.41373,42.63487],[-74.41347,42.6342],[-74.41298,42.6337],[-74.41299,42.63276],[-74.41266,42.63263],[-74.41239,42.63223],[-74.41201,42.63219],[-74.41201,42.63177],[-74.41093,42.63136],[-74.41065,42.6309],[-74.41029,42.63073],[-74.40988,42.62994],[-74.40937,42.62969],[-74.40891,42.62847],[-74.40751,42.62833],[-74.407,42.62782],[-74.40692,42.62731],[-74.40622,42.62713],[-74.40548,42.62566],[-74.40452,42.62488],[-74.40455,42.62437],[-74.40403,42.62402],[-74.40427,42.62355],[-74.40322,42.62279],[-74.40227,42.62254],[-74.40045,42.62005],[-74.39974,42.61977],[-74.39934,42.61936],[-74.39921,42.61755],[-74.39899,42.61735],[-74.39885,42.61674],[-74.39886,42.61577],[-74.39858,42.61536],[-74.3986,42.61483],[-74.39833,42.61454],[-74.39828,42.61404],[-74.3976,42.6132],[-74.39742,42.61191],[-74.39617,42.61079],[-74.39562,42.60945],[-74.39434,42.60789],[-74.39314,42.60786],[-74.39254,42.6076],[-74.39206,42.60794],[-74.39155,42.6079],[-74.39106,42.60807],[-74.3908,42.60841],[-74.39026,42.60845],[-74.39027,42.6088],[-74.38967,42.60884],[-74.38856,42.60836],[-74.38849,42.60793],[-74.38754,42.60752],[-74.38654,42.60666],[-74.38509,42.60612],[-74.38445,42.60565],[-74.38361,42.60566],[-74.382,42.60496],[-74.38121,42.60524],[-74.37925,42.60487],[-74.3766,42.60256],[-74.37471,42.60192],[-74.37412,42.60126],[-74.37325,42.60103],[-74.37274,42.6005],[-74.37272,42.59932],[-74.37255,42.59912],[-74.37212,42.59902],[-74.37161,42.59851],[-74.37034,42.59792],[-74.36913,42.59712],[-74.36879,42.59667],[-74.36785,42.59654],[-74.36636,42.5956],[-74.36611,42.59478],[-74.36578,42.59462],[-74.3648,42.59466],[-74.36334,42.59528],[-74.36259,42.59487],[-74.36056,42.59466],[-74.35712,42.59507],[-74.35523,42.59481],[-74.35453,42.59511],[-74.35332,42.59457],[-74.35136,42.59476],[-74.35027,42.5945],[-74.35005,42.59409],[-74.34926,42.59369],[-74.34909,42.59328],[-74.34864,42.59304],[-74.34821,42.59248],[-74.34706,42.59198],[-74.34572,42.59106],[-74.3447,42.5909],[-74.34403,42.59038],[-74.34371,42.58998],[-74.34385,42.58938],[-74.34291,42.58798],[-74.34306,42.58687],[-74.34339,42.5863],[-74.34383,42.58601],[-74.34494,42.58579],[-74.34851,42.58557],[-74.3493,42.58496],[-74.34921,42.58446],[-74.34773,42.58364],[-74.34738,42.58307],[-74.34736,42.58233],[-74.34779,42.58063],[-74.3481,42.5804],[-74.34866,42.58037],[-74.34985,42.58078],[-74.35145,42.581],[-74.35275,42.58046],[-74.35452,42.57932],[-74.35579,42.57712],[-74.35647,42.57648],[-74.35884,42.57626],[-74.36195,42.57665],[-74.36325,42.57703],[-74.36416,42.57755],[-74.36508,42.57963],[-74.36612,42.58055],[-74.3669,42.58091],[-74.36759,42.58081],[-74.36873,42.58101],[-74.37011,42.58173],[-74.37127,42.58188],[-74.37323,42.58165],[-74.37458,42.58103],[-74.37517,42.58029],[-74.37591,42.58025],[-74.37869,42.57684],[-74.37461,42.56218],[-74.37388,42.55866],[-74.34822,42.54528],[-74.3394,42.55677],[-74.24975,42.56344],[-74.23851,42.56446],[-74.23827,42.56479],[-74.23708,42.56463],[-74.234,42.57569],[-74.22027,42.58541],[-74.21964,42.59139],[-74.21815,42.59364],[-74.21749,42.59428],[-74.21517,42.59744],[-74.21051,42.60099],[-74.2067,42.60599],[-74.1935,42.619],[-74.19257,42.62707],[-74.18615,42.63638],[-74.18424,42.63962],[-74.18383,42.63973],[-74.1831,42.64036],[-74.18206,42.64179],[-74.18037,42.64487],[-74.17932,42.64638],[-74.17493,42.65566],[-74.17348,42.65706],[-74.17355,42.65925],[-74.17215,42.66269],[-74.16973,42.66743],[-74.16857,42.67387],[-74.16871,42.67866],[-74.16953,42.69136],[-74.16718,42.70493],[-74.16468,42.71721],[-74.18027,42.72998],[-74.18424,42.7125],[-74.20271,42.71083],[-74.23985,42.71892],[-74.24101,42.71686],[-74.24306,42.71668],[-74.24209,42.71618],[-74.24118,42.70977],[-74.24075,42.70921],[-74.24109,42.70869],[-74.24114,42.70812],[-74.24217,42.70675],[-74.24203,42.70651],[-74.24235,42.70557],[-74.24207,42.70503],[-74.24203,42.70272],[-74.24392,42.69838],[-74.24391,42.69817],[-74.2431,42.69783],[-74.24278,42.69798],[-74.24205,42.69787],[-74.24204,42.69717],[-74.24186,42.69708],[-74.24202,42.69685],[-74.24162,42.69662],[-74.2427,42.69467],[-74.24256,42.69461],[-74.24317,42.69403],[-74.24332,42.6934],[-74.24465,42.69241],[-74.24452,42.69231],[-74.24461,42.69085],[-74.24707,42.68952],[-74.24818,42.68927],[-74.2492,42.68862],[-74.25072,42.68802],[-74.2536,42.68735],[-74.25823,42.68565],[-74.26017,42.68576],[-74.26079,42.68559],[-74.26129,42.68498],[-74.26155,42.68358],[-74.26097,42.6825],[-74.26081,42.68165],[-74.26049,42.68152],[-74.26044,42.68127],[-74.2608,42.68068],[-74.2621,42.67994],[-74.26223,42.67908],[-74.26282,42.67847],[-74.26321,42.67746],[-74.2631,42.67725],[-74.26348,42.67687],[-74.26304,42.67643],[-74.26384,42.67534],[-74.26436,42.67397],[-74.26471,42.67373],[-74.26918,42.67293],[-74.2657,42.62824],[-74.30556,42.63858],[-74.31671,42.64109],[-74.31891,42.64204],[-74.33529,42.64624],[-74.38783,42.67303],[-74.40858,42.66372],[-74.43136,42.64489]]]},"properties":{"GEOID":"36095740700","NAME":"Census Tract 7407","STATE":"36","COUNTY":"095"}},{"type":"Feature","geometry":{"type":"Polygon","coordinates":[[[-74.30655,42.75064],[-74.30666,42.75007],[-74.30533,42.7474],[-74.28735,42.72945],[-74.27784,42.71947],[-74.27077,42.71954],[-74.27229,42.71427],[-74.24101,42.71686],[-74.23985,42.71892],[-74.20271,42.71083],[-74.18424,42.7125],[-74.18027,42.72998],[-74.12457,42.73708],[-74.0544,42.74547],[-74.0605,42.77172],[-74.09816,42.76782],[-74.10136,42.76735],[-74.10322,42.76723],[-74.10339,42.76743],[-74.1042,42.77126],[-74.11308,42.8223],[-74.11741,42.84169],[-74.12137,42.85609],[-74.12303,42.86681],[-74.12521,42.87658],[-74.17882,42.85063],[-74.201,42.83969],[-74.20258,42.83907],[-74.25683,42.81221],[-74.25495,42.80981],[-74.25478,42.80848],[-74.25492,42.80714],[-74.25532,42.80606],[-74.25853,42.80239],[-74.26076,42.80114],[-74.26429,42.80012],[-74.26467,42.79966],[-74.26476,42.79895],[-74.26363,42.79675],[-74.2619,42.79545],[-74.26046,42.79512],[-74.25655,42.79587],[-74.25444,42.7953],[-74.25388,42.7945],[-74.25327,42.79018],[-74.25181,42.78912],[-74.24957,42.78827],[-74.24831,42.78715],[-74.24794,42.78635],[-74.24773,42.78547],[-74.24806,42.78457],[-74.24957,42.78288],[-74.25065,42.78213],[-74.25163,42.78089],[-74.2535,42.77725],[-74.25438,42.77601],[-74.25459,42.77527],[-74.25472,42.77366],[-74.25441,42.77224],[-74.25292,42.76897],[-74.25202,42.76761],[-74.25148,42.7661],[-74.25169,42.76531],[-74.25282,42.76349],[-74.25575,42.76026],[-74.257,42.7596],[-74.25803,42.75877],[-74.2583,42.75783],[-74.2588,42.75713],[-74.25964,42.7567],[-74.2635,42.75561],[-74.26527,42.75581],[-74.2675,42.75686],[-74.26972,42.75737],[-74.27544,42.75679],[-74.28373,42.7568],[-74.28822,42.75654],[-74.29317,42.75576],[-74.30148,42.75347],[-74.30481,42.75219],[-74.30593,42.75149],[-74.30655,42.75064]]]},"properties":{"GEOID":"36093033102","NAME":"Census Tract 331.02","STATE":"36","COUNTY":"093"}},{"type":"Feature","geometry":{"type":"Polygon","coordinates":[[[-74.52599,42.68236],[-74.50798,42.67212],[-74.50419,42.67507],[-74.5018,42.67616],[-74.49932,42.67648],[-74.49308,42.67604],[-74.49445,42.67566],[-74.49545,42.67563],[-74.49528,42.67525],[-74.49479,42.67512],[-74.49484,42.67369],[-74.49547,42.67317],[-74.49672,42.67276],[-74.49805,42.67154],[-74.4975,42.67064],[-74.49763,42.67013],[-74.49812,42.66968],[-74.49929,42.66944],[-74.50389,42.66981],[-74.50203,42.66829],[-74.49354,42.65973],[-74.49153,42.65797],[-74.46043,42.62778],[-74.43751,42.63981],[-74.40858,42.66372],[-74.38783,42.67303],[-74.38172,42.68873],[-74.38154,42.69011],[-74.3687,42.71922],[-74.49955,42.71746],[-74.50217,42.71791],[-74.50432,42.71772],[-74.50488,42.71854],[-74.50482,42.71746],[-74.50714,42.70285],[-74.52599,42.68236]]]},"properties":{"GEOID":"36095740200","NAME":"Census Tract 7402","STATE":"36","COUNTY":"095"}},{"type":"Feature","geometry":{"type":"Polygon","coordinates":[[[-74.66806,42.76429],[-74.66751,42.75071],[-74.65915,42.72704],[-74.6559,42.71724],[-74.64861,42.69262],[-74.63952,42.66365],[-74.56626,42.66171],[-74.53177,42.6761],[-74.50714,42.70285],[-74.50482,42.71746],[-74.50488,42.71854],[-74.50432,42.71772],[-74.50217,42.71791],[-74.49955,42.71746],[-74.3687,42.71922],[-74.35859,42.74097],[-74.35406,42.75009],[-74.3388,42.78224],[-74.45491,42.77298],[-74.49598,42.78844],[-74.55408,42.80986],[-74.55678,42.811],[-74.56248,42.81292],[-74.59426,42.81878],[-74.61064,42.82222],[-74.6483,42.82956],[-74.66538,42.79187],[-74.66806,42.76429]]]},"properties":{"GEOID":"36095740400","NAME":"Census Tract 7404","STATE":"36","COUNTY":"095"}},{"type":"Feature","geometry":{"type":"Polygon","coordinates":[[[-73.82144,42.62635],[-73.82093,42.62511],[-73.82031,42.62232],[-73.82054,42.62128],[-73.81967,42.61695],[-73.82031,42.61559],[-73.8206,42.61144],[-73.81982,42.60928],[-73.81825,42.60614],[-73.81853,42.60376],[-73.81816,42.60127],[-73.81419,42.60148],[-73.81192,42.60186],[-73.80948,42.60269],[-73.80861,42.6028],[-73.80662,42.60255],[-73.80412,42.60195],[-73.79927,42.6016],[-73.79189,42.60194],[-73.78932,42.60035],[-73.7885,42.60007],[-73.78614,42.59963],[-73.78363,42.5995],[-73.77976,42.59836],[-73.77731,42.59872],[-73.77319,42.60006],[-73.77229,42.60121],[-73.77136,42.6018],[-73.77099,42.60412],[-73.77059,42.60459],[-73.76986,42.60485],[-73.76794,42.61114],[-73.76603,42.61538],[-73.76574,42.61652],[-73.76583,42.61826],[-73.76682,42.62056],[-73.76856,42.62027],[-73.76865,42.62083],[-73.77077,42.6221],[-73.77119,42.62171],[-73.7715,42.6217],[-73.77216,42.62235],[-73.77337,42.62279],[-73.77477,42.62418],[-73.77565,42.62522],[-73.77551,42.62531],[-73.77679,42.62546],[-73.77825,42.62535],[-73.77895,42.62565],[-73.78065,42.62583],[-73.78113,42.62564],[-73.78134,42.62497],[-73.78165,42.62489],[-73.78436,42.62648],[-73.78764,42.62711],[-73.78898,42.62804],[-73.78943,42.628],[-73.79069,42.62704],[-73.79152,42.62676],[-73.79417,42.62708],[-73.79567,42.6268],[-73.79584,42.62721],[-73.79529,42.62844],[-73.79514,42.62943],[-73.79548,42.62969],[-73.79711,42.62984],[-73.79692,42.63028],[-73.79691,42.63119],[-73.79728,42.63144],[-73.79767,42.63239],[-73.79755,42.63326],[-73.79777,42.63397],[-73.80195,42.63312],[-73.80459,42.63146],[-73.80936,42.62926],[-73.81067,42.62897],[-73.81513,42.62858],[-73.82144,42.62635]]]},"properties":{"GEOID":"36001014201","NAME":"Census Tract 142.01","STATE":"36","COUNTY":"001"}},{"type":"Feature","geometry":{"type":"Polygon","coordinates":[[[-73.82342,42.90991],[-73.82358,42.90989],[-73.81922,42.90139],[-73.8185,42.89893],[-73.81879,42.89769],[-73.82135,42.89337],[-73.82174,42.8931],[-73.82247,42.89311],[-73.82191,42.89283],[-73.81048,42.89174],[-73.80782,42.89166],[-73.80516,42.89192],[-73.79933,42.89323],[-73.79792,42.89372],[-73.77863,42.90207],[-73.77779,42.90265],[-73.77711,42.9034],[-73.77413,42.90794],[-73.77389,42.90782],[-73.77577,42.92955],[-73.78316,42.92898],[-73.79181,42.92766],[-73.79608,42.92678],[-73.80202,42.92597],[-73.80158,42.92458],[-73.80802,42.92373],[-73.80811,42.92401],[-73.80879,42.92391],[-73.80872,42.92353],[-73.82292,42.92265],[-73.82249,42.91841],[-73.82201,42.91586],[-73.82184,42.91108],[-73.8221,42.91053],[-73.82342,42.90991]]]},"properties":{"GEOID":"36091062501","NAME":"Census Tract 625.01","STATE":"36","COUNTY":"091"}},{"type":"Feature","geometry":{"type":"Polygon","coordinates":[[[-73.82165,42.83665],[-73.82166,42.83627],[-73.81937,42.83688],[-73.81322,42.8386],[-73.81069,42.8397],[-73.80906,42.84008],[-73.79457,42.84043],[-73.79103,42.83991],[-73.78401,42.84003],[-73.77777,42.83898],[-73.77204,42.84009],[-73.76962,42.84026],[-73.77002,42.84916],[-73.7699,42.85187],[-73.77528,42.85345],[-73.77589,42.8539],[-73.7774,42.85568],[-73.79432,42.855],[-73.79725,42.85579],[-73.81125,42.85798],[-73.82021,42.85856],[-73.81996,42.84291],[-73.82145,42.83929],[-73.82165,42.83665]]]},"properties":{"GEOID":"36091062503","NAME":"Census Tract 625.03","STATE":"36","COUNTY":"091"}},{"type":"Feature","geometry":{"type":"Polygon","coordinates":[[[-73.93789,42.76811],[-73.93867,42.76498],[-73.93375,42.7607],[-73.91695,42.76237],[-73.91169,42.7631],[-73.90928,42.76312],[-73.90679,42.76343],[-73.92027,42.77524],[-73.9173,42.77576],[-73.92011,42.7847],[-73.92203,42.78435],[-73.92257,42.78613],[-73.92338,42.78602],[-73.92388,42.78741],[-73.92261,42.78776],[-73.92343,42.7885],[-73.92334,42.78888],[-73.92269,42.78913],[-73.9239,42.79059],[-73.92964,42.78962],[-73.93021,42.785],[-73.93075,42.78375],[-73.93125,42.78384],[-73.93098,42.78325],[-73.93292,42.77957],[-73.93429,42.77563],[-73.93661,42.77229],[-73.93789,42.76811]]]},"properties":{"GEOID":"36093032901","NAME":"Census Tract 329.01","STATE":"36","COUNTY":"093"}},{"type":"Feature","geometry":{"type":"Polygon","coordinates":[[[-73.95605,42.7802],[-73.95588,42.77968],[-73.95206,42.77439],[-73.93867,42.76498],[-73.93763,42.76917],[-73.93661,42.77229],[-73.93429,42.77563],[-73.93292,42.77957],[-73.93098,42.78325],[-73.93125,42.78384],[-73.93075,42.78375],[-73.93021,42.785],[-73.92964,42.78962],[-73.93574,42.78856],[-73.94007,42.78808],[-73.94756,42.78358],[-73.95605,42.7802]]]},"properties":{"GEOID":"36093032902","NAME":"Census Tract 329.02","STATE":"36","COUNTY":"093"}},{"type":"Feature","geometry":{"type":"Polygon","coordinates":[[[-74.00558,42.76149],[-73.99403,42.75299],[-73.96028,42.75757],[-73.94447,42.75945],[-73.95679,42.76542],[-73.96207,42.76741],[-73.98064,42.77338],[-73.9857,42.77455],[-73.99192,42.77563],[-73.99487,42.77641],[-73.99838,42.77767],[-74.00329,42.78008],[-74.00341,42.77794],[-74.00297,42.77428],[-74.00342,42.77361],[-74.00456,42.77294],[-74.00475,42.77225],[-74.00265,42.77],[-74.00242,42.7659],[-74.00217,42.76522],[-74.00124,42.76406],[-74.00389,42.76295],[-74.00558,42.76149]]]},"properties":{"GEOID":"36093033002","NAME":"Census Tract 330.02","STATE":"36","COUNTY":"093"}},{"type":"Feature","geometry":{"type":"Polygon","coordinates":[[[-74.00314,42.78072],[-74.00329,42.78008],[-73.99838,42.77767],[-73.99596,42.77675],[-73.99192,42.77563],[-73.98214,42.77377],[-73.9752,42.77162],[-73.97448,42.77301],[-73.97277,42.77771],[-73.96059,42.78231],[-73.96697,42.78542],[-73.97105,42.78672],[-73.97332,42.78712],[-73.97571,42.78784],[-73.98021,42.79004],[-73.98237,42.78987],[-73.99641,42.78677],[-74.00026,42.78714],[-74.0005,42.78587],[-74.00012,42.78488],[-74.00201,42.78274],[-74.00314,42.78072]]]},"properties":{"GEOID":"36093033004","NAME":"Census Tract 330.04","STATE":"36","COUNTY":"093"}},{"type":"Feature","geometry":{"type":"Polygon","coordinates":[[[-74.12521,42.87658],[-74.12303,42.86681],[-74.12137,42.85609],[-74.11741,42.84169],[-74.11308,42.8223],[-74.10381,42.7691],[-74.10322,42.76723],[-74.0605,42.77172],[-74.0544,42.74547],[-74.04759,42.74617],[-73.99403,42.75299],[-74.04238,42.7882],[-74.06663,42.80459],[-74.07032,42.82062],[-74.07142,42.82691],[-74.07177,42.82746],[-74.07408,42.83738],[-74.07502,42.84348],[-74.07756,42.8538],[-74.07906,42.86135],[-74.08012,42.86519],[-74.08699,42.89395],[-74.08725,42.89563],[-74.12521,42.87658]]]},"properties":{"GEOID":"36093033101","NAME":"Census Tract 331.01","STATE":"36","COUNTY":"093"}},{"type":"Feature","geometry":{"type":"Polygon","coordinates":[[[-73.94377,42.82218],[-73.94206,42.81978],[-73.94147,42.81823],[-73.94153,42.81625],[-73.93753,42.81608],[-73.93455,42.81547],[-73.93106,42.82065],[-73.93569,42.82152],[-73.93617,42.82196],[-73.93833,42.82135],[-73.93893,42.82174],[-73.93842,42.82306],[-73.93865,42.8231],[-73.93922,42.82444],[-73.94017,42.82368],[-73.94377,42.82218]]]},"properties":{"GEOID":"36093020300","NAME":"Census Tract 203","STATE":"36","COUNTY":"093"}},{"type":"Feature","geometry":{"type":"Polygon","coordinates":[[[-73.83473,42.59577],[-73.83363,42.59269],[-73.83359,42.59011],[-73.83276,42.58767],[-73.82929,42.58138],[-73.82474,42.57965],[-73.82227,42.57968],[-73.81899,42.57931],[-73.81677,42.57885],[-73.81189,42.5773],[-73.81069,42.5767],[-73.80605,42.57347],[-73.805,42.57435],[-73.80365,42.57469],[-73.80335,42.57578],[-73.80267,42.57671],[-73.79844,42.57932],[-73.79688,42.58153],[-73.79665,42.58319],[-73.79719,42.58566],[-73.79717,42.58801],[-73.7968,42.58903],[-73.79521,42.59043],[-73.79469,42.59138],[-73.79564,42.59531],[-73.79516,42.59768],[-73.79476,42.59831],[-73.79354,42.5993],[-73.79189,42.60194],[-73.79927,42.6016],[-73.80412,42.60195],[-73.80662,42.60255],[-73.80914,42.60277],[-73.8117,42.60192],[-73.81419,42.60148],[-73.81989,42.60106],[-73.82773,42.59782],[-73.83137,42.59694],[-73.83473,42.59577]]]},"properties":{"GEOID":"36001014303","NAME":"Census Tract 143.03","STATE":"36","COUNTY":"001"}},{"type":"Feature","geometry":{"type":"Polygon","coordinates":[[[-73.82318,42.65825],[-73.82346,42.65781],[-73.81884,42.65385],[-73.81798,42.65439],[-73.81738,42.65515],[-73.81552,42.65365],[-73.81299,42.65608],[-73.81205,42.65575],[-73.81125,42.6564],[-73.81202,42.65895],[-73.80931,42.65937],[-73.80819,42.6591],[-73.80454,42.66263],[-73.8027,42.66216],[-73.80189,42.6628],[-73.80227,42.66312],[-73.80146,42.66392],[-73.8024,42.66458],[-73.79823,42.66853],[-73.80645,42.67114],[-73.80932,42.66847],[-73.81028,42.66894],[-73.81096,42.66886],[-73.81718,42.6642],[-73.82153,42.66027],[-73.8209,42.66023],[-73.82202,42.65935],[-73.82182,42.65889],[-73.82318,42.65825]]]},"properties":{"GEOID":"36001001803","NAME":"Census Tract 18.03","STATE":"36","COUNTY":"001"}},{"type":"Feature","geometry":{"type":"Polygon","coordinates":[[[-73.83062,42.69336],[-73.8264,42.69228],[-73.82087,42.69004],[-73.79769,42.67664],[-73.79436,42.67976],[-73.79165,42.68149],[-73.78378,42.67466],[-73.77905,42.68113],[-73.77197,42.67763],[-73.76688,42.67415],[-73.76295,42.67195],[-73.76152,42.67161],[-73.75881,42.67171],[-73.75729,42.6715],[-73.75563,42.67086],[-73.75454,42.67011],[-73.74705,42.67622],[-73.7463,42.67656],[-73.74374,42.67711],[-73.74312,42.67932],[-73.75704,42.68403],[-73.76024,42.68493],[-73.75876,42.68166],[-73.76124,42.68088],[-73.76083,42.68029],[-73.7653,42.67638],[-73.77057,42.67895],[-73.7687,42.68129],[-73.77801,42.68555],[-73.77862,42.68299],[-73.77929,42.68327],[-73.77993,42.68184],[-73.78559,42.68444],[-73.78504,42.68502],[-73.78665,42.68583],[-73.78604,42.6862],[-73.78705,42.68713],[-73.78723,42.68702],[-73.79201,42.68787],[-73.79264,42.68818],[-73.79286,42.68803],[-73.79463,42.68835],[-73.79973,42.68869],[-73.80023,42.68913],[-73.80084,42.68844],[-73.81171,42.69038],[-73.81269,42.6905],[-73.81215,42.69019],[-73.81682,42.69094],[-73.82415,42.69471],[-73.82785,42.69638],[-73.82968,42.69478],[-73.83062,42.69336]]]},"properties":{"GEOID":"36001000302","NAME":"Census Tract 3.02","STATE":"36","COUNTY":"001"}},{"type":"Feature","geometry":{"type":"Polygon","coordinates":[[[-73.9431,42.75878],[-73.92753,42.75098],[-73.91892,42.74606],[-73.91335,42.74209],[-73.91706,42.74237],[-73.91699,42.74211],[-73.9172,42.74174],[-73.917,42.74156],[-73.91748,42.74079],[-73.91693,42.73994],[-73.91639,42.73991],[-73.91639,42.73916],[-73.91713,42.73766],[-73.91778,42.73745],[-73.91846,42.73759],[-73.91938,42.73725],[-73.91945,42.73689],[-73.91933,42.73647],[-73.91904,42.7365],[-73.91855,42.7357],[-73.91755,42.73516],[-73.91747,42.73484],[-73.91691,42.73444],[-73.91591,42.73404],[-73.91523,42.73307],[-73.91545,42.73226],[-73.91653,42.73159],[-73.91609,42.72974],[-73.91639,42.72926],[-73.91602,42.72889],[-73.91628,42.72824],[-73.91601,42.72784],[-73.91621,42.72764],[-73.91603,42.72733],[-73.9163,42.72691],[-73.91595,42.72572],[-73.91564,42.72541],[-73.91682,42.72467],[-73.91703,42.72378],[-73.91785,42.72309],[-73.9176,42.72247],[-73.91761,42.72174],[-73.91803,42.72116],[-73.91788,42.72052],[-73.91822,42.71826],[-73.9187,42.71786],[-73.91814,42.71747],[-73.91826,42.71707],[-73.91788,42.71663],[-73.91751,42.71522],[-73.917,42.71492],[-73.91707,42.71443],[-73.91622,42.71425],[-73.91607,42.71362],[-73.91663,42.71251],[-73.91599,42.7117],[-73.91584,42.71095],[-73.916,42.7103],[-73.91566,42.70957],[-73.91487,42.70934],[-73.91431,42.70849],[-73.91468,42.70705],[-73.91513,42.7068],[-73.91512,42.70616],[-73.91496,42.70603],[-73.91509,42.70589],[-73.91401,42.70552],[-73.91407,42.70534],[-73.90084,42.69963],[-73.89927,42.69931],[-73.89304,42.69883],[-73.88808,42.6976],[-73.88563,42.69999],[-73.8834,42.70276],[-73.8981,42.70743],[-73.89421,42.70977],[-73.89607,42.71085],[-73.8968,42.71058],[-73.8972,42.71104],[-73.89667,42.71124],[-73.89649,42.712],[-73.89371,42.71242],[-73.89389,42.71329],[-73.86987,42.72238],[-73.86546,42.71962],[-73.83436,42.70128],[-73.83116,42.69868],[-73.82806,42.69648],[-73.82415,42.69471],[-73.81682,42.69094],[-73.81215,42.69019],[-73.82306,42.69634],[-73.82526,42.69739],[-73.82931,42.69998],[-73.83597,42.70384],[-73.84915,42.71219],[-73.85537,42.71538],[-73.86458,42.72075],[-73.88245,42.7307],[-73.90327,42.74297],[-73.91562,42.74992],[-73.9334,42.76056],[-73.93375,42.7607],[-73.93808,42.75999],[-73.94268,42.75965],[-73.9431,42.75878]]]},"properties":{"GEOID":"36001014617","NAME":"Census Tract 146.17","STATE":"36","COUNTY":"001"}},{"type":"Feature","geometry":{"type":"Polygon","coordinates":[[[-73.84719,42.64864],[-73.84646,42.64856],[-73.84605,42.64812],[-73.8457,42.64628],[-73.84611,42.64463],[-73.84609,42.64363],[-73.84527,42.64237],[-73.84459,42.64198],[-73.84356,42.64174],[-73.84186,42.64177],[-73.83945,42.64211],[-73.8372,42.64073],[-73.83536,42.64033],[-73.83344,42.6404],[-73.83138,42.64127],[-73.83068,42.64134],[-73.82895,42.6409],[-73.82783,42.64082],[-73.82529,42.64129],[-73.82272,42.64032],[-73.8221,42.64032],[-73.82116,42.64086],[-73.8206,42.64174],[-73.8202,42.64329],[-73.81912,42.6442],[-73.81754,42.64469],[-73.81591,42.64449],[-73.81455,42.64322],[-73.81343,42.64251],[-73.812,42.64081],[-73.80896,42.63893],[-73.80905,42.63854],[-73.80993,42.63738],[-73.81004,42.63687],[-73.80951,42.63511],[-73.80934,42.63289],[-73.80786,42.6318],[-73.80724,42.63188],[-73.8053,42.63324],[-73.80439,42.63344],[-73.80266,42.63446],[-73.79904,42.63414],[-73.79865,42.63467],[-73.79864,42.63499],[-73.79971,42.63585],[-73.79924,42.63634],[-73.79667,42.63628],[-73.79492,42.63582],[-73.79394,42.63587],[-73.7929,42.63602],[-73.79048,42.63755],[-73.80582,42.64494],[-73.80399,42.6459],[-73.80176,42.64749],[-73.8051,42.64868],[-73.80196,42.65197],[-73.80649,42.6539],[-73.80616,42.65467],[-73.80408,42.65742],[-73.80879,42.65931],[-73.81202,42.65895],[-73.81125,42.6564],[-73.81205,42.65575],[-73.81299,42.65608],[-73.81552,42.65365],[-73.81738,42.65515],[-73.81798,42.65439],[-73.81884,42.65385],[-73.82346,42.65781],[-73.82419,42.65686],[-73.82498,42.65683],[-73.82603,42.6559],[-73.82955,42.655],[-73.83025,42.65522],[-73.83048,42.65491],[-73.83353,42.65463],[-73.83404,42.65438],[-73.83583,42.65438],[-73.83677,42.65376],[-73.8374,42.65371],[-73.83791,42.65413],[-73.83834,42.65357],[-73.84161,42.65253],[-73.84226,42.6525],[-73.84607,42.65015],[-73.84697,42.64938],[-73.84719,42.64864]]]},"properties":{"GEOID":"36001001804","NAME":"Census Tract 18.04","STATE":"36","COUNTY":"001"}},{"type":"Feature","geometry":{"type":"Polygon","coordinates":[[[-73.94388,42.75632],[-73.94368,42.75469],[-73.94206,42.74878],[-73.94261,42.74122],[-73.93978,42.73581],[-73.93925,42.73437],[-73.93899,42.73023],[-73.9375,42.7261],[-73.93551,42.72362],[-73.9329,42.71838],[-73.93194,42.71702],[-73.93234,42.71455],[-73.92792,42.7122],[-73.92195,42.70741],[-73.92022,42.70689],[-73.91612,42.70615],[-73.91407,42.70534],[-73.91401,42.70552],[-73.91509,42.70589],[-73.91496,42.70603],[-73.91512,42.70616],[-73.91513,42.7068],[-73.91468,42.70705],[-73.91431,42.70849],[-73.91487,42.70934],[-73.91566,42.70957],[-73.916,42.7103],[-73.91584,42.71095],[-73.91599,42.7117],[-73.91663,42.71251],[-73.91607,42.71362],[-73.91622,42.71425],[-73.91707,42.71443],[-73.917,42.71492],[-73.91751,42.71522],[-73.91788,42.71663],[-73.91826,42.71707],[-73.91814,42.71747],[-73.9187,42.71786],[-73.91822,42.71826],[-73.91788,42.72052],[-73.91803,42.72116],[-73.91761,42.72174],[-73.9176,42.72247],[-73.91785,42.72309],[-73.91703,42.72378],[-73.91682,42.72467],[-73.91564,42.72541],[-73.91595,42.72572],[-73.9163,42.72691],[-73.91603,42.72733],[-73.91621,42.72764],[-73.91601,42.72784],[-73.91628,42.72824],[-73.91602,42.72889],[-73.91639,42.72926],[-73.91609,42.72974],[-73.91653,42.73159],[-73.91545,42.73226],[-73.91523,42.73307],[-73.91591,42.73404],[-73.91691,42.73444],[-73.91747,42.73484],[-73.91755,42.73516],[-73.91855,42.7357],[-73.91904,42.7365],[-73.91933,42.73647],[-73.91945,42.73689],[-73.91938,42.73725],[-73.91846,42.73759],[-73.91778,42.73745],[-73.91713,42.73766],[-73.91639,42.73916],[-73.91639,42.73991],[-73.91693,42.73994],[-73.91748,42.74079],[-73.917,42.74156],[-73.9172,42.74174],[-73.91699,42.74211],[-73.91706,42.74237],[-73.91335,42.74209],[-73.91892,42.74606],[-73.92753,42.75098],[-73.9431,42.75878],[-73.94367,42.75749],[-73.94388,42.75632]]]},"properties":{"GEOID":"36001014616","NAME":"Census Tract 146.16","STATE":"36","COUNTY":"001"}},{"type":"Feature","geometry":{"type":"Polygon","coordinates":[[[-73.75436,42.75558],[-73.75444,42.7551],[-73.74578,42.75505],[-73.74497,42.75483],[-73.74291,42.75505],[-73.7363,42.75499],[-73.73684,42.75069],[-73.73455,42.74955],[-73.73479,42.74656],[-73.73632,42.73992],[-73.73237,42.73855],[-73.72575,42.73759],[-73.72275,42.73651],[-73.71872,42.73465],[-73.71878,42.73655],[-73.71516,42.73629],[-73.71461,42.73512],[-73.7139,42.73502],[-73.71384,42.73486],[-73.7127,42.73526],[-73.71182,42.73797],[-73.70793,42.73758],[-73.70006,42.73628],[-73.69894,42.73627],[-73.69909,42.73713],[-73.699,42.73789],[-73.69851,42.73918],[-73.69808,42.73979],[-73.69734,42.74027],[-73.69543,42.74095],[-73.6937,42.74123],[-73.6936,42.74151],[-73.69469,42.74219],[-73.69551,42.74336],[-73.6972,42.74447],[-73.69879,42.74699],[-73.6994,42.74877],[-73.69946,42.74946],[-73.69886,42.75114],[-73.70083,42.75135],[-73.70216,42.75171],[-73.70286,42.74896],[-73.7044,42.74543],[-73.71177,42.74874],[-73.71792,42.75109],[-73.7374,42.75735],[-73.74017,42.75804],[-73.75383,42.75988],[-73.75382,42.75898],[-73.75425,42.75724],[-73.75436,42.75558]]]},"properties":{"GEOID":"36001013509","NAME":"Census Tract 135.09","STATE":"36","COUNTY":"001"}},{"type":"Feature","geometry":{"type":"Polygon","coordinates":[[[-73.88643,42.60126],[-73.88602,42.59956],[-73.88475,42.59609],[-73.88079,42.58767],[-73.87739,42.58401],[-73.87513,42.58059],[-73.87515,42.58075],[-73.87466,42.57967],[-73.87514,42.57027],[-73.87508,42.56697],[-73.87678,42.55986],[-73.87799,42.5531],[-73.8801,42.54708],[-73.88122,42.54208],[-73.88141,42.53907],[-73.88256,42.53475],[-73.88319,42.53309],[-73.80941,42.5257],[-73.80702,42.53181],[-73.80524,42.53504],[-73.80491,42.53621],[-73.80494,42.53703],[-73.80829,42.55235],[-73.80851,42.55602],[-73.80813,42.55905],[-73.80446,42.56925],[-73.80365,42.57469],[-73.805,42.57435],[-73.80605,42.57347],[-73.81069,42.5767],[-73.81189,42.5773],[-73.81677,42.57885],[-73.81899,42.57931],[-73.82227,42.57968],[-73.82474,42.57965],[-73.82929,42.58138],[-73.83276,42.58767],[-73.83359,42.59011],[-73.83363,42.59269],[-73.83473,42.59577],[-73.83887,42.59437],[-73.83997,42.59435],[-73.84164,42.59231],[-73.84308,42.59128],[-73.84494,42.59038],[-73.84764,42.58968],[-73.8517,42.58928],[-73.85527,42.58849],[-73.85632,42.58904],[-73.85618,42.5894],[-73.85563,42.5892],[-73.8554,42.58962],[-73.856,42.58969],[-73.85603,42.5905],[-73.85707,42.59055],[-73.85711,42.59085],[-73.85734,42.59093],[-73.85724,42.59126],[-73.85783,42.59163],[-73.85796,42.59236],[-73.8586,42.59207],[-73.85878,42.59247],[-73.85957,42.5925],[-73.8596,42.5932],[-73.85979,42.59367],[-73.86008,42.59385],[-73.86069,42.59392],[-73.861,42.59355],[-73.86153,42.59383],[-73.86224,42.59388],[-73.86249,42.59428],[-73.86314,42.59438],[-73.86306,42.59467],[-73.86379,42.59487],[-73.86325,42.59497],[-73.86351,42.59515],[-73.86342,42.59542],[-73.86431,42.59512],[-73.86438,42.59546],[-73.86464,42.59559],[-73.86462,42.59596],[-73.86527,42.59585],[-73.86489,42.59618],[-73.86527,42.59619],[-73.8652,42.59672],[-73.86568,42.59675],[-73.86623,42.59638],[-73.86732,42.59644],[-73.86736,42.59683],[-73.86798,42.59726],[-73.86798,42.59762],[-73.86779,42.59776],[-73.86813,42.59792],[-73.86806,42.59815],[-73.86824,42.59828],[-73.86809,42.59855],[-73.86845,42.59895],[-73.86909,42.59928],[-73.86983,42.60004],[-73.87083,42.59968],[-73.8717,42.59982],[-73.87211,42.6005],[-73.87192,42.60076],[-73.8729,42.60138],[-73.8732,42.60136],[-73.87341,42.60112],[-73.87394,42.6014],[-73.87406,42.60068],[-73.8749,42.60042],[-73.87461,42.60078],[-73.87575,42.60109],[-73.87635,42.60148],[-73.87675,42.6013],[-73.87708,42.60158],[-73.87787,42.60142],[-73.8782,42.60153],[-73.87828,42.60125],[-73.87901,42.60121],[-73.87905,42.60176],[-73.8819,42.60296],[-73.88411,42.60169],[-73.88643,42.60126]]]},"properties":{"GEOID":"36001014304","NAME":"Census Tract 143.04","STATE":"36","COUNTY":"001"}},{"type":"Feature","geometry":{"type":"Polygon","coordinates":[[[-73.75545,42.71134],[-73.75535,42.70892],[-73.75449,42.7049],[-73.75433,42.70321],[-73.75406,42.69636],[-73.75291,42.69339],[-73.7529,42.6907],[-73.75209,42.68723],[-73.7517,42.68278],[-73.75133,42.68209],[-73.74312,42.67932],[-73.74303,42.67969],[-73.74574,42.68098],[-73.74497,42.68128],[-73.74489,42.68193],[-73.74636,42.68188],[-73.74676,42.68299],[-73.7434,42.68243],[-73.74278,42.68489],[-73.7436,42.68662],[-73.74824,42.68679],[-73.74806,42.68746],[-73.74964,42.68759],[-73.75042,42.68742],[-73.75096,42.68946],[-73.75032,42.68949],[-73.75049,42.69033],[-73.74833,42.69041],[-73.74832,42.6909],[-73.74941,42.69055],[-73.75053,42.69072],[-73.75075,42.69285],[-73.7513,42.69311],[-73.75154,42.6952],[-73.74967,42.69539],[-73.74904,42.69489],[-73.74754,42.69486],[-73.74764,42.69671],[-73.74148,42.69689],[-73.74379,42.69568],[-73.74386,42.69538],[-73.74223,42.69474],[-73.7424,42.69409],[-73.7421,42.69402],[-73.74231,42.69322],[-73.74107,42.6929],[-73.74086,42.69364],[-73.74027,42.69353],[-73.74013,42.69493],[-73.73959,42.697],[-73.73922,42.69774],[-73.7386,42.69852],[-73.73762,42.69807],[-73.73616,42.70078],[-73.73516,42.70068],[-73.73426,42.70378],[-73.73116,42.70318],[-73.72906,42.70608],[-73.72476,42.70508],[-73.72446,42.70458],[-73.72456,42.70418],[-73.72359,42.70398],[-73.72417,42.70491],[-73.72377,42.70522],[-73.72314,42.70714],[-73.72495,42.70738],[-73.72504,42.70831],[-73.72027,42.70758],[-73.72031,42.70741],[-73.71905,42.70672],[-73.70292,42.6993],[-73.70246,42.69998],[-73.70238,42.70101],[-73.70296,42.70438],[-73.70346,42.70558],[-73.71073,42.70752],[-73.71152,42.70797],[-73.71169,42.70772],[-73.71444,42.70873],[-73.70999,42.71764],[-73.71076,42.71811],[-73.71098,42.71796],[-73.7136,42.71964],[-73.71415,42.72021],[-73.71359,42.72028],[-73.71145,42.72311],[-73.71124,42.7233],[-73.71093,42.72323],[-73.70954,42.7262],[-73.709,42.7269],[-73.70992,42.72679],[-73.70998,42.72716],[-73.71119,42.72716],[-73.71245,42.72759],[-73.71576,42.72031],[-73.71698,42.72074],[-73.71724,42.72006],[-73.71821,42.72032],[-73.72055,42.71517],[-73.72027,42.71476],[-73.72245,42.71524],[-73.72485,42.71392],[-73.72584,42.7136],[-73.73498,42.71462],[-73.74438,42.71389],[-73.7455,42.71407],[-73.75087,42.71588],[-73.75533,42.71577],[-73.75545,42.71134]]]},"properties":{"GEOID":"36001013603","NAME":"Census Tract 136.03","STATE":"36","COUNTY":"001"}},{"type":"Feature","geometry":{"type":"Polygon","coordinates":[[[-74.15006,43.31202],[-74.14606,43.28957],[-74.13676,43.23389],[-74.13214,43.20328],[-74.13121,43.19778],[-74.13096,43.19728],[-74.12809,43.17763],[-74.12434,43.1539],[-74.11205,43.15507],[-73.99957,43.16452],[-73.97748,43.16694],[-73.98212,43.16941],[-73.98487,43.17007],[-73.98903,43.17191],[-73.99016,43.17323],[-73.98997,43.17413],[-73.9912,43.177],[-73.99312,43.17881],[-74.00018,43.18226],[-74.00562,43.18544],[-74.00825,43.18668],[-74.00951,43.1868],[-74.01306,43.18624],[-74.01893,43.18642],[-74.01966,43.1866],[-74.02093,43.18752],[-74.02128,43.18876],[-74.02198,43.1895],[-74.02353,43.18999],[-74.02525,43.1912],[-74.02761,43.19184],[-74.03054,43.19176],[-74.03279,43.19134],[-74.03598,43.19202],[-74.04012,43.19211],[-74.04196,43.19277],[-74.044,43.19299],[-74.04545,43.19347],[-74.04684,43.19332],[-74.05017,43.19403],[-74.05342,43.19395],[-74.05681,43.19558],[-74.05798,43.19585],[-74.05917,43.19745],[-74.06153,43.19873],[-74.06393,43.20093],[-74.06465,43.20198],[-74.06598,43.20334],[-74.06761,43.20711],[-74.06855,43.21117],[-74.06893,43.21149],[-74.07345,43.21242],[-74.07772,43.21122],[-74.07944,43.21148],[-74.0818,43.21139],[-74.08266,43.20983],[-74.08304,43.20964],[-74.08736,43.21133],[-74.08641,43.2129],[-74.08214,43.22159],[-74.07847,43.23058],[-74.07257,43.25273],[-74.06952,43.25688],[-74.06661,43.25926],[-74.06426,43.26051],[-74.06274,43.26106],[-74.06224,43.26107],[-74.05541,43.26564],[-74.06217,43.27231],[-74.06457,43.27444],[-74.07307,43.28303],[-74.09969,43.30921],[-74.11338,43.32309],[-74.13566,43.31447],[-74.13974,43.31786],[-74.15006,43.31202]]]},"properties":{"GEOID":"36091060504","NAME":"Census Tract 605.04","STATE":"36","COUNTY":"091"}},{"type":"Feature","geometry":{"type":"Polygon","coordinates":[[[-73.83701,43.01552],[-73.83326,42.98644],[-73.83305,42.9859],[-73.83166,42.97579],[-73.82489,42.93319],[-73.82292,42.92265],[-73.80872,42.92353],[-73.80879,42.92391],[-73.80811,42.92401],[-73.80802,42.92373],[-73.80158,42.92458],[-73.80286,42.92939],[-73.80522,42.94509],[-73.80481,42.94827],[-73.80169,42.95753],[-73.80109,42.96162],[-73.80137,42.96744],[-73.80337,42.98853],[-73.80329,42.99557],[-73.80281,42.99976],[-73.80207,43.00364],[-73.80112,43.0073],[-73.79957,43.01189],[-73.7977,43.01529],[-73.7958,43.01766],[-73.79372,43.01963],[-73.79156,43.02135],[-73.79254,43.0263],[-73.79254,43.02712],[-73.79232,43.02798],[-73.79059,43.03129],[-73.79123,43.03086],[-73.79182,43.03081],[-73.79257,43.03129],[-73.79275,43.03176],[-73.7914,43.0329],[-73.79118,43.03353],[-73.79173,43.03392],[-73.79425,43.03431],[-73.79441,43.03399],[-73.79336,43.03378],[-73.793,43.03326],[-73.79406,43.03239],[-73.79469,43.03224],[-73.79891,43.03347],[-73.80118,43.03351],[-73.80421,43.03425],[-73.80709,43.03452],[-73.80862,43.03369],[-73.81098,43.03155],[-73.8112,43.03161],[-73.81121,43.03197],[-73.81148,43.03223],[-73.81213,43.03247],[-73.81278,43.03247],[-73.81352,43.03215],[-73.81361,43.03159],[-73.8127,43.02988],[-73.81282,43.02936],[-73.81329,43.02916],[-73.81366,43.02921],[-73.81528,43.03038],[-73.81568,43.03071],[-73.81588,43.03136],[-73.81618,43.03138],[-73.81726,43.03036],[-73.81675,43.03003],[-73.81632,43.02931],[-73.81534,43.02878],[-73.81538,43.0282],[-73.81849,43.02901],[-73.82153,43.02827],[-73.82283,43.02717],[-73.82291,43.02648],[-73.8221,43.02476],[-73.82087,43.02333],[-73.82082,43.02239],[-73.82113,43.02212],[-73.82257,43.02317],[-73.8234,43.02282],[-73.82397,43.02125],[-73.82515,43.01987],[-73.82623,43.01779],[-73.8266,43.01743],[-73.82688,43.01739],[-73.82799,43.01787],[-73.828,43.01724],[-73.8283,43.01685],[-73.82931,43.01649],[-73.83013,43.01642],[-73.83074,43.01704],[-73.83002,43.01752],[-73.83004,43.01849],[-73.82986,43.01888],[-73.83026,43.01941],[-73.83011,43.02017],[-73.83027,43.02025],[-73.83097,43.01993],[-73.83225,43.02004],[-73.83329,43.01963],[-73.83515,43.01744],[-73.83635,43.01699],[-73.83701,43.01552]]]},"properties":{"GEOID":"36091061904","NAME":"Census Tract 619.04","STATE":"36","COUNTY":"091"}},{"type":"Feature","geometry":{"type":"Polygon","coordinates":[[[-73.84213,43.04878],[-73.84237,43.04865],[-73.84104,43.04158],[-73.8382,43.02347],[-73.83276,43.02805],[-73.82886,43.03242],[-73.82129,43.04012],[-73.81423,43.04665],[-73.8123,43.04932],[-73.80981,43.05499],[-73.80872,43.05657],[-73.80753,43.05783],[-73.81278,43.05869],[-73.81624,43.05975],[-73.82088,43.05971],[-73.82221,43.05948],[-73.82796,43.05759],[-73.83207,43.05535],[-73.8351,43.05417],[-73.83656,43.05315],[-73.83988,43.05015],[-73.84213,43.04878]]]},"properties":{"GEOID":"36091061304","NAME":"Census Tract 613.04","STATE":"36","COUNTY":"091"}},{"type":"Feature","geometry":{"type":"Polygon","coordinates":[[[-73.78728,43.07458],[-73.78769,43.07327],[-73.77558,43.07433],[-73.77637,43.07956],[-73.77587,43.08193],[-73.77843,43.08766],[-73.77639,43.0885],[-73.77551,43.0893],[-73.77946,43.08816],[-73.7806,43.08714],[-73.78147,43.08754],[-73.78349,43.08633],[-73.78562,43.08126],[-73.78604,43.07874],[-73.78728,43.07458]]]},"properties":{"GEOID":"36091061001","NAME":"Census Tract 610.01","STATE":"36","COUNTY":"091"}},{"type":"Feature","geometry":{"type":"Polygon","coordinates":[[[-73.91253,43.19352],[-73.93253,43.18308],[-73.87942,43.18791],[-73.86437,43.18902],[-73.81284,43.19176],[-73.79081,43.19277],[-73.79042,43.19266],[-73.7869,43.193],[-73.78525,43.19595],[-73.78228,43.19602],[-73.74806,43.19942],[-73.76351,43.22539],[-73.76437,43.22368],[-73.76527,43.22278],[-73.76643,43.22224],[-73.7675,43.22212],[-73.76907,43.22234],[-73.77006,43.22275],[-73.77269,43.22473],[-73.7758,43.22797],[-73.77764,43.23146],[-73.77845,43.23352],[-73.77949,43.2349],[-73.78425,43.23908],[-73.78813,43.24305],[-73.78973,43.24442],[-73.79289,43.24624],[-73.8033,43.25032],[-73.80838,43.25095],[-73.81006,43.25054],[-73.80924,43.2484],[-73.81,43.24789],[-73.81144,43.24759],[-73.81189,43.24714],[-73.81192,43.24679],[-73.81228,43.24654],[-73.8122,43.24637],[-73.81314,43.24617],[-73.81296,43.24551],[-73.813,43.24445],[-73.81721,43.24312],[-73.82816,43.23753],[-73.91253,43.19352]]]},"properties":{"GEOID":"36091060301","NAME":"Census Tract 603.01","STATE":"36","COUNTY":"091"}},{"type":"Feature","geometry":{"type":"Polygon","coordinates":[[[-73.69606,43.20534],[-73.69652,43.20435],[-73.65634,43.2082],[-73.60594,43.21355],[-73.58136,43.2158],[-73.58155,43.2189],[-73.58219,43.21999],[-73.58428,43.22235],[-73.58506,43.22545],[-73.58596,43.22743],[-73.58772,43.22957],[-73.5893,43.23084],[-73.59061,43.23139],[-73.59161,43.23151],[-73.59312,43.23216],[-73.5942,43.2334],[-73.59497,43.23479],[-73.59748,43.24095],[-73.59764,43.24319],[-73.59708,43.24444],[-73.59204,43.24936],[-73.59082,43.25007],[-73.5903,43.25061],[-73.58786,43.2535],[-73.58695,43.2559],[-73.58686,43.25752],[-73.58722,43.25971],[-73.58905,43.26368],[-73.59026,43.26462],[-73.59238,43.26324],[-73.59345,43.26221],[-73.59557,43.25899],[-73.59593,43.25998],[-73.59651,43.26062],[-73.5983,43.26149],[-73.60015,43.26155],[-73.60371,43.26064],[-73.60554,43.26072],[-73.60613,43.26094],[-73.60747,43.26197],[-73.60944,43.26392],[-73.61058,43.2652],[-73.61089,43.26584],[-73.65568,43.26162],[-73.65803,43.25925],[-73.6663,43.25822],[-73.66984,43.25795],[-73.67153,43.25802],[-73.6766,43.2586],[-73.67906,43.25915],[-73.68203,43.25426],[-73.69066,43.24462],[-73.69153,43.24333],[-73.69222,43.2418],[-73.69261,43.23915],[-73.69219,43.22348],[-73.69242,43.21919],[-73.69282,43.21606],[-73.69377,43.2118],[-73.69606,43.20534]]]},"properties":{"GEOID":"36091060104","NAME":"Census Tract 601.04","STATE":"36","COUNTY":"091"}},{"type":"Feature","geometry":{"type":"Polygon","coordinates":[[[-73.78064,43.15571],[-73.77801,43.14036],[-73.77239,43.10498],[-73.77224,43.10622],[-73.76813,43.12359],[-73.75285,43.13323],[-73.75183,43.1362],[-73.74438,43.1423],[-73.74117,43.14562],[-73.73803,43.14929],[-73.73321,43.15673],[-73.73698,43.15595],[-73.7397,43.15566],[-73.74679,43.15598],[-73.74988,43.15512],[-73.75503,43.15614],[-73.76104,43.15568],[-73.7619,43.15536],[-73.76331,43.15428],[-73.76507,43.15355],[-73.76784,43.15295],[-73.77066,43.15274],[-73.77237,43.15318],[-73.77307,43.15306],[-73.77441,43.15421],[-73.77777,43.1548],[-73.78064,43.15571]]]},"properties":{"GEOID":"36091060705","NAME":"Census Tract 607.05","STATE":"36","COUNTY":"091"}},{"type":"Feature","geometry":{"type":"Polygon","coordinates":[[[-73.79571,43.09348],[-73.79481,43.0932],[-73.79457,43.09293],[-73.79452,43.09209],[-73.79483,43.09129],[-73.79487,43.09035],[-73.79468,43.08665],[-73.79333,43.08678],[-73.79304,43.0851],[-73.78415,43.08595],[-73.77668,43.09034],[-73.77319,43.09174],[-73.7711,43.09214],[-73.77198,43.0958],[-73.77995,43.09495],[-73.77939,43.09627],[-73.78088,43.09651],[-73.78126,43.09568],[-73.78231,43.0949],[-73.7838,43.09427],[-73.7845,43.09418],[-73.78572,43.09454],[-73.78838,43.09488],[-73.78904,43.09447],[-73.789,43.09427],[-73.79258,43.094],[-73.79571,43.09348]]]},"properties":{"GEOID":"36091061201","NAME":"Census Tract 612.01","STATE":"36","COUNTY":"091"}},{"type":"Feature","geometry":{"type":"Polygon","coordinates":[[[-73.78147,43.08754],[-73.7806,43.08714],[-73.77946,43.08816],[-73.77551,43.0893],[-73.77639,43.0885],[-73.77843,43.08766],[-73.77587,43.08193],[-73.77637,43.07956],[-73.77589,43.07632],[-73.75186,43.07137],[-73.75062,43.07373],[-73.74966,43.07608],[-73.74882,43.07946],[-73.74868,43.08138],[-73.7488,43.08366],[-73.74936,43.08634],[-73.75307,43.09747],[-73.76642,43.09612],[-73.77198,43.0958],[-73.7711,43.09214],[-73.77291,43.09182],[-73.77549,43.09088],[-73.7776,43.08985],[-73.78147,43.08754]]]},"properties":{"GEOID":"36091061102","NAME":"Census Tract 611.02","STATE":"36","COUNTY":"091"}},{"type":"Feature","geometry":{"type":"Polygon","coordinates":[[[-73.76962,42.84026],[-73.76965,42.83181],[-73.76922,42.82757],[-73.76867,42.8255],[-73.76935,42.81949],[-73.76876,42.78588],[-73.76666,42.78608],[-73.76486,42.78728],[-73.76346,42.78858],[-73.76137,42.79177],[-73.75847,42.79528],[-73.75016,42.80138],[-73.74836,42.80528],[-73.73766,42.81888],[-73.73696,42.81948],[-73.73167,42.82131],[-73.73703,42.83171],[-73.74217,42.83792],[-73.74298,42.83768],[-73.75199,42.83692],[-73.75315,42.83709],[-73.75644,42.83835],[-73.75838,42.83881],[-73.76125,42.83907],[-73.76509,42.8398],[-73.76962,42.84026]]]},"properties":{"GEOID":"36091062407","NAME":"Census Tract 624.07","STATE":"36","COUNTY":"091"}},{"type":"Feature","geometry":{"type":"Polygon","coordinates":[[[-73.78884,43.06548],[-73.78789,43.05872],[-73.77966,43.05797],[-73.77367,43.05672],[-73.77221,43.05669],[-73.76855,43.05706],[-73.76564,43.05556],[-73.75665,43.06461],[-73.75399,43.06796],[-73.75186,43.07137],[-73.77589,43.07632],[-73.77558,43.07433],[-73.78327,43.07368],[-73.78211,43.06677],[-73.78424,43.06595],[-73.78884,43.06548]]]},"properties":{"GEOID":"36091061101","NAME":"Census Tract 611.01","STATE":"36","COUNTY":"091"}},{"type":"Feature","geometry":{"type":"Polygon","coordinates":[[[-73.79298,42.97106],[-73.78955,42.95388],[-73.78974,42.94922],[-73.78999,42.9486],[-73.78742,42.9482],[-73.78506,42.94714],[-73.78421,42.94651],[-73.78063,42.94522],[-73.77526,42.94209],[-73.77451,42.94138],[-73.7726,42.93893],[-73.76893,42.93591],[-73.76762,42.9322],[-73.76719,42.93159],[-73.76656,42.93104],[-73.7647,42.93002],[-73.76354,42.92868],[-73.76232,42.92779],[-73.75597,42.9504],[-73.75541,42.95189],[-73.75296,42.96195],[-73.75198,42.96489],[-73.74652,42.9844],[-73.75262,42.9848],[-73.75909,42.98713],[-73.76019,42.98578],[-73.76088,42.98523],[-73.76344,42.98396],[-73.76565,42.98364],[-73.76684,42.98393],[-73.76974,42.98559],[-73.7709,42.98589],[-73.77369,42.98591],[-73.77574,42.98563],[-73.77968,42.98616],[-73.78514,42.98541],[-73.78687,42.98543],[-73.78673,42.98396],[-73.78725,42.98029],[-73.78764,42.97945],[-73.7923,42.97266],[-73.79298,42.97106]]]},"properties":{"GEOID":"36091061907","NAME":"Census Tract 619.07","STATE":"36","COUNTY":"091"}},{"type":"Feature","geometry":{"type":"Polygon","coordinates":[[[-73.76418,42.92135],[-73.76347,42.92089],[-73.76167,42.92073],[-73.76178,42.92053],[-73.76161,42.92004],[-73.76056,42.92011],[-73.7599,42.92066],[-73.75941,42.9207],[-73.75898,42.92045],[-73.75812,42.92039],[-73.75718,42.91955],[-73.75667,42.92021],[-73.75626,42.92032],[-73.75584,42.92029],[-73.75533,42.91985],[-73.75321,42.92029],[-73.75301,42.91999],[-73.7523,42.91988],[-73.75102,42.92028],[-73.75075,42.92071],[-73.75174,42.92159],[-73.75152,42.92175],[-73.75075,42.92163],[-73.74985,42.92094],[-73.74882,42.92053],[-73.74814,42.92049],[-73.74795,42.92003],[-73.74715,42.9199],[-73.74632,42.92036],[-73.74631,42.92113],[-73.74532,42.92103],[-73.74506,42.92051],[-73.7454,42.92018],[-73.74511,42.91996],[-73.74441,42.92026],[-73.74409,42.92153],[-73.74274,42.92087],[-73.74073,42.92156],[-73.73953,42.92145],[-73.73637,42.92191],[-73.73604,42.92175],[-73.73587,42.92134],[-73.73495,42.92109],[-73.73394,42.92114],[-73.73264,42.92073],[-73.73162,42.91954],[-73.73006,42.91937],[-73.7294,42.91888],[-73.7289,42.91884],[-73.72753,42.91918],[-73.72701,42.91994],[-73.7266,42.91999],[-73.72618,42.9195],[-73.72559,42.91824],[-73.72351,42.91789],[-73.72236,42.91737],[-73.72148,42.91762],[-73.72041,42.91736],[-73.71911,42.91754],[-73.71933,42.91831],[-73.71904,42.91889],[-73.71924,42.91982],[-73.71843,42.91989],[-73.71803,42.91966],[-73.71744,42.91872],[-73.71345,42.91827],[-73.71321,42.91805],[-73.71351,42.91774],[-73.71341,42.91757],[-73.71153,42.9171],[-73.70836,42.91527],[-73.70734,42.91525],[-73.70676,42.91462],[-73.70525,42.91435],[-73.70253,42.91292],[-73.69924,42.91186],[-73.69783,42.91168],[-73.69536,42.91202],[-73.69139,42.91131],[-73.69067,42.91309],[-73.68597,42.91183],[-73.68699,42.90981],[-73.68538,42.90938],[-73.68248,42.91228],[-73.67891,42.91221],[-73.66843,42.92226],[-73.66766,42.92244],[-73.66639,42.92355],[-73.66483,42.92578],[-73.66345,42.92663],[-73.66328,42.92916],[-73.66043,42.93253],[-73.66404,42.93421],[-73.66126,42.9368],[-73.66013,42.93971],[-73.66118,42.93987],[-73.65924,42.94134],[-73.66099,42.94242],[-73.66247,42.94407],[-73.66276,42.94465],[-73.66287,42.94613],[-73.66467,42.94776],[-73.66518,42.9486],[-73.66537,42.94929],[-73.66541,42.95083],[-73.66631,42.95228],[-73.66723,42.95303],[-73.66956,42.95386],[-73.67083,42.95539],[-73.67299,42.95712],[-73.67434,42.95856],[-73.67486,42.96004],[-73.67455,42.9643],[-73.67502,42.96509],[-73.67566,42.96555],[-73.67958,42.96671],[-73.68642,42.96722],[-73.6877,42.96773],[-73.68988,42.96953],[-73.69087,42.96993],[-73.69813,42.97065],[-73.70413,42.96962],[-73.70503,42.96983],[-73.7081,42.97167],[-73.70936,42.9721],[-73.71664,42.97294],[-73.71932,42.97304],[-73.7241,42.97287],[-73.72489,42.97302],[-73.72581,42.9734],[-73.72945,42.97569],[-73.73414,42.97752],[-73.73815,42.97853],[-73.7424,42.98067],[-73.74362,42.98147],[-73.74543,42.98313],[-73.74584,42.98357],[-73.74608,42.98446],[-73.74652,42.9844],[-73.75198,42.96489],[-73.75296,42.96195],[-73.75541,42.95189],[-73.75597,42.9504],[-73.76418,42.92135]]]},"properties":{"GEOID":"36091062001","NAME":"Census Tract 620.01","STATE":"36","COUNTY":"091"}},{"type":"Feature","geometry":{"type":"Polygon","coordinates":[[[-73.84881,43.08908],[-73.84822,43.08623],[-73.84637,43.07366],[-73.84524,43.06758],[-73.84458,43.06189],[-73.84292,43.05276],[-73.84237,43.04865],[-73.83988,43.05015],[-73.83656,43.05315],[-73.8351,43.05417],[-73.83207,43.05535],[-73.82796,43.05759],[-73.82221,43.05948],[-73.82088,43.05971],[-73.81624,43.05975],[-73.81278,43.05869],[-73.80753,43.05783],[-73.80416,43.06052],[-73.80278,43.06115],[-73.80285,43.06209],[-73.80166,43.06376],[-73.80141,43.0647],[-73.80417,43.08121],[-73.80462,43.08498],[-73.80444,43.08516],[-73.79796,43.08473],[-73.79861,43.08824],[-73.7948,43.08835],[-73.79485,43.0911],[-73.79452,43.09224],[-73.79457,43.09293],[-73.79503,43.0933],[-73.79635,43.09358],[-73.79841,43.0935],[-73.8242,43.09128],[-73.82669,43.09093],[-73.82871,43.08966],[-73.83116,43.09058],[-73.84881,43.08908]]]},"properties":{"GEOID":"36091061305","NAME":"Census Tract 613.05","STATE":"36","COUNTY":"091"}},{"type":"Feature","geometry":{"type":"Polygon","coordinates":[[[-73.80344,42.99312],[-73.80337,42.98853],[-73.80167,42.97036],[-73.80097,42.97041],[-73.80057,42.97017],[-73.79984,42.97054],[-73.79296,42.97117],[-73.7923,42.97266],[-73.78764,42.97945],[-73.78725,42.98029],[-73.78673,42.98396],[-73.78687,42.98543],[-73.78514,42.98541],[-73.77968,42.98616],[-73.77574,42.98563],[-73.77369,42.98591],[-73.7709,42.98589],[-73.76974,42.98559],[-73.76684,42.98393],[-73.76565,42.98364],[-73.76344,42.98396],[-73.76088,42.98523],[-73.76019,42.98578],[-73.75909,42.98713],[-73.75262,42.9848],[-73.74652,42.9844],[-73.74613,42.98674],[-73.74645,42.98866],[-73.74805,42.99242],[-73.75084,42.99695],[-73.75132,43.0007],[-73.75258,43.00286],[-73.75255,43.00391],[-73.75117,43.00631],[-73.75039,43.00844],[-73.74975,43.00942],[-73.74919,43.00976],[-73.74785,43.00983],[-73.74735,43.01025],[-73.74694,43.01362],[-73.74667,43.01413],[-73.74405,43.01605],[-73.74252,43.01877],[-73.74129,43.02008],[-73.74004,43.02201],[-73.73929,43.02379],[-73.7387,43.02627],[-73.73063,43.03143],[-73.72831,43.0331],[-73.72711,43.03491],[-73.72464,43.04031],[-73.72391,43.04289],[-73.72425,43.04398],[-73.7395,43.0403],[-73.74102,43.03968],[-73.74248,43.0403],[-73.74338,43.04232],[-73.74403,43.04229],[-73.74446,43.04203],[-73.74521,43.04204],[-73.74445,43.04174],[-73.74461,43.04151],[-73.74565,43.04132],[-73.74592,43.04076],[-73.74623,43.04057],[-73.74728,43.04051],[-73.74771,43.0408],[-73.74827,43.04073],[-73.74903,43.04093],[-73.74949,43.04181],[-73.75133,43.04293],[-73.75215,43.04383],[-73.75272,43.04378],[-73.75396,43.04408],[-73.7548,43.04389],[-73.75528,43.04355],[-73.75439,43.04229],[-73.75483,43.04226],[-73.75609,43.04304],[-73.75681,43.04302],[-73.75735,43.04273],[-73.75731,43.04204],[-73.7564,43.04081],[-73.75649,43.04055],[-73.75683,43.04042],[-73.76565,43.04217],[-73.76776,43.04219],[-73.76867,43.04322],[-73.76999,43.04377],[-73.7723,43.04341],[-73.77372,43.0421],[-73.77487,43.04199],[-73.775,43.04216],[-73.77669,43.0423],[-73.77727,43.04216],[-73.78033,43.03763],[-73.78705,43.03386],[-73.78928,43.03187],[-73.79059,43.03129],[-73.79232,43.02798],[-73.79254,43.02712],[-73.79254,43.0263],[-73.79156,43.02135],[-73.79466,43.01881],[-73.7973,43.01586],[-73.79919,43.01271],[-73.80054,43.00914],[-73.80163,43.00548],[-73.80246,43.0018],[-73.80297,42.99863],[-73.80344,42.99312]]]},"properties":{"GEOID":"36091061905","NAME":"Census Tract 619.05","STATE":"36","COUNTY":"091"}},{"type":"Feature","geometry":{"type":"Polygon","coordinates":[[[-73.80427,42.87854],[-73.80418,42.87717],[-73.80314,42.87469],[-73.80349,42.87288],[-73.80343,42.87166],[-73.79964,42.86771],[-73.79742,42.86732],[-73.79251,42.86521],[-73.78085,42.86289],[-73.78081,42.85834],[-73.78097,42.85787],[-73.77965,42.85755],[-73.7784,42.85633],[-73.7777,42.85638],[-73.7774,42.85568],[-73.77589,42.8539],[-73.77528,42.85345],[-73.7699,42.85187],[-73.77008,42.85243],[-73.77007,42.85782],[-73.77034,42.86558],[-73.77112,42.87571],[-73.77263,42.89055],[-73.77276,42.89453],[-73.77347,42.90353],[-73.77389,42.90782],[-73.77409,42.90798],[-73.77695,42.90361],[-73.77804,42.90245],[-73.77913,42.90183],[-73.78674,42.89853],[-73.78753,42.89676],[-73.78735,42.89549],[-73.78505,42.89246],[-73.78451,42.89116],[-73.78395,42.89054],[-73.78525,42.89062],[-73.78779,42.89037],[-73.79118,42.88884],[-73.79252,42.88749],[-73.79375,42.88658],[-73.79525,42.88612],[-73.79725,42.88622],[-73.79751,42.88374],[-73.80251,42.88084],[-73.80417,42.87917],[-73.80427,42.87854]]]},"properties":{"GEOID":"36091062508","NAME":"Census Tract 625.08","STATE":"36","COUNTY":"091"}},{"type":"Feature","geometry":{"type":"Polygon","coordinates":[[[-73.77222,42.88767],[-73.77112,42.87571],[-73.77027,42.86289],[-73.7645,42.86388],[-73.75911,42.86359],[-73.75573,42.86368],[-73.73553,42.86567],[-73.73206,42.8664],[-73.72626,42.86883],[-73.72567,42.87162],[-73.72233,42.8797],[-73.72365,42.88002],[-73.72469,42.88],[-73.72698,42.87913],[-73.72877,42.87895],[-73.73048,42.8782],[-73.73134,42.87814],[-73.73184,42.87829],[-73.73246,42.87967],[-73.7348,42.88187],[-73.73859,42.88228],[-73.74336,42.88193],[-73.74509,42.88111],[-73.75009,42.88062],[-73.75177,42.88014],[-73.75428,42.88036],[-73.75626,42.88092],[-73.7606,42.88374],[-73.76146,42.88482],[-73.7634,42.88572],[-73.76954,42.88727],[-73.77222,42.88767]]]},"properties":{"GEOID":"36091062406","NAME":"Census Tract 624.06","STATE":"36","COUNTY":"091"}},{"type":"Feature","geometry":{"type":"Polygon","coordinates":[[[-73.70004,42.7197],[-73.70069,42.71798],[-73.69588,42.71736],[-73.69617,42.71585],[-73.69305,42.71549],[-73.69396,42.7143],[-73.69447,42.71325],[-73.68753,42.7113],[-73.68705,42.71176],[-73.68636,42.71316],[-73.68628,42.71557],[-73.68438,42.71921],[-73.68618,42.71999],[-73.68761,42.72029],[-73.68813,42.72062],[-73.68889,42.72138],[-73.68939,42.72271],[-73.69861,42.72379],[-73.70004,42.7197]]]},"properties":{"GEOID":"36083040900","NAME":"Census Tract 409","STATE":"36","COUNTY":"083"}},{"type":"Feature","geometry":{"type":"Polygon","coordinates":[[[-73.70646,42.69408],[-73.68774,42.69558],[-73.68915,42.69965],[-73.68902,42.70062],[-73.68828,42.70248],[-73.68731,42.70247],[-73.68684,42.70159],[-73.68548,42.70251],[-73.68413,42.70247],[-73.68314,42.70288],[-73.68324,42.70342],[-73.684,42.70433],[-73.68498,42.704],[-73.6886,42.70374],[-73.68892,42.70408],[-73.68885,42.70455],[-73.68827,42.70496],[-73.68834,42.70576],[-73.68757,42.71012],[-73.68757,42.71138],[-73.69447,42.71325],[-73.69396,42.7143],[-73.69305,42.71549],[-73.69617,42.71585],[-73.69588,42.71736],[-73.70069,42.71798],[-73.70356,42.70948],[-73.70346,42.70558],[-73.70296,42.70438],[-73.70238,42.70101],[-73.70246,42.69998],[-73.70646,42.69408]]]},"properties":{"GEOID":"36083041000","NAME":"Census Tract 410","STATE":"36","COUNTY":"083"}},{"type":"Feature","geometry":{"type":"Polygon","coordinates":[[[-73.72058,42.36347],[-73.71921,42.34589],[-73.68553,42.35294],[-73.63308,42.3658],[-73.63258,42.3667],[-73.63238,42.36846],[-73.63187,42.36921],[-73.63201,42.3695],[-73.63273,42.36943],[-73.633,42.36986],[-73.63243,42.37033],[-73.63259,42.37136],[-73.63215,42.37205],[-73.63228,42.37289],[-73.63279,42.37356],[-73.63278,42.37414],[-73.63259,42.37441],[-73.63189,42.37448],[-73.63096,42.37543],[-73.63119,42.37749],[-73.6309,42.37772],[-73.63097,42.37849],[-73.63157,42.37894],[-73.63169,42.37946],[-73.63148,42.38044],[-73.63083,42.38086],[-73.62957,42.38078],[-73.62957,42.38119],[-73.62996,42.38142],[-73.62995,42.38185],[-73.62963,42.38225],[-73.62882,42.38254],[-73.6286,42.38383],[-73.63023,42.38583],[-73.63017,42.38692],[-73.63043,42.38743],[-73.63131,42.38748],[-73.63213,42.38651],[-73.63271,42.38642],[-73.63398,42.38769],[-73.63501,42.38815],[-73.6358,42.38894],[-73.63544,42.38985],[-73.63556,42.39],[-73.63651,42.39037],[-73.63769,42.39006],[-73.63914,42.39026],[-73.63924,42.39082],[-73.63857,42.39113],[-73.63849,42.39135],[-73.63895,42.39233],[-73.63798,42.39279],[-73.63807,42.39306],[-73.63858,42.39324],[-73.63966,42.39429],[-73.63994,42.39502],[-73.64099,42.395],[-73.64195,42.39544],[-73.64182,42.39572],[-73.64226,42.39646],[-73.64306,42.40256],[-73.64482,42.41296],[-73.64598,42.41205],[-73.64778,42.40924],[-73.64841,42.40876],[-73.6493,42.40843],[-73.65055,42.40832],[-73.65191,42.4085],[-73.6584,42.41141],[-73.65993,42.41173],[-73.66099,42.41172],[-73.66211,42.4116],[-73.67325,42.40617],[-73.67531,42.40634],[-73.68099,42.4061],[-73.68199,42.40562],[-73.6833,42.40674],[-73.68395,42.407],[-73.6881,42.40774],[-73.68931,42.40756],[-73.6902,42.40712],[-73.69128,42.40629],[-73.69172,42.40558],[-73.70441,42.40835],[-73.70855,42.40764],[-73.70932,42.40722],[-73.71108,42.40562],[-73.71789,42.39788],[-73.72008,42.39798],[-73.72022,42.38914],[-73.71995,42.38453],[-73.72034,42.37604],[-73.72058,42.36347]]]},"properties":{"GEOID":"36021000401","NAME":"Census Tract 4.01","STATE":"36","COUNTY":"021"}},{"type":"Feature","geometry":{"type":"Polygon","coordinates":[[[-73.77027,42.86289],[-73.77008,42.85243],[-73.7699,42.85187],[-73.77002,42.84916],[-73.76962,42.84026],[-73.76509,42.8398],[-73.76125,42.83907],[-73.75838,42.83881],[-73.75644,42.83835],[-73.75315,42.83709],[-73.75199,42.83692],[-73.74298,42.83768],[-73.74217,42.83792],[-73.75218,42.84782],[-73.75607,42.85115],[-73.76069,42.85751],[-73.76632,42.8606],[-73.76788,42.86181],[-73.76903,42.86314],[-73.77027,42.86289]]]},"properties":{"GEOID":"36091062410","NAME":"Census Tract 624.10","STATE":"36","COUNTY":"091"}},{"type":"Feature","geometry":{"type":"Polygon","coordinates":[[[-74.1601,43.37153],[-74.15006,43.31202],[-74.13974,43.31786],[-74.13566,43.31447],[-74.11338,43.32309],[-74.09969,43.30921],[-74.07307,43.28303],[-74.06457,43.27444],[-74.06217,43.27231],[-74.05541,43.26564],[-74.06224,43.26107],[-74.06274,43.26106],[-74.06426,43.26051],[-74.06661,43.25926],[-74.06952,43.25688],[-74.07257,43.25273],[-74.07847,43.23058],[-74.08214,43.22159],[-74.08641,43.2129],[-74.08736,43.21133],[-74.08304,43.20964],[-74.08266,43.20983],[-74.0818,43.21139],[-74.07944,43.21148],[-74.07772,43.21122],[-74.07345,43.21242],[-74.06893,43.21149],[-74.06855,43.21117],[-74.06761,43.20711],[-74.06598,43.20334],[-74.06465,43.20198],[-74.06393,43.20093],[-74.06153,43.19873],[-74.05917,43.19745],[-74.05798,43.19585],[-74.05681,43.19558],[-74.05342,43.19395],[-74.05017,43.19403],[-74.04684,43.19332],[-74.04545,43.19347],[-74.044,43.19299],[-74.04196,43.19277],[-74.04012,43.19211],[-74.03598,43.19202],[-74.03279,43.19134],[-74.03054,43.19176],[-74.02761,43.19184],[-74.02525,43.1912],[-74.02353,43.18999],[-74.02198,43.1895],[-74.02128,43.18876],[-74.02093,43.18752],[-74.01966,43.1866],[-74.01893,43.18642],[-74.01306,43.18624],[-74.00951,43.1868],[-74.00825,43.18668],[-74.00562,43.18544],[-74.00018,43.18226],[-73.99312,43.17881],[-73.9912,43.177],[-73.98997,43.17413],[-73.99016,43.17323],[-73.98903,43.17191],[-73.98487,43.17007],[-73.98212,43.16941],[-73.97748,43.16694],[-73.9802,43.19145],[-73.9833,43.23035],[-73.98378,43.23862],[-73.98474,43.25009],[-73.98542,43.2559],[-73.9862,43.26627],[-73.92662,43.27142],[-73.92896,43.29592],[-73.9274,43.31591],[-74.00039,43.38685],[-74.1601,43.37153]]]},"properties":{"GEOID":"36091060505","NAME":"Census Tract 605.05","STATE":"36","COUNTY":"091"}},{"type":"Feature","geometry":{"type":"Polygon","coordinates":[[[-73.75352,43.10148],[-73.7535,43.10007],[-73.75307,43.09747],[-73.75021,43.0979],[-73.75001,43.09781],[-73.75011,43.09759],[-73.74861,43.09796],[-73.73365,43.09903],[-73.72728,43.09987],[-73.72396,43.10006],[-73.66771,43.10558],[-73.67648,43.15439],[-73.67717,43.1567],[-73.67822,43.16198],[-73.67936,43.16915],[-73.68219,43.18313],[-73.68174,43.18379],[-73.68248,43.18536],[-73.6841,43.19293],[-73.68445,43.1938],[-73.68451,43.19548],[-73.68624,43.20528],[-73.69652,43.20435],[-73.69867,43.20026],[-73.70347,43.19242],[-73.70648,43.18661],[-73.70885,43.18067],[-73.71082,43.17388],[-73.71264,43.16979],[-73.71452,43.16698],[-73.72093,43.15907],[-73.724,43.1543],[-73.72651,43.14928],[-73.73003,43.14033],[-73.73311,43.13496],[-73.75089,43.11003],[-73.75218,43.10761],[-73.7528,43.10599],[-73.75335,43.10367],[-73.75352,43.10148]]]},"properties":{"GEOID":"36091060704","NAME":"Census Tract 607.04","STATE":"36","COUNTY":"091"}},{"type":"Feature","geometry":{"type":"Polygon","coordinates":[[[-73.76903,42.86314],[-73.76788,42.86181],[-73.76632,42.8606],[-73.76069,42.85751],[-73.75607,42.85115],[-73.75218,42.84782],[-73.74217,42.83792],[-73.74143,42.83811],[-73.73845,42.83748],[-73.72862,42.85105],[-73.72725,42.8535],[-73.72677,42.85569],[-73.72626,42.86883],[-73.73146,42.86663],[-73.73437,42.86581],[-73.75573,42.86368],[-73.75911,42.86359],[-73.7645,42.86388],[-73.76903,42.86314]]]},"properties":{"GEOID":"36091062409","NAME":"Census Tract 624.09","STATE":"36","COUNTY":"091"}},{"type":"Feature","geometry":{"type":"Polygon","coordinates":[[[-73.78525,43.19595],[-73.7869,43.193],[-73.77845,43.17836],[-73.78395,43.17498],[-73.78064,43.15571],[-73.77777,43.1548],[-73.77441,43.15421],[-73.77307,43.15306],[-73.77237,43.15318],[-73.77066,43.15274],[-73.76784,43.15295],[-73.76507,43.15355],[-73.76331,43.15428],[-73.76133,43.15563],[-73.75597,43.15614],[-73.75415,43.156],[-73.74988,43.15512],[-73.74679,43.15598],[-73.7397,43.15566],[-73.73698,43.15595],[-73.73321,43.15673],[-73.72888,43.15707],[-73.72299,43.15599],[-73.72003,43.1603],[-73.71452,43.16698],[-73.71264,43.16979],[-73.71082,43.17388],[-73.70885,43.18067],[-73.70648,43.18661],[-73.70347,43.19242],[-73.69867,43.20026],[-73.69652,43.20435],[-73.73615,43.20041],[-73.74971,43.19933],[-73.74981,43.19918],[-73.78228,43.19602],[-73.78525,43.19595]]]},"properties":{"GEOID":"36091060703","NAME":"Census Tract 607.03","STATE":"36","COUNTY":"091"}},{"type":"Feature","geometry":{"type":"Polygon","coordinates":[[[-73.76307,43.22636],[-73.76351,43.22539],[-73.74806,43.19942],[-73.73615,43.20041],[-73.69652,43.20435],[-73.69408,43.21073],[-73.69318,43.2142],[-73.69257,43.21781],[-73.69219,43.22348],[-73.69261,43.23915],[-73.69222,43.2418],[-73.69153,43.24333],[-73.69066,43.24462],[-73.68203,43.25426],[-73.68015,43.25715],[-73.6767,43.26349],[-73.67753,43.26399],[-73.6793,43.26556],[-73.68088,43.26735],[-73.68126,43.26806],[-73.68168,43.27205],[-73.68347,43.27597],[-73.68421,43.28017],[-73.68496,43.28218],[-73.68549,43.28282],[-73.68774,43.28409],[-73.68856,43.2843],[-73.6904,43.28425],[-73.69146,43.28392],[-73.69241,43.28319],[-73.69429,43.27976],[-73.69484,43.27918],[-73.69597,43.27854],[-73.69843,43.27835],[-73.70233,43.27908],[-73.70487,43.27903],[-73.70608,43.27823],[-73.70768,43.27593],[-73.70842,43.27525],[-73.70985,43.27416],[-73.71076,43.27372],[-73.71383,43.27326],[-73.72167,43.27269],[-73.72537,43.27212],[-73.72892,43.27129],[-73.73284,43.26988],[-73.73806,43.26712],[-73.73982,43.26556],[-73.74022,43.26367],[-73.73995,43.26129],[-73.7392,43.25904],[-73.73791,43.25673],[-73.73773,43.25533],[-73.73837,43.25368],[-73.73968,43.25185],[-73.74035,43.25007],[-73.74114,43.24938],[-73.74155,43.24818],[-73.74156,43.24677],[-73.74179,43.24605],[-73.74396,43.24272],[-73.7445,43.24228],[-73.74731,43.24041],[-73.75094,43.23734],[-73.75278,43.23605],[-73.75505,43.23484],[-73.75705,43.23352],[-73.75952,43.23246],[-73.76022,43.23186],[-73.76173,43.22981],[-73.76307,43.22636]]]},"properties":{"GEOID":"36091060103","NAME":"Census Tract 601.03","STATE":"36","COUNTY":"091"}},{"type":"Feature","geometry":{"type":"Polygon","coordinates":[[[-73.80753,43.05783],[-73.80509,43.05746],[-73.80264,43.05792],[-73.80151,43.05859],[-73.79525,43.06334],[-73.79384,43.06367],[-73.791,43.0631],[-73.78846,43.06313],[-73.78884,43.06548],[-73.78424,43.06595],[-73.78211,43.06677],[-73.78327,43.07368],[-73.79013,43.07305],[-73.79059,43.07596],[-73.79232,43.0761],[-73.79135,43.0778],[-73.79162,43.07959],[-73.79077,43.08035],[-73.79181,43.08038],[-73.79244,43.08516],[-73.79304,43.0851],[-73.79333,43.08678],[-73.79468,43.08665],[-73.7948,43.08835],[-73.79857,43.08829],[-73.79796,43.08473],[-73.80444,43.08516],[-73.80462,43.08498],[-73.80417,43.08121],[-73.80142,43.06433],[-73.80285,43.06209],[-73.80278,43.06115],[-73.80416,43.06052],[-73.80753,43.05783]]]},"properties":{"GEOID":"36091061202","NAME":"Census Tract 612.02","STATE":"36","COUNTY":"091"}},{"type":"Feature","geometry":{"type":"Polygon","coordinates":[[[-73.80519,42.94543],[-73.80512,42.94367],[-73.80286,42.92939],[-73.80202,42.92597],[-73.79608,42.92678],[-73.79181,42.92766],[-73.78316,42.92898],[-73.77577,42.92955],[-73.77563,42.92884],[-73.77479,42.92822],[-73.77362,42.92803],[-73.77314,42.92764],[-73.77255,42.92748],[-73.77102,42.92607],[-73.77001,42.92458],[-73.76649,42.92226],[-73.7658,42.92167],[-73.76543,42.92102],[-73.76474,42.9208],[-73.76452,42.92138],[-73.76418,42.92135],[-73.76232,42.92779],[-73.76354,42.92868],[-73.7647,42.93002],[-73.76656,42.93104],[-73.76737,42.9318],[-73.76863,42.93539],[-73.76921,42.93627],[-73.77242,42.93875],[-73.77474,42.94163],[-73.77612,42.94263],[-73.78063,42.94522],[-73.78421,42.94651],[-73.78506,42.94714],[-73.78742,42.9482],[-73.78999,42.9486],[-73.78974,42.94922],[-73.78955,42.95388],[-73.79295,42.9705],[-73.79296,42.97117],[-73.79984,42.97054],[-73.80057,42.97017],[-73.80097,42.97041],[-73.80167,42.97036],[-73.80108,42.96357],[-73.8012,42.96029],[-73.80191,42.95679],[-73.80481,42.94827],[-73.80519,42.94543]]]},"properties":{"GEOID":"36091061906","NAME":"Census Tract 619.06","STATE":"36","COUNTY":"091"}},{"type":"Feature","geometry":{"type":"Polygon","coordinates":[[[-73.74194,42.83803],[-73.74217,42.83792],[-73.73703,42.83171],[-73.73167,42.82131],[-73.72836,42.82228],[-73.72666,42.82258],[-73.72546,42.82228],[-73.72366,42.82148],[-73.72266,42.82068],[-73.72146,42.82238],[-73.72095,42.82384],[-73.71671,42.82426],[-73.70898,42.82606],[-73.71294,42.82828],[-73.71391,42.82863],[-73.71807,42.82914],[-73.71997,42.84016],[-73.72042,42.84085],[-73.72405,42.84359],[-73.72447,42.84463],[-73.72431,42.8463],[-73.72449,42.84803],[-73.72663,42.85323],[-73.72692,42.85345],[-73.72725,42.8535],[-73.72862,42.85105],[-73.73845,42.83748],[-73.74143,42.83811],[-73.74194,42.83803]]]},"properties":{"GEOID":"36091062408","NAME":"Census Tract 624.08","STATE":"36","COUNTY":"091"}},{"type":"Feature","geometry":{"type":"Polygon","coordinates":[[[-73.75255,43.00391],[-73.75258,43.00286],[-73.75132,43.0007],[-73.75084,42.99695],[-73.74805,42.99242],[-73.74645,42.98866],[-73.74613,42.98674],[-73.74652,42.9844],[-73.74608,42.98446],[-73.74584,42.98357],[-73.74324,42.98117],[-73.73842,42.97863],[-73.73414,42.97752],[-73.72945,42.97569],[-73.72581,42.9734],[-73.72489,42.97302],[-73.7241,42.97287],[-73.71932,42.97304],[-73.71664,42.97294],[-73.70936,42.9721],[-73.7081,42.97167],[-73.70503,42.96983],[-73.70413,42.96962],[-73.69813,42.97065],[-73.69087,42.96993],[-73.68988,42.96953],[-73.6877,42.96773],[-73.68642,42.96722],[-73.67958,42.96671],[-73.67566,42.96555],[-73.67502,42.96509],[-73.67455,42.9643],[-73.67486,42.96004],[-73.67434,42.95856],[-73.67299,42.95712],[-73.67083,42.95539],[-73.66956,42.95386],[-73.66723,42.95303],[-73.66631,42.95228],[-73.66541,42.95083],[-73.66537,42.94929],[-73.66518,42.9486],[-73.66467,42.94776],[-73.66287,42.94613],[-73.66276,42.94465],[-73.66247,42.94407],[-73.66099,42.94242],[-73.65924,42.94134],[-73.64847,42.9472],[-73.64802,42.95046],[-73.64883,42.95496],[-73.64919,42.95891],[-73.64875,42.95962],[-73.62888,42.95546],[-73.62871,42.95915],[-73.62907,42.96097],[-73.62979,42.96261],[-73.63037,42.96479],[-73.63147,42.96974],[-73.63112,42.97062],[-73.63014,42.97163],[-73.62882,42.97249],[-73.62635,42.97366],[-73.62456,42.97426],[-73.61033,42.98134],[-73.60928,42.98224],[-73.60886,42.98283],[-73.60857,42.98385],[-73.60759,42.99479],[-73.6067,42.99924],[-73.60586,43.00008],[-73.60512,43.00138],[-73.604,43.00252],[-73.59711,43.00762],[-73.59533,43.01061],[-73.59363,43.01433],[-73.62371,43.0145],[-73.65591,43.01507],[-73.65586,43.01612],[-73.66531,43.01609],[-73.68212,43.01646],[-73.7437,43.01671],[-73.74405,43.01605],[-73.74488,43.0153],[-73.74667,43.01413],[-73.74694,43.01362],[-73.74735,43.01025],[-73.74785,43.00983],[-73.74919,43.00976],[-73.74975,43.00942],[-73.75039,43.00844],[-73.75117,43.00631],[-73.75255,43.00391]]]},"properties":{"GEOID":"36091062002","NAME":"Census Tract 620.02","STATE":"36","COUNTY":"091"}},{"type":"Feature","geometry":{"type":"Polygon","coordinates":[[[-74.11421,43.08969],[-74.11062,43.06675],[-73.9648,43.07913],[-73.96721,43.09494],[-73.97224,43.12536],[-73.97662,43.15998],[-74.00804,43.1436],[-74.04005,43.12742],[-74.0478,43.12295],[-74.05184,43.12094],[-74.05687,43.11883],[-74.09236,43.10052],[-74.09308,43.09994],[-74.09406,43.09955],[-74.09454,43.09961],[-74.09471,43.09935],[-74.09576,43.0993],[-74.09579,43.09914],[-74.09614,43.09925],[-74.09672,43.09889],[-74.09654,43.09861],[-74.09692,43.09841],[-74.09706,43.09788],[-74.0973,43.09809],[-74.09734,43.09768],[-74.09817,43.09713],[-74.09909,43.09736],[-74.0991,43.09709],[-74.09933,43.09717],[-74.09926,43.09685],[-74.11261,43.0899],[-74.11352,43.08956],[-74.11421,43.08969]]]},"properties":{"GEOID":"36091060506","NAME":"Census Tract 605.06","STATE":"36","COUNTY":"091"}},{"type":"Feature","geometry":{"type":"Polygon","coordinates":[[[-73.67216,42.79618],[-73.67235,42.79579],[-73.66931,42.7949],[-73.66696,42.79383],[-73.66335,42.79292],[-73.65971,42.79161],[-73.65917,42.79166],[-73.65447,42.79059],[-73.64981,42.79229],[-73.64861,42.79342],[-73.63533,42.79541],[-73.62456,42.79639],[-73.61273,42.79861],[-73.6117,42.80044],[-73.6053,42.81563],[-73.58942,42.85603],[-73.59848,42.85467],[-73.60423,42.8518],[-73.60645,42.85114],[-73.60563,42.85209],[-73.60519,42.85319],[-73.6054,42.85386],[-73.60646,42.85541],[-73.60635,42.85813],[-73.60692,42.85917],[-73.61335,42.85346],[-73.6228,42.84611],[-73.62265,42.84678],[-73.6235,42.84683],[-73.62706,42.84585],[-73.6266,42.84532],[-73.62724,42.84451],[-73.62726,42.84412],[-73.62631,42.84359],[-73.63137,42.83962],[-73.63214,42.83879],[-73.63834,42.829],[-73.64332,42.82966],[-73.64612,42.82913],[-73.64734,42.82919],[-73.65363,42.8329],[-73.65502,42.83334],[-73.65966,42.83287],[-73.66179,42.83331],[-73.66576,42.83337],[-73.66439,42.83034],[-73.66424,42.82898],[-73.66302,42.82544],[-73.65966,42.81898],[-73.66016,42.81678],[-73.65956,42.81288],[-73.65846,42.80908],[-73.66136,42.80298],[-73.66226,42.80198],[-73.66356,42.80088],[-73.66486,42.80048],[-73.66736,42.80018],[-73.67216,42.79618]]]},"properties":{"GEOID":"36083051902","NAME":"Census Tract 519.02","STATE":"36","COUNTY":"083"}},{"type":"Feature","geometry":{"type":"Polygon","coordinates":[[[-73.66467,42.75469],[-73.66181,42.74739],[-73.65906,42.74212],[-73.65894,42.74132],[-73.65814,42.73966],[-73.65466,42.74118],[-73.64509,42.74372],[-73.63712,42.74839],[-73.62086,42.75463],[-73.61712,42.75692],[-73.61632,42.75707],[-73.61182,42.75688],[-73.60853,42.75745],[-73.60512,42.75824],[-73.59815,42.76056],[-73.59705,42.76132],[-73.59298,42.76602],[-73.59018,42.77081],[-73.5887,42.77413],[-73.58791,42.77527],[-73.58699,42.77617],[-73.57694,42.78401],[-73.57149,42.78975],[-73.57046,42.79111],[-73.56891,42.79492],[-73.56729,42.79726],[-73.56637,42.79825],[-73.56378,42.80048],[-73.5615,42.8018],[-73.55746,42.8032],[-73.55217,42.80465],[-73.54817,42.80629],[-73.61113,42.79892],[-73.62456,42.79639],[-73.63533,42.79541],[-73.64861,42.79342],[-73.64981,42.79229],[-73.65447,42.79059],[-73.65212,42.78652],[-73.64926,42.78378],[-73.64946,42.78157],[-73.65256,42.78058],[-73.65235,42.78018],[-73.65385,42.77967],[-73.65406,42.77997],[-73.65786,42.77888],[-73.66317,42.76288],[-73.66336,42.76058],[-73.66467,42.75469]]]},"properties":{"GEOID":"36083052003","NAME":"Census Tract 520.03","STATE":"36","COUNTY":"083"}},{"type":"Feature","geometry":{"type":"Polygon","coordinates":[[[-73.85053,43.24814],[-73.8497,43.24741],[-73.84931,43.24734],[-73.8473,43.24778],[-73.84574,43.2473],[-73.84566,43.24657],[-73.84518,43.24615],[-73.84396,43.24221],[-73.82816,43.23753],[-73.81721,43.24312],[-73.813,43.24445],[-73.81296,43.24551],[-73.81314,43.24617],[-73.8122,43.24637],[-73.81228,43.24654],[-73.81192,43.24679],[-73.81189,43.24714],[-73.81144,43.24759],[-73.81,43.24789],[-73.80924,43.2484],[-73.81006,43.25054],[-73.8134,43.25088],[-73.81428,43.25069],[-73.81537,43.25099],[-73.81874,43.25078],[-73.81973,43.25054],[-73.82039,43.24959],[-73.82049,43.24865],[-73.82139,43.24762],[-73.82501,43.24578],[-73.82586,43.24558],[-73.82665,43.24569],[-73.82918,43.24797],[-73.83294,43.24906],[-73.83346,43.2493],[-73.83403,43.25001],[-73.83618,43.24855],[-73.83656,43.24871],[-73.84047,43.25082],[-73.84107,43.2514],[-73.8472,43.25495],[-73.8483,43.25228],[-73.85053,43.24814]]]},"properties":{"GEOID":"36091060400","NAME":"Census Tract 604","STATE":"36","COUNTY":"091"}},{"type":"Feature","geometry":{"type":"Polygon","coordinates":[[[-74.12434,43.1539],[-74.11428,43.08971],[-74.11352,43.08956],[-74.09926,43.09685],[-74.09933,43.09717],[-74.0991,43.09709],[-74.09909,43.09736],[-74.09847,43.09711],[-74.09769,43.0974],[-74.09734,43.09768],[-74.09733,43.09805],[-74.09717,43.09812],[-74.09706,43.09788],[-74.09692,43.09841],[-74.09654,43.09861],[-74.09672,43.09889],[-74.09614,43.09925],[-74.09579,43.09914],[-74.09576,43.0993],[-74.09471,43.09935],[-74.09454,43.09961],[-74.09406,43.09955],[-74.09308,43.09994],[-74.09236,43.10052],[-74.05687,43.11883],[-74.05184,43.12094],[-74.0478,43.12295],[-74.04005,43.12742],[-74.00804,43.1436],[-73.97662,43.15998],[-73.97748,43.16694],[-73.99957,43.16452],[-74.11205,43.15507],[-74.12434,43.1539]]]},"properties":{"GEOID":"36091060507","NAME":"Census Tract 605.07","STATE":"36","COUNTY":"091"}},{"type":"Feature","geometry":{"type":"Polygon","coordinates":[[[-73.9862,43.26627],[-73.98542,43.2559],[-73.98474,43.25009],[-73.98378,43.23862],[-73.9833,43.23035],[-73.9802,43.19145],[-73.97662,43.15998],[-73.95635,43.17085],[-73.94847,43.17558],[-73.93992,43.17981],[-73.93253,43.18308],[-73.82816,43.23753],[-73.84396,43.24221],[-73.84518,43.24615],[-73.84566,43.24657],[-73.84574,43.2473],[-73.8473,43.24778],[-73.84931,43.24734],[-73.8497,43.24741],[-73.85053,43.24814],[-73.8483,43.25228],[-73.8472,43.25495],[-73.84107,43.2514],[-73.84047,43.25082],[-73.83618,43.24855],[-73.83403,43.25001],[-73.83492,43.251],[-73.83509,43.25207],[-73.83581,43.25376],[-73.83557,43.26584],[-73.83384,43.26936],[-73.83265,43.27086],[-73.82608,43.27609],[-73.82515,43.27754],[-73.82511,43.27847],[-73.82523,43.27892],[-73.82619,43.27887],[-73.89089,43.27413],[-73.92555,43.27151],[-73.9862,43.26627]]]},"properties":{"GEOID":"36091062900","NAME":"Census Tract 629","STATE":"36","COUNTY":"091"}},{"type":"Feature","geometry":{"type":"Polygon","coordinates":[[[-73.77241,43.10468],[-73.77241,43.10272],[-73.77088,43.10269],[-73.77079,43.09871],[-73.77098,43.09869],[-73.77067,43.0959],[-73.76642,43.09612],[-73.75307,43.09747],[-73.7535,43.10007],[-73.75344,43.10299],[-73.7528,43.10599],[-73.75177,43.10846],[-73.7503,43.11091],[-73.73348,43.13442],[-73.7319,43.1369],[-73.72937,43.14183],[-73.72595,43.15055],[-73.72299,43.15599],[-73.72865,43.15706],[-73.73321,43.15673],[-73.73803,43.14929],[-73.74117,43.14562],[-73.74438,43.1423],[-73.75183,43.1362],[-73.75285,43.13323],[-73.76813,43.12359],[-73.77224,43.10622],[-73.77241,43.10468]]]},"properties":{"GEOID":"36091060706","NAME":"Census Tract 607.06","STATE":"36","COUNTY":"091"}},{"type":"Feature","geometry":{"type":"Polygon","coordinates":[[[-73.79244,43.08516],[-73.79181,43.08038],[-73.79077,43.08035],[-73.79162,43.07959],[-73.79135,43.0778],[-73.79232,43.0761],[-73.79059,43.07596],[-73.79013,43.07305],[-73.78769,43.07327],[-73.78611,43.07847],[-73.78562,43.08126],[-73.78349,43.08633],[-73.78415,43.08595],[-73.79244,43.08516]]]},"properties":{"GEOID":"36091061002","NAME":"Census Tract 610.02","STATE":"36","COUNTY":"091"}},{"type":"Feature","geometry":{"type":"Polygon","coordinates":[[[-73.54009,42.71807],[-73.54236,42.71168],[-73.50216,42.71578],[-73.49956,42.71636],[-73.4337,42.72305],[-73.40374,42.7253],[-73.39634,42.75012],[-73.37747,42.809],[-73.37252,42.82629],[-73.46769,42.81557],[-73.47353,42.81444],[-73.48122,42.81387],[-73.49618,42.81221],[-73.49943,42.81168],[-73.50602,42.81116],[-73.52621,42.75503],[-73.52802,42.75009],[-73.52987,42.7464],[-73.54009,42.71807]]]},"properties":{"GEOID":"36083052101","NAME":"Census Tract 521.01","STATE":"36","COUNTY":"083"}},{"type":"Feature","geometry":{"type":"Polygon","coordinates":[[[-73.4873,43.3991],[-73.4871,43.39886],[-73.48637,43.39896],[-73.48592,43.39818],[-73.48445,43.39807],[-73.48399,43.39774],[-73.48406,43.39678],[-73.48466,43.39633],[-73.48593,43.39604],[-73.48618,43.39536],[-73.48664,43.3948],[-73.47531,43.33446],[-73.47262,43.31913],[-73.4726,43.31819],[-73.47008,43.30468],[-73.41171,43.31047],[-73.41029,43.30309],[-73.35143,43.3092],[-73.36195,43.36836],[-73.37141,43.41775],[-73.37428,43.41732],[-73.41749,43.41276],[-73.43956,43.41048],[-73.44443,43.41016],[-73.46237,43.40801],[-73.48451,43.40582],[-73.48443,43.40477],[-73.48559,43.4044],[-73.48509,43.40365],[-73.48586,43.40346],[-73.48673,43.40093],[-73.48689,43.39966],[-73.4873,43.3991]]]},"properties":{"GEOID":"36115085000","NAME":"Census Tract 850","STATE":"36","COUNTY":"115"}},{"type":"Feature","geometry":{"type":"Polygon","coordinates":[[[-73.41029,43.30309],[-73.40592,43.2806],[-73.39419,43.21738],[-73.37895,43.21888],[-73.37416,43.21917],[-73.28889,43.22772],[-73.2587,43.23055],[-73.25647,43.26009],[-73.25329,43.353],[-73.35726,43.3423],[-73.35143,43.3092],[-73.41029,43.30309]]]},"properties":{"GEOID":"36115086000","NAME":"Census Tract 860","STATE":"36","COUNTY":"115"}},{"type":"Feature","geometry":{"type":"Polygon","coordinates":[[[-73.53522,43.29721],[-73.53597,43.28997],[-73.53271,43.28303],[-73.53104,43.27439],[-73.52984,43.27452],[-73.53004,43.26646],[-73.52957,43.24743],[-73.53081,43.17988],[-73.53012,43.17048],[-73.53094,43.16732],[-73.5311,43.15821],[-73.49956,43.1611],[-73.49598,43.16128],[-73.45378,43.16561],[-73.46247,43.18447],[-73.43411,43.18638],[-73.43023,43.18678],[-73.42977,43.18737],[-73.4299,43.18682],[-73.42968,43.18675],[-73.4293,43.18716],[-73.42913,43.18699],[-73.42802,43.18793],[-73.42776,43.18852],[-73.42711,43.189],[-73.42695,43.18947],[-73.42711,43.19154],[-73.42753,43.19197],[-73.42853,43.19229],[-73.42992,43.19356],[-73.42973,43.194],[-73.42898,43.19475],[-73.42799,43.19674],[-73.42739,43.19732],[-73.42713,43.19721],[-73.42722,43.19693],[-73.42699,43.19654],[-73.4259,43.19643],[-73.42307,43.19809],[-73.42192,43.19841],[-73.42109,43.19898],[-73.42059,43.20011],[-73.42007,43.20026],[-73.4192,43.20131],[-73.41853,43.20343],[-73.41751,43.20533],[-73.41683,43.2062],[-73.3926,43.20892],[-73.40592,43.2806],[-73.41171,43.31047],[-73.47008,43.30468],[-73.46993,43.30399],[-73.53522,43.29721]]]},"properties":{"GEOID":"36115087000","NAME":"Census Tract 870","STATE":"36","COUNTY":"115"}},{"type":"Feature","geometry":{"type":"Polygon","coordinates":[[[-73.51732,42.94336],[-73.465,42.94418],[-73.46386,42.94458],[-73.4623,42.94481],[-73.45059,42.94458],[-73.44933,42.94532],[-73.44909,42.94602],[-73.44958,42.9499],[-73.4496,42.95075],[-73.44927,42.95122],[-73.44744,42.95197],[-73.443,42.95289],[-73.44062,42.95368],[-73.43605,42.9568],[-73.43503,42.95716],[-73.43316,42.95824],[-73.43337,42.95855],[-73.43243,42.95908],[-73.43185,42.96014],[-73.42854,42.96208],[-73.42506,42.96308],[-73.42032,42.96307],[-73.41731,42.96465],[-73.41171,42.96703],[-73.40639,42.96826],[-73.40478,42.96891],[-73.40296,42.97152],[-73.40016,42.97348],[-73.39926,42.97435],[-73.39747,42.97767],[-73.39456,42.98048],[-73.39377,42.98169],[-73.39347,42.98178],[-73.39347,42.98212],[-73.38968,42.98781],[-73.38671,42.99002],[-73.38617,42.99067],[-73.38623,42.9915],[-73.38788,42.99487],[-73.38853,43.00009],[-73.3895,43.00185],[-73.38854,43.00563],[-73.38937,43.01166],[-73.38905,43.01932],[-73.38838,43.02224],[-73.38651,43.02805],[-73.38457,43.0298],[-73.38106,43.03431],[-73.37841,43.03876],[-73.38044,43.03894],[-73.38957,43.03815],[-73.38945,43.03744],[-73.40075,43.03611],[-73.40183,43.03735],[-73.40429,43.03948],[-73.40786,43.04188],[-73.40827,43.0435],[-73.40774,43.04615],[-73.40823,43.0471],[-73.41015,43.04797],[-73.41495,43.04956],[-73.41727,43.05021],[-73.41898,43.05044],[-73.41975,43.05083],[-73.42037,43.05177],[-73.42209,43.05691],[-73.42341,43.05796],[-73.42514,43.05875],[-73.42707,43.0606],[-73.42871,43.06117],[-73.4322,43.06163],[-73.43695,43.06179],[-73.4428,43.0674],[-73.44523,43.06955],[-73.44907,43.07248],[-73.45228,43.07248],[-73.45458,43.07347],[-73.45691,43.07389],[-73.46097,43.07396],[-73.45894,43.07079],[-73.45998,43.06766],[-73.46095,43.06621],[-73.46195,43.0654],[-73.46686,43.06248],[-73.46836,43.05485],[-73.46975,43.0525],[-73.47246,43.04513],[-73.4734,43.04446],[-73.47418,43.04282],[-73.47451,43.03953],[-73.4734,43.03727],[-73.47323,43.03621],[-73.47374,43.03486],[-73.47359,43.03461],[-73.47373,43.03357],[-73.47484,43.02888],[-73.47637,43.02522],[-73.47768,43.01973],[-73.47823,43.01842],[-73.48532,43.0149],[-73.48818,43.01128],[-73.49018,42.99531],[-73.49048,42.99452],[-73.49063,42.9931],[-73.49429,42.99123],[-73.49417,42.9872],[-73.50532,42.98551],[-73.51275,42.98158],[-73.51109,42.97194],[-73.51106,42.95764],[-73.5122,42.95715],[-73.513,42.95588],[-73.51732,42.94336]]]},"properties":{"GEOID":"36115093000","NAME":"Census Tract 930","STATE":"36","COUNTY":"115"}},{"type":"Feature","geometry":{"type":"Polygon","coordinates":[[[-73.94577,42.79542],[-73.94488,42.79281],[-73.94334,42.79121],[-73.94386,42.78955],[-73.93992,42.78817],[-73.94007,42.78808],[-73.93574,42.78856],[-73.92513,42.79033],[-73.92702,42.79419],[-73.92803,42.79574],[-73.92863,42.79636],[-73.93105,42.79771],[-73.93156,42.79735],[-73.93457,42.79734],[-73.94577,42.79542]]]},"properties":{"GEOID":"36093021600","NAME":"Census Tract 216","STATE":"36","COUNTY":"093"}},{"type":"Feature","geometry":{"type":"Polygon","coordinates":[[[-73.93065,42.79801],[-73.93105,42.79771],[-73.92863,42.79636],[-73.92803,42.79574],[-73.92702,42.79419],[-73.92513,42.79033],[-73.9239,42.79059],[-73.92269,42.78913],[-73.92334,42.78888],[-73.92343,42.7885],[-73.92261,42.78776],[-73.92388,42.78741],[-73.92338,42.78602],[-73.92257,42.78613],[-73.92203,42.78435],[-73.92011,42.7847],[-73.91955,42.78302],[-73.91525,42.78381],[-73.90972,42.78549],[-73.92733,42.80102],[-73.92933,42.79946],[-73.93065,42.79801]]]},"properties":{"GEOID":"36093021700","NAME":"Census Tract 217","STATE":"36","COUNTY":"093"}},{"type":"Feature","geometry":{"type":"Polygon","coordinates":[[[-73.90623,42.67876],[-73.90507,42.67798],[-73.90385,42.67744],[-73.90301,42.67647],[-73.90192,42.67641],[-73.90133,42.67555],[-73.9015,42.675],[-73.90105,42.67437],[-73.90127,42.67346],[-73.90204,42.67305],[-73.90339,42.67285],[-73.90454,42.67291],[-73.90464,42.67222],[-73.90432,42.67142],[-73.90336,42.67086],[-73.90045,42.67031],[-73.89938,42.66992],[-73.89832,42.66884],[-73.89821,42.66783],[-73.89674,42.66716],[-73.89647,42.66707],[-73.89351,42.66946],[-73.8911,42.67011],[-73.88879,42.67019],[-73.88325,42.66948],[-73.88088,42.66967],[-73.88015,42.67002],[-73.87926,42.67102],[-73.87686,42.67211],[-73.87544,42.67443],[-73.87457,42.67534],[-73.87346,42.67809],[-73.87233,42.68015],[-73.87233,42.6811],[-73.87263,42.68234],[-73.87252,42.68302],[-73.87222,42.6834],[-73.87023,42.68463],[-73.86794,42.68463],[-73.8662,42.68524],[-73.86496,42.68513],[-73.86423,42.68536],[-73.86218,42.68676],[-73.85962,42.68811],[-73.8768,42.69344],[-73.88312,42.69625],[-73.88808,42.6976],[-73.89101,42.69407],[-73.89239,42.69301],[-73.89336,42.69251],[-73.89821,42.69111],[-73.89986,42.69011],[-73.90061,42.68895],[-73.90186,42.68397],[-73.90257,42.68301],[-73.90415,42.68159],[-73.90522,42.67979],[-73.90623,42.67876]]]},"properties":{"GEOID":"36001014614","NAME":"Census Tract 146.14","STATE":"36","COUNTY":"001"}},{"type":"Feature","geometry":{"type":"Polygon","coordinates":[[[-73.81125,42.71562],[-73.80452,42.70966],[-73.8032,42.70777],[-73.80236,42.70692],[-73.79207,42.69788],[-73.78737,42.70076],[-73.78529,42.70174],[-73.78044,42.70488],[-73.77693,42.70629],[-73.7824,42.71258],[-73.79166,42.72438],[-73.79489,42.72743],[-73.80104,42.72305],[-73.80437,42.71993],[-73.81125,42.71562]]]},"properties":{"GEOID":"36001013708","NAME":"Census Tract 137.08","STATE":"36","COUNTY":"001"}},{"type":"Feature","geometry":{"type":"Polygon","coordinates":[[[-73.93375,42.7607],[-73.93134,42.75941],[-73.9301,42.75851],[-73.91562,42.74992],[-73.90327,42.74297],[-73.88847,42.73418],[-73.85537,42.71538],[-73.8486,42.71988],[-73.85055,42.72174],[-73.84934,42.72256],[-73.85038,42.7236],[-73.84836,42.72506],[-73.85162,42.72793],[-73.85022,42.72846],[-73.85998,42.73653],[-73.85252,42.73486],[-73.84767,42.73059],[-73.84619,42.73183],[-73.84525,42.73397],[-73.84449,42.73492],[-73.84421,42.7356],[-73.84072,42.7366],[-73.84012,42.73693],[-73.83691,42.74197],[-73.83673,42.74299],[-73.83788,42.7434],[-73.83912,42.74367],[-73.84326,42.74348],[-73.84431,42.74385],[-73.84563,42.74468],[-73.84661,42.74575],[-73.85014,42.74782],[-73.85367,42.75027],[-73.8553,42.75166],[-73.86133,42.7493],[-73.86223,42.7487],[-73.86158,42.74822],[-73.86492,42.74571],[-73.87094,42.75096],[-73.87323,42.74966],[-73.87449,42.75065],[-73.87626,42.751],[-73.87855,42.74982],[-73.87939,42.74959],[-73.88066,42.74959],[-73.88658,42.75041],[-73.88913,42.75012],[-73.89048,42.74972],[-73.90679,42.76343],[-73.90928,42.76312],[-73.91169,42.7631],[-73.91695,42.76237],[-73.93375,42.7607]]]},"properties":{"GEOID":"36001013804","NAME":"Census Tract 138.04","STATE":"36","COUNTY":"001"}},{"type":"Feature","geometry":{"type":"Polygon","coordinates":[[[-73.76237,42.73305],[-73.76214,42.7317],[-73.76042,42.72883],[-73.7603,42.72696],[-73.75993,42.72581],[-73.75672,42.72255],[-73.75588,42.72117],[-73.75535,42.71913],[-73.75533,42.71577],[-73.75087,42.71588],[-73.74475,42.71392],[-73.73498,42.71462],[-73.72584,42.7136],[-73.72485,42.71392],[-73.72245,42.71524],[-73.72027,42.71476],[-73.72055,42.71517],[-73.71821,42.72032],[-73.71724,42.72006],[-73.71698,42.72074],[-73.71576,42.72031],[-73.71245,42.72759],[-73.71856,42.72948],[-73.71872,42.73465],[-73.72275,42.73651],[-73.72575,42.73759],[-73.73087,42.73828],[-73.73561,42.73127],[-73.73708,42.72878],[-73.74022,42.72973],[-73.74312,42.72978],[-73.74589,42.73024],[-73.75188,42.73342],[-73.75587,42.7344],[-73.7592,42.73604],[-73.76215,42.73684],[-73.76237,42.73305]]]},"properties":{"GEOID":"36001013604","NAME":"Census Tract 136.04","STATE":"36","COUNTY":"001"}},{"type":"Feature","geometry":{"type":"Polygon","coordinates":[[[-73.90679,42.76343],[-73.89048,42.74972],[-73.88913,42.75012],[-73.88658,42.75041],[-73.88066,42.74959],[-73.87939,42.74959],[-73.87855,42.74982],[-73.87626,42.751],[-73.87449,42.75065],[-73.87323,42.74966],[-73.87094,42.75096],[-73.86492,42.74571],[-73.86158,42.74822],[-73.86223,42.7487],[-73.86133,42.7493],[-73.8553,42.75166],[-73.85577,42.75365],[-73.85468,42.75529],[-73.85459,42.7568],[-73.85748,42.75976],[-73.85903,42.76083],[-73.86189,42.76197],[-73.86366,42.76351],[-73.87088,42.76656],[-73.87261,42.76754],[-73.8812,42.76645],[-73.88772,42.76586],[-73.88982,42.76546],[-73.90679,42.76343]]]},"properties":{"GEOID":"36001013803","NAME":"Census Tract 138.03","STATE":"36","COUNTY":"001"}},{"type":"Feature","geometry":{"type":"Polygon","coordinates":[[[-73.78017,42.76822],[-73.77698,42.76676],[-73.77428,42.76591],[-73.76936,42.76395],[-73.76871,42.76329],[-73.76737,42.76085],[-73.76659,42.75983],[-73.76863,42.75912],[-73.77132,42.75776],[-73.7722,42.75763],[-73.77371,42.75775],[-73.7747,42.75748],[-73.77492,42.75726],[-73.77522,42.75735],[-73.77595,42.75691],[-73.7764,42.75622],[-73.77325,42.75503],[-73.76749,42.75238],[-73.76167,42.74858],[-73.76122,42.74784],[-73.7606,42.74792],[-73.76058,42.74827],[-73.76088,42.74839],[-73.76011,42.75087],[-73.75409,42.76765],[-73.7532,42.77196],[-73.75174,42.77509],[-73.75122,42.77585],[-73.74771,42.7791],[-73.74363,42.78416],[-73.73969,42.78736],[-73.73581,42.79209],[-73.73457,42.79399],[-73.73399,42.79613],[-73.7334,42.80078],[-73.73382,42.80557],[-73.73374,42.80702],[-73.73171,42.81248],[-73.73038,42.81775],[-73.73048,42.81877],[-73.73167,42.82131],[-73.73696,42.81948],[-73.73766,42.81888],[-73.74836,42.80528],[-73.75016,42.80138],[-73.75847,42.79528],[-73.7615,42.79158],[-73.75875,42.78866],[-73.75833,42.78777],[-73.75804,42.78636],[-73.75836,42.78434],[-73.76084,42.77626],[-73.76488,42.77497],[-73.76613,42.77343],[-73.76844,42.772],[-73.77611,42.77162],[-73.77643,42.77136],[-73.77664,42.77076],[-73.7763,42.76992],[-73.7764,42.76962],[-73.78017,42.76822]]]},"properties":{"GEOID":"36001013511","NAME":"Census Tract 135.11","STATE":"36","COUNTY":"001"}},{"type":"Feature","geometry":{"type":"Polygon","coordinates":[[[-73.75866,42.66371],[-73.74927,42.65825],[-73.74716,42.66045],[-73.74673,42.66188],[-73.74573,42.66186],[-73.7446,42.66293],[-73.74336,42.66555],[-73.74432,42.66758],[-73.74549,42.67092],[-73.74374,42.67711],[-73.7463,42.67656],[-73.74705,42.67622],[-73.75612,42.66884],[-73.7574,42.66738],[-73.75723,42.66686],[-73.75612,42.66607],[-73.75866,42.66371]]]},"properties":{"GEOID":"36001000202","NAME":"Census Tract 2.02","STATE":"36","COUNTY":"001"}},{"type":"Feature","geometry":{"type":"Polygon","coordinates":[[[-73.82485,42.77309],[-73.81861,42.76886],[-73.81297,42.76595],[-73.79627,42.76258],[-73.78859,42.76048],[-73.7764,42.75622],[-73.77595,42.75691],[-73.77522,42.75735],[-73.77492,42.75726],[-73.7747,42.75748],[-73.77371,42.75775],[-73.7722,42.75763],[-73.77132,42.75776],[-73.76863,42.75912],[-73.76659,42.75983],[-73.76737,42.76085],[-73.76871,42.76329],[-73.76936,42.76395],[-73.77428,42.76591],[-73.77698,42.76676],[-73.78017,42.76822],[-73.7764,42.76962],[-73.7763,42.76992],[-73.77664,42.77076],[-73.77643,42.77136],[-73.77611,42.77162],[-73.76844,42.772],[-73.76613,42.77343],[-73.76488,42.77497],[-73.76084,42.77626],[-73.75821,42.7849],[-73.75809,42.78685],[-73.75875,42.78866],[-73.7615,42.79158],[-73.76346,42.78858],[-73.76486,42.78728],[-73.76666,42.78608],[-73.76876,42.78588],[-73.76956,42.78628],[-73.77736,42.79178],[-73.77996,42.79218],[-73.78246,42.79178],[-73.78706,42.78968],[-73.79356,42.78258],[-73.79797,42.77948],[-73.79946,42.77888],[-73.80937,42.77887],[-73.8096,42.77502],[-73.82485,42.77309]]]},"properties":{"GEOID":"36001013512","NAME":"Census Tract 135.12","STATE":"36","COUNTY":"001"}},{"type":"Feature","geometry":{"type":"Polygon","coordinates":[[[-73.79207,42.69788],[-73.77801,42.68555],[-73.7687,42.68129],[-73.77057,42.67895],[-73.7653,42.67638],[-73.76083,42.68029],[-73.76124,42.68088],[-73.75876,42.68166],[-73.76111,42.68714],[-73.76241,42.6918],[-73.76346,42.69347],[-73.76534,42.69538],[-73.7738,42.70122],[-73.77468,42.70223],[-73.77693,42.70629],[-73.78044,42.70488],[-73.78529,42.70174],[-73.78737,42.70076],[-73.79207,42.69788]]]},"properties":{"GEOID":"36001013709","NAME":"Census Tract 137.09","STATE":"36","COUNTY":"001"}},{"type":"Feature","geometry":{"type":"Polygon","coordinates":[[[-73.78372,42.67471],[-73.78035,42.67164],[-73.77964,42.67141],[-73.77111,42.66648],[-73.76821,42.66922],[-73.77655,42.67418],[-73.77561,42.67519],[-73.77516,42.67604],[-73.7808,42.67876],[-73.78372,42.67471]]]},"properties":{"GEOID":"36001000301","NAME":"Census Tract 3.01","STATE":"36","COUNTY":"001"}},{"type":"Feature","geometry":{"type":"Polygon","coordinates":[[[-73.76083,42.74852],[-73.76055,42.74809],[-73.76081,42.74782],[-73.75882,42.74679],[-73.74788,42.74371],[-73.74057,42.74203],[-73.73632,42.73992],[-73.73479,42.74656],[-73.73455,42.74955],[-73.73684,42.75069],[-73.7363,42.75499],[-73.74291,42.75505],[-73.74497,42.75483],[-73.74578,42.75505],[-73.75444,42.7551],[-73.75425,42.75724],[-73.75382,42.75898],[-73.75383,42.75988],[-73.75665,42.76041],[-73.75947,42.75278],[-73.76083,42.74852]]]},"properties":{"GEOID":"36001013510","NAME":"Census Tract 135.10","STATE":"36","COUNTY":"001"}},{"type":"Feature","geometry":{"type":"Polygon","coordinates":[[[-73.7616,42.65833],[-73.76174,42.65818],[-73.75961,42.65711],[-73.75894,42.65761],[-73.75357,42.65446],[-73.75088,42.65256],[-73.75013,42.65373],[-73.74927,42.65825],[-73.75866,42.66371],[-73.76156,42.66094],[-73.75993,42.65997],[-73.7616,42.65833]]]},"properties":{"GEOID":"36001000201","NAME":"Census Tract 2.01","STATE":"36","COUNTY":"001"}},{"type":"Feature","geometry":{"type":"Polygon","coordinates":[[[-73.8382,43.02347],[-73.83709,43.0154],[-73.83635,43.01699],[-73.83515,43.01744],[-73.83329,43.01963],[-73.83225,43.02004],[-73.83097,43.01993],[-73.83014,43.02022],[-73.83007,43.01983],[-73.83026,43.01941],[-73.82986,43.01888],[-73.83004,43.01849],[-73.83002,43.01752],[-73.83074,43.01704],[-73.83029,43.0165],[-73.82975,43.0164],[-73.82812,43.017],[-73.82799,43.01787],[-73.82678,43.01737],[-73.82636,43.01764],[-73.82515,43.01987],[-73.82392,43.02134],[-73.8234,43.02282],[-73.8225,43.02316],[-73.82113,43.02212],[-73.82092,43.02223],[-73.82087,43.02333],[-73.8221,43.02476],[-73.82291,43.02648],[-73.82292,43.02703],[-73.82213,43.02789],[-73.82153,43.02827],[-73.81849,43.02901],[-73.81538,43.0282],[-73.81534,43.02878],[-73.81632,43.02931],[-73.81675,43.03003],[-73.81726,43.03036],[-73.81656,43.03113],[-73.81602,43.03141],[-73.8158,43.03124],[-73.81568,43.03071],[-73.81366,43.02921],[-73.81292,43.02929],[-73.8127,43.02988],[-73.81361,43.03159],[-73.81352,43.03215],[-73.81278,43.03247],[-73.81213,43.03247],[-73.81148,43.03223],[-73.81121,43.03197],[-73.8112,43.03161],[-73.81098,43.03155],[-73.80862,43.03369],[-73.80709,43.03452],[-73.80421,43.03425],[-73.80118,43.03351],[-73.79891,43.03347],[-73.79469,43.03224],[-73.79406,43.03239],[-73.793,43.03326],[-73.79336,43.03378],[-73.79436,43.03395],[-73.79434,43.03427],[-73.79286,43.03419],[-73.79173,43.03392],[-73.79123,43.03364],[-73.79119,43.03323],[-73.79275,43.03166],[-73.7923,43.03103],[-73.79152,43.03078],[-73.78928,43.03187],[-73.78705,43.03386],[-73.78033,43.03763],[-73.77727,43.04216],[-73.77669,43.0423],[-73.775,43.04216],[-73.77487,43.04199],[-73.77372,43.0421],[-73.77254,43.04328],[-73.77105,43.04366],[-73.76999,43.04377],[-73.76919,43.04351],[-73.76836,43.04297],[-73.76776,43.04219],[-73.76614,43.04222],[-73.76457,43.04199],[-73.75712,43.04041],[-73.75639,43.04068],[-73.75731,43.04204],[-73.75735,43.04273],[-73.75681,43.04302],[-73.75609,43.04304],[-73.75483,43.04226],[-73.75439,43.04229],[-73.75528,43.04355],[-73.7548,43.04389],[-73.75375,43.04405],[-73.75196,43.04373],[-73.75133,43.04293],[-73.74939,43.04172],[-73.74903,43.04093],[-73.74827,43.04073],[-73.74771,43.0408],[-73.74728,43.04051],[-73.74623,43.04057],[-73.74592,43.04076],[-73.74565,43.04132],[-73.74461,43.04151],[-73.74445,43.04174],[-73.74521,43.04204],[-73.74446,43.04203],[-73.74403,43.04229],[-73.74338,43.04232],[-73.74248,43.0403],[-73.74102,43.03968],[-73.7395,43.0403],[-73.72425,43.04398],[-73.72721,43.04768],[-73.72743,43.04864],[-73.72721,43.05049],[-73.72665,43.05247],[-73.72601,43.05315],[-73.72533,43.05339],[-73.72257,43.05361],[-73.72116,43.05429],[-73.72008,43.05506],[-73.71426,43.06135],[-73.71106,43.06417],[-73.70999,43.06488],[-73.70664,43.0665],[-73.70572,43.06725],[-73.70435,43.06904],[-73.70273,43.06992],[-73.70229,43.07042],[-73.70219,43.07225],[-73.70161,43.07254],[-73.69825,43.07326],[-73.69502,43.07457],[-73.69588,43.07783],[-73.70028,43.10246],[-73.72396,43.10006],[-73.72728,43.09987],[-73.73365,43.09903],[-73.74861,43.09796],[-73.75011,43.09759],[-73.75001,43.09781],[-73.75021,43.0979],[-73.75307,43.09747],[-73.74936,43.08634],[-73.74893,43.08434],[-73.74868,43.08138],[-73.74882,43.07946],[-73.74924,43.07741],[-73.7502,43.07468],[-73.7511,43.07276],[-73.75269,43.06993],[-73.75469,43.06701],[-73.75772,43.0634],[-73.76564,43.05556],[-73.76855,43.05706],[-73.77221,43.05669],[-73.77367,43.05672],[-73.77966,43.05797],[-73.78789,43.05872],[-73.78846,43.06313],[-73.791,43.0631],[-73.79384,43.06367],[-73.79525,43.06334],[-73.80233,43.05805],[-73.80509,43.05746],[-73.80753,43.05783],[-73.80872,43.05657],[-73.80981,43.05499],[-73.8123,43.04932],[-73.81423,43.04665],[-73.82129,43.04012],[-73.82886,43.03242],[-73.83276,43.02805],[-73.8382,43.02347]]]},"properties":{"GEOID":"36091061301","NAME":"Census Tract 613.01","STATE":"36","COUNTY":"091"}},{"type":"Feature","geometry":{"type":"Polygon","coordinates":[[[-73.7435,43.01711],[-73.7437,43.01671],[-73.68212,43.01646],[-73.66531,43.01609],[-73.65586,43.01612],[-73.65591,43.01507],[-73.62371,43.0145],[-73.59363,43.01433],[-73.59209,43.01846],[-73.59087,43.02324],[-73.59154,43.02942],[-73.59158,43.03196],[-73.59075,43.03582],[-73.587,43.04265],[-73.58638,43.04855],[-73.58583,43.04973],[-73.58086,43.05259],[-73.57866,43.05485],[-73.57815,43.05579],[-73.57788,43.05689],[-73.57789,43.05867],[-73.57863,43.06061],[-73.58082,43.06514],[-73.58171,43.06869],[-73.58176,43.07019],[-73.58112,43.07301],[-73.57891,43.07641],[-73.57732,43.07816],[-73.57663,43.07948],[-73.57582,43.08041],[-73.5753,43.0825],[-73.57546,43.08398],[-73.57586,43.08493],[-73.57757,43.08673],[-73.57827,43.0885],[-73.57823,43.09063],[-73.57635,43.09459],[-73.58194,43.09507],[-73.5821,43.09388],[-73.5823,43.09377],[-73.58311,43.09065],[-73.58405,43.09053],[-73.58895,43.08891],[-73.59092,43.08737],[-73.59202,43.08586],[-73.59442,43.08635],[-73.59672,43.08451],[-73.59779,43.08443],[-73.59795,43.08367],[-73.59856,43.08297],[-73.6004,43.08387],[-73.60004,43.08403],[-73.59835,43.09305],[-73.59557,43.09259],[-73.59515,43.09455],[-73.59487,43.09903],[-73.58862,43.09818],[-73.5861,43.10454],[-73.58505,43.10796],[-73.57582,43.10861],[-73.57611,43.11046],[-73.57593,43.11206],[-73.57556,43.11327],[-73.57548,43.11485],[-73.62022,43.1105],[-73.62475,43.10977],[-73.63377,43.10883],[-73.70028,43.10246],[-73.69588,43.07783],[-73.69502,43.07457],[-73.69825,43.07326],[-73.70161,43.07254],[-73.70219,43.07225],[-73.70229,43.07042],[-73.70273,43.06992],[-73.70435,43.06904],[-73.70572,43.06725],[-73.70664,43.0665],[-73.70999,43.06488],[-73.71106,43.06417],[-73.71426,43.06135],[-73.72008,43.05506],[-73.72116,43.05429],[-73.72257,43.05361],[-73.72533,43.05339],[-73.72601,43.05315],[-73.72665,43.05247],[-73.72721,43.05049],[-73.72743,43.04864],[-73.72721,43.04768],[-73.72445,43.04433],[-73.72405,43.04364],[-73.72391,43.04289],[-73.72464,43.04031],[-73.72711,43.03491],[-73.72831,43.0331],[-73.73063,43.03143],[-73.7387,43.02627],[-73.73929,43.02379],[-73.74004,43.02201],[-73.74129,43.02008],[-73.74252,43.01877],[-73.7435,43.01711]]]},"properties":{"GEOID":"36091060901","NAME":"Census Tract 609.01","STATE":"36","COUNTY":"091"}},{"type":"Feature","geometry":{"type":"Polygon","coordinates":[[[-73.92577,42.94572],[-73.92622,42.94564],[-73.91922,42.91491],[-73.91888,42.91121],[-73.91848,42.91036],[-73.90439,42.91116],[-73.9009,42.88863],[-73.90077,42.88903],[-73.89707,42.89061],[-73.87415,42.90756],[-73.87559,42.90971],[-73.87014,42.91927],[-73.86248,42.94552],[-73.86112,42.94841],[-73.85597,42.95673],[-73.89384,42.95356],[-73.90496,42.95166],[-73.90622,42.95102],[-73.90936,42.94866],[-73.9113,42.94789],[-73.9171,42.94654],[-73.92577,42.94572]]]},"properties":{"GEOID":"36091061702","NAME":"Census Tract 617.02","STATE":"36","COUNTY":"091"}},{"type":"Feature","geometry":{"type":"Polygon","coordinates":[[[-73.77542,42.92871],[-73.77563,42.92884],[-73.77295,42.89714],[-73.77263,42.89055],[-73.77222,42.88767],[-73.76954,42.88727],[-73.7634,42.88572],[-73.76146,42.88482],[-73.7606,42.88374],[-73.75653,42.88108],[-73.75495,42.88049],[-73.75177,42.88014],[-73.75009,42.88062],[-73.74509,42.88111],[-73.74336,42.88193],[-73.74088,42.88222],[-73.73859,42.88228],[-73.73526,42.88199],[-73.73446,42.88163],[-73.73274,42.88001],[-73.73184,42.87829],[-73.73113,42.87811],[-73.73048,42.8782],[-73.72877,42.87895],[-73.72698,42.87913],[-73.72469,42.88],[-73.72365,42.88002],[-73.72233,42.8797],[-73.72103,42.88221],[-73.71974,42.8835],[-73.71794,42.88469],[-73.71542,42.88566],[-73.71356,42.88603],[-73.7115,42.88614],[-73.6968,42.88499],[-73.69448,42.88555],[-73.69087,42.88788],[-73.68993,42.88871],[-73.6898,42.89255],[-73.68916,42.89497],[-73.69,42.89515],[-73.6927,42.89931],[-73.69571,42.90075],[-73.69602,42.90135],[-73.69703,42.90236],[-73.69722,42.90236],[-73.69828,42.90427],[-73.6986,42.90537],[-73.70007,42.90859],[-73.69926,42.91049],[-73.69839,42.9117],[-73.70253,42.91292],[-73.70525,42.91435],[-73.70676,42.91462],[-73.70734,42.91525],[-73.70836,42.91527],[-73.71153,42.9171],[-73.71341,42.91757],[-73.71351,42.91774],[-73.71321,42.91805],[-73.71345,42.91827],[-73.71744,42.91872],[-73.71803,42.91966],[-73.71843,42.91989],[-73.71924,42.91982],[-73.71904,42.91889],[-73.71933,42.91831],[-73.71907,42.91758],[-73.72041,42.91736],[-73.72148,42.91762],[-73.72266,42.9174],[-73.72306,42.91776],[-73.72551,42.9182],[-73.7266,42.91999],[-73.72701,42.91994],[-73.72753,42.91918],[-73.7289,42.91884],[-73.7294,42.91888],[-73.73006,42.91937],[-73.73162,42.91954],[-73.73264,42.92073],[-73.73394,42.92114],[-73.73495,42.92109],[-73.73587,42.92134],[-73.73604,42.92175],[-73.73637,42.92191],[-73.73953,42.92145],[-73.74073,42.92156],[-73.74274,42.92087],[-73.74409,42.92153],[-73.74441,42.92026],[-73.74511,42.91996],[-73.7454,42.92018],[-73.74506,42.92059],[-73.74542,42.92109],[-73.74634,42.92112],[-73.74637,42.92031],[-73.74699,42.9199],[-73.74771,42.91996],[-73.74799,42.92006],[-73.74814,42.92049],[-73.74965,42.92085],[-73.75057,42.92154],[-73.75131,42.92176],[-73.75176,42.92163],[-73.7508,42.92078],[-73.75076,42.9205],[-73.7523,42.91988],[-73.75301,42.91999],[-73.75321,42.92029],[-73.75533,42.91985],[-73.75584,42.92029],[-73.75626,42.92032],[-73.75667,42.92021],[-73.75724,42.91955],[-73.75812,42.92039],[-73.75898,42.92045],[-73.75941,42.9207],[-73.7599,42.92066],[-73.76056,42.92011],[-73.76161,42.92004],[-73.76178,42.92053],[-73.76167,42.92073],[-73.76347,42.92089],[-73.76434,42.9214],[-73.76456,42.92133],[-73.76474,42.9208],[-73.76543,42.92102],[-73.7658,42.92167],[-73.76649,42.92226],[-73.77001,42.92458],[-73.77102,42.92607],[-73.77255,42.92748],[-73.77314,42.92764],[-73.77362,42.92803],[-73.77479,42.92822],[-73.77542,42.92871]]]},"properties":{"GEOID":"36091062505","NAME":"Census Tract 625.05","STATE":"36","COUNTY":"091"}},{"type":"Feature","geometry":{"type":"Polygon","coordinates":[[[-73.68675,42.79608],[-73.68543,42.79321],[-73.68638,42.79047],[-73.68339,42.79061],[-73.68267,42.79045],[-73.68247,42.79024],[-73.68187,42.79023],[-73.68124,42.78891],[-73.68019,42.78749],[-73.68026,42.78708],[-73.67931,42.78637],[-73.67666,42.78368],[-73.67526,42.78608],[-73.67346,42.79028],[-73.67296,42.79408],[-73.67256,42.79538],[-73.67508,42.79603],[-73.67522,42.79664],[-73.67669,42.79552],[-73.67863,42.79474],[-73.67979,42.79486],[-73.68165,42.79601],[-73.68513,42.79701],[-73.68675,42.79608]]]},"properties":{"GEOID":"36091062800","NAME":"Census Tract 628","STATE":"36","COUNTY":"091"}},{"type":"Feature","geometry":{"type":"Polygon","coordinates":[[[-73.9173,42.77576],[-73.92027,42.77524],[-73.90679,42.76343],[-73.88982,42.76546],[-73.88772,42.76586],[-73.90972,42.78549],[-73.91525,42.78381],[-73.91955,42.78302],[-73.9173,42.77576]]]},"properties":{"GEOID":"36093021802","NAME":"Census Tract 218.02","STATE":"36","COUNTY":"093"}},{"type":"Feature","geometry":{"type":"Polygon","coordinates":[[[-73.90094,42.80244],[-73.90044,42.80076],[-73.8993,42.79868],[-73.89914,42.79877],[-73.89887,42.79834],[-73.8985,42.79852],[-73.8978,42.7975],[-73.89813,42.79719],[-73.89722,42.79602],[-73.89321,42.78962],[-73.89304,42.78269],[-73.89345,42.77847],[-73.89354,42.77471],[-73.89506,42.77466],[-73.89706,42.77422],[-73.88772,42.76586],[-73.8812,42.76645],[-73.87261,42.76754],[-73.87682,42.77067],[-73.876,42.77248],[-73.8765,42.77394],[-73.87575,42.77443],[-73.87503,42.7757],[-73.8746,42.77716],[-73.87466,42.77784],[-73.8769,42.78126],[-73.8802,42.78812],[-73.88223,42.78985],[-73.88078,42.79383],[-73.88459,42.79447],[-73.88737,42.79518],[-73.89326,42.79902],[-73.89917,42.80241],[-73.90006,42.80288],[-73.90094,42.80244]]]},"properties":{"GEOID":"36093031902","NAME":"Census Tract 319.02","STATE":"36","COUNTY":"093"}},{"type":"Feature","geometry":{"type":"Polygon","coordinates":[[[-73.88216,42.79002],[-73.88223,42.78985],[-73.8802,42.78812],[-73.8769,42.78126],[-73.87466,42.77784],[-73.8746,42.77716],[-73.87503,42.7757],[-73.87575,42.77443],[-73.8765,42.77394],[-73.876,42.77248],[-73.87682,42.77067],[-73.87261,42.76754],[-73.87129,42.76749],[-73.82513,42.77316],[-73.82755,42.77445],[-73.83711,42.77703],[-73.84952,42.78086],[-73.85513,42.78295],[-73.85956,42.78386],[-73.86218,42.78475],[-73.86376,42.78556],[-73.86747,42.78858],[-73.86928,42.78981],[-73.87584,42.793],[-73.87775,42.79355],[-73.88078,42.79383],[-73.88216,42.79002]]]},"properties":{"GEOID":"36093031901","NAME":"Census Tract 319.01","STATE":"36","COUNTY":"093"}},{"type":"Feature","geometry":{"type":"Polygon","coordinates":[[[-73.90972,42.78549],[-73.89706,42.77422],[-73.89506,42.77466],[-73.89354,42.77471],[-73.89345,42.77847],[-73.89304,42.78269],[-73.89321,42.78962],[-73.89722,42.79602],[-73.90043,42.79526],[-73.90235,42.79432],[-73.90327,42.79356],[-73.90671,42.79024],[-73.90846,42.78648],[-73.90972,42.78549]]]},"properties":{"GEOID":"36093021801","NAME":"Census Tract 218.01","STATE":"36","COUNTY":"093"}},{"type":"Feature","geometry":{"type":"Polygon","coordinates":[[[-73.89807,42.86734],[-73.89594,42.85108],[-73.89057,42.85028],[-73.88778,42.85017],[-73.88177,42.85088],[-73.87966,42.84857],[-73.87586,42.83427],[-73.86677,42.82838],[-73.85847,42.81998],[-73.85629,42.8164],[-73.85274,42.81149],[-73.84586,42.80437],[-73.84157,42.79787],[-73.83217,42.79308],[-73.8313,42.79227],[-73.83139,42.79421],[-73.83086,42.79559],[-73.83086,42.79664],[-73.82919,42.79694],[-73.82861,42.79728],[-73.82692,42.79941],[-73.82591,42.80215],[-73.82549,42.80266],[-73.82597,42.80297],[-73.82614,42.80381],[-73.826,42.80437],[-73.82527,42.80549],[-73.82567,42.80758],[-73.82559,42.80926],[-73.82633,42.81134],[-73.82675,42.81325],[-73.82626,42.81528],[-73.82542,42.82539],[-73.82487,42.82809],[-73.82402,42.82998],[-73.82293,42.83334],[-73.8218,42.83551],[-73.82145,42.83929],[-73.81996,42.84291],[-73.821,42.88918],[-73.82125,42.89034],[-73.822,42.89139],[-73.82296,42.89209],[-73.82431,42.89271],[-73.82556,42.89265],[-73.83675,42.89047],[-73.8509,42.88599],[-73.8531,42.88554],[-73.85495,42.8854],[-73.86975,42.88604],[-73.87194,42.88694],[-73.875,42.88967],[-73.87657,42.88888],[-73.87871,42.88864],[-73.87958,42.88795],[-73.88199,42.88872],[-73.8835,42.88878],[-73.88503,42.8885],[-73.88745,42.88736],[-73.88948,42.88589],[-73.89113,42.88408],[-73.89541,42.87846],[-73.89605,42.87681],[-73.89743,42.86885],[-73.89807,42.86734]]]},"properties":{"GEOID":"36091062602","NAME":"Census Tract 626.02","STATE":"36","COUNTY":"091"}},{"type":"Feature","geometry":{"type":"Polygon","coordinates":[[[-73.79869,42.65533],[-73.79148,42.65341],[-73.78876,42.65314],[-73.78774,42.65523],[-73.77984,42.66269],[-73.78242,42.6635],[-73.78416,42.66187],[-73.78892,42.66459],[-73.79869,42.65533]]]},"properties":{"GEOID":"36001001600","NAME":"Census Tract 16","STATE":"36","COUNTY":"001"}},{"type":"Feature","geometry":{"type":"Polygon","coordinates":[[[-73.21799,42.83853],[-73.21814,42.83833],[-73.18708,42.83719],[-73.15231,42.83662],[-73.1503,42.87798],[-73.14985,42.88319],[-73.15203,42.88284],[-73.15942,42.88328],[-73.16429,42.88311],[-73.17156,42.88146],[-73.17554,42.87983],[-73.18656,42.87883],[-73.18682,42.87553],[-73.18666,42.8732],[-73.18793,42.87313],[-73.18789,42.874],[-73.1881,42.87416],[-73.19695,42.8754],[-73.1973,42.87543],[-73.19733,42.8744],[-73.20402,42.87473],[-73.20218,42.88062],[-73.2084,42.88272],[-73.21167,42.88457],[-73.21326,42.88431],[-73.21251,42.88154],[-73.2126,42.87926],[-73.21294,42.87852],[-73.21408,42.87715],[-73.21413,42.87613],[-73.21286,42.87344],[-73.211,42.87053],[-73.20921,42.86851],[-73.20909,42.86808],[-73.20946,42.86725],[-73.20923,42.86623],[-73.20734,42.86438],[-73.20619,42.86207],[-73.20604,42.86047],[-73.20623,42.85501],[-73.20563,42.85397],[-73.20442,42.85274],[-73.20887,42.85088],[-73.20949,42.84962],[-73.21036,42.84886],[-73.21199,42.84829],[-73.21392,42.84809],[-73.21437,42.84787],[-73.21476,42.84217],[-73.21497,42.8419],[-73.21682,42.84138],[-73.21722,42.83993],[-73.21799,42.83853]]]},"properties":{"GEOID":"50003971100","NAME":"Census Tract 9711","STATE":"50","COUNTY":"003"}},{"type":"Feature","geometry":{"type":"Polygon","coordinates":[[[-73.27831,42.83756],[-73.27832,42.83739],[-73.26021,42.83734],[-73.24938,42.83702],[-73.24849,42.83933],[-73.24031,42.83923],[-73.21814,42.83833],[-73.21731,42.83973],[-73.21682,42.84138],[-73.21497,42.8419],[-73.21476,42.84217],[-73.21437,42.84787],[-73.21392,42.84809],[-73.21199,42.84829],[-73.21036,42.84886],[-73.20949,42.84962],[-73.20887,42.85088],[-73.20442,42.85274],[-73.20563,42.85397],[-73.20623,42.85501],[-73.20604,42.86047],[-73.20619,42.86207],[-73.20734,42.86438],[-73.20923,42.86623],[-73.20946,42.86725],[-73.20909,42.86808],[-73.20921,42.86851],[-73.2108,42.87023],[-73.21268,42.87313],[-73.21417,42.87638],[-73.21408,42.87715],[-73.21264,42.8791],[-73.21249,42.88126],[-73.21287,42.88288],[-73.21403,42.88623],[-73.2118,42.88731],[-73.20969,42.88885],[-73.208,42.88926],[-73.20714,42.88978],[-73.20631,42.89089],[-73.20544,42.89311],[-73.20262,42.89269],[-73.20145,42.89172],[-73.20253,42.89426],[-73.20231,42.89466],[-73.21213,42.90094],[-73.21238,42.90144],[-73.21197,42.90305],[-73.21171,42.90532],[-73.21126,42.91371],[-73.2106,42.92148],[-73.21033,42.92268],[-73.20903,42.92518],[-73.20845,42.92711],[-73.20865,42.92854],[-73.21001,42.93093],[-73.21004,42.93271],[-73.27474,42.93442],[-73.27596,42.90122],[-73.2758,42.89725],[-73.27831,42.83756]]]},"properties":{"GEOID":"50003971000","NAME":"Census Tract 9710","STATE":"50","COUNTY":"003"}},{"type":"Feature","geometry":{"type":"Polygon","coordinates":[[[-73.21237,42.90159],[-73.21213,42.90094],[-73.20415,42.89573],[-73.20194,42.8945],[-73.20063,42.89424],[-73.19351,42.89387],[-73.19107,42.89352],[-73.18829,42.89365],[-73.18442,42.89203],[-73.18389,42.89173],[-73.18397,42.89121],[-73.18346,42.88938],[-73.18374,42.88868],[-73.18327,42.88634],[-73.18232,42.88623],[-73.18209,42.88562],[-73.18077,42.88551],[-73.18105,42.88445],[-73.18179,42.88389],[-73.17997,42.88325],[-73.17643,42.88294],[-73.17265,42.88389],[-73.1682,42.88384],[-73.16531,42.88464],[-73.16305,42.88436],[-73.15999,42.8844],[-73.15954,42.88421],[-73.15882,42.88326],[-73.15203,42.88284],[-73.14985,42.88319],[-73.15006,42.88737],[-73.14915,42.89969],[-73.14786,42.91521],[-73.146,42.93097],[-73.21004,42.93271],[-73.21001,42.93093],[-73.20865,42.92854],[-73.20845,42.92711],[-73.20903,42.92518],[-73.21033,42.92268],[-73.2106,42.92148],[-73.21126,42.91371],[-73.21171,42.90532],[-73.21197,42.90305],[-73.21237,42.90159]]]},"properties":{"GEOID":"50003970900","NAME":"Census Tract 9709","STATE":"50","COUNTY":"003"}},{"type":"Feature","geometry":{"type":"Polygon","coordinates":[[[-73.00728,43.12018],[-73.00748,43.11664],[-73.0062,43.11586],[-72.99732,43.11544],[-72.99714,43.11746],[-72.99597,43.1187],[-72.94842,43.11748],[-72.89828,43.11465],[-72.86824,43.11393],[-72.86732,43.13185],[-72.86342,43.18367],[-72.86214,43.20522],[-72.85163,43.20483],[-72.84811,43.26285],[-72.81962,43.25601],[-72.82003,43.29182],[-72.81989,43.29937],[-72.86865,43.30053],[-72.89887,43.30171],[-72.9753,43.30416],[-72.97734,43.25524],[-72.97959,43.20963],[-72.9967,43.21027],[-73.0017,43.21089],[-73.00307,43.18489],[-73.0048,43.16039],[-73.00728,43.12018]]]},"properties":{"GEOID":"50003970500","NAME":"Census Tract 9705","STATE":"50","COUNTY":"003"}},{"type":"Feature","geometry":{"type":"Polygon","coordinates":[[[-73.30296,43.621],[-73.30299,43.62052],[-73.30246,43.61963],[-73.30085,43.6184],[-73.30038,43.6178],[-73.30032,43.61732],[-73.30113,43.61602],[-73.3012,43.61508],[-73.30085,43.61346],[-73.30224,43.61179],[-73.30242,43.61046],[-73.30277,43.61007],[-73.30277,43.60978],[-73.30211,43.60939],[-73.30161,43.6095],[-73.30088,43.61074],[-73.30028,43.61081],[-73.29988,43.61039],[-73.2983,43.61021],[-73.29802,43.61003],[-73.29786,43.60943],[-73.2967,43.60863],[-73.29642,43.6076],[-73.29528,43.60685],[-73.295,43.60605],[-73.29374,43.6052],[-73.29371,43.60436],[-73.29308,43.60385],[-73.29222,43.60255],[-73.2927,43.60196],[-73.29265,43.60134],[-73.29216,43.60057],[-73.29116,43.59988],[-73.29102,43.59924],[-73.29206,43.59817],[-73.29268,43.59709],[-73.29276,43.5966],[-73.29236,43.59575],[-73.29328,43.59255],[-73.29384,43.59198],[-73.29591,43.58865],[-73.29691,43.58767],[-73.29694,43.58731],[-73.29419,43.58578],[-73.29236,43.58514],[-73.29211,43.58488],[-73.29211,43.58454],[-73.29423,43.58244],[-73.29523,43.58172],[-73.29726,43.57969],[-73.29732,43.57937],[-73.29567,43.57863],[-73.29572,43.57715],[-73.29529,43.57678],[-73.29451,43.57715],[-73.29429,43.57779],[-73.29447,43.57831],[-73.29413,43.57847],[-73.29202,43.57859],[-73.29174,43.57852],[-73.29111,43.57786],[-73.29004,43.57767],[-73.28916,43.57834],[-73.2879,43.5787],[-73.28583,43.57893],[-73.28491,43.57927],[-73.28359,43.57808],[-73.28205,43.57813],[-73.2813,43.57758],[-73.28095,43.57541],[-73.28108,43.57417],[-73.28086,43.57358],[-73.28029,43.57356],[-73.27973,43.57424],[-73.27875,43.57406],[-73.27781,43.57463],[-73.27737,43.57442],[-73.27655,43.57447],[-73.27642,43.57433],[-73.27651,43.57355],[-73.27534,43.57305],[-73.27375,43.57266],[-73.27166,43.57243],[-73.27119,43.57206],[-73.27024,43.57181],[-73.2697,43.57177],[-73.26793,43.57225],[-73.26753,43.57197],[-73.26753,43.57181],[-73.26845,43.57143],[-73.26755,43.57113],[-73.26746,43.57087],[-73.26815,43.57072],[-73.26835,43.57045],[-73.26929,43.57051],[-73.26899,43.56993],[-73.26827,43.56967],[-73.26801,43.56992],[-73.26754,43.56998],[-73.26751,43.56968],[-73.26783,43.56948],[-73.26794,43.56914],[-73.26753,43.569],[-73.26668,43.56916],[-73.26665,43.56978],[-73.26649,43.56987],[-73.26416,43.56914],[-73.2641,43.56888],[-73.26457,43.56863],[-73.2646,43.5682],[-73.26401,43.56759],[-73.2631,43.56767],[-73.26236,43.56728],[-73.2619,43.56614],[-73.26208,43.5657],[-73.26181,43.56555],[-73.26115,43.56579],[-73.26074,43.56653],[-73.25863,43.56495],[-73.25819,43.56429],[-73.25835,43.56305],[-73.25593,43.56189],[-73.25559,43.56095],[-73.25556,43.5599],[-73.25383,43.55843],[-73.2526,43.55685],[-73.2526,43.55644],[-73.2544,43.55628],[-73.25449,43.5556],[-73.25144,43.55539],[-73.24864,43.55386],[-73.24877,43.55315],[-73.24845,43.55288],[-73.24842,43.55258],[-73.24898,43.55242],[-73.24916,43.55175],[-73.24867,43.5515],[-73.24861,43.55121],[-73.25022,43.55079],[-73.25041,43.55043],[-73.24992,43.54972],[-73.24996,43.54937],[-73.24921,43.5489],[-73.24927,43.54846],[-73.25003,43.54793],[-73.25003,43.54752],[-73.24925,43.5472],[-73.24919,43.54665],[-73.24986,43.54613],[-73.24819,43.54579],[-73.24781,43.54542],[-73.24781,43.54505],[-73.24822,43.54494],[-73.24916,43.54528],[-73.24994,43.54487],[-73.25013,43.54343],[-73.24955,43.54306],[-73.24781,43.54281],[-73.24659,43.54186],[-73.24646,43.54096],[-73.24671,43.54035],[-73.24639,43.53975],[-73.24564,43.53955],[-73.24573,43.54169],[-73.24468,43.55817],[-73.2438,43.57812],[-73.24389,43.57912],[-73.24158,43.61386],[-73.23856,43.66714],[-73.28126,43.6689],[-73.29174,43.64759],[-73.29694,43.62844],[-73.29725,43.62654],[-73.29752,43.62596],[-73.30011,43.62555],[-73.30189,43.62404],[-73.30208,43.62384],[-73.30208,43.62311],[-73.30296,43.621]]]},"properties":{"GEOID":"50021963700","NAME":"Census Tract 9637","STATE":"50","COUNTY":"021"}},{"type":"Feature","geometry":{"type":"Polygon","coordinates":[[[-73.431,43.58913],[-73.43123,43.58829],[-73.43095,43.58704],[-73.42978,43.58527],[-73.42864,43.58399],[-73.42666,43.58298],[-73.42216,43.58213],[-73.42038,43.58149],[-73.41863,43.57935],[-73.41697,43.57773],[-73.41193,43.57507],[-73.40806,43.57286],[-73.40563,43.57118],[-73.40391,43.57033],[-73.40305,43.57022],[-73.40215,43.56955],[-73.39813,43.56807],[-73.39712,43.5679],[-73.39577,43.56809],[-73.39542,43.56859],[-73.39517,43.56962],[-73.39312,43.5696],[-73.39201,43.5699],[-73.39158,43.57025],[-73.39134,43.57085],[-73.39193,43.57272],[-73.39143,43.57361],[-73.39079,43.57418],[-73.38974,43.57468],[-73.38613,43.5748],[-73.38434,43.5754],[-73.38328,43.5772],[-73.38276,43.57878],[-73.38271,43.5792],[-73.38341,43.58055],[-73.3849,43.58205],[-73.38525,43.58326],[-73.38343,43.58473],[-73.38262,43.58563],[-73.38243,43.58606],[-73.38247,43.58658],[-73.38293,43.58708],[-73.38432,43.58733],[-73.38515,43.5877],[-73.38625,43.58841],[-73.38704,43.58946],[-73.3869,43.59077],[-73.38628,43.59125],[-73.38535,43.5915],[-73.38297,43.59139],[-73.38214,43.59182],[-73.38177,43.59249],[-73.38171,43.59296],[-73.38245,43.59416],[-73.38273,43.59545],[-73.38354,43.5968],[-73.38349,43.59737],[-73.3816,43.59849],[-73.3811,43.59841],[-73.38027,43.5979],[-73.37737,43.5984],[-73.37719,43.59882],[-73.37775,43.59966],[-73.37764,43.60023],[-73.37344,43.60329],[-73.37291,43.60389],[-73.37247,43.60485],[-73.37238,43.60601],[-73.37316,43.60725],[-73.37407,43.60798],[-73.37639,43.60882],[-73.37635,43.6091],[-73.37604,43.6093],[-73.37528,43.60955],[-73.37456,43.61017],[-73.37423,43.6102],[-73.37424,43.61086],[-73.37456,43.61093],[-73.37604,43.61212],[-73.37604,43.6126],[-73.3756,43.61335],[-73.37456,43.61468],[-73.37295,43.61601],[-73.3711,43.61811],[-73.36993,43.61909],[-73.36984,43.61939],[-73.36987,43.61971],[-73.37164,43.6214],[-73.37249,43.62275],[-73.37246,43.62367],[-73.37189,43.62449],[-73.3711,43.62476],[-73.3689,43.62471],[-73.36827,43.62459],[-73.36717,43.62362],[-73.36556,43.62344],[-73.36374,43.62392],[-73.35911,43.6246],[-73.35846,43.62542],[-73.35729,43.62591],[-73.35427,43.62619],[-73.35364,43.62593],[-73.35261,43.62409],[-73.35123,43.6225],[-73.34999,43.62163],[-73.34875,43.62146],[-73.34822,43.62171],[-73.34762,43.62251],[-73.34699,43.62416],[-73.34451,43.62628],[-73.34284,43.62651],[-73.34218,43.62607],[-73.34158,43.62474],[-73.34007,43.62465],[-73.33803,43.62544],[-73.33781,43.62609],[-73.33736,43.62632],[-73.33422,43.62692],[-73.33431,43.62788],[-73.33419,43.62799],[-73.33368,43.62802],[-73.33208,43.62717],[-73.33129,43.62607],[-73.3277,43.62591],[-73.32594,43.62646],[-73.32449,43.62751],[-73.32389,43.62763],[-73.32072,43.62726],[-73.31993,43.62733],[-73.31832,43.6285],[-73.31785,43.6285],[-73.31769,43.62843],[-73.31757,43.62736],[-73.31731,43.62708],[-73.31678,43.62678],[-73.31552,43.62655],[-73.31313,43.62551],[-73.31297,43.62471],[-73.31117,43.62409],[-73.31023,43.62423],[-73.30772,43.62744],[-73.30747,43.628],[-73.30674,43.6284],[-73.30413,43.62706],[-73.30255,43.62571],[-73.30208,43.62436],[-73.30208,43.62384],[-73.30011,43.62555],[-73.29752,43.62596],[-73.29712,43.62695],[-73.29694,43.62844],[-73.29174,43.64759],[-73.28126,43.6689],[-73.23856,43.66714],[-73.23722,43.6802],[-73.1981,43.67947],[-73.10822,43.67601],[-73.11611,43.70311],[-73.12273,43.72344],[-73.13095,43.75008],[-73.15558,43.83967],[-73.21896,43.83729],[-73.20632,43.76678],[-73.24509,43.76314],[-73.36282,43.75308],[-73.36507,43.75054],[-73.36526,43.75],[-73.36594,43.74974],[-73.36688,43.74766],[-73.36961,43.74447],[-73.36994,43.74385],[-73.37033,43.74223],[-73.37072,43.73557],[-73.37024,43.73345],[-73.37035,43.73274],[-73.36992,43.72879],[-73.37061,43.72533],[-73.37776,43.71771],[-73.38296,43.71406],[-73.38588,43.71134],[-73.38817,43.70851],[-73.38876,43.70641],[-73.38981,43.70572],[-73.39179,43.70348],[-73.39276,43.70204],[-73.39372,43.6992],[-73.39552,43.69683],[-73.39695,43.69553],[-73.39833,43.69463],[-73.40219,43.69301],[-73.40329,43.69213],[-73.40474,43.69021],[-73.40524,43.68837],[-73.4049,43.68753],[-73.40393,43.68622],[-73.40348,43.6847],[-73.40413,43.68134],[-73.40778,43.67252],[-73.40806,43.66944],[-73.40973,43.66656],[-73.41211,43.66166],[-73.41368,43.65973],[-73.41455,43.65821],[-73.41509,43.65671],[-73.41519,43.65347],[-73.41551,43.65245],[-73.41857,43.64805],[-73.41939,43.64749],[-73.42403,43.6454],[-73.42522,43.64429],[-73.42646,43.6426],[-73.42695,43.64053],[-73.42858,43.63654],[-73.42842,43.63545],[-73.42791,43.63443],[-73.42691,43.63314],[-73.41832,43.62332],[-73.41782,43.6225],[-73.41767,43.62169],[-73.41783,43.62059],[-73.42371,43.61236],[-73.42382,43.61099],[-73.42215,43.60651],[-73.42172,43.60448],[-73.42162,43.60302],[-73.42242,43.60156],[-73.42498,43.59878],[-73.42688,43.59521],[-73.42946,43.59189],[-73.431,43.58913]]]},"properties":{"GEOID":"50021962300","NAME":"Census Tract 9623","STATE":"50","COUNTY":"021"}},{"type":"Feature","geometry":{"type":"Polygon","coordinates":[[[-73.12265,43.30972],[-73.12266,43.30868],[-73.09257,43.30693],[-73.0468,43.30706],[-72.99683,43.30517],[-72.98759,43.30501],[-72.99233,43.29072],[-72.97589,43.29055],[-72.9753,43.30416],[-72.89887,43.30171],[-72.86865,43.30053],[-72.86497,43.3487],[-72.8547,43.34928],[-72.85238,43.37628],[-72.85355,43.3936],[-72.95585,43.39697],[-72.99823,43.39771],[-73.03465,43.40019],[-73.05208,43.40095],[-73.08585,43.40182],[-73.12089,43.40301],[-73.12217,43.36259],[-73.12265,43.30972]]]},"properties":{"GEOID":"50021964200","NAME":"Census Tract 9642","STATE":"50","COUNTY":"021"}},{"type":"Feature","geometry":{"type":"Polygon","coordinates":[[[-73.25463,43.31467],[-73.25464,43.3145],[-73.2441,43.31394],[-73.16817,43.31136],[-73.12266,43.30868],[-73.12217,43.36259],[-73.12083,43.40404],[-73.17543,43.40591],[-73.19584,43.4069],[-73.25085,43.40861],[-73.25235,43.37299],[-73.25267,43.37029],[-73.25283,43.36349],[-73.25315,43.36274],[-73.2533,43.36121],[-73.25318,43.35771],[-73.2533,43.35583],[-73.25308,43.35471],[-73.2534,43.35087],[-73.25463,43.31467]]]},"properties":{"GEOID":"50021964300","NAME":"Census Tract 9643","STATE":"50","COUNTY":"021"}},{"type":"Feature","geometry":{"type":"Polygon","coordinates":[[[-73.21403,42.88623],[-73.21334,42.88423],[-73.21167,42.88457],[-73.2084,42.88272],[-73.20218,42.88062],[-73.20402,42.87473],[-73.19733,42.8744],[-73.1973,42.87543],[-73.19695,42.8754],[-73.1881,42.87416],[-73.18789,42.874],[-73.18793,42.87313],[-73.18666,42.8732],[-73.18682,42.87553],[-73.18656,42.87883],[-73.17554,42.87983],[-73.17156,42.88146],[-73.16493,42.88298],[-73.16314,42.8832],[-73.15882,42.88326],[-73.15954,42.88421],[-73.15999,42.8844],[-73.16305,42.88436],[-73.16531,42.88464],[-73.1682,42.88384],[-73.17265,42.88389],[-73.17643,42.88294],[-73.17997,42.88325],[-73.18179,42.88389],[-73.18105,42.88445],[-73.18077,42.88551],[-73.18209,42.88562],[-73.18232,42.88623],[-73.18327,42.88634],[-73.18374,42.88868],[-73.18346,42.88938],[-73.18397,42.89121],[-73.18389,42.89173],[-73.18468,42.89217],[-73.18829,42.89365],[-73.19107,42.89352],[-73.19351,42.89387],[-73.20121,42.8943],[-73.20231,42.89466],[-73.20253,42.89426],[-73.20145,42.89172],[-73.20262,42.89269],[-73.20544,42.89311],[-73.20631,42.89089],[-73.20714,42.88978],[-73.208,42.88926],[-73.20969,42.88885],[-73.2118,42.88731],[-73.21403,42.88623]]]},"properties":{"GEOID":"50003971200","NAME":"Census Tract 9712","STATE":"50","COUNTY":"003"}},{"type":"Feature","geometry":{"type":"Polygon","coordinates":[[[-73.17952,43.46586],[-73.11906,43.4358],[-73.12087,43.40301],[-73.08585,43.40182],[-73.05208,43.40095],[-73.03465,43.40019],[-73.02173,43.39929],[-73.01441,43.44514],[-73.0072,43.44807],[-73.00531,43.49267],[-73.05077,43.49417],[-73.03497,43.57075],[-73.05476,43.57036],[-73.07773,43.57019],[-73.08921,43.60995],[-73.09554,43.63271],[-73.11099,43.63232],[-73.1125,43.61018],[-73.11708,43.58522],[-73.11644,43.58365],[-73.12015,43.54352],[-73.11978,43.53865],[-73.12012,43.53343],[-73.13527,43.53361],[-73.13345,43.52533],[-73.16841,43.49598],[-73.17849,43.49623],[-73.17952,43.46586]]]},"properties":{"GEOID":"50021963500","NAME":"Census Tract 9635","STATE":"50","COUNTY":"021"}},{"type":"Feature","geometry":{"type":"Polygon","coordinates":[[[-73.24327,43.58833],[-73.24332,43.5876],[-73.20146,43.58676],[-73.14491,43.58512],[-73.12002,43.58485],[-73.11708,43.58522],[-73.1125,43.61018],[-73.11099,43.63232],[-73.09554,43.63271],[-73.10142,43.65375],[-73.10443,43.66302],[-73.10822,43.67601],[-73.1981,43.67947],[-73.23722,43.6802],[-73.23856,43.66714],[-73.24158,43.61386],[-73.24327,43.58833]]]},"properties":{"GEOID":"50021963600","NAME":"Census Tract 9636","STATE":"50","COUNTY":"021"}},{"type":"Feature","geometry":{"type":"Polygon","coordinates":[[[-73.27474,42.93443],[-73.146,42.93097],[-73.14059,43.02582],[-73.14244,43.02608],[-73.15205,43.02637],[-73.18839,43.02715],[-73.23273,43.02899],[-73.27008,43.03004],[-73.27143,43.00008],[-73.27184,42.99562],[-73.27251,42.98209],[-73.27326,42.96343],[-73.27417,42.94903],[-73.27474,42.93443]]]},"properties":{"GEOID":"50003970800","NAME":"Census Tract 9708","STATE":"50","COUNTY":"003"}},{"type":"Feature","geometry":{"type":"Polygon","coordinates":[[[-73.29094,42.80192],[-73.27642,42.74602],[-73.14267,42.74353],[-73.13711,42.83559],[-73.15231,42.83662],[-73.18708,42.83719],[-73.24031,42.83923],[-73.24849,42.83933],[-73.24938,42.83702],[-73.26021,42.83734],[-73.27832,42.83739],[-73.27867,42.83341],[-73.28431,42.83495],[-73.28539,42.83409],[-73.28706,42.82014],[-73.28369,42.81386],[-73.28655,42.80948],[-73.28634,42.80806],[-73.29094,42.80192]]]},"properties":{"GEOID":"50003971300","NAME":"Census Tract 9713","STATE":"50","COUNTY":"003"}},{"type":"Feature","geometry":{"type":"Polygon","coordinates":[[[-73.25085,43.4087],[-73.19584,43.4069],[-73.17543,43.40591],[-73.12083,43.40404],[-73.11906,43.4358],[-73.17952,43.46586],[-73.17849,43.49623],[-73.16841,43.49598],[-73.13345,43.52533],[-73.13527,43.53361],[-73.12012,43.53343],[-73.11978,43.53865],[-73.12015,43.54352],[-73.11644,43.58365],[-73.11708,43.58522],[-73.12002,43.58485],[-73.14491,43.58512],[-73.20146,43.58676],[-73.24332,43.5876],[-73.24389,43.57912],[-73.2438,43.57812],[-73.24505,43.55083],[-73.24573,43.54169],[-73.24564,43.53955],[-73.24441,43.53881],[-73.24353,43.53541],[-73.24284,43.53477],[-73.24183,43.53508],[-73.24158,43.53496],[-73.24172,43.5344],[-73.24254,43.53438],[-73.24274,43.53399],[-73.24139,43.53235],[-73.24145,43.53205],[-73.24265,43.53072],[-73.24268,43.5301],[-73.24189,43.52942],[-73.24233,43.52864],[-73.24337,43.52773],[-73.24544,43.52686],[-73.24682,43.52578],[-73.24682,43.52462],[-73.2477,43.52317],[-73.2465,43.52146],[-73.2466,43.52121],[-73.2476,43.52052],[-73.24763,43.51924],[-73.24672,43.51888],[-73.24684,43.51725],[-73.24804,43.51636],[-73.24807,43.51599],[-73.24675,43.51554],[-73.24672,43.51533],[-73.24706,43.51492],[-73.24711,43.50789],[-73.24776,43.49282],[-73.2484,43.47063],[-73.25085,43.4087]]]},"properties":{"GEOID":"50021963800","NAME":"Census Tract 9638","STATE":"50","COUNTY":"021"}},{"type":"Feature","geometry":{"type":"Polygon","coordinates":[[[-73.27004,43.03072],[-73.27008,43.03004],[-73.23273,43.02899],[-73.18839,43.02715],[-73.14244,43.02608],[-73.13774,43.02572],[-73.00323,43.02146],[-73.00312,43.02368],[-73.0006,43.02356],[-73.00061,43.03912],[-73.00178,43.07512],[-72.99832,43.0966],[-72.9987,43.09749],[-72.99732,43.11544],[-73.0062,43.11586],[-73.00748,43.11664],[-73.13504,43.12051],[-73.13014,43.21368],[-73.17896,43.2146],[-73.24954,43.21681],[-73.2519,43.21701],[-73.25916,43.21685],[-73.2656,43.09593],[-73.27004,43.03072]]]},"properties":{"GEOID":"50003971600","NAME":"Census Tract 9716","STATE":"50","COUNTY":"003"}},{"type":"Feature","geometry":{"type":"Polygon","coordinates":[[[-73.15212,42.84047],[-73.15231,42.83662],[-73.13711,42.83559],[-73.14267,42.74353],[-72.9301,42.73929],[-72.92981,42.75134],[-72.9266,42.82336],[-72.9274,42.82981],[-72.92627,42.85636],[-72.92406,42.89541],[-72.92333,42.91516],[-72.92379,42.92744],[-72.95384,42.92848],[-73.00671,42.93075],[-73.00813,42.93056],[-73.00323,43.02146],[-73.14059,43.02582],[-73.146,42.93097],[-73.14786,42.91521],[-73.15006,42.88737],[-73.14979,42.88377],[-73.1503,42.87798],[-73.15212,42.84047]]]},"properties":{"GEOID":"50003970601","NAME":"Census Tract 9706.01","STATE":"50","COUNTY":"003"}},{"type":"Feature","geometry":{"type":"Polygon","coordinates":[[[-73.06724,43.21265],[-73.06312,43.20815],[-73.06061,43.20591],[-73.05893,43.20182],[-73.05828,43.20087],[-73.05624,43.19952],[-73.05378,43.19843],[-73.05305,43.19756],[-73.05297,43.19698],[-73.05322,43.19615],[-73.05382,43.19483],[-73.05539,43.19267],[-73.05595,43.18969],[-73.05734,43.18779],[-73.05795,43.18555],[-73.05784,43.18137],[-73.05687,43.17686],[-73.05737,43.17639],[-73.05706,43.17621],[-73.04843,43.17313],[-73.04326,43.17218],[-73.04152,43.17219],[-73.03961,43.17259],[-73.03677,43.17381],[-73.03153,43.17443],[-73.02888,43.17438],[-73.02557,43.17386],[-73.02219,43.17388],[-73.0212,43.17427],[-73.01621,43.17793],[-73.01172,43.17963],[-73.01024,43.18041],[-73.00766,43.18293],[-73.00536,43.18461],[-73.00296,43.18714],[-73.0017,43.21089],[-73.06724,43.21265]]]},"properties":{"GEOID":"50003970402","NAME":"Census Tract 9704.02","STATE":"50","COUNTY":"003"}},{"type":"Feature","geometry":{"type":"Polygon","coordinates":[[[-73.2588,43.22742],[-73.25916,43.21685],[-73.2519,43.21701],[-73.24954,43.21681],[-73.17896,43.2146],[-73.13014,43.21368],[-73.12783,43.21364],[-73.12767,43.21472],[-73.12518,43.21427],[-73.09518,43.2133],[-73.0017,43.21089],[-72.9967,43.21027],[-72.97959,43.20963],[-72.97734,43.25524],[-72.97589,43.29055],[-72.99233,43.29072],[-72.98759,43.30501],[-72.99683,43.30517],[-73.0468,43.30706],[-73.09257,43.30693],[-73.16817,43.31136],[-73.2208,43.31307],[-73.25464,43.3145],[-73.25647,43.26009],[-73.2588,43.22742]]]},"properties":{"GEOID":"50003971400","NAME":"Census Tract 9714","STATE":"50","COUNTY":"003"}},{"type":"Feature","geometry":{"type":"Polygon","coordinates":[[[-73.13504,43.12051],[-73.00748,43.11664],[-73.0066,43.13231],[-73.00296,43.18714],[-73.00536,43.18461],[-73.00766,43.18293],[-73.01024,43.18041],[-73.01172,43.17963],[-73.01621,43.17793],[-73.02173,43.174],[-73.02266,43.17385],[-73.02557,43.17386],[-73.02888,43.17438],[-73.03125,43.17445],[-73.03677,43.17381],[-73.03905,43.17277],[-73.04152,43.17219],[-73.04326,43.17218],[-73.047,43.17278],[-73.04861,43.17319],[-73.05737,43.17639],[-73.05687,43.17686],[-73.05784,43.18137],[-73.05795,43.18555],[-73.05734,43.18779],[-73.05595,43.18969],[-73.05539,43.19267],[-73.05382,43.19483],[-73.05322,43.19615],[-73.05297,43.19698],[-73.05305,43.19756],[-73.05378,43.19843],[-73.05624,43.19952],[-73.05828,43.20087],[-73.05893,43.20182],[-73.06061,43.20591],[-73.06312,43.20815],[-73.06724,43.21265],[-73.09518,43.2133],[-73.12518,43.21427],[-73.12767,43.21472],[-73.12783,43.21364],[-73.13014,43.21368],[-73.13504,43.12051]]]},"properties":{"GEOID":"50003970401","NAME":"Census Tract 9704.01","STATE":"50","COUNTY":"003"}},{"type":"Feature","geometry":{"type":"Polygon","coordinates":[[[-72.92355,42.93141],[-72.92379,42.92744],[-72.89643,42.92686],[-72.81481,42.92334],[-72.79773,42.92228],[-72.77704,42.92233],[-72.77659,42.92462],[-72.7721,42.93188],[-72.76618,42.95022],[-72.76584,42.95073],[-72.75947,42.96791],[-72.75614,42.98046],[-72.75423,42.98665],[-72.87831,42.99091],[-72.92017,42.99272],[-72.92355,42.93141]]]},"properties":{"GEOID":"50025967900","NAME":"Census Tract 9679","STATE":"50","COUNTY":"025"}},{"type":"Feature","geometry":{"type":"Polygon","coordinates":[[[-72.87184,43.06093],[-72.87231,43.05364],[-72.84813,43.05323],[-72.73392,43.05042],[-72.71314,43.11132],[-72.70848,43.12577],[-72.72915,43.13071],[-72.75028,43.1361],[-72.8648,43.16615],[-72.86732,43.13185],[-72.8684,43.11164],[-72.86933,43.10133],[-72.87036,43.08637],[-72.87184,43.06093]]]},"properties":{"GEOID":"50025967400","NAME":"Census Tract 9674","STATE":"50","COUNTY":"025"}},{"type":"Feature","geometry":{"type":"Polygon","coordinates":[[[-73.00813,42.93056],[-73.00671,42.93075],[-72.95384,42.92848],[-72.92379,42.92744],[-72.92017,42.99272],[-72.87831,42.99091],[-72.75423,42.98665],[-72.74948,43.00393],[-72.73392,43.05042],[-72.84813,43.05323],[-72.87231,43.05364],[-72.87087,43.07562],[-72.87036,43.08637],[-72.86824,43.11393],[-72.89828,43.11465],[-72.94842,43.11748],[-72.99597,43.1187],[-72.99714,43.11746],[-72.9987,43.09749],[-72.99832,43.0966],[-73.00178,43.07512],[-73.00061,43.03912],[-73.0006,43.02356],[-73.00312,43.02368],[-73.00813,42.93056]]]},"properties":{"GEOID":"50025967500","NAME":"Census Tract 9675","STATE":"50","COUNTY":"025"}},{"type":"Feature","geometry":{"type":"Polygon","coordinates":[[[-72.9274,42.82995],[-72.9274,42.82983],[-72.92603,42.82978],[-72.80305,42.82665],[-72.79773,42.92228],[-72.81481,42.92334],[-72.89643,42.92686],[-72.92379,42.92744],[-72.92333,42.91516],[-72.92406,42.89541],[-72.92627,42.85636],[-72.9274,42.82995]]]},"properties":{"GEOID":"50025968000","NAME":"Census Tract 9680","STATE":"50","COUNTY":"025"}},{"type":"Feature","geometry":{"type":"Polygon","coordinates":[[[-73.11042,42.69797],[-73.10971,42.69501],[-73.10712,42.69222],[-73.105,42.68945],[-73.10452,42.68856],[-73.09894,42.68413],[-73.09792,42.68242],[-73.09644,42.67784],[-73.09557,42.67678],[-73.09425,42.67602],[-73.09324,42.67567],[-73.0912,42.67537],[-73.06183,42.67526],[-73.05947,42.7084],[-73.09206,42.70946],[-73.09293,42.70846],[-73.0928,42.70716],[-73.09186,42.70665],[-73.08999,42.70648],[-73.0897,42.70594],[-73.08912,42.70556],[-73.08922,42.70475],[-73.08881,42.70437],[-73.09021,42.70277],[-73.09277,42.70283],[-73.09361,42.70218],[-73.09442,42.70189],[-73.0974,42.70284],[-73.09818,42.70283],[-73.10004,42.70215],[-73.1029,42.7004],[-73.10311,42.70019],[-73.10257,42.70031],[-73.10257,42.70014],[-73.10345,42.69944],[-73.10547,42.69846],[-73.10937,42.69859],[-73.10916,42.69812],[-73.11042,42.69797]]]},"properties":{"GEOID":"25003921300","NAME":"Census Tract 9213","STATE":"25","COUNTY":"003"}},{"type":"Feature","geometry":{"type":"Polygon","coordinates":[[[-73.15037,42.70495],[-73.14124,42.70323],[-73.13106,42.703],[-73.12632,42.70195],[-73.12085,42.70194],[-73.12057,42.7021],[-73.12058,42.70038],[-73.11583,42.70036],[-73.11471,42.69972],[-73.11489,42.699],[-73.11347,42.69742],[-73.1134,42.69682],[-73.11219,42.69548],[-73.10997,42.69569],[-73.11042,42.69797],[-73.10916,42.69812],[-73.10937,42.69859],[-73.10547,42.69846],[-73.10345,42.69944],[-73.10257,42.70014],[-73.10257,42.70031],[-73.10311,42.70019],[-73.1029,42.7004],[-73.09942,42.70244],[-73.09752,42.70286],[-73.09557,42.70235],[-73.0949,42.70197],[-73.09424,42.70191],[-73.09277,42.70283],[-73.09186,42.70289],[-73.09038,42.70267],[-73.08881,42.70437],[-73.08922,42.70475],[-73.08912,42.70556],[-73.0897,42.70594],[-73.08999,42.70648],[-73.09186,42.70665],[-73.09238,42.7068],[-73.09284,42.70723],[-73.09293,42.70846],[-73.09206,42.70946],[-73.14838,42.71127],[-73.14858,42.71043],[-73.14884,42.7101],[-73.14868,42.70914],[-73.149,42.70882],[-73.14904,42.70835],[-73.14952,42.70796],[-73.14953,42.70678],[-73.14979,42.70653],[-73.14971,42.70579],[-73.15007,42.70513],[-73.15037,42.70495]]]},"properties":{"GEOID":"25003935300","NAME":"Census Tract 9353","STATE":"25","COUNTY":"003"}},{"type":"Feature","geometry":{"type":"Polygon","coordinates":[[[-73.33888,42.41867],[-73.33126,42.41739],[-73.31777,42.43406],[-73.31483,42.43627],[-73.30811,42.4397],[-73.30557,42.44051],[-73.28641,42.44492],[-73.28129,42.44537],[-73.27113,42.44518],[-73.2695,42.44539],[-73.26721,42.44601],[-73.26602,42.45037],[-73.2663,42.45042],[-73.26557,42.45334],[-73.26437,42.45315],[-73.26381,42.45516],[-73.26681,42.45559],[-73.26615,42.45762],[-73.26491,42.45748],[-73.26433,42.45966],[-73.26357,42.45953],[-73.26348,42.46047],[-73.26687,42.46097],[-73.2664,42.46271],[-73.27686,42.46422],[-73.27771,42.4647],[-73.27805,42.46523],[-73.27788,42.4658],[-73.27683,42.46743],[-73.27648,42.4694],[-73.27302,42.47299],[-73.27077,42.47438],[-73.26988,42.4755],[-73.26822,42.47676],[-73.2676,42.4775],[-73.2708,42.47965],[-73.27352,42.48308],[-73.27398,42.48427],[-73.27964,42.48506],[-73.28366,42.48524],[-73.28154,42.49296],[-73.28146,42.49492],[-73.28174,42.49712],[-73.28222,42.49863],[-73.28175,42.50017],[-73.31174,42.50461],[-73.31511,42.49295],[-73.31954,42.49344],[-73.33888,42.41867]]]},"properties":{"GEOID":"25003900500","NAME":"Census Tract 9005","STATE":"25","COUNTY":"003"}},{"type":"Feature","geometry":{"type":"Polygon","coordinates":[[[-73.27298,42.72395],[-73.27026,42.72415],[-73.26913,42.72385],[-73.26664,42.7219],[-73.26467,42.71966],[-73.2622,42.71863],[-73.26085,42.71691],[-73.26067,42.71643],[-73.26052,42.71573],[-73.26068,42.71477],[-73.26051,42.71417],[-73.25907,42.71278],[-73.25636,42.71084],[-73.25392,42.70972],[-73.25236,42.70855],[-73.25146,42.70835],[-73.24994,42.70847],[-73.24915,42.70833],[-73.24752,42.70703],[-73.24563,42.70657],[-73.24402,42.70545],[-73.24231,42.70499],[-73.24062,42.70416],[-73.23894,42.70224],[-73.23771,42.70128],[-73.23737,42.70058],[-73.23734,42.69841],[-73.23829,42.69846],[-73.2381,42.69815],[-73.23736,42.69812],[-73.23739,42.69779],[-73.23861,42.69514],[-73.23921,42.6929],[-73.23873,42.69078],[-73.23777,42.68929],[-73.23677,42.68856],[-73.23408,42.68802],[-73.23228,42.68729],[-73.22994,42.68815],[-73.22834,42.69151],[-73.22575,42.69624],[-73.22464,42.69968],[-73.22292,42.7017],[-73.22194,42.70779],[-73.22087,42.7097],[-73.21875,42.71096],[-73.21625,42.71164],[-73.21421,42.71302],[-73.21169,42.71363],[-73.21097,42.714],[-73.19605,42.71051],[-73.19132,42.70714],[-73.18816,42.70401],[-73.18457,42.70196],[-73.18316,42.70167],[-73.17619,42.70125],[-73.17537,42.71228],[-73.1659,42.71183],[-73.16364,42.74394],[-73.26483,42.74585],[-73.27298,42.72395]]]},"properties":{"GEOID":"25003920101","NAME":"Census Tract 9201.01","STATE":"25","COUNTY":"003"}},{"type":"Feature","geometry":{"type":"Polygon","coordinates":[[[-73.28352,42.48573],[-73.28366,42.48524],[-73.27964,42.48506],[-73.27398,42.48427],[-73.27352,42.48308],[-73.2708,42.47965],[-73.2676,42.4775],[-73.26822,42.47676],[-73.26988,42.4755],[-73.27077,42.47438],[-73.27302,42.47299],[-73.27492,42.47114],[-73.27662,42.46914],[-73.27683,42.46743],[-73.278,42.46559],[-73.278,42.46503],[-73.27686,42.46422],[-73.27376,42.46375],[-73.27124,42.46588],[-73.27077,42.4666],[-73.27046,42.46756],[-73.262,42.4662],[-73.26243,42.46475],[-73.2604,42.46378],[-73.26028,42.46394],[-73.25944,42.46401],[-73.25852,42.46488],[-73.25789,42.46435],[-73.25672,42.46389],[-73.25429,42.46452],[-73.25296,42.46448],[-73.25303,42.46493],[-73.25273,42.46623],[-73.24987,42.46876],[-73.24814,42.47236],[-73.24711,42.47346],[-73.24523,42.47491],[-73.24471,42.47611],[-73.24431,42.47474],[-73.23795,42.47386],[-73.22911,42.47551],[-73.2246,42.47527],[-73.21937,42.47564],[-73.21824,42.47521],[-73.21535,42.47334],[-73.21513,42.4738],[-73.21518,42.47433],[-73.21621,42.47684],[-73.21496,42.47727],[-73.21315,42.47829],[-73.21518,42.48166],[-73.2159,42.48521],[-73.21512,42.48784],[-73.21413,42.49016],[-73.28175,42.50017],[-73.28222,42.49863],[-73.28174,42.49712],[-73.28146,42.49492],[-73.28154,42.49296],[-73.28352,42.48573]]]},"properties":{"GEOID":"25003900400","NAME":"Census Tract 9004","STATE":"25","COUNTY":"003"}},{"type":"Feature","geometry":{"type":"Polygon","coordinates":[[[-73.30688,42.63292],[-73.30698,42.63265],[-73.17154,42.62871],[-73.16976,42.66017],[-73.16777,42.68665],[-73.17724,42.68704],[-73.17619,42.70125],[-73.18316,42.70167],[-73.18457,42.70196],[-73.18816,42.70401],[-73.19132,42.70714],[-73.19605,42.71051],[-73.21085,42.71401],[-73.21169,42.71363],[-73.21421,42.71302],[-73.21625,42.71164],[-73.21875,42.71096],[-73.22055,42.71],[-73.22112,42.70937],[-73.22194,42.70779],[-73.22292,42.7017],[-73.22464,42.69968],[-73.22575,42.69624],[-73.22834,42.69151],[-73.22994,42.68815],[-73.23228,42.68729],[-73.23408,42.68802],[-73.23654,42.68846],[-73.23765,42.68916],[-73.23846,42.69028],[-73.23888,42.69118],[-73.23922,42.69266],[-73.2389,42.69436],[-73.23739,42.69779],[-73.23736,42.69812],[-73.2381,42.69815],[-73.23829,42.69846],[-73.23734,42.69841],[-73.23739,42.70071],[-73.23771,42.70128],[-73.23894,42.70224],[-73.24062,42.70416],[-73.24231,42.70499],[-73.24402,42.70545],[-73.24563,42.70657],[-73.24752,42.70703],[-73.24915,42.70833],[-73.24994,42.70847],[-73.25146,42.70835],[-73.25236,42.70855],[-73.25392,42.70972],[-73.25636,42.71084],[-73.25907,42.71278],[-73.26051,42.71417],[-73.26068,42.71477],[-73.26052,42.71573],[-73.26067,42.71643],[-73.26085,42.71691],[-73.2622,42.71863],[-73.26467,42.71966],[-73.26664,42.7219],[-73.26913,42.72385],[-73.27026,42.72415],[-73.27298,42.72395],[-73.30688,42.63292]]]},"properties":{"GEOID":"25003920102","NAME":"Census Tract 9201.02","STATE":"25","COUNTY":"003"}},{"type":"Feature","geometry":{"type":"Polygon","coordinates":[[[-73.17121,42.63446],[-73.17086,42.63398],[-73.16495,42.63487],[-73.16455,42.63549],[-73.16431,42.63699],[-73.16448,42.63801],[-73.16493,42.63864],[-73.16481,42.63911],[-73.1639,42.64013],[-73.16336,42.6412],[-73.16233,42.64226],[-73.16139,42.64256],[-73.16064,42.64253],[-73.16021,42.64211],[-73.16023,42.64064],[-73.15953,42.63942],[-73.15883,42.63881],[-73.1581,42.63741],[-73.15742,42.63775],[-73.15666,42.63777],[-73.15614,42.63737],[-73.15547,42.63718],[-73.15468,42.63731],[-73.14848,42.63709],[-73.14804,42.63665],[-73.14705,42.63636],[-73.1433,42.63614],[-73.14241,42.63551],[-73.14171,42.63553],[-73.14075,42.63493],[-73.14056,42.63447],[-73.14008,42.63421],[-73.13979,42.63348],[-73.13875,42.63337],[-73.13861,42.63301],[-73.13709,42.63202],[-73.13654,42.63077],[-73.13598,42.63057],[-73.13534,42.6298],[-73.13464,42.62945],[-73.13366,42.62955],[-73.13341,42.62913],[-73.13285,42.62895],[-73.13234,42.62841],[-73.13196,42.62765],[-73.13123,42.62728],[-73.13042,42.62641],[-73.12984,42.62612],[-73.1289,42.62618],[-73.12779,42.6259],[-73.12541,42.6279],[-73.12505,42.62755],[-73.11931,42.62719],[-73.11772,42.62666],[-73.11936,42.62469],[-73.1188,42.62496],[-73.11644,42.62499],[-73.11667,42.62546],[-73.11662,42.62606],[-73.11538,42.62831],[-73.11406,42.6272],[-73.11254,42.62444],[-73.11195,42.62409],[-73.1104,42.62365],[-73.10931,42.623],[-73.10931,42.62218],[-73.10909,42.62186],[-73.10924,42.62131],[-73.10864,42.62079],[-73.10832,42.61981],[-73.10742,42.61933],[-73.10609,42.61909],[-73.10533,42.61867],[-73.10508,42.61832],[-73.10505,42.61785],[-73.10536,42.6171],[-73.10474,42.61623],[-73.10403,42.61566],[-73.10269,42.61592],[-73.1024,42.61532],[-73.10018,42.61488],[-73.09799,42.61512],[-73.09654,42.61503],[-73.09651,42.61477],[-73.09704,42.61394],[-73.09773,42.60778],[-73.09695,42.60731],[-73.09532,42.6069],[-73.09428,42.60613],[-73.09223,42.60539],[-73.09083,42.60303],[-73.08958,42.60314],[-73.08773,42.60192],[-73.08724,42.60182],[-73.08507,42.60363],[-73.08431,42.60478],[-73.08315,42.6052],[-73.08195,42.60609],[-73.0811,42.60641],[-73.08049,42.60719],[-73.07826,42.60678],[-73.07773,42.60635],[-73.0775,42.60644],[-73.07631,42.60807],[-73.07596,42.60953],[-73.07556,42.6103],[-73.07503,42.61084],[-73.07313,42.61184],[-73.07182,42.61203],[-73.07138,42.61243],[-73.0701,42.61256],[-73.06887,42.61214],[-73.06798,42.61157],[-73.06715,42.61153],[-73.06672,42.61185],[-73.06648,42.61235],[-73.06626,42.61236],[-73.06328,42.6547],[-73.16976,42.66017],[-73.17121,42.63446]]]},"properties":{"GEOID":"25003922200","NAME":"Census Tract 9222","STATE":"25","COUNTY":"003"}},{"type":"Feature","geometry":{"type":"Polygon","coordinates":[[[-73.13465,42.62197],[-73.13336,42.62152],[-73.13291,42.62116],[-73.13261,42.62041],[-73.13296,42.62013],[-73.13295,42.61987],[-73.13165,42.61955],[-73.13034,42.61847],[-73.12934,42.61836],[-73.12898,42.61786],[-73.12823,42.61769],[-73.12693,42.61702],[-73.12501,42.61638],[-73.12417,42.61633],[-73.12409,42.61563],[-73.12353,42.61499],[-73.12333,42.6153],[-73.12275,42.61486],[-73.12032,42.61432],[-73.11937,42.61391],[-73.11905,42.6157],[-73.11758,42.61532],[-73.11681,42.6166],[-73.11684,42.61706],[-73.11777,42.61821],[-73.11552,42.61857],[-73.11529,42.6182],[-73.11137,42.61806],[-73.11056,42.61757],[-73.10672,42.61739],[-73.10556,42.61599],[-73.10476,42.61564],[-73.10403,42.61566],[-73.10474,42.61623],[-73.10536,42.6171],[-73.10505,42.61785],[-73.10508,42.61832],[-73.10533,42.61867],[-73.10609,42.61909],[-73.10742,42.61933],[-73.10832,42.61981],[-73.10864,42.62079],[-73.10924,42.62131],[-73.10909,42.62186],[-73.10931,42.62218],[-73.10931,42.623],[-73.1104,42.62365],[-73.11195,42.62409],[-73.11254,42.62444],[-73.11406,42.6272],[-73.11538,42.62831],[-73.11662,42.62606],[-73.11667,42.62546],[-73.11644,42.62499],[-73.1188,42.62496],[-73.11936,42.62469],[-73.11772,42.62666],[-73.11931,42.62719],[-73.12505,42.62755],[-73.12541,42.6279],[-73.12829,42.62545],[-73.13115,42.62436],[-73.13465,42.62197]]]},"properties":{"GEOID":"25003922100","NAME":"Census Tract 9221","STATE":"25","COUNTY":"003"}},{"type":"Feature","geometry":{"type":"Polygon","coordinates":[[[-73.40932,42.35589],[-73.41086,42.35175],[-73.33077,42.35198],[-73.33362,42.3689],[-73.32931,42.36912],[-73.32947,42.37817],[-73.32084,42.37814],[-73.32318,42.39197],[-73.31111,42.39202],[-73.30839,42.40667],[-73.29651,42.40465],[-73.29533,42.41187],[-73.33891,42.41856],[-73.31954,42.49344],[-73.31511,42.49295],[-73.31174,42.50461],[-73.25828,42.58857],[-73.20185,42.57919],[-73.19968,42.59003],[-73.20438,42.60607],[-73.17428,42.59851],[-73.17154,42.62871],[-73.30698,42.63265],[-73.34295,42.53577],[-73.40932,42.35589]]]},"properties":{"GEOID":"25003935100","NAME":"Census Tract 9351","STATE":"25","COUNTY":"003"}},{"type":"Feature","geometry":{"type":"Polygon","coordinates":[[[-73.16589,42.71196],[-73.1659,42.71183],[-73.05947,42.7084],[-73.04844,42.74165],[-73.16364,42.74394],[-73.16589,42.71196]]]},"properties":{"GEOID":"25003931100","NAME":"Census Tract 9311","STATE":"25","COUNTY":"003"}},{"type":"Feature","geometry":{"type":"Polygon","coordinates":[[[-73.09555,42.56124],[-72.97904,42.54162],[-72.97541,42.55604],[-72.95104,42.64103],[-72.95265,42.65086],[-72.95396,42.65122],[-72.95559,42.6546],[-72.95553,42.65937],[-72.95436,42.66246],[-72.95446,42.66423],[-72.95485,42.66579],[-72.95743,42.66697],[-72.96044,42.66739],[-72.96152,42.66728],[-72.96228,42.66686],[-72.96274,42.66626],[-72.9634,42.66479],[-72.96395,42.66429],[-72.96623,42.66398],[-72.96829,42.66428],[-72.97022,42.66393],[-72.97254,42.66295],[-72.97463,42.66104],[-72.97579,42.66084],[-72.97677,42.66139],[-72.97964,42.66383],[-72.98103,42.66467],[-72.98241,42.6652],[-72.98553,42.66594],[-72.98897,42.66762],[-72.99327,42.67105],[-72.99554,42.67316],[-72.99569,42.67365],[-72.99529,42.67412],[-72.99466,42.67432],[-72.99222,42.67435],[-72.99009,42.67412],[-72.98925,42.67423],[-72.98873,42.67454],[-72.98853,42.67533],[-72.98866,42.67583],[-72.98977,42.67822],[-72.98927,42.67857],[-72.98388,42.67939],[-72.97726,42.67905],[-72.9763,42.67916],[-72.97583,42.67942],[-72.97561,42.68042],[-72.97699,42.68279],[-72.97766,42.68566],[-72.97419,42.68848],[-72.97352,42.68881],[-72.97251,42.68907],[-72.97158,42.68906],[-72.96748,42.6883],[-72.96478,42.68754],[-72.9638,42.68749],[-72.96171,42.68807],[-72.95933,42.68952],[-72.95832,42.68986],[-72.95697,42.69016],[-72.95435,42.69028],[-72.95384,42.69048],[-72.95225,42.69219],[-72.95165,42.69395],[-72.95158,42.69472],[-72.95174,42.69565],[-72.95227,42.69663],[-72.95376,42.69799],[-72.95387,42.69839],[-72.95169,42.70051],[-72.95023,42.70116],[-72.94933,42.70228],[-72.94868,42.70384],[-72.94938,42.70486],[-72.94989,42.70509],[-72.99788,42.70126],[-73.02371,42.70269],[-73.02302,42.74114],[-73.04844,42.74165],[-73.05947,42.7084],[-73.06752,42.59404],[-73.08432,42.59476],[-73.08049,42.57362],[-73.09555,42.56124]]]},"properties":{"GEOID":"25003931300","NAME":"Census Tract 9313","STATE":"25","COUNTY":"003"}},{"type":"Feature","geometry":{"type":"Polygon","coordinates":[[[-73.17721,42.68745],[-73.17724,42.68704],[-73.16777,42.68665],[-73.16976,42.66017],[-73.14111,42.65871],[-73.14076,42.65935],[-73.14068,42.66015],[-73.14008,42.66101],[-73.14007,42.6619],[-73.13966,42.66251],[-73.14016,42.66363],[-73.13998,42.66503],[-73.13916,42.66719],[-73.13838,42.66788],[-73.1387,42.66896],[-73.13855,42.66923],[-73.13802,42.6695],[-73.13786,42.6703],[-73.13738,42.67107],[-73.13667,42.67179],[-73.1358,42.67208],[-73.13473,42.67349],[-73.13452,42.67627],[-73.13344,42.6781],[-73.13156,42.6804],[-73.13101,42.68204],[-73.13091,42.68313],[-73.13025,42.68401],[-73.1298,42.68582],[-73.12901,42.68723],[-73.1281,42.6881],[-73.12672,42.68898],[-73.12402,42.6895],[-73.12061,42.69101],[-73.12025,42.70031],[-73.12058,42.70038],[-73.12057,42.7021],[-73.12085,42.70194],[-73.12632,42.70195],[-73.13106,42.703],[-73.14124,42.70323],[-73.15044,42.7049],[-73.15007,42.70513],[-73.14971,42.70579],[-73.14979,42.70653],[-73.14953,42.70678],[-73.14952,42.70796],[-73.14904,42.70835],[-73.149,42.70882],[-73.14868,42.70914],[-73.14884,42.7101],[-73.14858,42.71043],[-73.14838,42.71127],[-73.17537,42.71228],[-73.17721,42.68745]]]},"properties":{"GEOID":"25003921500","NAME":"Census Tract 9215","STATE":"25","COUNTY":"003"}},{"type":"Feature","geometry":{"type":"Polygon","coordinates":[[[-73.21211,42.5424],[-73.18749,42.53862],[-73.20089,42.51864],[-73.18843,42.51662],[-73.18957,42.51479],[-73.16581,42.51093],[-73.14664,42.54107],[-73.10787,42.53647],[-73.10378,42.55081],[-73.08856,42.54841],[-73.08542,42.5595],[-73.09555,42.56124],[-73.08049,42.57362],[-73.08432,42.59476],[-73.17428,42.59851],[-73.20438,42.60607],[-73.19968,42.59003],[-73.20185,42.57919],[-73.2106,42.56568],[-73.2045,42.56469],[-73.20936,42.55713],[-73.2035,42.55609],[-73.21211,42.5424]]]},"properties":{"GEOID":"25003923100","NAME":"Census Tract 9231","STATE":"25","COUNTY":"003"}},{"type":"Feature","geometry":{"type":"Polygon","coordinates":[[[-73.17428,42.59851],[-73.06752,42.59404],[-73.06626,42.61236],[-73.06648,42.61235],[-73.06672,42.61185],[-73.06715,42.61153],[-73.06798,42.61157],[-73.06887,42.61214],[-73.0701,42.61256],[-73.07138,42.61243],[-73.07182,42.61203],[-73.07313,42.61184],[-73.07503,42.61084],[-73.07556,42.6103],[-73.07596,42.60953],[-73.07631,42.60807],[-73.0775,42.60644],[-73.07773,42.60635],[-73.07826,42.60678],[-73.08049,42.60719],[-73.0811,42.60641],[-73.08195,42.60609],[-73.08315,42.6052],[-73.08431,42.60478],[-73.08507,42.60363],[-73.08634,42.60272],[-73.08707,42.6019],[-73.08759,42.60186],[-73.08958,42.60314],[-73.09087,42.60305],[-73.09229,42.60543],[-73.09428,42.60613],[-73.09541,42.60694],[-73.0973,42.60745],[-73.09783,42.60793],[-73.09756,42.60849],[-73.09704,42.61394],[-73.09651,42.61477],[-73.09659,42.61506],[-73.09799,42.61512],[-73.10018,42.61488],[-73.1024,42.61532],[-73.10269,42.61592],[-73.10476,42.61564],[-73.10577,42.61615],[-73.10672,42.61739],[-73.11056,42.61757],[-73.11137,42.61806],[-73.11529,42.6182],[-73.11552,42.61857],[-73.11777,42.61821],[-73.11684,42.61706],[-73.11681,42.6166],[-73.11758,42.61532],[-73.11905,42.6157],[-73.11937,42.61391],[-73.12032,42.61432],[-73.12275,42.61486],[-73.12333,42.6153],[-73.12353,42.61499],[-73.12409,42.61563],[-73.12417,42.61633],[-73.12501,42.61638],[-73.12693,42.61702],[-73.12823,42.61769],[-73.12898,42.61786],[-73.12934,42.61836],[-73.13034,42.61847],[-73.13165,42.61955],[-73.13295,42.61987],[-73.13296,42.62013],[-73.13261,42.62041],[-73.13291,42.62116],[-73.13336,42.62152],[-73.13465,42.62197],[-73.13115,42.62436],[-73.12861,42.62528],[-73.12779,42.6259],[-73.1289,42.62618],[-73.12984,42.62612],[-73.13035,42.62637],[-73.13104,42.62714],[-73.13196,42.62765],[-73.13234,42.62841],[-73.13285,42.62895],[-73.13341,42.62913],[-73.13366,42.62955],[-73.13488,42.62953],[-73.13605,42.63063],[-73.13646,42.6307],[-73.13709,42.63202],[-73.13861,42.63301],[-73.13875,42.63337],[-73.13979,42.63348],[-73.14008,42.63421],[-73.14056,42.63447],[-73.14075,42.63493],[-73.14171,42.63553],[-73.14241,42.63551],[-73.1433,42.63614],[-73.14646,42.63624],[-73.14804,42.63665],[-73.14848,42.63709],[-73.14931,42.63717],[-73.15468,42.63731],[-73.15547,42.63718],[-73.15614,42.63737],[-73.15666,42.63777],[-73.15742,42.63775],[-73.1581,42.63741],[-73.15883,42.63881],[-73.15953,42.63942],[-73.16023,42.64064],[-73.16021,42.64211],[-73.16064,42.64253],[-73.16139,42.64256],[-73.16233,42.64226],[-73.16336,42.6412],[-73.1639,42.64013],[-73.16481,42.63911],[-73.16493,42.63864],[-73.16456,42.63819],[-73.16431,42.63721],[-73.1645,42.63569],[-73.16489,42.63492],[-73.17086,42.63398],[-73.17121,42.63446],[-73.17154,42.62871],[-73.17428,42.59851]]]},"properties":{"GEOID":"25003922300","NAME":"Census Tract 9223","STATE":"25","COUNTY":"003"}},{"type":"Feature","geometry":{"type":"Polygon","coordinates":[[[-73.31174,42.50461],[-73.1822,42.48542],[-73.16581,42.51093],[-73.18957,42.51479],[-73.18843,42.51662],[-73.20089,42.51864],[-73.18749,42.53862],[-73.21211,42.5424],[-73.2035,42.55609],[-73.20936,42.55713],[-73.2045,42.56469],[-73.2106,42.56568],[-73.20185,42.57919],[-73.25828,42.58857],[-73.31174,42.50461]]]},"properties":{"GEOID":"25003911100","NAME":"Census Tract 9111","STATE":"25","COUNTY":"003"}},{"type":"Feature","geometry":{"type":"Polygon","coordinates":[[[-73.14111,42.65871],[-73.06328,42.6547],[-73.06183,42.67526],[-73.0912,42.67537],[-73.09324,42.67567],[-73.09425,42.67602],[-73.09557,42.67678],[-73.09644,42.67784],[-73.09792,42.68242],[-73.09894,42.68413],[-73.10452,42.68856],[-73.105,42.68945],[-73.10712,42.69222],[-73.10971,42.69501],[-73.10997,42.69569],[-73.11219,42.69548],[-73.1134,42.69682],[-73.11347,42.69742],[-73.11489,42.699],[-73.11471,42.69972],[-73.11583,42.70036],[-73.12027,42.70038],[-73.12061,42.69101],[-73.12402,42.6895],[-73.12672,42.68898],[-73.1281,42.6881],[-73.12901,42.68723],[-73.1298,42.68582],[-73.13025,42.68401],[-73.13091,42.68313],[-73.13101,42.68204],[-73.13156,42.6804],[-73.13344,42.6781],[-73.13452,42.67627],[-73.13473,42.67349],[-73.1358,42.67208],[-73.13667,42.67179],[-73.13738,42.67107],[-73.13786,42.6703],[-73.13802,42.6695],[-73.13855,42.66923],[-73.1387,42.66896],[-73.13838,42.66788],[-73.13916,42.66719],[-73.13998,42.66503],[-73.14016,42.66363],[-73.13966,42.66251],[-73.14007,42.6619],[-73.14008,42.66101],[-73.14068,42.66015],[-73.14076,42.65935],[-73.14111,42.65871]]]},"properties":{"GEOID":"25003921400","NAME":"Census Tract 9214","STATE":"25","COUNTY":"003"}}],"meta":{"description":"Census tracts in NY, VT, and MA whose tract centroids lie within a 50-mile great-circle radius of Saratoga Springs, NY. Full tract geometries are retained.","center_wgs84_lng_lat":[-73.7846,43.0831],"radius_miles":50,"selection":"centroid_within_radius","source":"US Census Bureau TIGERweb (Current census tracts)","states_included":["36","50","25"],"generated_at":"2026-05-11T19:18:24.390Z","note":"For polygon intersection against a true circle (trimmed boundaries), run scripts/build-clipped-tracts-turf.js after npm install @turf/turf."}}